[
    [
        "_metadata",
        {
            "user": "geerten",
            "classVersion": 1.0,
            "jsonVersion": 3.0,
            "lastPath": "/Users/geerten/Code/CCPNv3/CcpNmr/config/isotopeRecords/100Mo.json",
            "className": "IsotopeRecord"
        }
    ],
    [
        "abundance",
        0.0963
    ],
    [
        "elementNumber",
        42
    ],
    [
        "gFactor",
        0.0
    ],
    [
        "isRadioactive",
        false
    ],
    [
        "isotopeCode",
        "100Mo"
    ],
    [
        "massNumber",
        100
    ],
    [
        "name",
        "Molybdenum"
    ],
    [
        "quadrupoleMoment",
        0.0
    ],
    [
        "spin",
        0.0
    ],
    [
        "symbol",
        "Mo"
    ]
]