[
    [
        "_metadata",
        {
            "user": "geerten",
            "classVersion": 1.0,
            "jsonVersion": 3.0,
            "lastPath": "/Users/geerten/Code/CCPNv3/CcpNmr/config/isotopeRecords/100Ru.json",
            "className": "IsotopeRecord"
        }
    ],
    [
        "abundance",
        0.126
    ],
    [
        "elementNumber",
        44
    ],
    [
        "gFactor",
        0.0
    ],
    [
        "isRadioactive",
        false
    ],
    [
        "isotopeCode",
        "100Ru"
    ],
    [
        "massNumber",
        100
    ],
    [
        "name",
        "Ruthenium"
    ],
    [
        "quadrupoleMoment",
        0.0
    ],
    [
        "spin",
        0.0
    ],
    [
        "symbol",
        "Ru"
    ]
]