[
    [
        "_metadata",
        {
            "user": "geerten",
            "classVersion": 1.0,
            "jsonVersion": 3.0,
            "lastPath": "/Users/geerten/Code/CCPNv3/CcpNmr/config/isotopeRecords/108Pd.json",
            "className": "IsotopeRecord"
        }
    ],
    [
        "abundance",
        0.2646
    ],
    [
        "elementNumber",
        46
    ],
    [
        "gFactor",
        0.0
    ],
    [
        "isRadioactive",
        false
    ],
    [
        "isotopeCode",
        "108Pd"
    ],
    [
        "massNumber",
        108
    ],
    [
        "name",
        "Palladium"
    ],
    [
        "quadrupoleMoment",
        0.0
    ],
    [
        "spin",
        0.0
    ],
    [
        "symbol",
        "Pd"
    ]
]