[
    [
        "_metadata",
        {
            "user": "geerten",
            "classVersion": 1.0,
            "jsonVersion": 3.0,
            "lastPath": "/Users/geerten/Code/CCPNv3/CcpNmr/config/isotopeRecords/114Cd.json",
            "className": "IsotopeRecord"
        }
    ],
    [
        "abundance",
        0.2873
    ],
    [
        "elementNumber",
        48
    ],
    [
        "gFactor",
        0.0
    ],
    [
        "isRadioactive",
        false
    ],
    [
        "isotopeCode",
        "114Cd"
    ],
    [
        "massNumber",
        114
    ],
    [
        "name",
        "Cadmium"
    ],
    [
        "quadrupoleMoment",
        0.0
    ],
    [
        "spin",
        0.0
    ],
    [
        "symbol",
        "Cd"
    ]
]