[
    [
        "_metadata",
        {
            "user": "geerten",
            "classVersion": 1.0,
            "jsonVersion": 3.0,
            "lastPath": "/Users/geerten/Code/CCPNv3/CcpNmr/config/isotopeRecords/120Sn.json",
            "className": "IsotopeRecord"
        }
    ],
    [
        "abundance",
        0.3258
    ],
    [
        "elementNumber",
        50
    ],
    [
        "gFactor",
        0.0
    ],
    [
        "isRadioactive",
        false
    ],
    [
        "isotopeCode",
        "120Sn"
    ],
    [
        "massNumber",
        120
    ],
    [
        "name",
        "Tin"
    ],
    [
        "quadrupoleMoment",
        0.0
    ],
    [
        "spin",
        0.0
    ],
    [
        "symbol",
        "Sn"
    ]
]