[
    [
        "_metadata",
        {
            "user": "geerten",
            "classVersion": 1.0,
            "jsonVersion": 3.0,
            "lastPath": "/Users/geerten/Code/CCPNv3/CcpNmr/config/isotopeRecords/124Te.json",
            "className": "IsotopeRecord"
        }
    ],
    [
        "abundance",
        0.0474
    ],
    [
        "elementNumber",
        52
    ],
    [
        "gFactor",
        0.0
    ],
    [
        "isRadioactive",
        false
    ],
    [
        "isotopeCode",
        "124Te"
    ],
    [
        "massNumber",
        124
    ],
    [
        "name",
        "Tellurium"
    ],
    [
        "quadrupoleMoment",
        0.0
    ],
    [
        "spin",
        0.0
    ],
    [
        "symbol",
        "Te"
    ]
]