[
    [
        "_metadata",
        {
            "user": "geerten",
            "classVersion": 1.0,
            "jsonVersion": 3.0,
            "lastPath": "/Users/geerten/Code/CCPNv3/CcpNmr/config/isotopeRecords/133Ba.json",
            "className": "IsotopeRecord"
        }
    ],
    [
        "abundance",
        0.0
    ],
    [
        "elementNumber",
        56
    ],
    [
        "gFactor",
        -1.5433
    ],
    [
        "isRadioactive",
        true
    ],
    [
        "isotopeCode",
        "133Ba"
    ],
    [
        "massNumber",
        133
    ],
    [
        "name",
        "Barium"
    ],
    [
        "quadrupoleMoment",
        0.0
    ],
    [
        "spin",
        0.5
    ],
    [
        "symbol",
        "Ba"
    ]
]