[
    [
        "_metadata",
        {
            "user": "geerten",
            "classVersion": 1.0,
            "jsonVersion": 3.0,
            "lastPath": "/Users/geerten/Code/CCPNv3/CcpNmr/config/isotopeRecords/134Cs.json",
            "className": "IsotopeRecord"
        }
    ],
    [
        "abundance",
        0.0
    ],
    [
        "elementNumber",
        55
    ],
    [
        "gFactor",
        0.74843
    ],
    [
        "isRadioactive",
        true
    ],
    [
        "isotopeCode",
        "134Cs"
    ],
    [
        "massNumber",
        134
    ],
    [
        "name",
        "Caesium"
    ],
    [
        "quadrupoleMoment",
        0.37
    ],
    [
        "spin",
        4.0
    ],
    [
        "symbol",
        "Cs"
    ]
]