[
    [
        "_metadata",
        {
            "user": "geerten",
            "classVersion": 1.0,
            "jsonVersion": 3.0,
            "lastPath": "/Users/geerten/Code/CCPNv3/CcpNmr/config/isotopeRecords/134Xe.json",
            "className": "IsotopeRecord"
        }
    ],
    [
        "abundance",
        0.1044
    ],
    [
        "elementNumber",
        54
    ],
    [
        "gFactor",
        0.0
    ],
    [
        "isRadioactive",
        false
    ],
    [
        "isotopeCode",
        "134Xe"
    ],
    [
        "massNumber",
        134
    ],
    [
        "name",
        "Xenon"
    ],
    [
        "quadrupoleMoment",
        0.0
    ],
    [
        "spin",
        0.0
    ],
    [
        "symbol",
        "Xe"
    ]
]