[
    [
        "_metadata",
        {
            "user": "geerten",
            "classVersion": 1.0,
            "jsonVersion": 3.0,
            "lastPath": "/Users/geerten/Code/CCPNv3/CcpNmr/config/isotopeRecords/138Ce.json",
            "className": "IsotopeRecord"
        }
    ],
    [
        "abundance",
        0.00251
    ],
    [
        "elementNumber",
        58
    ],
    [
        "gFactor",
        0.0
    ],
    [
        "isRadioactive",
        false
    ],
    [
        "isotopeCode",
        "138Ce"
    ],
    [
        "massNumber",
        138
    ],
    [
        "name",
        "Cerium"
    ],
    [
        "quadrupoleMoment",
        0.0
    ],
    [
        "spin",
        0.0
    ],
    [
        "symbol",
        "Ce"
    ]
]