[
    [
        "_metadata",
        {
            "user": "geerten",
            "classVersion": 1.0,
            "jsonVersion": 3.0,
            "lastPath": "/Users/geerten/Code/CCPNv3/CcpNmr/config/isotopeRecords/138La.json",
            "className": "IsotopeRecord"
        }
    ],
    [
        "abundance",
        0.0009
    ],
    [
        "elementNumber",
        57
    ],
    [
        "gFactor",
        0.742729
    ],
    [
        "isRadioactive",
        false
    ],
    [
        "isotopeCode",
        "138La"
    ],
    [
        "massNumber",
        138
    ],
    [
        "name",
        "Lanthanum"
    ],
    [
        "quadrupoleMoment",
        0.39
    ],
    [
        "spin",
        5.0
    ],
    [
        "symbol",
        "La"
    ]
]