[
    [
        "_metadata",
        {
            "user": "geerten",
            "classVersion": 1.0,
            "jsonVersion": 3.0,
            "lastPath": "/Users/geerten/Code/CCPNv3/CcpNmr/config/isotopeRecords/146Nd.json",
            "className": "IsotopeRecord"
        }
    ],
    [
        "abundance",
        0.172
    ],
    [
        "elementNumber",
        60
    ],
    [
        "gFactor",
        0.0
    ],
    [
        "isRadioactive",
        false
    ],
    [
        "isotopeCode",
        "146Nd"
    ],
    [
        "massNumber",
        146
    ],
    [
        "name",
        "Neodymium"
    ],
    [
        "quadrupoleMoment",
        0.0
    ],
    [
        "spin",
        0.0
    ],
    [
        "symbol",
        "Nd"
    ]
]