[
    [
        "_metadata",
        {
            "user": "geerten",
            "classVersion": 1.0,
            "jsonVersion": 3.0,
            "lastPath": "/Users/geerten/Code/CCPNv3/CcpNmr/config/isotopeRecords/147Sm.json",
            "className": "IsotopeRecord"
        }
    ],
    [
        "abundance",
        0.1499
    ],
    [
        "elementNumber",
        62
    ],
    [
        "gFactor",
        -0.232
    ],
    [
        "isRadioactive",
        false
    ],
    [
        "isotopeCode",
        "147Sm"
    ],
    [
        "massNumber",
        147
    ],
    [
        "name",
        "Samarium"
    ],
    [
        "quadrupoleMoment",
        -0.26
    ],
    [
        "spin",
        3.5
    ],
    [
        "symbol",
        "Sm"
    ]
]