[
    [
        "_metadata",
        {
            "user": "geerten",
            "classVersion": 1.0,
            "jsonVersion": 3.0,
            "lastPath": "/Users/geerten/Code/CCPNv3/CcpNmr/config/isotopeRecords/152Eu.json",
            "className": "IsotopeRecord"
        }
    ],
    [
        "abundance",
        0.0
    ],
    [
        "elementNumber",
        63
    ],
    [
        "gFactor",
        -0.6467
    ],
    [
        "isRadioactive",
        true
    ],
    [
        "isotopeCode",
        "152Eu"
    ],
    [
        "massNumber",
        152
    ],
    [
        "name",
        "Europium"
    ],
    [
        "quadrupoleMoment",
        2.72
    ],
    [
        "spin",
        3.0
    ],
    [
        "symbol",
        "Eu"
    ]
]