[
    [
        "_metadata",
        {
            "user": "geerten",
            "classVersion": 1.0,
            "jsonVersion": 3.0,
            "lastPath": "/Users/geerten/Code/CCPNv3/CcpNmr/config/isotopeRecords/154Sm.json",
            "className": "IsotopeRecord"
        }
    ],
    [
        "abundance",
        0.2275
    ],
    [
        "elementNumber",
        62
    ],
    [
        "gFactor",
        0.0
    ],
    [
        "isRadioactive",
        false
    ],
    [
        "isotopeCode",
        "154Sm"
    ],
    [
        "massNumber",
        154
    ],
    [
        "name",
        "Samarium"
    ],
    [
        "quadrupoleMoment",
        0.0
    ],
    [
        "spin",
        0.0
    ],
    [
        "symbol",
        "Sm"
    ]
]