[
    [
        "_metadata",
        {
            "user": "geerten",
            "classVersion": 1.0,
            "jsonVersion": 3.0,
            "lastPath": "/Users/geerten/Code/CCPNv3/CcpNmr/config/isotopeRecords/155Gd.json",
            "className": "IsotopeRecord"
        }
    ],
    [
        "abundance",
        0.148
    ],
    [
        "elementNumber",
        64
    ],
    [
        "gFactor",
        -0.1715
    ],
    [
        "isRadioactive",
        false
    ],
    [
        "isotopeCode",
        "155Gd"
    ],
    [
        "massNumber",
        155
    ],
    [
        "name",
        "Gadolinium"
    ],
    [
        "quadrupoleMoment",
        1.27
    ],
    [
        "spin",
        1.5
    ],
    [
        "symbol",
        "Gd"
    ]
]