[
    [
        "_metadata",
        {
            "user": "geerten",
            "classVersion": 1.0,
            "jsonVersion": 3.0,
            "lastPath": "/Users/geerten/Code/CCPNv3/CcpNmr/config/isotopeRecords/156Dy.json",
            "className": "IsotopeRecord"
        }
    ],
    [
        "abundance",
        0.0006
    ],
    [
        "elementNumber",
        66
    ],
    [
        "gFactor",
        0.0
    ],
    [
        "isRadioactive",
        false
    ],
    [
        "isotopeCode",
        "156Dy"
    ],
    [
        "massNumber",
        156
    ],
    [
        "name",
        "Dysprosium"
    ],
    [
        "quadrupoleMoment",
        0.0
    ],
    [
        "spin",
        0.0
    ],
    [
        "symbol",
        "Dy"
    ]
]