[
    [
        "_metadata",
        {
            "user": "geerten",
            "classVersion": 1.0,
            "jsonVersion": 3.0,
            "lastPath": "/Users/geerten/Code/CCPNv3/CcpNmr/config/isotopeRecords/158Gd.json",
            "className": "IsotopeRecord"
        }
    ],
    [
        "abundance",
        0.2484
    ],
    [
        "elementNumber",
        64
    ],
    [
        "gFactor",
        0.0
    ],
    [
        "isRadioactive",
        false
    ],
    [
        "isotopeCode",
        "158Gd"
    ],
    [
        "massNumber",
        158
    ],
    [
        "name",
        "Gadolinium"
    ],
    [
        "quadrupoleMoment",
        0.0
    ],
    [
        "spin",
        0.0
    ],
    [
        "symbol",
        "Gd"
    ]
]