[
    [
        "_metadata",
        {
            "user": "geerten",
            "classVersion": 1.0,
            "jsonVersion": 3.0,
            "lastPath": "/Users/geerten/Code/CCPNv3/CcpNmr/config/isotopeRecords/166Er.json",
            "className": "IsotopeRecord"
        }
    ],
    [
        "abundance",
        0.3361
    ],
    [
        "elementNumber",
        68
    ],
    [
        "gFactor",
        0.0
    ],
    [
        "isRadioactive",
        false
    ],
    [
        "isotopeCode",
        "166Er"
    ],
    [
        "massNumber",
        166
    ],
    [
        "name",
        "Erbium"
    ],
    [
        "quadrupoleMoment",
        0.0
    ],
    [
        "spin",
        0.0
    ],
    [
        "symbol",
        "Er"
    ]
]