[
    [
        "_metadata",
        {
            "user": "geerten",
            "classVersion": 1.0,
            "jsonVersion": 3.0,
            "lastPath": "/Users/geerten/Code/CCPNv3/CcpNmr/config/isotopeRecords/171Yb.json",
            "className": "IsotopeRecord"
        }
    ],
    [
        "abundance",
        0.1428
    ],
    [
        "elementNumber",
        70
    ],
    [
        "gFactor",
        0.98734
    ],
    [
        "isRadioactive",
        false
    ],
    [
        "isotopeCode",
        "171Yb"
    ],
    [
        "massNumber",
        171
    ],
    [
        "name",
        "Ytterbium"
    ],
    [
        "quadrupoleMoment",
        0.0
    ],
    [
        "spin",
        0.5
    ],
    [
        "symbol",
        "Yb"
    ]
]