[
    [
        "_metadata",
        {
            "user": "geerten",
            "classVersion": 1.0,
            "jsonVersion": 3.0,
            "lastPath": "/Users/geerten/Code/CCPNv3/CcpNmr/config/isotopeRecords/172Yb.json",
            "className": "IsotopeRecord"
        }
    ],
    [
        "abundance",
        0.2183
    ],
    [
        "elementNumber",
        70
    ],
    [
        "gFactor",
        0.0
    ],
    [
        "isRadioactive",
        false
    ],
    [
        "isotopeCode",
        "172Yb"
    ],
    [
        "massNumber",
        172
    ],
    [
        "name",
        "Ytterbium"
    ],
    [
        "quadrupoleMoment",
        0.0
    ],
    [
        "spin",
        0.0
    ],
    [
        "symbol",
        "Yb"
    ]
]