[
    [
        "_metadata",
        {
            "user": "geerten",
            "classVersion": 1.0,
            "jsonVersion": 3.0,
            "lastPath": "/Users/geerten/Code/CCPNv3/CcpNmr/config/isotopeRecords/176Lu.json",
            "className": "IsotopeRecord"
        }
    ],
    [
        "abundance",
        0.0259
    ],
    [
        "elementNumber",
        71
    ],
    [
        "gFactor",
        0.4517
    ],
    [
        "isRadioactive",
        false
    ],
    [
        "isotopeCode",
        "176Lu"
    ],
    [
        "massNumber",
        176
    ],
    [
        "name",
        "Lutetium"
    ],
    [
        "quadrupoleMoment",
        4.92
    ],
    [
        "spin",
        7.0
    ],
    [
        "symbol",
        "Lu"
    ]
]