[
    [
        "_metadata",
        {
            "user": "geerten",
            "classVersion": 1.0,
            "jsonVersion": 3.0,
            "lastPath": "/Users/geerten/Code/CCPNv3/CcpNmr/config/isotopeRecords/178Hf.json",
            "className": "IsotopeRecord"
        }
    ],
    [
        "abundance",
        0.2728
    ],
    [
        "elementNumber",
        72
    ],
    [
        "gFactor",
        0.0
    ],
    [
        "isRadioactive",
        false
    ],
    [
        "isotopeCode",
        "178Hf"
    ],
    [
        "massNumber",
        178
    ],
    [
        "name",
        "Hafnium"
    ],
    [
        "quadrupoleMoment",
        0.0
    ],
    [
        "spin",
        0.0
    ],
    [
        "symbol",
        "Hf"
    ]
]