[
    [
        "_metadata",
        {
            "user": "geerten",
            "classVersion": 1.0,
            "jsonVersion": 3.0,
            "lastPath": "/Users/geerten/Code/CCPNv3/CcpNmr/config/isotopeRecords/180W.json",
            "className": "IsotopeRecord"
        }
    ],
    [
        "abundance",
        0.0012
    ],
    [
        "elementNumber",
        74
    ],
    [
        "gFactor",
        0.0
    ],
    [
        "isRadioactive",
        false
    ],
    [
        "isotopeCode",
        "180W"
    ],
    [
        "massNumber",
        180
    ],
    [
        "name",
        "Tungsten"
    ],
    [
        "quadrupoleMoment",
        0.0
    ],
    [
        "spin",
        0.0
    ],
    [
        "symbol",
        "W"
    ]
]