[
    [
        "_metadata",
        {
            "user": "geerten",
            "classVersion": 1.0,
            "jsonVersion": 3.0,
            "lastPath": "/Users/geerten/Code/CCPNv3/CcpNmr/config/isotopeRecords/184Os.json",
            "className": "IsotopeRecord"
        }
    ],
    [
        "abundance",
        0.0002
    ],
    [
        "elementNumber",
        76
    ],
    [
        "gFactor",
        0.0
    ],
    [
        "isRadioactive",
        false
    ],
    [
        "isotopeCode",
        "184Os"
    ],
    [
        "massNumber",
        184
    ],
    [
        "name",
        "Osmium"
    ],
    [
        "quadrupoleMoment",
        0.0
    ],
    [
        "spin",
        0.0
    ],
    [
        "symbol",
        "Os"
    ]
]