[
    [
        "_metadata",
        {
            "user": "geerten",
            "classVersion": 1.0,
            "jsonVersion": 3.0,
            "lastPath": "/Users/geerten/Code/CCPNv3/CcpNmr/config/isotopeRecords/188Os.json",
            "className": "IsotopeRecord"
        }
    ],
    [
        "abundance",
        0.1324
    ],
    [
        "elementNumber",
        76
    ],
    [
        "gFactor",
        0.0
    ],
    [
        "isRadioactive",
        false
    ],
    [
        "isotopeCode",
        "188Os"
    ],
    [
        "massNumber",
        188
    ],
    [
        "name",
        "Osmium"
    ],
    [
        "quadrupoleMoment",
        0.0
    ],
    [
        "spin",
        0.0
    ],
    [
        "symbol",
        "Os"
    ]
]