[
    [
        "_metadata",
        {
            "user": "geerten",
            "classVersion": 1.0,
            "jsonVersion": 3.0,
            "lastPath": "/Users/geerten/Code/CCPNv3/CcpNmr/config/isotopeRecords/195Pt.json",
            "className": "IsotopeRecord"
        }
    ],
    [
        "abundance",
        0.33832
    ],
    [
        "elementNumber",
        78
    ],
    [
        "gFactor",
        1.219
    ],
    [
        "isRadioactive",
        false
    ],
    [
        "isotopeCode",
        "195Pt"
    ],
    [
        "massNumber",
        195
    ],
    [
        "name",
        "Platinum"
    ],
    [
        "quadrupoleMoment",
        0.0
    ],
    [
        "spin",
        0.5
    ],
    [
        "symbol",
        "Pt"
    ]
]