[
    [
        "_metadata",
        {
            "user": "geerten",
            "classVersion": 1.0,
            "jsonVersion": 3.0,
            "lastPath": "/Users/geerten/Code/CCPNv3/CcpNmr/config/isotopeRecords/198Hg.json",
            "className": "IsotopeRecord"
        }
    ],
    [
        "abundance",
        0.0997
    ],
    [
        "elementNumber",
        80
    ],
    [
        "gFactor",
        0.0
    ],
    [
        "isRadioactive",
        false
    ],
    [
        "isotopeCode",
        "198Hg"
    ],
    [
        "massNumber",
        198
    ],
    [
        "name",
        "Mercury"
    ],
    [
        "quadrupoleMoment",
        0.0
    ],
    [
        "spin",
        0.0
    ],
    [
        "symbol",
        "Hg"
    ]
]