[
    [
        "_metadata",
        {
            "user": "geerten",
            "classVersion": 1.0,
            "jsonVersion": 3.0,
            "lastPath": "/Users/geerten/Code/CCPNv3/CcpNmr/config/isotopeRecords/1H.json",
            "className": "IsotopeRecord"
        }
    ],
    [
        "abundance",
        0.999885
    ],
    [
        "elementNumber",
        1
    ],
    [
        "gFactor",
        5.58569
    ],
    [
        "isRadioactive",
        false
    ],
    [
        "isotopeCode",
        "1H"
    ],
    [
        "massNumber",
        1
    ],
    [
        "name",
        "Hydrogen"
    ],
    [
        "quadrupoleMoment",
        0.0
    ],
    [
        "spin",
        0.5
    ],
    [
        "symbol",
        "H"
    ]
]