[
    [
        "_metadata",
        {
            "user": "geerten",
            "classVersion": 1.0,
            "jsonVersion": 3.0,
            "lastPath": "/Users/geerten/Code/CCPNv3/CcpNmr/config/isotopeRecords/204Pb.json",
            "className": "IsotopeRecord"
        }
    ],
    [
        "abundance",
        0.014
    ],
    [
        "elementNumber",
        82
    ],
    [
        "gFactor",
        0.0
    ],
    [
        "isRadioactive",
        false
    ],
    [
        "isotopeCode",
        "204Pb"
    ],
    [
        "massNumber",
        204
    ],
    [
        "name",
        "Lead"
    ],
    [
        "quadrupoleMoment",
        0.0
    ],
    [
        "spin",
        0.0
    ],
    [
        "symbol",
        "Pb"
    ]
]