[
    [
        "_metadata",
        {
            "user": "geerten",
            "classVersion": 1.0,
            "jsonVersion": 3.0,
            "lastPath": "/Users/geerten/Code/CCPNv3/CcpNmr/config/isotopeRecords/205Tl.json",
            "className": "IsotopeRecord"
        }
    ],
    [
        "abundance",
        0.70476
    ],
    [
        "elementNumber",
        81
    ],
    [
        "gFactor",
        3.27643
    ],
    [
        "isRadioactive",
        false
    ],
    [
        "isotopeCode",
        "205Tl"
    ],
    [
        "massNumber",
        205
    ],
    [
        "name",
        "Thallium"
    ],
    [
        "quadrupoleMoment",
        0.0
    ],
    [
        "spin",
        0.5
    ],
    [
        "symbol",
        "Tl"
    ]
]