[
    [
        "_metadata",
        {
            "user": "geerten",
            "classVersion": 1.0,
            "jsonVersion": 3.0,
            "lastPath": "/Users/geerten/Code/CCPNv3/CcpNmr/config/isotopeRecords/207Pb.json",
            "className": "IsotopeRecord"
        }
    ],
    [
        "abundance",
        0.221
    ],
    [
        "elementNumber",
        82
    ],
    [
        "gFactor",
        1.18512
    ],
    [
        "isRadioactive",
        false
    ],
    [
        "isotopeCode",
        "207Pb"
    ],
    [
        "massNumber",
        207
    ],
    [
        "name",
        "Lead"
    ],
    [
        "quadrupoleMoment",
        0.0
    ],
    [
        "spin",
        0.5
    ],
    [
        "symbol",
        "Pb"
    ]
]