[
    [
        "_metadata",
        {
            "user": "geerten",
            "classVersion": 1.0,
            "jsonVersion": 3.0,
            "lastPath": "/Users/geerten/Code/CCPNv3/CcpNmr/config/isotopeRecords/209Po.json",
            "className": "IsotopeRecord"
        }
    ],
    [
        "abundance",
        0.0
    ],
    [
        "elementNumber",
        84
    ],
    [
        "gFactor",
        1.5
    ],
    [
        "isRadioactive",
        true
    ],
    [
        "isotopeCode",
        "209Po"
    ],
    [
        "massNumber",
        209
    ],
    [
        "name",
        "Polonium"
    ],
    [
        "quadrupoleMoment",
        0.0
    ],
    [
        "spin",
        0.5
    ],
    [
        "symbol",
        "Po"
    ]
]