[
    [
        "_metadata",
        {
            "user": "geerten",
            "classVersion": 1.0,
            "jsonVersion": 3.0,
            "lastPath": "/Users/geerten/Code/CCPNv3/CcpNmr/config/isotopeRecords/22Ne.json",
            "className": "IsotopeRecord"
        }
    ],
    [
        "abundance",
        0.0925
    ],
    [
        "elementNumber",
        10
    ],
    [
        "gFactor",
        0.0
    ],
    [
        "isRadioactive",
        false
    ],
    [
        "isotopeCode",
        "22Ne"
    ],
    [
        "massNumber",
        22
    ],
    [
        "name",
        "Neon"
    ],
    [
        "quadrupoleMoment",
        0.0
    ],
    [
        "spin",
        0.0
    ],
    [
        "symbol",
        "Ne"
    ]
]