[
    [
        "_metadata",
        {
            "user": "geerten",
            "classVersion": 1.0,
            "jsonVersion": 3.0,
            "lastPath": "/Users/geerten/Code/CCPNv3/CcpNmr/config/isotopeRecords/239Pu.json",
            "className": "IsotopeRecord"
        }
    ],
    [
        "abundance",
        0.0
    ],
    [
        "elementNumber",
        94
    ],
    [
        "gFactor",
        0.406
    ],
    [
        "isRadioactive",
        true
    ],
    [
        "isotopeCode",
        "239Pu"
    ],
    [
        "massNumber",
        239
    ],
    [
        "name",
        "Plutonium"
    ],
    [
        "quadrupoleMoment",
        0.0
    ],
    [
        "spin",
        0.5
    ],
    [
        "symbol",
        "Pu"
    ]
]