[
    [
        "_metadata",
        {
            "user": "geerten",
            "classVersion": 1.0,
            "jsonVersion": 3.0,
            "lastPath": "/Users/geerten/Code/CCPNv3/CcpNmr/config/isotopeRecords/24Mg.json",
            "className": "IsotopeRecord"
        }
    ],
    [
        "abundance",
        0.7899
    ],
    [
        "elementNumber",
        12
    ],
    [
        "gFactor",
        0.0
    ],
    [
        "isRadioactive",
        false
    ],
    [
        "isotopeCode",
        "24Mg"
    ],
    [
        "massNumber",
        24
    ],
    [
        "name",
        "Magnesium"
    ],
    [
        "quadrupoleMoment",
        0.0
    ],
    [
        "spin",
        0.0
    ],
    [
        "symbol",
        "Mg"
    ]
]