[
    [
        "_metadata",
        {
            "user": "geerten",
            "classVersion": 1.0,
            "jsonVersion": 3.0,
            "lastPath": "/Users/geerten/Code/CCPNv3/CcpNmr/config/isotopeRecords/25Mg.json",
            "className": "IsotopeRecord"
        }
    ],
    [
        "abundance",
        0.1
    ],
    [
        "elementNumber",
        12
    ],
    [
        "gFactor",
        -0.34218
    ],
    [
        "isRadioactive",
        false
    ],
    [
        "isotopeCode",
        "25Mg"
    ],
    [
        "massNumber",
        25
    ],
    [
        "name",
        "Magnesium"
    ],
    [
        "quadrupoleMoment",
        0.199
    ],
    [
        "spin",
        2.5
    ],
    [
        "symbol",
        "Mg"
    ]
]