[
    [
        "_metadata",
        {
            "user": "geerten",
            "classVersion": 1.0,
            "jsonVersion": 3.0,
            "lastPath": "/Users/geerten/Code/CCPNv3/CcpNmr/config/isotopeRecords/28Si.json",
            "className": "IsotopeRecord"
        }
    ],
    [
        "abundance",
        0.922297
    ],
    [
        "elementNumber",
        14
    ],
    [
        "gFactor",
        0.0
    ],
    [
        "isRadioactive",
        false
    ],
    [
        "isotopeCode",
        "28Si"
    ],
    [
        "massNumber",
        28
    ],
    [
        "name",
        "Silicon"
    ],
    [
        "quadrupoleMoment",
        0.0
    ],
    [
        "spin",
        0.0
    ],
    [
        "symbol",
        "Si"
    ]
]