[
    [
        "_metadata",
        {
            "user": "geerten",
            "classVersion": 1.0,
            "jsonVersion": 3.0,
            "lastPath": "/Users/geerten/Code/CCPNv3/CcpNmr/config/isotopeRecords/30Si.json",
            "className": "IsotopeRecord"
        }
    ],
    [
        "abundance",
        0.030872
    ],
    [
        "elementNumber",
        14
    ],
    [
        "gFactor",
        0.0
    ],
    [
        "isRadioactive",
        false
    ],
    [
        "isotopeCode",
        "30Si"
    ],
    [
        "massNumber",
        30
    ],
    [
        "name",
        "Silicon"
    ],
    [
        "quadrupoleMoment",
        0.0
    ],
    [
        "spin",
        0.0
    ],
    [
        "symbol",
        "Si"
    ]
]