[
    [
        "_metadata",
        {
            "user": "geerten",
            "classVersion": 1.0,
            "jsonVersion": 3.0,
            "lastPath": "/Users/geerten/Code/CCPNv3/CcpNmr/config/isotopeRecords/34S.json",
            "className": "IsotopeRecord"
        }
    ],
    [
        "abundance",
        0.0429
    ],
    [
        "elementNumber",
        16
    ],
    [
        "gFactor",
        0.0
    ],
    [
        "isRadioactive",
        false
    ],
    [
        "isotopeCode",
        "34S"
    ],
    [
        "massNumber",
        34
    ],
    [
        "name",
        "Sulfur"
    ],
    [
        "quadrupoleMoment",
        0.0
    ],
    [
        "spin",
        0.0
    ],
    [
        "symbol",
        "S"
    ]
]