[
    [
        "_metadata",
        {
            "user": "geerten",
            "classVersion": 1.0,
            "jsonVersion": 3.0,
            "lastPath": "/Users/geerten/Code/CCPNv3/CcpNmr/config/isotopeRecords/38Ar.json",
            "className": "IsotopeRecord"
        }
    ],
    [
        "abundance",
        0.000632
    ],
    [
        "elementNumber",
        18
    ],
    [
        "gFactor",
        0.0
    ],
    [
        "isRadioactive",
        false
    ],
    [
        "isotopeCode",
        "38Ar"
    ],
    [
        "massNumber",
        38
    ],
    [
        "name",
        "Argon"
    ],
    [
        "quadrupoleMoment",
        0.0
    ],
    [
        "spin",
        0.0
    ],
    [
        "symbol",
        "Ar"
    ]
]