[
    [
        "_metadata",
        {
            "user": "geerten",
            "classVersion": 1.0,
            "jsonVersion": 3.0,
            "lastPath": "/Users/geerten/Code/CCPNv3/CcpNmr/config/isotopeRecords/3H.json",
            "className": "IsotopeRecord"
        }
    ],
    [
        "abundance",
        0.0
    ],
    [
        "elementNumber",
        1
    ],
    [
        "gFactor",
        5.95799
    ],
    [
        "isRadioactive",
        true
    ],
    [
        "isotopeCode",
        "3H"
    ],
    [
        "massNumber",
        3
    ],
    [
        "name",
        "Hydrogen"
    ],
    [
        "quadrupoleMoment",
        0.0
    ],
    [
        "spin",
        0.5
    ],
    [
        "symbol",
        "H"
    ]
]