[
    [
        "_metadata",
        {
            "user": "geerten",
            "classVersion": 1.0,
            "jsonVersion": 3.0,
            "lastPath": "/Users/geerten/Code/CCPNv3/CcpNmr/config/isotopeRecords/41Ca.json",
            "className": "IsotopeRecord"
        }
    ],
    [
        "abundance",
        0.0
    ],
    [
        "elementNumber",
        20
    ],
    [
        "gFactor",
        -0.455652
    ],
    [
        "isRadioactive",
        true
    ],
    [
        "isotopeCode",
        "41Ca"
    ],
    [
        "massNumber",
        41
    ],
    [
        "name",
        "Calcium"
    ],
    [
        "quadrupoleMoment",
        -0.0665
    ],
    [
        "spin",
        3.5
    ],
    [
        "symbol",
        "Ca"
    ]
]