[
    [
        "_metadata",
        {
            "user": "geerten",
            "classVersion": 1.0,
            "jsonVersion": 3.0,
            "lastPath": "/Users/geerten/Code/CCPNv3/CcpNmr/config/isotopeRecords/43Ca.json",
            "className": "IsotopeRecord"
        }
    ],
    [
        "abundance",
        0.00135
    ],
    [
        "elementNumber",
        20
    ],
    [
        "gFactor",
        -0.37637
    ],
    [
        "isRadioactive",
        false
    ],
    [
        "isotopeCode",
        "43Ca"
    ],
    [
        "massNumber",
        43
    ],
    [
        "name",
        "Calcium"
    ],
    [
        "quadrupoleMoment",
        -0.0408
    ],
    [
        "spin",
        3.5
    ],
    [
        "symbol",
        "Ca"
    ]
]