[
    [
        "_metadata",
        {
            "user": "geerten",
            "classVersion": 1.0,
            "jsonVersion": 3.0,
            "lastPath": "/Users/geerten/Code/CCPNv3/CcpNmr/config/isotopeRecords/44Ca.json",
            "className": "IsotopeRecord"
        }
    ],
    [
        "abundance",
        0.02086
    ],
    [
        "elementNumber",
        20
    ],
    [
        "gFactor",
        0.0
    ],
    [
        "isRadioactive",
        false
    ],
    [
        "isotopeCode",
        "44Ca"
    ],
    [
        "massNumber",
        44
    ],
    [
        "name",
        "Calcium"
    ],
    [
        "quadrupoleMoment",
        0.0
    ],
    [
        "spin",
        0.0
    ],
    [
        "symbol",
        "Ca"
    ]
]