[
    [
        "_metadata",
        {
            "user": "geerten",
            "classVersion": 1.0,
            "jsonVersion": 3.0,
            "lastPath": "/Users/geerten/Code/CCPNv3/CcpNmr/config/isotopeRecords/46Ti.json",
            "className": "IsotopeRecord"
        }
    ],
    [
        "abundance",
        0.0825
    ],
    [
        "elementNumber",
        22
    ],
    [
        "gFactor",
        0.0
    ],
    [
        "isRadioactive",
        false
    ],
    [
        "isotopeCode",
        "46Ti"
    ],
    [
        "massNumber",
        46
    ],
    [
        "name",
        "Titanium"
    ],
    [
        "quadrupoleMoment",
        0.0
    ],
    [
        "spin",
        0.0
    ],
    [
        "symbol",
        "Ti"
    ]
]