[
    [
        "_metadata",
        {
            "user": "geerten",
            "classVersion": 1.0,
            "jsonVersion": 3.0,
            "lastPath": "/Users/geerten/Code/CCPNv3/CcpNmr/config/isotopeRecords/51V.json",
            "className": "IsotopeRecord"
        }
    ],
    [
        "abundance",
        0.9975
    ],
    [
        "elementNumber",
        23
    ],
    [
        "gFactor",
        1.47106
    ],
    [
        "isRadioactive",
        false
    ],
    [
        "isotopeCode",
        "51V"
    ],
    [
        "massNumber",
        51
    ],
    [
        "name",
        "Vanadium"
    ],
    [
        "quadrupoleMoment",
        -0.043
    ],
    [
        "spin",
        3.5
    ],
    [
        "symbol",
        "V"
    ]
]