[
    [
        "_metadata",
        {
            "user": "geerten",
            "classVersion": 1.0,
            "jsonVersion": 3.0,
            "lastPath": "/Users/geerten/Code/CCPNv3/CcpNmr/config/isotopeRecords/52Cr.json",
            "className": "IsotopeRecord"
        }
    ],
    [
        "abundance",
        0.83789
    ],
    [
        "elementNumber",
        24
    ],
    [
        "gFactor",
        0.0
    ],
    [
        "isRadioactive",
        false
    ],
    [
        "isotopeCode",
        "52Cr"
    ],
    [
        "massNumber",
        52
    ],
    [
        "name",
        "Chromium"
    ],
    [
        "quadrupoleMoment",
        0.0
    ],
    [
        "spin",
        0.0
    ],
    [
        "symbol",
        "Cr"
    ]
]