[
    [
        "_metadata",
        {
            "user": "geerten",
            "classVersion": 1.0,
            "jsonVersion": 3.0,
            "lastPath": "/Users/geerten/Code/CCPNv3/CcpNmr/config/isotopeRecords/54Cr.json",
            "className": "IsotopeRecord"
        }
    ],
    [
        "abundance",
        0.02365
    ],
    [
        "elementNumber",
        24
    ],
    [
        "gFactor",
        0.0
    ],
    [
        "isRadioactive",
        false
    ],
    [
        "isotopeCode",
        "54Cr"
    ],
    [
        "massNumber",
        54
    ],
    [
        "name",
        "Chromium"
    ],
    [
        "quadrupoleMoment",
        0.0
    ],
    [
        "spin",
        0.0
    ],
    [
        "symbol",
        "Cr"
    ]
]