[
    [
        "_metadata",
        {
            "user": "geerten",
            "classVersion": 1.0,
            "jsonVersion": 3.0,
            "lastPath": "/Users/geerten/Code/CCPNv3/CcpNmr/config/isotopeRecords/54Fe.json",
            "className": "IsotopeRecord"
        }
    ],
    [
        "abundance",
        0.05845
    ],
    [
        "elementNumber",
        26
    ],
    [
        "gFactor",
        0.0
    ],
    [
        "isRadioactive",
        false
    ],
    [
        "isotopeCode",
        "54Fe"
    ],
    [
        "massNumber",
        54
    ],
    [
        "name",
        "Iron"
    ],
    [
        "quadrupoleMoment",
        0.0
    ],
    [
        "spin",
        0.0
    ],
    [
        "symbol",
        "Fe"
    ]
]