[
    [
        "_metadata",
        {
            "user": "geerten",
            "classVersion": 1.0,
            "jsonVersion": 3.0,
            "lastPath": "/Users/geerten/Code/CCPNv3/CcpNmr/config/isotopeRecords/57Fe.json",
            "className": "IsotopeRecord"
        }
    ],
    [
        "abundance",
        0.02119
    ],
    [
        "elementNumber",
        26
    ],
    [
        "gFactor",
        0.1809
    ],
    [
        "isRadioactive",
        false
    ],
    [
        "isotopeCode",
        "57Fe"
    ],
    [
        "massNumber",
        57
    ],
    [
        "name",
        "Iron"
    ],
    [
        "quadrupoleMoment",
        0.0
    ],
    [
        "spin",
        0.5
    ],
    [
        "symbol",
        "Fe"
    ]
]