[
    [
        "_metadata",
        {
            "user": "geerten",
            "classVersion": 1.0,
            "jsonVersion": 3.0,
            "lastPath": "/Users/geerten/Code/CCPNv3/CcpNmr/config/isotopeRecords/58Ni.json",
            "className": "IsotopeRecord"
        }
    ],
    [
        "abundance",
        0.680769
    ],
    [
        "elementNumber",
        28
    ],
    [
        "gFactor",
        0.0
    ],
    [
        "isRadioactive",
        false
    ],
    [
        "isotopeCode",
        "58Ni"
    ],
    [
        "massNumber",
        58
    ],
    [
        "name",
        "Nickel"
    ],
    [
        "quadrupoleMoment",
        0.0
    ],
    [
        "spin",
        0.0
    ],
    [
        "symbol",
        "Ni"
    ]
]