[
    [
        "_metadata",
        {
            "user": "geerten",
            "classVersion": 1.0,
            "jsonVersion": 3.0,
            "lastPath": "/Users/geerten/Code/CCPNv3/CcpNmr/config/isotopeRecords/68Zn.json",
            "className": "IsotopeRecord"
        }
    ],
    [
        "abundance",
        0.1875
    ],
    [
        "elementNumber",
        30
    ],
    [
        "gFactor",
        0.0
    ],
    [
        "isRadioactive",
        false
    ],
    [
        "isotopeCode",
        "68Zn"
    ],
    [
        "massNumber",
        68
    ],
    [
        "name",
        "Zinc"
    ],
    [
        "quadrupoleMoment",
        0.0
    ],
    [
        "spin",
        0.0
    ],
    [
        "symbol",
        "Zn"
    ]
]