[
    [
        "_metadata",
        {
            "user": "geerten",
            "classVersion": 1.0,
            "jsonVersion": 3.0,
            "lastPath": "/Users/geerten/Code/CCPNv3/CcpNmr/config/isotopeRecords/71Ga.json",
            "className": "IsotopeRecord"
        }
    ],
    [
        "abundance",
        0.39892
    ],
    [
        "elementNumber",
        31
    ],
    [
        "gFactor",
        1.70818
    ],
    [
        "isRadioactive",
        false
    ],
    [
        "isotopeCode",
        "71Ga"
    ],
    [
        "massNumber",
        71
    ],
    [
        "name",
        "Gallium"
    ],
    [
        "quadrupoleMoment",
        0.107
    ],
    [
        "spin",
        1.5
    ],
    [
        "symbol",
        "Ga"
    ]
]