[
    [
        "_metadata",
        {
            "user": "geerten",
            "classVersion": 1.0,
            "jsonVersion": 3.0,
            "lastPath": "/Users/geerten/Code/CCPNv3/CcpNmr/config/isotopeRecords/73Ge.json",
            "className": "IsotopeRecord"
        }
    ],
    [
        "abundance",
        0.0773
    ],
    [
        "elementNumber",
        32
    ],
    [
        "gFactor",
        -0.195437
    ],
    [
        "isRadioactive",
        false
    ],
    [
        "isotopeCode",
        "73Ge"
    ],
    [
        "massNumber",
        73
    ],
    [
        "name",
        "Germanium"
    ],
    [
        "quadrupoleMoment",
        -0.19
    ],
    [
        "spin",
        4.5
    ],
    [
        "symbol",
        "Ge"
    ]
]