[
    [
        "_metadata",
        {
            "user": "geerten",
            "classVersion": 1.0,
            "jsonVersion": 3.0,
            "lastPath": "/Users/geerten/Code/CCPNv3/CcpNmr/config/isotopeRecords/74Ge.json",
            "className": "IsotopeRecord"
        }
    ],
    [
        "abundance",
        0.3628
    ],
    [
        "elementNumber",
        32
    ],
    [
        "gFactor",
        0.0
    ],
    [
        "isRadioactive",
        false
    ],
    [
        "isotopeCode",
        "74Ge"
    ],
    [
        "massNumber",
        74
    ],
    [
        "name",
        "Germanium"
    ],
    [
        "quadrupoleMoment",
        0.0
    ],
    [
        "spin",
        0.0
    ],
    [
        "symbol",
        "Ge"
    ]
]