[
    [
        "_metadata",
        {
            "user": "geerten",
            "classVersion": 1.0,
            "jsonVersion": 3.0,
            "lastPath": "/Users/geerten/Code/CCPNv3/CcpNmr/config/isotopeRecords/76Se.json",
            "className": "IsotopeRecord"
        }
    ],
    [
        "abundance",
        0.0937
    ],
    [
        "elementNumber",
        34
    ],
    [
        "gFactor",
        0.0
    ],
    [
        "isRadioactive",
        false
    ],
    [
        "isotopeCode",
        "76Se"
    ],
    [
        "massNumber",
        76
    ],
    [
        "name",
        "Selenium"
    ],
    [
        "quadrupoleMoment",
        0.0
    ],
    [
        "spin",
        0.0
    ],
    [
        "symbol",
        "Se"
    ]
]