[
    [
        "_metadata",
        {
            "user": "geerten",
            "classVersion": 1.0,
            "jsonVersion": 3.0,
            "lastPath": "/Users/geerten/Code/CCPNv3/CcpNmr/config/isotopeRecords/79Br.json",
            "className": "IsotopeRecord"
        }
    ],
    [
        "abundance",
        0.5069
    ],
    [
        "elementNumber",
        35
    ],
    [
        "gFactor",
        1.40427
    ],
    [
        "isRadioactive",
        false
    ],
    [
        "isotopeCode",
        "79Br"
    ],
    [
        "massNumber",
        79
    ],
    [
        "name",
        "Bromine"
    ],
    [
        "quadrupoleMoment",
        0.313
    ],
    [
        "spin",
        1.5
    ],
    [
        "symbol",
        "Br"
    ]
]