[
    [
        "_metadata",
        {
            "user": "geerten",
            "classVersion": 1.0,
            "jsonVersion": 3.0,
            "lastPath": "/Users/geerten/Code/CCPNv3/CcpNmr/config/isotopeRecords/84Kr.json",
            "className": "IsotopeRecord"
        }
    ],
    [
        "abundance",
        0.57
    ],
    [
        "elementNumber",
        36
    ],
    [
        "gFactor",
        0.0
    ],
    [
        "isRadioactive",
        false
    ],
    [
        "isotopeCode",
        "84Kr"
    ],
    [
        "massNumber",
        84
    ],
    [
        "name",
        "Krypton"
    ],
    [
        "quadrupoleMoment",
        0.0
    ],
    [
        "spin",
        0.0
    ],
    [
        "symbol",
        "Kr"
    ]
]