[
    [
        "_metadata",
        {
            "user": "geerten",
            "classVersion": 1.0,
            "jsonVersion": 3.0,
            "lastPath": "/Users/geerten/Code/CCPNv3/CcpNmr/config/isotopeRecords/85Kr.json",
            "className": "IsotopeRecord"
        }
    ],
    [
        "abundance",
        0.0
    ],
    [
        "elementNumber",
        36
    ],
    [
        "gFactor",
        -0.2233
    ],
    [
        "isRadioactive",
        true
    ],
    [
        "isotopeCode",
        "85Kr"
    ],
    [
        "massNumber",
        85
    ],
    [
        "name",
        "Krypton"
    ],
    [
        "quadrupoleMoment",
        0.443
    ],
    [
        "spin",
        4.5
    ],
    [
        "symbol",
        "Kr"
    ]
]