[
    [
        "_metadata",
        {
            "user": "geerten",
            "classVersion": 1.0,
            "jsonVersion": 3.0,
            "lastPath": "/Users/geerten/Code/CCPNv3/CcpNmr/config/isotopeRecords/86Kr.json",
            "className": "IsotopeRecord"
        }
    ],
    [
        "abundance",
        0.173
    ],
    [
        "elementNumber",
        36
    ],
    [
        "gFactor",
        0.0
    ],
    [
        "isRadioactive",
        false
    ],
    [
        "isotopeCode",
        "86Kr"
    ],
    [
        "massNumber",
        86
    ],
    [
        "name",
        "Krypton"
    ],
    [
        "quadrupoleMoment",
        0.0
    ],
    [
        "spin",
        0.0
    ],
    [
        "symbol",
        "Kr"
    ]
]