[
    [
        "_metadata",
        {
            "user": "geerten",
            "classVersion": 1.0,
            "jsonVersion": 3.0,
            "lastPath": "/Users/geerten/Code/CCPNv3/CcpNmr/config/isotopeRecords/86Sr.json",
            "className": "IsotopeRecord"
        }
    ],
    [
        "abundance",
        0.0986
    ],
    [
        "elementNumber",
        38
    ],
    [
        "gFactor",
        0.0
    ],
    [
        "isRadioactive",
        false
    ],
    [
        "isotopeCode",
        "86Sr"
    ],
    [
        "massNumber",
        86
    ],
    [
        "name",
        "Strontium"
    ],
    [
        "quadrupoleMoment",
        0.0
    ],
    [
        "spin",
        0.0
    ],
    [
        "symbol",
        "Sr"
    ]
]