[
    [
        "_metadata",
        {
            "user": "geerten",
            "classVersion": 1.0,
            "jsonVersion": 3.0,
            "lastPath": "/Users/geerten/Code/CCPNv3/CcpNmr/config/isotopeRecords/91Zr.json",
            "className": "IsotopeRecord"
        }
    ],
    [
        "abundance",
        0.1122
    ],
    [
        "elementNumber",
        40
    ],
    [
        "gFactor",
        -0.521448
    ],
    [
        "isRadioactive",
        false
    ],
    [
        "isotopeCode",
        "91Zr"
    ],
    [
        "massNumber",
        91
    ],
    [
        "name",
        "Zirconium"
    ],
    [
        "quadrupoleMoment",
        -0.176
    ],
    [
        "spin",
        2.5
    ],
    [
        "symbol",
        "Zr"
    ]
]