[
    [
        "_metadata",
        {
            "user": "geerten",
            "classVersion": 1.0,
            "jsonVersion": 3.0,
            "lastPath": "/Users/geerten/Code/CCPNv3/CcpNmr/config/isotopeRecords/96Zr.json",
            "className": "IsotopeRecord"
        }
    ],
    [
        "abundance",
        0.028
    ],
    [
        "elementNumber",
        40
    ],
    [
        "gFactor",
        0.0
    ],
    [
        "isRadioactive",
        false
    ],
    [
        "isotopeCode",
        "96Zr"
    ],
    [
        "massNumber",
        96
    ],
    [
        "name",
        "Zirconium"
    ],
    [
        "quadrupoleMoment",
        0.0
    ],
    [
        "spin",
        0.0
    ],
    [
        "symbol",
        "Zr"
    ]
]