<?xml version="1.0" encoding="UTF-8"?>
<_StorageUnit time="Wed Mar 15 18:47:41 2023" release="3.1.0" packageGuid="www.ccpn.ac.uk_Fogh_2006-08-16-14:22:43_00002" originator="CCPN Python XmlIO">

<SAM.SampleStore _ID="1" _lastId="1" createdBy="user" guid="default_user_2023-03-15-18-47-05-462_00002">
  <SAM.SampleStore.name>
    <IMPL.Line>default</IMPL.Line>
  </SAM.SampleStore.name>
  <SAM.SampleStore.refSampleComponentStore>
    <REFS.exo-RefSampleComponentStore>
      <IMPL.GuidString>default_user_2023-03-15-18-47-05-462_00003</IMPL.GuidString>
    </REFS.exo-RefSampleComponentStore>
  </SAM.SampleStore.refSampleComponentStore>
</SAM.SampleStore>

</_StorageUnit>
<!--End of Memops Data-->
