[
  [
    "_metadata",
    {
      "jsonVersion": 3,
      "className": "ReferenceChemicalShift",
      "classVersion": 1,
      "user": "CCPN",
      "lastPath": "/Users/luca/Projects/AnalysisV3/resources/referenceChemicalShifts/NonStandard/Carbohydrate/1GL.json",
      "timestamp": "Tue Jan  9 15:17:58 2024",
      "applicationVersion": 3.2
    }
  ],
  [
    "chemicalShiftName",
    "Non-Standard Residues / Small Molecules"
  ],
  [
    "chemicalShiftComment",
    "The CCPN Analysis Version 3 ReferenceChemical shifts retrieved from BMRB"
  ],
  [
    "chemicalShiftEntryDate",
    "2023-09-14-14:25:08"
  ],
  [
    "compoundName",
    "2,6-dideoxy-4-O-methyl-alpha-D-galactopyranose"
  ],
  [
    "compoundShortName",
    "1GL"
  ],
  [
    "compoundCcpCode",
    "1GL"
  ],
  [
    "compoundType",
    "Carbohydrate"
  ],
  [
    "compoundTypeClassification",
    "D-saccharide, alpha linking"
  ],
  [
    "compoundPrecursorName",
    ""
  ],
  [
    "loadingLevel",
    0
  ],
  [
    "atoms",
    [
      [
        [
          "_metadata",
          {
            "jsonVersion": 3.0,
            "className": "AtomChemicalShift",
            "classVersion": 1.0,
            "user": "luca",
            "lastPath": "undefined",
            "timestamp": "Tue Jan  9 15:17:58 2024"
          }
        ],
        [
          "atomName",
          "C1"
        ],
        [
          "atomElementName",
          ""
        ],
        [
          "atomAverageShift",
          98.085
        ],
        [
          "atomStdShift",
          1.923
        ],
        [
          "atomMinShift",
          96.42
        ],
        [
          "atomMaxShift",
          99.75
        ],
        [
          "atomDistributionRefValue",
          96.42
        ],
        [
          "atomDistributionValuePerPoint",
          1.0
        ],
        [
          "atomStatisticalDistribution",
          []
        ]
      ],
      [
        [
          "_metadata",
          {
            "jsonVersion": 3.0,
            "className": "AtomChemicalShift",
            "classVersion": 1.0,
            "user": "luca",
            "lastPath": "undefined",
            "timestamp": "Tue Jan  9 15:17:58 2024"
          }
        ],
        [
          "atomName",
          "C2"
        ],
        [
          "atomElementName",
          ""
        ],
        [
          "atomAverageShift",
          34.965
        ],
        [
          "atomStdShift",
          1.553
        ],
        [
          "atomMinShift",
          33.62
        ],
        [
          "atomMaxShift",
          36.31
        ],
        [
          "atomDistributionRefValue",
          33.62
        ],
        [
          "atomDistributionValuePerPoint",
          1.0
        ],
        [
          "atomStatisticalDistribution",
          []
        ]
      ],
      [
        [
          "_metadata",
          {
            "jsonVersion": 3.0,
            "className": "AtomChemicalShift",
            "classVersion": 1.0,
            "user": "luca",
            "lastPath": "undefined",
            "timestamp": "Tue Jan  9 15:17:58 2024"
          }
        ],
        [
          "atomName",
          "C3"
        ],
        [
          "atomElementName",
          ""
        ],
        [
          "atomAverageShift",
          69.855
        ],
        [
          "atomStdShift",
          1.368
        ],
        [
          "atomMinShift",
          68.67
        ],
        [
          "atomMaxShift",
          71.04
        ],
        [
          "atomDistributionRefValue",
          68.67
        ],
        [
          "atomDistributionValuePerPoint",
          1.0
        ],
        [
          "atomStatisticalDistribution",
          []
        ]
      ],
      [
        [
          "_metadata",
          {
            "jsonVersion": 3.0,
            "className": "AtomChemicalShift",
            "classVersion": 1.0,
            "user": "luca",
            "lastPath": "undefined",
            "timestamp": "Tue Jan  9 15:17:58 2024"
          }
        ],
        [
          "atomName",
          "C4"
        ],
        [
          "atomElementName",
          ""
        ],
        [
          "atomAverageShift",
          84.95
        ],
        [
          "atomStdShift",
          1.259
        ],
        [
          "atomMinShift",
          83.86
        ],
        [
          "atomMaxShift",
          86.04
        ],
        [
          "atomDistributionRefValue",
          83.86
        ],
        [
          "atomDistributionValuePerPoint",
          1.0
        ],
        [
          "atomStatisticalDistribution",
          []
        ]
      ],
      [
        [
          "_metadata",
          {
            "jsonVersion": 3.0,
            "className": "AtomChemicalShift",
            "classVersion": 1.0,
            "user": "luca",
            "lastPath": "undefined",
            "timestamp": "Tue Jan  9 15:17:58 2024"
          }
        ],
        [
          "atomName",
          "C5"
        ],
        [
          "atomElementName",
          ""
        ],
        [
          "atomAverageShift",
          71.5
        ],
        [
          "atomStdShift",
          1.547
        ],
        [
          "atomMinShift",
          70.16
        ],
        [
          "atomMaxShift",
          72.84
        ],
        [
          "atomDistributionRefValue",
          70.16
        ],
        [
          "atomDistributionValuePerPoint",
          1.0
        ],
        [
          "atomStatisticalDistribution",
          []
        ]
      ],
      [
        [
          "_metadata",
          {
            "jsonVersion": 3.0,
            "className": "AtomChemicalShift",
            "classVersion": 1.0,
            "user": "luca",
            "lastPath": "undefined",
            "timestamp": "Tue Jan  9 15:17:58 2024"
          }
        ],
        [
          "atomName",
          "C6"
        ],
        [
          "atomElementName",
          ""
        ],
        [
          "atomAverageShift",
          20.49
        ],
        [
          "atomStdShift",
          1.166
        ],
        [
          "atomMinShift",
          19.48
        ],
        [
          "atomMaxShift",
          21.5
        ],
        [
          "atomDistributionRefValue",
          19.48
        ],
        [
          "atomDistributionValuePerPoint",
          1.0
        ],
        [
          "atomStatisticalDistribution",
          []
        ]
      ],
      [
        [
          "_metadata",
          {
            "jsonVersion": 3.0,
            "className": "AtomChemicalShift",
            "classVersion": 1.0,
            "user": "luca",
            "lastPath": "undefined",
            "timestamp": "Tue Jan  9 15:17:58 2024"
          }
        ],
        [
          "atomName",
          "CME"
        ],
        [
          "atomElementName",
          ""
        ],
        [
          "atomAverageShift",
          65.075
        ],
        [
          "atomStdShift",
          0.71
        ],
        [
          "atomMinShift",
          64.46
        ],
        [
          "atomMaxShift",
          65.69
        ],
        [
          "atomDistributionRefValue",
          64.46
        ],
        [
          "atomDistributionValuePerPoint",
          1.0
        ],
        [
          "atomStatisticalDistribution",
          []
        ]
      ],
      [
        [
          "_metadata",
          {
            "jsonVersion": 3.0,
            "className": "AtomChemicalShift",
            "classVersion": 1.0,
            "user": "luca",
            "lastPath": "undefined",
            "timestamp": "Tue Jan  9 15:17:58 2024"
          }
        ],
        [
          "atomName",
          "H1"
        ],
        [
          "atomElementName",
          ""
        ],
        [
          "atomAverageShift",
          6.835
        ],
        [
          "atomStdShift",
          1.865
        ],
        [
          "atomMinShift",
          5.22
        ],
        [
          "atomMaxShift",
          8.45
        ],
        [
          "atomDistributionRefValue",
          5.22
        ],
        [
          "atomDistributionValuePerPoint",
          1.0
        ],
        [
          "atomStatisticalDistribution",
          []
        ]
      ],
      [
        [
          "_metadata",
          {
            "jsonVersion": 3.0,
            "className": "AtomChemicalShift",
            "classVersion": 1.0,
            "user": "luca",
            "lastPath": "undefined",
            "timestamp": "Tue Jan  9 15:17:58 2024"
          }
        ],
        [
          "atomName",
          "H21"
        ],
        [
          "atomElementName",
          ""
        ],
        [
          "atomAverageShift",
          2.96
        ],
        [
          "atomStdShift",
          1.57
        ],
        [
          "atomMinShift",
          1.85
        ],
        [
          "atomMaxShift",
          4.07
        ],
        [
          "atomDistributionRefValue",
          1.85
        ],
        [
          "atomDistributionValuePerPoint",
          1.0
        ],
        [
          "atomStatisticalDistribution",
          []
        ]
      ],
      [
        [
          "_metadata",
          {
            "jsonVersion": 3.0,
            "className": "AtomChemicalShift",
            "classVersion": 1.0,
            "user": "luca",
            "lastPath": "undefined",
            "timestamp": "Tue Jan  9 15:17:58 2024"
          }
        ],
        [
          "atomName",
          "H22"
        ],
        [
          "atomElementName",
          ""
        ],
        [
          "atomAverageShift",
          2.995
        ],
        [
          "atomStdShift",
          2.015
        ],
        [
          "atomMinShift",
          1.57
        ],
        [
          "atomMaxShift",
          4.42
        ],
        [
          "atomDistributionRefValue",
          1.57
        ],
        [
          "atomDistributionValuePerPoint",
          1.0
        ],
        [
          "atomStatisticalDistribution",
          []
        ]
      ],
      [
        [
          "_metadata",
          {
            "jsonVersion": 3.0,
            "className": "AtomChemicalShift",
            "classVersion": 1.0,
            "user": "luca",
            "lastPath": "undefined",
            "timestamp": "Tue Jan  9 15:17:58 2024"
          }
        ],
        [
          "atomName",
          "H2A"
        ],
        [
          "atomElementName",
          ""
        ],
        [
          "atomAverageShift",
          2.96
        ],
        [
          "atomStdShift",
          1.57
        ],
        [
          "atomMinShift",
          1.85
        ],
        [
          "atomMaxShift",
          4.07
        ],
        [
          "atomDistributionRefValue",
          1.85
        ],
        [
          "atomDistributionValuePerPoint",
          1.0
        ],
        [
          "atomStatisticalDistribution",
          []
        ]
      ],
      [
        [
          "_metadata",
          {
            "jsonVersion": 3.0,
            "className": "AtomChemicalShift",
            "classVersion": 1.0,
            "user": "luca",
            "lastPath": "undefined",
            "timestamp": "Tue Jan  9 15:17:58 2024"
          }
        ],
        [
          "atomName",
          "H2E"
        ],
        [
          "atomElementName",
          ""
        ],
        [
          "atomAverageShift",
          2.995
        ],
        [
          "atomStdShift",
          2.015
        ],
        [
          "atomMinShift",
          1.57
        ],
        [
          "atomMaxShift",
          4.42
        ],
        [
          "atomDistributionRefValue",
          1.57
        ],
        [
          "atomDistributionValuePerPoint",
          1.0
        ],
        [
          "atomStatisticalDistribution",
          []
        ]
      ],
      [
        [
          "_metadata",
          {
            "jsonVersion": 3.0,
            "className": "AtomChemicalShift",
            "classVersion": 1.0,
            "user": "luca",
            "lastPath": "undefined",
            "timestamp": "Tue Jan  9 15:17:58 2024"
          }
        ],
        [
          "atomName",
          "H3"
        ],
        [
          "atomElementName",
          ""
        ],
        [
          "atomAverageShift",
          5.62
        ],
        [
          "atomStdShift",
          1.721
        ],
        [
          "atomMinShift",
          4.13
        ],
        [
          "atomMaxShift",
          7.11
        ],
        [
          "atomDistributionRefValue",
          4.13
        ],
        [
          "atomDistributionValuePerPoint",
          1.0
        ],
        [
          "atomStatisticalDistribution",
          []
        ]
      ],
      [
        [
          "_metadata",
          {
            "jsonVersion": 3.0,
            "className": "AtomChemicalShift",
            "classVersion": 1.0,
            "user": "luca",
            "lastPath": "undefined",
            "timestamp": "Tue Jan  9 15:17:58 2024"
          }
        ],
        [
          "atomName",
          "H4"
        ],
        [
          "atomElementName",
          ""
        ],
        [
          "atomAverageShift",
          4.48
        ],
        [
          "atomStdShift",
          1.097
        ],
        [
          "atomMinShift",
          3.53
        ],
        [
          "atomMaxShift",
          5.43
        ],
        [
          "atomDistributionRefValue",
          3.53
        ],
        [
          "atomDistributionValuePerPoint",
          1.0
        ],
        [
          "atomStatisticalDistribution",
          []
        ]
      ],
      [
        [
          "_metadata",
          {
            "jsonVersion": 3.0,
            "className": "AtomChemicalShift",
            "classVersion": 1.0,
            "user": "luca",
            "lastPath": "undefined",
            "timestamp": "Tue Jan  9 15:17:58 2024"
          }
        ],
        [
          "atomName",
          "H5"
        ],
        [
          "atomElementName",
          ""
        ],
        [
          "atomAverageShift",
          5.625
        ],
        [
          "atomStdShift",
          1.946
        ],
        [
          "atomMinShift",
          3.94
        ],
        [
          "atomMaxShift",
          7.31
        ],
        [
          "atomDistributionRefValue",
          3.94
        ],
        [
          "atomDistributionValuePerPoint",
          1.0
        ],
        [
          "atomStatisticalDistribution",
          []
        ]
      ],
      [
        [
          "_metadata",
          {
            "jsonVersion": 3.0,
            "className": "AtomChemicalShift",
            "classVersion": 1.0,
            "user": "luca",
            "lastPath": "undefined",
            "timestamp": "Tue Jan  9 15:17:58 2024"
          }
        ],
        [
          "atomName",
          "H61"
        ],
        [
          "atomElementName",
          ""
        ],
        [
          "atomAverageShift",
          2.265
        ],
        [
          "atomStdShift",
          1.336
        ],
        [
          "atomMinShift",
          1.32
        ],
        [
          "atomMaxShift",
          3.21
        ],
        [
          "atomDistributionRefValue",
          1.32
        ],
        [
          "atomDistributionValuePerPoint",
          1.0
        ],
        [
          "atomStatisticalDistribution",
          []
        ]
      ],
      [
        [
          "_metadata",
          {
            "jsonVersion": 3.0,
            "className": "AtomChemicalShift",
            "classVersion": 1.0,
            "user": "luca",
            "lastPath": "undefined",
            "timestamp": "Tue Jan  9 15:17:58 2024"
          }
        ],
        [
          "atomName",
          "H62"
        ],
        [
          "atomElementName",
          ""
        ],
        [
          "atomAverageShift",
          2.265
        ],
        [
          "atomStdShift",
          1.336
        ],
        [
          "atomMinShift",
          1.32
        ],
        [
          "atomMaxShift",
          3.21
        ],
        [
          "atomDistributionRefValue",
          1.32
        ],
        [
          "atomDistributionValuePerPoint",
          1.0
        ],
        [
          "atomStatisticalDistribution",
          []
        ]
      ],
      [
        [
          "_metadata",
          {
            "jsonVersion": 3.0,
            "className": "AtomChemicalShift",
            "classVersion": 1.0,
            "user": "luca",
            "lastPath": "undefined",
            "timestamp": "Tue Jan  9 15:17:58 2024"
          }
        ],
        [
          "atomName",
          "H63"
        ],
        [
          "atomElementName",
          ""
        ],
        [
          "atomAverageShift",
          2.265
        ],
        [
          "atomStdShift",
          1.336
        ],
        [
          "atomMinShift",
          1.32
        ],
        [
          "atomMaxShift",
          3.21
        ],
        [
          "atomDistributionRefValue",
          1.32
        ],
        [
          "atomDistributionValuePerPoint",
          1.0
        ],
        [
          "atomStatisticalDistribution",
          []
        ]
      ],
      [
        [
          "_metadata",
          {
            "jsonVersion": 3.0,
            "className": "AtomChemicalShift",
            "classVersion": 1.0,
            "user": "luca",
            "lastPath": "undefined",
            "timestamp": "Tue Jan  9 15:17:58 2024"
          }
        ],
        [
          "atomName",
          "HM4"
        ],
        [
          "atomElementName",
          ""
        ],
        [
          "atomAverageShift",
          4.185
        ],
        [
          "atomStdShift",
          0.813
        ],
        [
          "atomMinShift",
          3.61
        ],
        [
          "atomMaxShift",
          4.76
        ],
        [
          "atomDistributionRefValue",
          3.61
        ],
        [
          "atomDistributionValuePerPoint",
          1.0
        ],
        [
          "atomStatisticalDistribution",
          []
        ]
      ],
      [
        [
          "_metadata",
          {
            "jsonVersion": 3.0,
            "className": "AtomChemicalShift",
            "classVersion": 1.0,
            "user": "luca",
            "lastPath": "undefined",
            "timestamp": "Tue Jan  9 15:17:58 2024"
          }
        ],
        [
          "atomName",
          "HM41"
        ],
        [
          "atomElementName",
          ""
        ],
        [
          "atomAverageShift",
          4.185
        ],
        [
          "atomStdShift",
          0.813
        ],
        [
          "atomMinShift",
          3.61
        ],
        [
          "atomMaxShift",
          4.76
        ],
        [
          "atomDistributionRefValue",
          3.61
        ],
        [
          "atomDistributionValuePerPoint",
          1.0
        ],
        [
          "atomStatisticalDistribution",
          []
        ]
      ],
      [
        [
          "_metadata",
          {
            "jsonVersion": 3.0,
            "className": "AtomChemicalShift",
            "classVersion": 1.0,
            "user": "luca",
            "lastPath": "undefined",
            "timestamp": "Tue Jan  9 15:17:58 2024"
          }
        ],
        [
          "atomName",
          "HM42"
        ],
        [
          "atomElementName",
          ""
        ],
        [
          "atomAverageShift",
          4.185
        ],
        [
          "atomStdShift",
          0.813
        ],
        [
          "atomMinShift",
          3.61
        ],
        [
          "atomMaxShift",
          4.76
        ],
        [
          "atomDistributionRefValue",
          3.61
        ],
        [
          "atomDistributionValuePerPoint",
          1.0
        ],
        [
          "atomStatisticalDistribution",
          []
        ]
      ],
      [
        [
          "_metadata",
          {
            "jsonVersion": 3.0,
            "className": "AtomChemicalShift",
            "classVersion": 1.0,
            "user": "luca",
            "lastPath": "undefined",
            "timestamp": "Tue Jan  9 15:17:58 2024"
          }
        ],
        [
          "atomName",
          "HM43"
        ],
        [
          "atomElementName",
          ""
        ],
        [
          "atomAverageShift",
          4.185
        ],
        [
          "atomStdShift",
          0.813
        ],
        [
          "atomMinShift",
          3.61
        ],
        [
          "atomMaxShift",
          4.76
        ],
        [
          "atomDistributionRefValue",
          3.61
        ],
        [
          "atomDistributionValuePerPoint",
          1.0
        ],
        [
          "atomStatisticalDistribution",
          []
        ]
      ],
      [
        [
          "_metadata",
          {
            "jsonVersion": 3.0,
            "className": "AtomChemicalShift",
            "classVersion": 1.0,
            "user": "luca",
            "lastPath": "undefined",
            "timestamp": "Tue Jan  9 15:17:58 2024"
          }
        ],
        [
          "atomName",
          "HM6"
        ],
        [
          "atomElementName",
          ""
        ],
        [
          "atomAverageShift",
          2.265
        ],
        [
          "atomStdShift",
          1.336
        ],
        [
          "atomMinShift",
          1.32
        ],
        [
          "atomMaxShift",
          3.21
        ],
        [
          "atomDistributionRefValue",
          1.32
        ],
        [
          "atomDistributionValuePerPoint",
          1.0
        ],
        [
          "atomStatisticalDistribution",
          []
        ]
      ]
    ]
  ]
]