{
  "_metadata": {
    "jsonVersion": 3,
    "className": "ReferenceChemicalShift",
    "classVersion": 1,
    "user": "CCPN",
    "lastPath": "",
    "timestamp": "Fri Sep 15 15:17:45 2023",
    "applicationVersion": 3.2
  },
  "chemicalShiftName": "Non-Standard Residues / Small Molecules",
  "chemicalShiftComment": "The CCPN Analysis Version 3 ReferenceChemical shifts retrieved from BMRB",
  "chemicalShiftEntryDate": "2023-09-14-14:25:08",
  "compoundShortName": "4N2",
  "compoundName": "beta-L-idopyranose",
  "compoundCcpCode": "4N2",
  "compoundType": "Carbohydrate",
  "compoundTypeClassification": "L-saccharide, beta linking",
  "compoundPrecursorName": "",
  "atoms": [
    {
      "atomName": "H1",
      "atomElementName": "",
      "atomAverageShift": 5.254,
      "atomStdShift": null,
      "atomMinShift": 5.254,
      "atomMaxShift": 5.254,
      "atomDistributionRefValue": 5.254,
      "atomDistributionValuePerPoint": 1,
      "atomStatisticalDistribution": []
    },
    {
      "atomName": "H2",
      "atomElementName": "",
      "atomAverageShift": 3.326,
      "atomStdShift": null,
      "atomMinShift": 3.326,
      "atomMaxShift": 3.326,
      "atomDistributionRefValue": 3.326,
      "atomDistributionValuePerPoint": 1,
      "atomStatisticalDistribution": []
    },
    {
      "atomName": "H3",
      "atomElementName": "",
      "atomAverageShift": 3.788,
      "atomStdShift": null,
      "atomMinShift": 3.788,
      "atomMaxShift": 3.788,
      "atomDistributionRefValue": 3.788,
      "atomDistributionValuePerPoint": 1,
      "atomStatisticalDistribution": []
    },
    {
      "atomName": "H4",
      "atomElementName": "",
      "atomAverageShift": 3.593,
      "atomStdShift": null,
      "atomMinShift": 3.593,
      "atomMaxShift": 3.593,
      "atomDistributionRefValue": 3.593,
      "atomDistributionValuePerPoint": 1,
      "atomStatisticalDistribution": []
    },
    {
      "atomName": "H5",
      "atomElementName": "",
      "atomAverageShift": 3.926,
      "atomStdShift": null,
      "atomMinShift": 3.926,
      "atomMaxShift": 3.926,
      "atomDistributionRefValue": 3.926,
      "atomDistributionValuePerPoint": 1,
      "atomStatisticalDistribution": []
    },
    {
      "atomName": "H61",
      "atomElementName": "",
      "atomAverageShift": 3.686,
      "atomStdShift": null,
      "atomMinShift": 3.686,
      "atomMaxShift": 3.686,
      "atomDistributionRefValue": 3.686,
      "atomDistributionValuePerPoint": 1,
      "atomStatisticalDistribution": []
    },
    {
      "atomName": "H62",
      "atomElementName": "",
      "atomAverageShift": 3.686,
      "atomStdShift": null,
      "atomMinShift": 3.686,
      "atomMaxShift": 3.686,
      "atomDistributionRefValue": 3.686,
      "atomDistributionValuePerPoint": 1,
      "atomStatisticalDistribution": []
    }
  ]
}