{
  "_metadata": {
    "jsonVersion": 3,
    "className": "ReferenceChemicalShift",
    "classVersion": 1,
    "user": "CCPN",
    "lastPath": "",
    "timestamp": "Fri Sep 15 15:17:45 2023",
    "applicationVersion": 3.2
  },
  "chemicalShiftName": "Non-Standard Residues / Small Molecules",
  "chemicalShiftComment": "The CCPN Analysis Version 3 ReferenceChemical shifts retrieved from BMRB",
  "chemicalShiftEntryDate": "2023-09-14-14:25:08",
  "compoundShortName": "ALL",
  "compoundName": "beta-D-allopyranose",
  "compoundCcpCode": "ALL",
  "compoundType": "Carbohydrate",
  "compoundTypeClassification": "D-saccharide, beta linking",
  "compoundPrecursorName": "",
  "atoms": [
    {
      "atomName": "H1'",
      "atomElementName": "",
      "atomAverageShift": 5.231,
      "atomStdShift": null,
      "atomMinShift": 5.231,
      "atomMaxShift": 5.231,
      "atomDistributionRefValue": 5.231,
      "atomDistributionValuePerPoint": 1,
      "atomStatisticalDistribution": []
    },
    {
      "atomName": "H2'",
      "atomElementName": "",
      "atomAverageShift": 3.42,
      "atomStdShift": null,
      "atomMinShift": 3.42,
      "atomMaxShift": 3.42,
      "atomDistributionRefValue": 3.42,
      "atomDistributionValuePerPoint": 1,
      "atomStatisticalDistribution": []
    },
    {
      "atomName": "H3'",
      "atomElementName": "",
      "atomAverageShift": 4.051,
      "atomStdShift": null,
      "atomMinShift": 4.051,
      "atomMaxShift": 4.051,
      "atomDistributionRefValue": 4.051,
      "atomDistributionValuePerPoint": 1,
      "atomStatisticalDistribution": []
    },
    {
      "atomName": "H4'",
      "atomElementName": "",
      "atomAverageShift": 3.555,
      "atomStdShift": null,
      "atomMinShift": 3.555,
      "atomMaxShift": 3.555,
      "atomDistributionRefValue": 3.555,
      "atomDistributionValuePerPoint": 1,
      "atomStatisticalDistribution": []
    },
    {
      "atomName": "H5'",
      "atomElementName": "",
      "atomAverageShift": 2.783,
      "atomStdShift": null,
      "atomMinShift": 2.783,
      "atomMaxShift": 2.783,
      "atomDistributionRefValue": 2.783,
      "atomDistributionValuePerPoint": 1,
      "atomStatisticalDistribution": []
    },
    {
      "atomName": "H6'1",
      "atomElementName": "",
      "atomAverageShift": 2.643,
      "atomStdShift": null,
      "atomMinShift": 2.643,
      "atomMaxShift": 2.643,
      "atomDistributionRefValue": 2.643,
      "atomDistributionValuePerPoint": 1,
      "atomStatisticalDistribution": []
    },
    {
      "atomName": "H6'2",
      "atomElementName": "",
      "atomAverageShift": 2.982,
      "atomStdShift": null,
      "atomMinShift": 2.982,
      "atomMaxShift": 2.982,
      "atomDistributionRefValue": 2.982,
      "atomDistributionValuePerPoint": 1,
      "atomStatisticalDistribution": []
    }
  ]
}