[
  [
    "_metadata",
    {
      "jsonVersion": 3,
      "className": "ReferenceChemicalShift",
      "classVersion": 1,
      "user": "CCPN",
      "lastPath": "/Users/luca/Projects/AnalysisV3/resources/referenceChemicalShifts/NonStandard/Carbohydrate/AMU.json",
      "timestamp": "Tue Jan  9 15:17:59 2024",
      "applicationVersion": 3.2
    }
  ],
  [
    "chemicalShiftName",
    "Non-Standard Residues / Small Molecules"
  ],
  [
    "chemicalShiftComment",
    "The CCPN Analysis Version 3 ReferenceChemical shifts retrieved from BMRB"
  ],
  [
    "chemicalShiftEntryDate",
    "2023-09-14-14:25:08"
  ],
  [
    "compoundName",
    "N-acetyl-beta-muramic acid"
  ],
  [
    "compoundShortName",
    "AMU"
  ],
  [
    "compoundCcpCode",
    "AMU"
  ],
  [
    "compoundType",
    "Carbohydrate"
  ],
  [
    "compoundTypeClassification",
    "D-saccharide, beta linking"
  ],
  [
    "compoundPrecursorName",
    ""
  ],
  [
    "loadingLevel",
    0
  ],
  [
    "atoms",
    [
      [
        [
          "_metadata",
          {
            "jsonVersion": 3.0,
            "className": "AtomChemicalShift",
            "classVersion": 1.0,
            "user": "luca",
            "lastPath": "undefined",
            "timestamp": "Tue Jan  9 15:17:59 2024"
          }
        ],
        [
          "atomName",
          "C1"
        ],
        [
          "atomElementName",
          ""
        ],
        [
          "atomAverageShift",
          97.4
        ],
        [
          "atomStdShift",
          0.0
        ],
        [
          "atomMinShift",
          97.4
        ],
        [
          "atomMaxShift",
          97.4
        ],
        [
          "atomDistributionRefValue",
          97.4
        ],
        [
          "atomDistributionValuePerPoint",
          1.0
        ],
        [
          "atomStatisticalDistribution",
          []
        ]
      ],
      [
        [
          "_metadata",
          {
            "jsonVersion": 3.0,
            "className": "AtomChemicalShift",
            "classVersion": 1.0,
            "user": "luca",
            "lastPath": "undefined",
            "timestamp": "Tue Jan  9 15:17:59 2024"
          }
        ],
        [
          "atomName",
          "C10"
        ],
        [
          "atomElementName",
          ""
        ],
        [
          "atomAverageShift",
          178.5
        ],
        [
          "atomStdShift",
          0.141
        ],
        [
          "atomMinShift",
          178.4
        ],
        [
          "atomMaxShift",
          178.6
        ],
        [
          "atomDistributionRefValue",
          178.4
        ],
        [
          "atomDistributionValuePerPoint",
          1.0
        ],
        [
          "atomStatisticalDistribution",
          []
        ]
      ],
      [
        [
          "_metadata",
          {
            "jsonVersion": 3.0,
            "className": "AtomChemicalShift",
            "classVersion": 1.0,
            "user": "luca",
            "lastPath": "undefined",
            "timestamp": "Tue Jan  9 15:17:59 2024"
          }
        ],
        [
          "atomName",
          "C11"
        ],
        [
          "atomElementName",
          ""
        ],
        [
          "atomAverageShift",
          21.5
        ],
        [
          "atomStdShift",
          0.0
        ],
        [
          "atomMinShift",
          21.5
        ],
        [
          "atomMaxShift",
          21.5
        ],
        [
          "atomDistributionRefValue",
          21.5
        ],
        [
          "atomDistributionValuePerPoint",
          1.0
        ],
        [
          "atomStatisticalDistribution",
          []
        ]
      ],
      [
        [
          "_metadata",
          {
            "jsonVersion": 3.0,
            "className": "AtomChemicalShift",
            "classVersion": 1.0,
            "user": "luca",
            "lastPath": "undefined",
            "timestamp": "Tue Jan  9 15:17:59 2024"
          }
        ],
        [
          "atomName",
          "C2"
        ],
        [
          "atomElementName",
          ""
        ],
        [
          "atomAverageShift",
          56.1
        ],
        [
          "atomStdShift",
          0.0
        ],
        [
          "atomMinShift",
          56.1
        ],
        [
          "atomMaxShift",
          56.1
        ],
        [
          "atomDistributionRefValue",
          56.1
        ],
        [
          "atomDistributionValuePerPoint",
          1.0
        ],
        [
          "atomStatisticalDistribution",
          []
        ]
      ],
      [
        [
          "_metadata",
          {
            "jsonVersion": 3.0,
            "className": "AtomChemicalShift",
            "classVersion": 1.0,
            "user": "luca",
            "lastPath": "undefined",
            "timestamp": "Tue Jan  9 15:17:59 2024"
          }
        ],
        [
          "atomName",
          "C3"
        ],
        [
          "atomElementName",
          ""
        ],
        [
          "atomAverageShift",
          82.7
        ],
        [
          "atomStdShift",
          0.0
        ],
        [
          "atomMinShift",
          82.7
        ],
        [
          "atomMaxShift",
          82.7
        ],
        [
          "atomDistributionRefValue",
          82.7
        ],
        [
          "atomDistributionValuePerPoint",
          1.0
        ],
        [
          "atomStatisticalDistribution",
          []
        ]
      ],
      [
        [
          "_metadata",
          {
            "jsonVersion": 3.0,
            "className": "AtomChemicalShift",
            "classVersion": 1.0,
            "user": "luca",
            "lastPath": "undefined",
            "timestamp": "Tue Jan  9 15:17:59 2024"
          }
        ],
        [
          "atomName",
          "C4"
        ],
        [
          "atomElementName",
          ""
        ],
        [
          "atomAverageShift",
          70.8
        ],
        [
          "atomStdShift",
          0.0
        ],
        [
          "atomMinShift",
          70.8
        ],
        [
          "atomMaxShift",
          70.8
        ],
        [
          "atomDistributionRefValue",
          70.8
        ],
        [
          "atomDistributionValuePerPoint",
          1.0
        ],
        [
          "atomStatisticalDistribution",
          []
        ]
      ],
      [
        [
          "_metadata",
          {
            "jsonVersion": 3.0,
            "className": "AtomChemicalShift",
            "classVersion": 1.0,
            "user": "luca",
            "lastPath": "undefined",
            "timestamp": "Tue Jan  9 15:17:59 2024"
          }
        ],
        [
          "atomName",
          "C5"
        ],
        [
          "atomElementName",
          ""
        ],
        [
          "atomAverageShift",
          75.8
        ],
        [
          "atomStdShift",
          0.0
        ],
        [
          "atomMinShift",
          75.8
        ],
        [
          "atomMaxShift",
          75.8
        ],
        [
          "atomDistributionRefValue",
          75.8
        ],
        [
          "atomDistributionValuePerPoint",
          1.0
        ],
        [
          "atomStatisticalDistribution",
          []
        ]
      ],
      [
        [
          "_metadata",
          {
            "jsonVersion": 3.0,
            "className": "AtomChemicalShift",
            "classVersion": 1.0,
            "user": "luca",
            "lastPath": "undefined",
            "timestamp": "Tue Jan  9 15:17:59 2024"
          }
        ],
        [
          "atomName",
          "C6"
        ],
        [
          "atomElementName",
          ""
        ],
        [
          "atomAverageShift",
          63.2
        ],
        [
          "atomStdShift",
          0.0
        ],
        [
          "atomMinShift",
          63.2
        ],
        [
          "atomMaxShift",
          63.2
        ],
        [
          "atomDistributionRefValue",
          63.2
        ],
        [
          "atomDistributionValuePerPoint",
          1.0
        ],
        [
          "atomStatisticalDistribution",
          []
        ]
      ],
      [
        [
          "_metadata",
          {
            "jsonVersion": 3.0,
            "className": "AtomChemicalShift",
            "classVersion": 1.0,
            "user": "luca",
            "lastPath": "undefined",
            "timestamp": "Tue Jan  9 15:17:59 2024"
          }
        ],
        [
          "atomName",
          "C7"
        ],
        [
          "atomElementName",
          ""
        ],
        [
          "atomAverageShift",
          176.95
        ],
        [
          "atomStdShift",
          0.071
        ],
        [
          "atomMinShift",
          176.9
        ],
        [
          "atomMaxShift",
          177.0
        ],
        [
          "atomDistributionRefValue",
          176.9
        ],
        [
          "atomDistributionValuePerPoint",
          1.0
        ],
        [
          "atomStatisticalDistribution",
          []
        ]
      ],
      [
        [
          "_metadata",
          {
            "jsonVersion": 3.0,
            "className": "AtomChemicalShift",
            "classVersion": 1.0,
            "user": "luca",
            "lastPath": "undefined",
            "timestamp": "Tue Jan  9 15:17:59 2024"
          }
        ],
        [
          "atomName",
          "C8"
        ],
        [
          "atomElementName",
          ""
        ],
        [
          "atomAverageShift",
          25.0
        ],
        [
          "atomStdShift",
          0.0
        ],
        [
          "atomMinShift",
          25.0
        ],
        [
          "atomMaxShift",
          25.0
        ],
        [
          "atomDistributionRefValue",
          25.0
        ],
        [
          "atomDistributionValuePerPoint",
          1.0
        ],
        [
          "atomStatisticalDistribution",
          []
        ]
      ],
      [
        [
          "_metadata",
          {
            "jsonVersion": 3.0,
            "className": "AtomChemicalShift",
            "classVersion": 1.0,
            "user": "luca",
            "lastPath": "undefined",
            "timestamp": "Tue Jan  9 15:17:59 2024"
          }
        ],
        [
          "atomName",
          "C9"
        ],
        [
          "atomElementName",
          ""
        ],
        [
          "atomAverageShift",
          80.8
        ],
        [
          "atomStdShift",
          0.0
        ],
        [
          "atomMinShift",
          80.8
        ],
        [
          "atomMaxShift",
          80.8
        ],
        [
          "atomDistributionRefValue",
          80.8
        ],
        [
          "atomDistributionValuePerPoint",
          1.0
        ],
        [
          "atomStatisticalDistribution",
          []
        ]
      ],
      [
        [
          "_metadata",
          {
            "jsonVersion": 3.0,
            "className": "AtomChemicalShift",
            "classVersion": 1.0,
            "user": "luca",
            "lastPath": "undefined",
            "timestamp": "Tue Jan  9 15:17:59 2024"
          }
        ],
        [
          "atomName",
          "H1"
        ],
        [
          "atomElementName",
          ""
        ],
        [
          "atomAverageShift",
          5.47
        ],
        [
          "atomStdShift",
          0.0
        ],
        [
          "atomMinShift",
          5.47
        ],
        [
          "atomMaxShift",
          5.47
        ],
        [
          "atomDistributionRefValue",
          5.47
        ],
        [
          "atomDistributionValuePerPoint",
          1.0
        ],
        [
          "atomStatisticalDistribution",
          []
        ]
      ],
      [
        [
          "_metadata",
          {
            "jsonVersion": 3.0,
            "className": "AtomChemicalShift",
            "classVersion": 1.0,
            "user": "luca",
            "lastPath": "undefined",
            "timestamp": "Tue Jan  9 15:17:59 2024"
          }
        ],
        [
          "atomName",
          "H11"
        ],
        [
          "atomElementName",
          ""
        ],
        [
          "atomAverageShift",
          1.42
        ],
        [
          "atomStdShift",
          0.0
        ],
        [
          "atomMinShift",
          1.42
        ],
        [
          "atomMaxShift",
          1.42
        ],
        [
          "atomDistributionRefValue",
          1.42
        ],
        [
          "atomDistributionValuePerPoint",
          1.0
        ],
        [
          "atomStatisticalDistribution",
          []
        ]
      ],
      [
        [
          "_metadata",
          {
            "jsonVersion": 3.0,
            "className": "AtomChemicalShift",
            "classVersion": 1.0,
            "user": "luca",
            "lastPath": "undefined",
            "timestamp": "Tue Jan  9 15:17:59 2024"
          }
        ],
        [
          "atomName",
          "H2"
        ],
        [
          "atomElementName",
          ""
        ],
        [
          "atomAverageShift",
          4.13
        ],
        [
          "atomStdShift",
          0.0
        ],
        [
          "atomMinShift",
          4.13
        ],
        [
          "atomMaxShift",
          4.13
        ],
        [
          "atomDistributionRefValue",
          4.13
        ],
        [
          "atomDistributionValuePerPoint",
          1.0
        ],
        [
          "atomStatisticalDistribution",
          []
        ]
      ],
      [
        [
          "_metadata",
          {
            "jsonVersion": 3.0,
            "className": "AtomChemicalShift",
            "classVersion": 1.0,
            "user": "luca",
            "lastPath": "undefined",
            "timestamp": "Tue Jan  9 15:17:59 2024"
          }
        ],
        [
          "atomName",
          "H3"
        ],
        [
          "atomElementName",
          ""
        ],
        [
          "atomAverageShift",
          3.79
        ],
        [
          "atomStdShift",
          0.0
        ],
        [
          "atomMinShift",
          3.79
        ],
        [
          "atomMaxShift",
          3.79
        ],
        [
          "atomDistributionRefValue",
          3.79
        ],
        [
          "atomDistributionValuePerPoint",
          1.0
        ],
        [
          "atomStatisticalDistribution",
          []
        ]
      ],
      [
        [
          "_metadata",
          {
            "jsonVersion": 3.0,
            "className": "AtomChemicalShift",
            "classVersion": 1.0,
            "user": "luca",
            "lastPath": "undefined",
            "timestamp": "Tue Jan  9 15:17:59 2024"
          }
        ],
        [
          "atomName",
          "H4"
        ],
        [
          "atomElementName",
          ""
        ],
        [
          "atomAverageShift",
          3.65
        ],
        [
          "atomStdShift",
          0.0
        ],
        [
          "atomMinShift",
          3.65
        ],
        [
          "atomMaxShift",
          3.65
        ],
        [
          "atomDistributionRefValue",
          3.65
        ],
        [
          "atomDistributionValuePerPoint",
          1.0
        ],
        [
          "atomStatisticalDistribution",
          []
        ]
      ],
      [
        [
          "_metadata",
          {
            "jsonVersion": 3.0,
            "className": "AtomChemicalShift",
            "classVersion": 1.0,
            "user": "luca",
            "lastPath": "undefined",
            "timestamp": "Tue Jan  9 15:17:59 2024"
          }
        ],
        [
          "atomName",
          "H5"
        ],
        [
          "atomElementName",
          ""
        ],
        [
          "atomAverageShift",
          3.95
        ],
        [
          "atomStdShift",
          0.0
        ],
        [
          "atomMinShift",
          3.95
        ],
        [
          "atomMaxShift",
          3.95
        ],
        [
          "atomDistributionRefValue",
          3.95
        ],
        [
          "atomDistributionValuePerPoint",
          1.0
        ],
        [
          "atomStatisticalDistribution",
          []
        ]
      ],
      [
        [
          "_metadata",
          {
            "jsonVersion": 3.0,
            "className": "AtomChemicalShift",
            "classVersion": 1.0,
            "user": "luca",
            "lastPath": "undefined",
            "timestamp": "Tue Jan  9 15:17:59 2024"
          }
        ],
        [
          "atomName",
          "H61"
        ],
        [
          "atomElementName",
          ""
        ],
        [
          "atomAverageShift",
          3.86
        ],
        [
          "atomStdShift",
          0.0
        ],
        [
          "atomMinShift",
          3.86
        ],
        [
          "atomMaxShift",
          3.86
        ],
        [
          "atomDistributionRefValue",
          3.86
        ],
        [
          "atomDistributionValuePerPoint",
          1.0
        ],
        [
          "atomStatisticalDistribution",
          []
        ]
      ],
      [
        [
          "_metadata",
          {
            "jsonVersion": 3.0,
            "className": "AtomChemicalShift",
            "classVersion": 1.0,
            "user": "luca",
            "lastPath": "undefined",
            "timestamp": "Tue Jan  9 15:17:59 2024"
          }
        ],
        [
          "atomName",
          "H62"
        ],
        [
          "atomElementName",
          ""
        ],
        [
          "atomAverageShift",
          3.86
        ],
        [
          "atomStdShift",
          0.0
        ],
        [
          "atomMinShift",
          3.86
        ],
        [
          "atomMaxShift",
          3.86
        ],
        [
          "atomDistributionRefValue",
          3.86
        ],
        [
          "atomDistributionValuePerPoint",
          1.0
        ],
        [
          "atomStatisticalDistribution",
          []
        ]
      ],
      [
        [
          "_metadata",
          {
            "jsonVersion": 3.0,
            "className": "AtomChemicalShift",
            "classVersion": 1.0,
            "user": "luca",
            "lastPath": "undefined",
            "timestamp": "Tue Jan  9 15:17:59 2024"
          }
        ],
        [
          "atomName",
          "H8"
        ],
        [
          "atomElementName",
          ""
        ],
        [
          "atomAverageShift",
          2.02
        ],
        [
          "atomStdShift",
          0.0
        ],
        [
          "atomMinShift",
          2.02
        ],
        [
          "atomMaxShift",
          2.02
        ],
        [
          "atomDistributionRefValue",
          2.02
        ],
        [
          "atomDistributionValuePerPoint",
          1.0
        ],
        [
          "atomStatisticalDistribution",
          []
        ]
      ],
      [
        [
          "_metadata",
          {
            "jsonVersion": 3.0,
            "className": "AtomChemicalShift",
            "classVersion": 1.0,
            "user": "luca",
            "lastPath": "undefined",
            "timestamp": "Tue Jan  9 15:17:59 2024"
          }
        ],
        [
          "atomName",
          "H9"
        ],
        [
          "atomElementName",
          ""
        ],
        [
          "atomAverageShift",
          4.23
        ],
        [
          "atomStdShift",
          0.0
        ],
        [
          "atomMinShift",
          4.23
        ],
        [
          "atomMaxShift",
          4.23
        ],
        [
          "atomDistributionRefValue",
          4.23
        ],
        [
          "atomDistributionValuePerPoint",
          1.0
        ],
        [
          "atomStatisticalDistribution",
          []
        ]
      ],
      [
        [
          "_metadata",
          {
            "jsonVersion": 3.0,
            "className": "AtomChemicalShift",
            "classVersion": 1.0,
            "user": "luca",
            "lastPath": "undefined",
            "timestamp": "Tue Jan  9 15:17:59 2024"
          }
        ],
        [
          "atomName",
          "HH2"
        ],
        [
          "atomElementName",
          ""
        ],
        [
          "atomAverageShift",
          8.49
        ],
        [
          "atomStdShift",
          null
        ],
        [
          "atomMinShift",
          8.49
        ],
        [
          "atomMaxShift",
          8.49
        ],
        [
          "atomDistributionRefValue",
          8.49
        ],
        [
          "atomDistributionValuePerPoint",
          1.0
        ],
        [
          "atomStatisticalDistribution",
          []
        ]
      ],
      [
        [
          "_metadata",
          {
            "jsonVersion": 3.0,
            "className": "AtomChemicalShift",
            "classVersion": 1.0,
            "user": "luca",
            "lastPath": "undefined",
            "timestamp": "Tue Jan  9 15:17:59 2024"
          }
        ],
        [
          "atomName",
          "HN2"
        ],
        [
          "atomElementName",
          ""
        ],
        [
          "atomAverageShift",
          8.49
        ],
        [
          "atomStdShift",
          null
        ],
        [
          "atomMinShift",
          8.49
        ],
        [
          "atomMaxShift",
          8.49
        ],
        [
          "atomDistributionRefValue",
          8.49
        ],
        [
          "atomDistributionValuePerPoint",
          1.0
        ],
        [
          "atomStatisticalDistribution",
          []
        ]
      ],
      [
        [
          "_metadata",
          {
            "jsonVersion": 3.0,
            "className": "AtomChemicalShift",
            "classVersion": 1.0,
            "user": "luca",
            "lastPath": "undefined",
            "timestamp": "Tue Jan  9 15:17:59 2024"
          }
        ],
        [
          "atomName",
          "N2"
        ],
        [
          "atomElementName",
          ""
        ],
        [
          "atomAverageShift",
          121.8
        ],
        [
          "atomStdShift",
          0.0
        ],
        [
          "atomMinShift",
          121.8
        ],
        [
          "atomMaxShift",
          121.8
        ],
        [
          "atomDistributionRefValue",
          121.8
        ],
        [
          "atomDistributionValuePerPoint",
          1.0
        ],
        [
          "atomStatisticalDistribution",
          []
        ]
      ]
    ]
  ]
]