{
  "_metadata": {
    "jsonVersion": 3,
    "className": "ReferenceChemicalShift",
    "classVersion": 1,
    "user": "CCPN",
    "lastPath": "",
    "timestamp": "Fri Sep 15 15:17:45 2023",
    "applicationVersion": 3.2
  },
  "chemicalShiftName": "Non-Standard Residues / Small Molecules",
  "chemicalShiftComment": "The CCPN Analysis Version 3 ReferenceChemical shifts retrieved from BMRB",
  "chemicalShiftEntryDate": "2023-09-14-14:25:08",
  "compoundShortName": "MAG",
  "compoundName": "methyl 2-acetamido-2-deoxy-beta-D-glucopyranoside",
  "compoundCcpCode": "MAG",
  "compoundType": "Carbohydrate",
  "compoundTypeClassification": "D-saccharide",
  "compoundPrecursorName": "",
  "atoms": [
    {
      "atomName": "C1",
      "atomElementName": "",
      "atomAverageShift": 104.362,
      "atomStdShift": 0.414,
      "atomMinShift": 103.622,
      "atomMaxShift": 104.584,
      "atomDistributionRefValue": 103.622,
      "atomDistributionValuePerPoint": 1,
      "atomStatisticalDistribution": []
    },
    {
      "atomName": "C2",
      "atomElementName": "",
      "atomAverageShift": 58.307,
      "atomStdShift": 0.064,
      "atomMinShift": 58.214,
      "atomMaxShift": 58.384,
      "atomDistributionRefValue": 58.214,
      "atomDistributionValuePerPoint": 1,
      "atomStatisticalDistribution": []
    },
    {
      "atomName": "C3",
      "atomElementName": "",
      "atomAverageShift": 78.043,
      "atomStdShift": 0.652,
      "atomMinShift": 77.34,
      "atomMaxShift": 78.768,
      "atomDistributionRefValue": 77.34,
      "atomDistributionValuePerPoint": 1,
      "atomStatisticalDistribution": []
    },
    {
      "atomName": "C4",
      "atomElementName": "",
      "atomAverageShift": 75.594,
      "atomStdShift": 0.566,
      "atomMinShift": 74.956,
      "atomMaxShift": 76.117,
      "atomDistributionRefValue": 74.956,
      "atomDistributionValuePerPoint": 1,
      "atomStatisticalDistribution": []
    },
    {
      "atomName": "C5",
      "atomElementName": "",
      "atomAverageShift": 77.961,
      "atomStdShift": 0.056,
      "atomMinShift": 77.917,
      "atomMaxShift": 78.032,
      "atomDistributionRefValue": 77.917,
      "atomDistributionValuePerPoint": 1,
      "atomStatisticalDistribution": []
    },
    {
      "atomName": "C6",
      "atomElementName": "",
      "atomAverageShift": 62.331,
      "atomStdShift": 0.171,
      "atomMinShift": 62.131,
      "atomMaxShift": 62.558,
      "atomDistributionRefValue": 62.131,
      "atomDistributionValuePerPoint": 1,
      "atomStatisticalDistribution": []
    },
    {
      "atomName": "C7",
      "atomElementName": "",
      "atomAverageShift": 176.947,
      "atomStdShift": 0.157,
      "atomMinShift": 176.835,
      "atomMaxShift": 177.126,
      "atomDistributionRefValue": 176.835,
      "atomDistributionValuePerPoint": 1,
      "atomStatisticalDistribution": []
    },
    {
      "atomName": "C8",
      "atomElementName": "",
      "atomAverageShift": 24.916,
      "atomStdShift": 0.07,
      "atomMinShift": 24.837,
      "atomMaxShift": 25.026,
      "atomDistributionRefValue": 24.837,
      "atomDistributionValuePerPoint": 1,
      "atomStatisticalDistribution": []
    },
    {
      "atomName": "CM",
      "atomElementName": "",
      "atomAverageShift": 59.845,
      "atomStdShift": 0.023,
      "atomMinShift": 59.819,
      "atomMaxShift": 59.863,
      "atomDistributionRefValue": 59.819,
      "atomDistributionValuePerPoint": 1,
      "atomStatisticalDistribution": []
    },
    {
      "atomName": "H1",
      "atomElementName": "",
      "atomAverageShift": 4.489,
      "atomStdShift": 0.098,
      "atomMinShift": 4.426,
      "atomMaxShift": 4.686,
      "atomDistributionRefValue": 4.426,
      "atomDistributionValuePerPoint": 1,
      "atomStatisticalDistribution": []
    },
    {
      "atomName": "H2",
      "atomElementName": "",
      "atomAverageShift": 3.862,
      "atomStdShift": 0.073,
      "atomMinShift": 3.719,
      "atomMaxShift": 3.913,
      "atomDistributionRefValue": 3.719,
      "atomDistributionValuePerPoint": 1,
      "atomStatisticalDistribution": []
    },
    {
      "atomName": "H3",
      "atomElementName": "",
      "atomAverageShift": 3.903,
      "atomStdShift": 0.093,
      "atomMinShift": 3.797,
      "atomMaxShift": 4.041,
      "atomDistributionRefValue": 3.797,
      "atomDistributionValuePerPoint": 1,
      "atomStatisticalDistribution": []
    },
    {
      "atomName": "H4",
      "atomElementName": "",
      "atomAverageShift": 3.84,
      "atomStdShift": 0.091,
      "atomMinShift": 3.726,
      "atomMaxShift": 3.926,
      "atomDistributionRefValue": 3.726,
      "atomDistributionValuePerPoint": 1,
      "atomStatisticalDistribution": []
    },
    {
      "atomName": "H5",
      "atomElementName": "",
      "atomAverageShift": 3.542,
      "atomStdShift": 0.041,
      "atomMinShift": 3.492,
      "atomMaxShift": 3.59,
      "atomDistributionRefValue": 3.492,
      "atomDistributionValuePerPoint": 1,
      "atomStatisticalDistribution": []
    },
    {
      "atomName": "H61",
      "atomElementName": "",
      "atomAverageShift": 3.895,
      "atomStdShift": 0.04,
      "atomMinShift": 3.857,
      "atomMaxShift": 3.956,
      "atomDistributionRefValue": 3.857,
      "atomDistributionValuePerPoint": 1,
      "atomStatisticalDistribution": []
    },
    {
      "atomName": "H62",
      "atomElementName": "",
      "atomAverageShift": 3.883,
      "atomStdShift": 0.137,
      "atomMinShift": 3.709,
      "atomMaxShift": 4.007,
      "atomDistributionRefValue": 3.709,
      "atomDistributionValuePerPoint": 1,
      "atomStatisticalDistribution": []
    },
    {
      "atomName": "H81",
      "atomElementName": "",
      "atomAverageShift": 1.986,
      "atomStdShift": 0.114,
      "atomMinShift": 1.759,
      "atomMaxShift": 2.081,
      "atomDistributionRefValue": 1.759,
      "atomDistributionValuePerPoint": 1,
      "atomStatisticalDistribution": []
    },
    {
      "atomName": "H82",
      "atomElementName": "",
      "atomAverageShift": 1.986,
      "atomStdShift": 0.114,
      "atomMinShift": 1.759,
      "atomMaxShift": 2.081,
      "atomDistributionRefValue": 1.759,
      "atomDistributionValuePerPoint": 1,
      "atomStatisticalDistribution": []
    },
    {
      "atomName": "H83",
      "atomElementName": "",
      "atomAverageShift": 1.986,
      "atomStdShift": 0.114,
      "atomMinShift": 1.759,
      "atomMaxShift": 2.081,
      "atomDistributionRefValue": 1.759,
      "atomDistributionValuePerPoint": 1,
      "atomStatisticalDistribution": []
    },
    {
      "atomName": "HM1",
      "atomElementName": "",
      "atomAverageShift": 3.495,
      "atomStdShift": 0.003,
      "atomMinShift": 3.492,
      "atomMaxShift": 3.497,
      "atomDistributionRefValue": 3.492,
      "atomDistributionValuePerPoint": 1,
      "atomStatisticalDistribution": []
    },
    {
      "atomName": "HM2",
      "atomElementName": "",
      "atomAverageShift": 3.495,
      "atomStdShift": 0.003,
      "atomMinShift": 3.492,
      "atomMaxShift": 3.497,
      "atomDistributionRefValue": 3.492,
      "atomDistributionValuePerPoint": 1,
      "atomStatisticalDistribution": []
    },
    {
      "atomName": "HM3",
      "atomElementName": "",
      "atomAverageShift": 3.495,
      "atomStdShift": 0.003,
      "atomMinShift": 3.492,
      "atomMaxShift": 3.497,
      "atomDistributionRefValue": 3.492,
      "atomDistributionValuePerPoint": 1,
      "atomStatisticalDistribution": []
    },
    {
      "atomName": "HN2",
      "atomElementName": "",
      "atomAverageShift": 8.537,
      "atomStdShift": 0.025,
      "atomMinShift": 8.498,
      "atomMaxShift": 8.561,
      "atomDistributionRefValue": 8.498,
      "atomDistributionValuePerPoint": 1,
      "atomStatisticalDistribution": []
    }
  ]
}