[
  [
    "_metadata",
    {
      "jsonVersion": 3,
      "className": "ReferenceChemicalShift",
      "classVersion": 1,
      "user": "CCPN",
      "lastPath": "/Users/luca/Projects/AnalysisV3/resources/referenceChemicalShifts/NonStandard/Carbohydrate/NAG.json",
      "timestamp": "Tue Jan  9 15:17:59 2024",
      "applicationVersion": 3.2
    }
  ],
  [
    "chemicalShiftName",
    "Non-Standard Residues / Small Molecules"
  ],
  [
    "chemicalShiftComment",
    "The CCPN Analysis Version 3 ReferenceChemical shifts retrieved from BMRB"
  ],
  [
    "chemicalShiftEntryDate",
    "2023-09-14-14:25:08"
  ],
  [
    "compoundName",
    "2-acetamido-2-deoxy-beta-D-glucopyranose"
  ],
  [
    "compoundShortName",
    "NAG"
  ],
  [
    "compoundCcpCode",
    "NAG"
  ],
  [
    "compoundType",
    "Carbohydrate"
  ],
  [
    "compoundTypeClassification",
    "D-saccharide, beta linking"
  ],
  [
    "compoundPrecursorName",
    ""
  ],
  [
    "loadingLevel",
    0
  ],
  [
    "atoms",
    [
      [
        [
          "_metadata",
          {
            "jsonVersion": 3.0,
            "className": "AtomChemicalShift",
            "classVersion": 1.0,
            "user": "luca",
            "lastPath": "undefined",
            "timestamp": "Tue Jan  9 15:17:58 2024"
          }
        ],
        [
          "atomName",
          "C"
        ],
        [
          "atomElementName",
          ""
        ],
        [
          "atomAverageShift",
          107.906
        ],
        [
          "atomStdShift",
          64.164
        ],
        [
          "atomMinShift",
          56.46
        ],
        [
          "atomMaxShift",
          176.5
        ],
        [
          "atomDistributionRefValue",
          56.46
        ],
        [
          "atomDistributionValuePerPoint",
          1.0
        ],
        [
          "atomStatisticalDistribution",
          []
        ]
      ],
      [
        [
          "_metadata",
          {
            "jsonVersion": 3.0,
            "className": "AtomChemicalShift",
            "classVersion": 1.0,
            "user": "luca",
            "lastPath": "undefined",
            "timestamp": "Tue Jan  9 15:17:58 2024"
          }
        ],
        [
          "atomName",
          "C1"
        ],
        [
          "atomElementName",
          ""
        ],
        [
          "atomAverageShift",
          98.955
        ],
        [
          "atomStdShift",
          8.279
        ],
        [
          "atomMinShift",
          81.49
        ],
        [
          "atomMaxShift",
          105.41
        ],
        [
          "atomDistributionRefValue",
          81.49
        ],
        [
          "atomDistributionValuePerPoint",
          1.0
        ],
        [
          "atomStatisticalDistribution",
          []
        ]
      ],
      [
        [
          "_metadata",
          {
            "jsonVersion": 3.0,
            "className": "AtomChemicalShift",
            "classVersion": 1.0,
            "user": "luca",
            "lastPath": "undefined",
            "timestamp": "Tue Jan  9 15:17:58 2024"
          }
        ],
        [
          "atomName",
          "C1'"
        ],
        [
          "atomElementName",
          ""
        ],
        [
          "atomAverageShift",
          92.743
        ],
        [
          "atomStdShift",
          13.692
        ],
        [
          "atomMinShift",
          72.7
        ],
        [
          "atomMaxShift",
          100.76
        ],
        [
          "atomDistributionRefValue",
          72.7
        ],
        [
          "atomDistributionValuePerPoint",
          1.0
        ],
        [
          "atomStatisticalDistribution",
          []
        ]
      ],
      [
        [
          "_metadata",
          {
            "jsonVersion": 3.0,
            "className": "AtomChemicalShift",
            "classVersion": 1.0,
            "user": "luca",
            "lastPath": "undefined",
            "timestamp": "Tue Jan  9 15:17:58 2024"
          }
        ],
        [
          "atomName",
          "C2"
        ],
        [
          "atomElementName",
          ""
        ],
        [
          "atomAverageShift",
          58.015
        ],
        [
          "atomStdShift",
          2.66
        ],
        [
          "atomMinShift",
          55.214
        ],
        [
          "atomMaxShift",
          67.971
        ],
        [
          "atomDistributionRefValue",
          55.214
        ],
        [
          "atomDistributionValuePerPoint",
          1.0
        ],
        [
          "atomStatisticalDistribution",
          []
        ]
      ],
      [
        [
          "_metadata",
          {
            "jsonVersion": 3.0,
            "className": "AtomChemicalShift",
            "classVersion": 1.0,
            "user": "luca",
            "lastPath": "undefined",
            "timestamp": "Tue Jan  9 15:17:58 2024"
          }
        ],
        [
          "atomName",
          "C2'"
        ],
        [
          "atomElementName",
          ""
        ],
        [
          "atomAverageShift",
          61.463
        ],
        [
          "atomStdShift",
          8.544
        ],
        [
          "atomMinShift",
          56.46
        ],
        [
          "atomMaxShift",
          73.97
        ],
        [
          "atomDistributionRefValue",
          56.46
        ],
        [
          "atomDistributionValuePerPoint",
          1.0
        ],
        [
          "atomStatisticalDistribution",
          []
        ]
      ],
      [
        [
          "_metadata",
          {
            "jsonVersion": 3.0,
            "className": "AtomChemicalShift",
            "classVersion": 1.0,
            "user": "luca",
            "lastPath": "undefined",
            "timestamp": "Tue Jan  9 15:17:58 2024"
          }
        ],
        [
          "atomName",
          "C3"
        ],
        [
          "atomElementName",
          ""
        ],
        [
          "atomAverageShift",
          75.906
        ],
        [
          "atomStdShift",
          1.586
        ],
        [
          "atomMinShift",
          72.94
        ],
        [
          "atomMaxShift",
          79.6
        ],
        [
          "atomDistributionRefValue",
          72.94
        ],
        [
          "atomDistributionValuePerPoint",
          1.0
        ],
        [
          "atomStatisticalDistribution",
          []
        ]
      ],
      [
        [
          "_metadata",
          {
            "jsonVersion": 3.0,
            "className": "AtomChemicalShift",
            "classVersion": 1.0,
            "user": "luca",
            "lastPath": "undefined",
            "timestamp": "Tue Jan  9 15:17:58 2024"
          }
        ],
        [
          "atomName",
          "C3'"
        ],
        [
          "atomElementName",
          ""
        ],
        [
          "atomAverageShift",
          54.607
        ],
        [
          "atomStdShift",
          33.922
        ],
        [
          "atomMinShift",
          4.95
        ],
        [
          "atomMaxShift",
          74.47
        ],
        [
          "atomDistributionRefValue",
          4.95
        ],
        [
          "atomDistributionValuePerPoint",
          1.0
        ],
        [
          "atomStatisticalDistribution",
          []
        ]
      ],
      [
        [
          "_metadata",
          {
            "jsonVersion": 3.0,
            "className": "AtomChemicalShift",
            "classVersion": 1.0,
            "user": "luca",
            "lastPath": "undefined",
            "timestamp": "Tue Jan  9 15:17:58 2024"
          }
        ],
        [
          "atomName",
          "C4"
        ],
        [
          "atomElementName",
          ""
        ],
        [
          "atomAverageShift",
          76.551
        ],
        [
          "atomStdShift",
          4.425
        ],
        [
          "atomMinShift",
          70.748
        ],
        [
          "atomMaxShift",
          85.3
        ],
        [
          "atomDistributionRefValue",
          70.748
        ],
        [
          "atomDistributionValuePerPoint",
          1.0
        ],
        [
          "atomStatisticalDistribution",
          []
        ]
      ],
      [
        [
          "_metadata",
          {
            "jsonVersion": 3.0,
            "className": "AtomChemicalShift",
            "classVersion": 1.0,
            "user": "luca",
            "lastPath": "undefined",
            "timestamp": "Tue Jan  9 15:17:58 2024"
          }
        ],
        [
          "atomName",
          "C4'"
        ],
        [
          "atomElementName",
          ""
        ],
        [
          "atomAverageShift",
          53.04
        ],
        [
          "atomStdShift",
          33.576
        ],
        [
          "atomMinShift",
          3.89
        ],
        [
          "atomMaxShift",
          72.7
        ],
        [
          "atomDistributionRefValue",
          3.89
        ],
        [
          "atomDistributionValuePerPoint",
          1.0
        ],
        [
          "atomStatisticalDistribution",
          []
        ]
      ],
      [
        [
          "_metadata",
          {
            "jsonVersion": 3.0,
            "className": "AtomChemicalShift",
            "classVersion": 1.0,
            "user": "luca",
            "lastPath": "undefined",
            "timestamp": "Tue Jan  9 15:17:58 2024"
          }
        ],
        [
          "atomName",
          "C5"
        ],
        [
          "atomElementName",
          ""
        ],
        [
          "atomAverageShift",
          77.752
        ],
        [
          "atomStdShift",
          1.625
        ],
        [
          "atomMinShift",
          75.44
        ],
        [
          "atomMaxShift",
          81.75
        ],
        [
          "atomDistributionRefValue",
          75.44
        ],
        [
          "atomDistributionValuePerPoint",
          1.0
        ],
        [
          "atomStatisticalDistribution",
          []
        ]
      ],
      [
        [
          "_metadata",
          {
            "jsonVersion": 3.0,
            "className": "AtomChemicalShift",
            "classVersion": 1.0,
            "user": "luca",
            "lastPath": "undefined",
            "timestamp": "Tue Jan  9 15:17:58 2024"
          }
        ],
        [
          "atomName",
          "C5'"
        ],
        [
          "atomElementName",
          ""
        ],
        [
          "atomAverageShift",
          53.907
        ],
        [
          "atomStdShift",
          34.264
        ],
        [
          "atomMinShift",
          3.75
        ],
        [
          "atomMaxShift",
          73.97
        ],
        [
          "atomDistributionRefValue",
          3.75
        ],
        [
          "atomDistributionValuePerPoint",
          1.0
        ],
        [
          "atomStatisticalDistribution",
          []
        ]
      ],
      [
        [
          "_metadata",
          {
            "jsonVersion": 3.0,
            "className": "AtomChemicalShift",
            "classVersion": 1.0,
            "user": "luca",
            "lastPath": "undefined",
            "timestamp": "Tue Jan  9 15:17:58 2024"
          }
        ],
        [
          "atomName",
          "C6"
        ],
        [
          "atomElementName",
          ""
        ],
        [
          "atomAverageShift",
          63.086
        ],
        [
          "atomStdShift",
          1.722
        ],
        [
          "atomMinShift",
          60.69
        ],
        [
          "atomMaxShift",
          66.0
        ],
        [
          "atomDistributionRefValue",
          60.69
        ],
        [
          "atomDistributionValuePerPoint",
          1.0
        ],
        [
          "atomStatisticalDistribution",
          []
        ]
      ],
      [
        [
          "_metadata",
          {
            "jsonVersion": 3.0,
            "className": "AtomChemicalShift",
            "classVersion": 1.0,
            "user": "luca",
            "lastPath": "undefined",
            "timestamp": "Tue Jan  9 15:17:58 2024"
          }
        ],
        [
          "atomName",
          "C7"
        ],
        [
          "atomElementName",
          ""
        ],
        [
          "atomAverageShift",
          177.284
        ],
        [
          "atomStdShift",
          0.553
        ],
        [
          "atomMinShift",
          176.51
        ],
        [
          "atomMaxShift",
          178.4
        ],
        [
          "atomDistributionRefValue",
          176.51
        ],
        [
          "atomDistributionValuePerPoint",
          1.0
        ],
        [
          "atomStatisticalDistribution",
          []
        ]
      ],
      [
        [
          "_metadata",
          {
            "jsonVersion": 3.0,
            "className": "AtomChemicalShift",
            "classVersion": 1.0,
            "user": "luca",
            "lastPath": "undefined",
            "timestamp": "Tue Jan  9 15:17:58 2024"
          }
        ],
        [
          "atomName",
          "C8"
        ],
        [
          "atomElementName",
          ""
        ],
        [
          "atomAverageShift",
          24.782
        ],
        [
          "atomStdShift",
          1.021
        ],
        [
          "atomMinShift",
          22.134
        ],
        [
          "atomMaxShift",
          26.0
        ],
        [
          "atomDistributionRefValue",
          22.134
        ],
        [
          "atomDistributionValuePerPoint",
          1.0
        ],
        [
          "atomStatisticalDistribution",
          []
        ]
      ],
      [
        [
          "_metadata",
          {
            "jsonVersion": 3.0,
            "className": "AtomChemicalShift",
            "classVersion": 1.0,
            "user": "luca",
            "lastPath": "undefined",
            "timestamp": "Tue Jan  9 15:17:58 2024"
          }
        ],
        [
          "atomName",
          "CC2"
        ],
        [
          "atomElementName",
          ""
        ],
        [
          "atomAverageShift",
          54.928
        ],
        [
          "atomStdShift",
          0.673
        ],
        [
          "atomMinShift",
          54.452
        ],
        [
          "atomMaxShift",
          55.404
        ],
        [
          "atomDistributionRefValue",
          54.452
        ],
        [
          "atomDistributionValuePerPoint",
          1.0
        ],
        [
          "atomStatisticalDistribution",
          []
        ]
      ],
      [
        [
          "_metadata",
          {
            "jsonVersion": 3.0,
            "className": "AtomChemicalShift",
            "classVersion": 1.0,
            "user": "luca",
            "lastPath": "undefined",
            "timestamp": "Tue Jan  9 15:17:58 2024"
          }
        ],
        [
          "atomName",
          "CC3"
        ],
        [
          "atomElementName",
          ""
        ],
        [
          "atomAverageShift",
          74.486
        ],
        [
          "atomStdShift",
          0.987
        ],
        [
          "atomMinShift",
          73.788
        ],
        [
          "atomMaxShift",
          75.184
        ],
        [
          "atomDistributionRefValue",
          73.788
        ],
        [
          "atomDistributionValuePerPoint",
          1.0
        ],
        [
          "atomStatisticalDistribution",
          []
        ]
      ],
      [
        [
          "_metadata",
          {
            "jsonVersion": 3.0,
            "className": "AtomChemicalShift",
            "classVersion": 1.0,
            "user": "luca",
            "lastPath": "undefined",
            "timestamp": "Tue Jan  9 15:17:58 2024"
          }
        ],
        [
          "atomName",
          "CC4"
        ],
        [
          "atomElementName",
          ""
        ],
        [
          "atomAverageShift",
          69.843
        ],
        [
          "atomStdShift",
          0.136
        ],
        [
          "atomMinShift",
          69.747
        ],
        [
          "atomMaxShift",
          69.939
        ],
        [
          "atomDistributionRefValue",
          69.747
        ],
        [
          "atomDistributionValuePerPoint",
          1.0
        ],
        [
          "atomStatisticalDistribution",
          []
        ]
      ],
      [
        [
          "_metadata",
          {
            "jsonVersion": 3.0,
            "className": "AtomChemicalShift",
            "classVersion": 1.0,
            "user": "luca",
            "lastPath": "undefined",
            "timestamp": "Tue Jan  9 15:17:58 2024"
          }
        ],
        [
          "atomName",
          "CH3"
        ],
        [
          "atomElementName",
          ""
        ],
        [
          "atomAverageShift",
          22.83
        ],
        [
          "atomStdShift",
          null
        ],
        [
          "atomMinShift",
          22.83
        ],
        [
          "atomMaxShift",
          22.83
        ],
        [
          "atomDistributionRefValue",
          22.83
        ],
        [
          "atomDistributionValuePerPoint",
          1.0
        ],
        [
          "atomStatisticalDistribution",
          []
        ]
      ],
      [
        [
          "_metadata",
          {
            "jsonVersion": 3.0,
            "className": "AtomChemicalShift",
            "classVersion": 1.0,
            "user": "luca",
            "lastPath": "undefined",
            "timestamp": "Tue Jan  9 15:17:58 2024"
          }
        ],
        [
          "atomName",
          "H"
        ],
        [
          "atomElementName",
          ""
        ],
        [
          "atomAverageShift",
          8.385
        ],
        [
          "atomStdShift",
          0.035
        ],
        [
          "atomMinShift",
          8.36
        ],
        [
          "atomMaxShift",
          8.41
        ],
        [
          "atomDistributionRefValue",
          8.36
        ],
        [
          "atomDistributionValuePerPoint",
          1.0
        ],
        [
          "atomStatisticalDistribution",
          []
        ]
      ],
      [
        [
          "_metadata",
          {
            "jsonVersion": 3.0,
            "className": "AtomChemicalShift",
            "classVersion": 1.0,
            "user": "luca",
            "lastPath": "undefined",
            "timestamp": "Tue Jan  9 15:17:58 2024"
          }
        ],
        [
          "atomName",
          "H1"
        ],
        [
          "atomElementName",
          ""
        ],
        [
          "atomAverageShift",
          4.533
        ],
        [
          "atomStdShift",
          0.353
        ],
        [
          "atomMinShift",
          3.4093
        ],
        [
          "atomMaxShift",
          5.07
        ],
        [
          "atomDistributionRefValue",
          3.4093
        ],
        [
          "atomDistributionValuePerPoint",
          1.0
        ],
        [
          "atomStatisticalDistribution",
          []
        ]
      ],
      [
        [
          "_metadata",
          {
            "jsonVersion": 3.0,
            "className": "AtomChemicalShift",
            "classVersion": 1.0,
            "user": "luca",
            "lastPath": "undefined",
            "timestamp": "Tue Jan  9 15:17:58 2024"
          }
        ],
        [
          "atomName",
          "H1'"
        ],
        [
          "atomElementName",
          ""
        ],
        [
          "atomAverageShift",
          4.52
        ],
        [
          "atomStdShift",
          0.735
        ],
        [
          "atomMinShift",
          3.444
        ],
        [
          "atomMaxShift",
          4.95
        ],
        [
          "atomDistributionRefValue",
          3.444
        ],
        [
          "atomDistributionValuePerPoint",
          1.0
        ],
        [
          "atomStatisticalDistribution",
          []
        ]
      ],
      [
        [
          "_metadata",
          {
            "jsonVersion": 3.0,
            "className": "AtomChemicalShift",
            "classVersion": 1.0,
            "user": "luca",
            "lastPath": "undefined",
            "timestamp": "Tue Jan  9 15:17:58 2024"
          }
        ],
        [
          "atomName",
          "H2"
        ],
        [
          "atomElementName",
          ""
        ],
        [
          "atomAverageShift",
          4.051
        ],
        [
          "atomStdShift",
          1.111
        ],
        [
          "atomMinShift",
          3.056
        ],
        [
          "atomMaxShift",
          7.835
        ],
        [
          "atomDistributionRefValue",
          3.056
        ],
        [
          "atomDistributionValuePerPoint",
          1.0
        ],
        [
          "atomStatisticalDistribution",
          []
        ]
      ],
      [
        [
          "_metadata",
          {
            "jsonVersion": 3.0,
            "className": "AtomChemicalShift",
            "classVersion": 1.0,
            "user": "luca",
            "lastPath": "undefined",
            "timestamp": "Tue Jan  9 15:17:58 2024"
          }
        ],
        [
          "atomName",
          "H2'"
        ],
        [
          "atomElementName",
          ""
        ],
        [
          "atomAverageShift",
          3.85
        ],
        [
          "atomStdShift",
          0.068
        ],
        [
          "atomMinShift",
          3.75
        ],
        [
          "atomMaxShift",
          3.89
        ],
        [
          "atomDistributionRefValue",
          3.75
        ],
        [
          "atomDistributionValuePerPoint",
          1.0
        ],
        [
          "atomStatisticalDistribution",
          []
        ]
      ],
      [
        [
          "_metadata",
          {
            "jsonVersion": 3.0,
            "className": "AtomChemicalShift",
            "classVersion": 1.0,
            "user": "luca",
            "lastPath": "undefined",
            "timestamp": "Tue Jan  9 15:17:58 2024"
          }
        ],
        [
          "atomName",
          "H3"
        ],
        [
          "atomElementName",
          ""
        ],
        [
          "atomAverageShift",
          3.591
        ],
        [
          "atomStdShift",
          0.257
        ],
        [
          "atomMinShift",
          3.145
        ],
        [
          "atomMaxShift",
          3.9568
        ],
        [
          "atomDistributionRefValue",
          3.145
        ],
        [
          "atomDistributionValuePerPoint",
          1.0
        ],
        [
          "atomStatisticalDistribution",
          []
        ]
      ],
      [
        [
          "_metadata",
          {
            "jsonVersion": 3.0,
            "className": "AtomChemicalShift",
            "classVersion": 1.0,
            "user": "luca",
            "lastPath": "undefined",
            "timestamp": "Tue Jan  9 15:17:58 2024"
          }
        ],
        [
          "atomName",
          "H3'"
        ],
        [
          "atomElementName",
          ""
        ],
        [
          "atomAverageShift",
          53.107
        ],
        [
          "atomStdShift",
          84.293
        ],
        [
          "atomMinShift",
          3.75
        ],
        [
          "atomMaxShift",
          176.5
        ],
        [
          "atomDistributionRefValue",
          3.75
        ],
        [
          "atomDistributionValuePerPoint",
          1.0
        ],
        [
          "atomStatisticalDistribution",
          []
        ]
      ],
      [
        [
          "_metadata",
          {
            "jsonVersion": 3.0,
            "className": "AtomChemicalShift",
            "classVersion": 1.0,
            "user": "luca",
            "lastPath": "undefined",
            "timestamp": "Tue Jan  9 15:17:58 2024"
          }
        ],
        [
          "atomName",
          "H4"
        ],
        [
          "atomElementName",
          ""
        ],
        [
          "atomAverageShift",
          3.501
        ],
        [
          "atomStdShift",
          0.365
        ],
        [
          "atomMinShift",
          2.841
        ],
        [
          "atomMaxShift",
          3.9568
        ],
        [
          "atomDistributionRefValue",
          2.841
        ],
        [
          "atomDistributionValuePerPoint",
          1.0
        ],
        [
          "atomStatisticalDistribution",
          []
        ]
      ],
      [
        [
          "_metadata",
          {
            "jsonVersion": 3.0,
            "className": "AtomChemicalShift",
            "classVersion": 1.0,
            "user": "luca",
            "lastPath": "undefined",
            "timestamp": "Tue Jan  9 15:17:58 2024"
          }
        ],
        [
          "atomName",
          "H4'"
        ],
        [
          "atomElementName",
          ""
        ],
        [
          "atomAverageShift",
          9.643
        ],
        [
          "atomStdShift",
          10.587
        ],
        [
          "atomMinShift",
          3.444
        ],
        [
          "atomMaxShift",
          25.14
        ],
        [
          "atomDistributionRefValue",
          3.444
        ],
        [
          "atomDistributionValuePerPoint",
          1.0
        ],
        [
          "atomStatisticalDistribution",
          []
        ]
      ],
      [
        [
          "_metadata",
          {
            "jsonVersion": 3.0,
            "className": "AtomChemicalShift",
            "classVersion": 1.0,
            "user": "luca",
            "lastPath": "undefined",
            "timestamp": "Tue Jan  9 15:17:58 2024"
          }
        ],
        [
          "atomName",
          "H5"
        ],
        [
          "atomElementName",
          ""
        ],
        [
          "atomAverageShift",
          3.273
        ],
        [
          "atomStdShift",
          0.532
        ],
        [
          "atomMinShift",
          1.882
        ],
        [
          "atomMaxShift",
          3.806
        ],
        [
          "atomDistributionRefValue",
          1.882
        ],
        [
          "atomDistributionValuePerPoint",
          1.0
        ],
        [
          "atomStatisticalDistribution",
          []
        ]
      ],
      [
        [
          "_metadata",
          {
            "jsonVersion": 3.0,
            "className": "AtomChemicalShift",
            "classVersion": 1.0,
            "user": "luca",
            "lastPath": "undefined",
            "timestamp": "Tue Jan  9 15:17:58 2024"
          }
        ],
        [
          "atomName",
          "H5'"
        ],
        [
          "atomElementName",
          ""
        ],
        [
          "atomAverageShift",
          59.184
        ],
        [
          "atomStdShift",
          51.854
        ],
        [
          "atomMinShift",
          3.75
        ],
        [
          "atomMaxShift",
          100.76
        ],
        [
          "atomDistributionRefValue",
          3.75
        ],
        [
          "atomDistributionValuePerPoint",
          1.0
        ],
        [
          "atomStatisticalDistribution",
          []
        ]
      ],
      [
        [
          "_metadata",
          {
            "jsonVersion": 3.0,
            "className": "AtomChemicalShift",
            "classVersion": 1.0,
            "user": "luca",
            "lastPath": "undefined",
            "timestamp": "Tue Jan  9 15:17:58 2024"
          }
        ],
        [
          "atomName",
          "H6"
        ],
        [
          "atomElementName",
          ""
        ],
        [
          "atomAverageShift",
          3.86
        ],
        [
          "atomStdShift",
          0.0
        ],
        [
          "atomMinShift",
          3.86
        ],
        [
          "atomMaxShift",
          3.86
        ],
        [
          "atomDistributionRefValue",
          3.86
        ],
        [
          "atomDistributionValuePerPoint",
          1.0
        ],
        [
          "atomStatisticalDistribution",
          []
        ]
      ],
      [
        [
          "_metadata",
          {
            "jsonVersion": 3.0,
            "className": "AtomChemicalShift",
            "classVersion": 1.0,
            "user": "luca",
            "lastPath": "undefined",
            "timestamp": "Tue Jan  9 15:17:58 2024"
          }
        ],
        [
          "atomName",
          "H61"
        ],
        [
          "atomElementName",
          ""
        ],
        [
          "atomAverageShift",
          3.655
        ],
        [
          "atomStdShift",
          0.373
        ],
        [
          "atomMinShift",
          2.552
        ],
        [
          "atomMaxShift",
          3.974
        ],
        [
          "atomDistributionRefValue",
          2.552
        ],
        [
          "atomDistributionValuePerPoint",
          1.0
        ],
        [
          "atomStatisticalDistribution",
          []
        ]
      ],
      [
        [
          "_metadata",
          {
            "jsonVersion": 3.0,
            "className": "AtomChemicalShift",
            "classVersion": 1.0,
            "user": "luca",
            "lastPath": "undefined",
            "timestamp": "Tue Jan  9 15:17:58 2024"
          }
        ],
        [
          "atomName",
          "H62"
        ],
        [
          "atomElementName",
          ""
        ],
        [
          "atomAverageShift",
          3.633
        ],
        [
          "atomStdShift",
          0.286
        ],
        [
          "atomMinShift",
          3.037
        ],
        [
          "atomMaxShift",
          4.011
        ],
        [
          "atomDistributionRefValue",
          3.037
        ],
        [
          "atomDistributionValuePerPoint",
          1.0
        ],
        [
          "atomStatisticalDistribution",
          []
        ]
      ],
      [
        [
          "_metadata",
          {
            "jsonVersion": 3.0,
            "className": "AtomChemicalShift",
            "classVersion": 1.0,
            "user": "luca",
            "lastPath": "undefined",
            "timestamp": "Tue Jan  9 15:17:58 2024"
          }
        ],
        [
          "atomName",
          "H8"
        ],
        [
          "atomElementName",
          ""
        ],
        [
          "atomAverageShift",
          2.028
        ],
        [
          "atomStdShift",
          0.065
        ],
        [
          "atomMinShift",
          1.954
        ],
        [
          "atomMaxShift",
          2.141
        ],
        [
          "atomDistributionRefValue",
          1.954
        ],
        [
          "atomDistributionValuePerPoint",
          1.0
        ],
        [
          "atomStatisticalDistribution",
          []
        ]
      ],
      [
        [
          "_metadata",
          {
            "jsonVersion": 3.0,
            "className": "AtomChemicalShift",
            "classVersion": 1.0,
            "user": "luca",
            "lastPath": "undefined",
            "timestamp": "Tue Jan  9 15:17:58 2024"
          }
        ],
        [
          "atomName",
          "H81"
        ],
        [
          "atomElementName",
          ""
        ],
        [
          "atomAverageShift",
          1.988
        ],
        [
          "atomStdShift",
          0.073
        ],
        [
          "atomMinShift",
          1.78
        ],
        [
          "atomMaxShift",
          2.053
        ],
        [
          "atomDistributionRefValue",
          1.78
        ],
        [
          "atomDistributionValuePerPoint",
          1.0
        ],
        [
          "atomStatisticalDistribution",
          []
        ]
      ],
      [
        [
          "_metadata",
          {
            "jsonVersion": 3.0,
            "className": "AtomChemicalShift",
            "classVersion": 1.0,
            "user": "luca",
            "lastPath": "undefined",
            "timestamp": "Tue Jan  9 15:17:58 2024"
          }
        ],
        [
          "atomName",
          "H82"
        ],
        [
          "atomElementName",
          ""
        ],
        [
          "atomAverageShift",
          1.988
        ],
        [
          "atomStdShift",
          0.073
        ],
        [
          "atomMinShift",
          1.78
        ],
        [
          "atomMaxShift",
          2.053
        ],
        [
          "atomDistributionRefValue",
          1.78
        ],
        [
          "atomDistributionValuePerPoint",
          1.0
        ],
        [
          "atomStatisticalDistribution",
          []
        ]
      ],
      [
        [
          "_metadata",
          {
            "jsonVersion": 3.0,
            "className": "AtomChemicalShift",
            "classVersion": 1.0,
            "user": "luca",
            "lastPath": "undefined",
            "timestamp": "Tue Jan  9 15:17:58 2024"
          }
        ],
        [
          "atomName",
          "H83"
        ],
        [
          "atomElementName",
          ""
        ],
        [
          "atomAverageShift",
          1.982
        ],
        [
          "atomStdShift",
          0.07
        ],
        [
          "atomMinShift",
          1.78
        ],
        [
          "atomMaxShift",
          2.053
        ],
        [
          "atomDistributionRefValue",
          1.78
        ],
        [
          "atomDistributionValuePerPoint",
          1.0
        ],
        [
          "atomStatisticalDistribution",
          []
        ]
      ],
      [
        [
          "_metadata",
          {
            "jsonVersion": 3.0,
            "className": "AtomChemicalShift",
            "classVersion": 1.0,
            "user": "luca",
            "lastPath": "undefined",
            "timestamp": "Tue Jan  9 15:17:58 2024"
          }
        ],
        [
          "atomName",
          "HC2"
        ],
        [
          "atomElementName",
          ""
        ],
        [
          "atomAverageShift",
          3.672
        ],
        [
          "atomStdShift",
          0.027
        ],
        [
          "atomMinShift",
          3.653
        ],
        [
          "atomMaxShift",
          3.691
        ],
        [
          "atomDistributionRefValue",
          3.653
        ],
        [
          "atomDistributionValuePerPoint",
          1.0
        ],
        [
          "atomStatisticalDistribution",
          []
        ]
      ],
      [
        [
          "_metadata",
          {
            "jsonVersion": 3.0,
            "className": "AtomChemicalShift",
            "classVersion": 1.0,
            "user": "luca",
            "lastPath": "undefined",
            "timestamp": "Tue Jan  9 15:17:58 2024"
          }
        ],
        [
          "atomName",
          "HC3"
        ],
        [
          "atomElementName",
          ""
        ],
        [
          "atomAverageShift",
          3.466
        ],
        [
          "atomStdShift",
          0.027
        ],
        [
          "atomMinShift",
          3.447
        ],
        [
          "atomMaxShift",
          3.485
        ],
        [
          "atomDistributionRefValue",
          3.447
        ],
        [
          "atomDistributionValuePerPoint",
          1.0
        ],
        [
          "atomStatisticalDistribution",
          []
        ]
      ],
      [
        [
          "_metadata",
          {
            "jsonVersion": 3.0,
            "className": "AtomChemicalShift",
            "classVersion": 1.0,
            "user": "luca",
            "lastPath": "undefined",
            "timestamp": "Tue Jan  9 15:17:58 2024"
          }
        ],
        [
          "atomName",
          "HC4"
        ],
        [
          "atomElementName",
          ""
        ],
        [
          "atomAverageShift",
          3.348
        ],
        [
          "atomStdShift",
          0.004
        ],
        [
          "atomMinShift",
          3.345
        ],
        [
          "atomMaxShift",
          3.35
        ],
        [
          "atomDistributionRefValue",
          3.345
        ],
        [
          "atomDistributionValuePerPoint",
          1.0
        ],
        [
          "atomStatisticalDistribution",
          []
        ]
      ],
      [
        [
          "_metadata",
          {
            "jsonVersion": 3.0,
            "className": "AtomChemicalShift",
            "classVersion": 1.0,
            "user": "luca",
            "lastPath": "undefined",
            "timestamp": "Tue Jan  9 15:17:58 2024"
          }
        ],
        [
          "atomName",
          "HN2"
        ],
        [
          "atomElementName",
          ""
        ],
        [
          "atomAverageShift",
          8.204
        ],
        [
          "atomStdShift",
          0.269
        ],
        [
          "atomMinShift",
          7.831
        ],
        [
          "atomMaxShift",
          8.553
        ],
        [
          "atomDistributionRefValue",
          7.831
        ],
        [
          "atomDistributionValuePerPoint",
          1.0
        ],
        [
          "atomStatisticalDistribution",
          []
        ]
      ],
      [
        [
          "_metadata",
          {
            "jsonVersion": 3.0,
            "className": "AtomChemicalShift",
            "classVersion": 1.0,
            "user": "luca",
            "lastPath": "undefined",
            "timestamp": "Tue Jan  9 15:17:58 2024"
          }
        ],
        [
          "atomName",
          "HO6"
        ],
        [
          "atomElementName",
          ""
        ],
        [
          "atomAverageShift",
          3.829
        ],
        [
          "atomStdShift",
          0.039
        ],
        [
          "atomMinShift",
          3.801
        ],
        [
          "atomMaxShift",
          3.856
        ],
        [
          "atomDistributionRefValue",
          3.801
        ],
        [
          "atomDistributionValuePerPoint",
          1.0
        ],
        [
          "atomStatisticalDistribution",
          []
        ]
      ],
      [
        [
          "_metadata",
          {
            "jsonVersion": 3.0,
            "className": "AtomChemicalShift",
            "classVersion": 1.0,
            "user": "luca",
            "lastPath": "undefined",
            "timestamp": "Tue Jan  9 15:17:58 2024"
          }
        ],
        [
          "atomName",
          "Me"
        ],
        [
          "atomElementName",
          ""
        ],
        [
          "atomAverageShift",
          53.329
        ],
        [
          "atomStdShift",
          26.368
        ],
        [
          "atomMinShift",
          25.14
        ],
        [
          "atomMaxShift",
          74.47
        ],
        [
          "atomDistributionRefValue",
          25.14
        ],
        [
          "atomDistributionValuePerPoint",
          1.0
        ],
        [
          "atomStatisticalDistribution",
          []
        ]
      ],
      [
        [
          "_metadata",
          {
            "jsonVersion": 3.0,
            "className": "AtomChemicalShift",
            "classVersion": 1.0,
            "user": "luca",
            "lastPath": "undefined",
            "timestamp": "Tue Jan  9 15:17:58 2024"
          }
        ],
        [
          "atomName",
          "N"
        ],
        [
          "atomElementName",
          ""
        ],
        [
          "atomAverageShift",
          121.871
        ],
        [
          "atomStdShift",
          0.59
        ],
        [
          "atomMinShift",
          121.12
        ],
        [
          "atomMaxShift",
          122.92
        ],
        [
          "atomDistributionRefValue",
          121.12
        ],
        [
          "atomDistributionValuePerPoint",
          1.0
        ],
        [
          "atomStatisticalDistribution",
          []
        ]
      ],
      [
        [
          "_metadata",
          {
            "jsonVersion": 3.0,
            "className": "AtomChemicalShift",
            "classVersion": 1.0,
            "user": "luca",
            "lastPath": "undefined",
            "timestamp": "Tue Jan  9 15:17:58 2024"
          }
        ],
        [
          "atomName",
          "N2"
        ],
        [
          "atomElementName",
          ""
        ],
        [
          "atomAverageShift",
          125.256
        ],
        [
          "atomStdShift",
          4.095
        ],
        [
          "atomMinShift",
          121.53
        ],
        [
          "atomMaxShift",
          129.64
        ],
        [
          "atomDistributionRefValue",
          121.53
        ],
        [
          "atomDistributionValuePerPoint",
          1.0
        ],
        [
          "atomStatisticalDistribution",
          []
        ]
      ],
      [
        [
          "_metadata",
          {
            "jsonVersion": 3.0,
            "className": "AtomChemicalShift",
            "classVersion": 1.0,
            "user": "luca",
            "lastPath": "undefined",
            "timestamp": "Tue Jan  9 15:17:58 2024"
          }
        ],
        [
          "atomName",
          "NH"
        ],
        [
          "atomElementName",
          ""
        ],
        [
          "atomAverageShift",
          7.898
        ],
        [
          "atomStdShift",
          0.16
        ],
        [
          "atomMinShift",
          7.665
        ],
        [
          "atomMaxShift",
          8.081
        ],
        [
          "atomDistributionRefValue",
          7.665
        ],
        [
          "atomDistributionValuePerPoint",
          1.0
        ],
        [
          "atomStatisticalDistribution",
          []
        ]
      ],
      [
        [
          "_metadata",
          {
            "jsonVersion": 3.0,
            "className": "AtomChemicalShift",
            "classVersion": 1.0,
            "user": "luca",
            "lastPath": "undefined",
            "timestamp": "Tue Jan  9 15:17:58 2024"
          }
        ],
        [
          "atomName",
          "NH2"
        ],
        [
          "atomElementName",
          ""
        ],
        [
          "atomAverageShift",
          8.189
        ],
        [
          "atomStdShift",
          null
        ],
        [
          "atomMinShift",
          8.189
        ],
        [
          "atomMaxShift",
          8.189
        ],
        [
          "atomDistributionRefValue",
          8.189
        ],
        [
          "atomDistributionValuePerPoint",
          1.0
        ],
        [
          "atomStatisticalDistribution",
          []
        ]
      ]
    ]
  ]
]