{
  "_metadata": {
    "jsonVersion": 3,
    "className": "ReferenceChemicalShift",
    "classVersion": 1,
    "user": "CCPN",
    "lastPath": "",
    "timestamp": "Fri Sep 15 15:17:45 2023",
    "applicationVersion": 3.2
  },
  "chemicalShiftName": "Non-Standard Residues / Small Molecules",
  "chemicalShiftComment": "The CCPN Analysis Version 3 ReferenceChemical shifts retrieved from BMRB",
  "chemicalShiftEntryDate": "2023-09-14-14:25:08",
  "compoundShortName": "NDG",
  "compoundName": "2-acetamido-2-deoxy-alpha-D-glucopyranose",
  "compoundCcpCode": "NDG",
  "compoundType": "Carbohydrate",
  "compoundTypeClassification": "D-saccharide, alpha linking",
  "compoundPrecursorName": "",
  "atoms": [
    {
      "atomName": "C1",
      "atomElementName": "",
      "atomAverageShift": 99.152,
      "atomStdShift": null,
      "atomMinShift": 99.152,
      "atomMaxShift": 99.152,
      "atomDistributionRefValue": 99.152,
      "atomDistributionValuePerPoint": 1,
      "atomStatisticalDistribution": []
    },
    {
      "atomName": "C2",
      "atomElementName": "",
      "atomAverageShift": 56.252,
      "atomStdShift": null,
      "atomMinShift": 56.252,
      "atomMaxShift": 56.252,
      "atomDistributionRefValue": 56.252,
      "atomDistributionValuePerPoint": 1,
      "atomStatisticalDistribution": []
    },
    {
      "atomName": "C3",
      "atomElementName": "",
      "atomAverageShift": 72.537,
      "atomStdShift": null,
      "atomMinShift": 72.537,
      "atomMaxShift": 72.537,
      "atomDistributionRefValue": 72.537,
      "atomDistributionValuePerPoint": 1,
      "atomStatisticalDistribution": []
    },
    {
      "atomName": "C4",
      "atomElementName": "",
      "atomAverageShift": 80.598,
      "atomStdShift": null,
      "atomMinShift": 80.598,
      "atomMaxShift": 80.598,
      "atomDistributionRefValue": 80.598,
      "atomDistributionValuePerPoint": 1,
      "atomStatisticalDistribution": []
    },
    {
      "atomName": "C5",
      "atomElementName": "",
      "atomAverageShift": 62.515,
      "atomStdShift": null,
      "atomMinShift": 62.515,
      "atomMaxShift": 62.515,
      "atomDistributionRefValue": 62.515,
      "atomDistributionValuePerPoint": 1,
      "atomStatisticalDistribution": []
    },
    {
      "atomName": "C6",
      "atomElementName": "",
      "atomAverageShift": 73.342,
      "atomStdShift": null,
      "atomMinShift": 73.342,
      "atomMaxShift": 73.342,
      "atomDistributionRefValue": 73.342,
      "atomDistributionValuePerPoint": 1,
      "atomStatisticalDistribution": []
    },
    {
      "atomName": "H1",
      "atomElementName": "",
      "atomAverageShift": 4.819,
      "atomStdShift": null,
      "atomMinShift": 4.819,
      "atomMaxShift": 4.819,
      "atomDistributionRefValue": 4.819,
      "atomDistributionValuePerPoint": 1,
      "atomStatisticalDistribution": []
    },
    {
      "atomName": "H2",
      "atomElementName": "",
      "atomAverageShift": 3.953,
      "atomStdShift": null,
      "atomMinShift": 3.953,
      "atomMaxShift": 3.953,
      "atomDistributionRefValue": 3.953,
      "atomDistributionValuePerPoint": 1,
      "atomStatisticalDistribution": []
    },
    {
      "atomName": "H3",
      "atomElementName": "",
      "atomAverageShift": 3.841,
      "atomStdShift": null,
      "atomMinShift": 3.841,
      "atomMaxShift": 3.841,
      "atomDistributionRefValue": 3.841,
      "atomDistributionValuePerPoint": 1,
      "atomStatisticalDistribution": []
    },
    {
      "atomName": "H4",
      "atomElementName": "",
      "atomAverageShift": 3.61,
      "atomStdShift": null,
      "atomMinShift": 3.61,
      "atomMaxShift": 3.61,
      "atomDistributionRefValue": 3.61,
      "atomDistributionValuePerPoint": 1,
      "atomStatisticalDistribution": []
    },
    {
      "atomName": "H5",
      "atomElementName": "",
      "atomAverageShift": 3.907,
      "atomStdShift": null,
      "atomMinShift": 3.907,
      "atomMaxShift": 3.907,
      "atomDistributionRefValue": 3.907,
      "atomDistributionValuePerPoint": 1,
      "atomStatisticalDistribution": []
    },
    {
      "atomName": "H6C1",
      "atomElementName": "",
      "atomAverageShift": 3.842,
      "atomStdShift": null,
      "atomMinShift": 3.842,
      "atomMaxShift": 3.842,
      "atomDistributionRefValue": 3.842,
      "atomDistributionValuePerPoint": 1,
      "atomStatisticalDistribution": []
    },
    {
      "atomName": "H6C2",
      "atomElementName": "",
      "atomAverageShift": 3.842,
      "atomStdShift": null,
      "atomMinShift": 3.842,
      "atomMaxShift": 3.842,
      "atomDistributionRefValue": 3.842,
      "atomDistributionValuePerPoint": 1,
      "atomStatisticalDistribution": []
    },
    {
      "atomName": "H8C1",
      "atomElementName": "",
      "atomAverageShift": 2.042,
      "atomStdShift": null,
      "atomMinShift": 2.042,
      "atomMaxShift": 2.042,
      "atomDistributionRefValue": 2.042,
      "atomDistributionValuePerPoint": 1,
      "atomStatisticalDistribution": []
    },
    {
      "atomName": "H8C2",
      "atomElementName": "",
      "atomAverageShift": 2.042,
      "atomStdShift": null,
      "atomMinShift": 2.042,
      "atomMaxShift": 2.042,
      "atomDistributionRefValue": 2.042,
      "atomDistributionValuePerPoint": 1,
      "atomStatisticalDistribution": []
    },
    {
      "atomName": "H8C3",
      "atomElementName": "",
      "atomAverageShift": 2.042,
      "atomStdShift": null,
      "atomMinShift": 2.042,
      "atomMaxShift": 2.042,
      "atomDistributionRefValue": 2.042,
      "atomDistributionValuePerPoint": 1,
      "atomStatisticalDistribution": []
    },
    {
      "atomName": "HA",
      "atomElementName": "",
      "atomAverageShift": 8.101,
      "atomStdShift": null,
      "atomMinShift": 8.101,
      "atomMaxShift": 8.101,
      "atomDistributionRefValue": 8.101,
      "atomDistributionValuePerPoint": 1,
      "atomStatisticalDistribution": []
    }
  ]
}