Column1,redshade,orangeshade,yellowshade,greenshade,blueshade,cyanshade,purpleshade,greyshade,redshade2,orangeshade2,yellowshade2,greenshade2,blueshade2,cyanshade2,purpleshade2,greyshade2,rainbow,rainbow2,wimbledon,wimbledon2,toothpaste,toothpaste2,cmy,cmy2,steel,steel2,rgb,rgb2,tropicana,tropicana2,sunset,sunset2,magma,magma2,holly,holly2,glacier,glacier2,monarchy,monarchy2,contrast,contrast2,lightspectrum,lightspectrum2,red-orange,orange-yellow,yellow-green,green-blue,blue-cyan,blue-purple,orange-red,yellow-orange,green-yellow,blue-green,cyan-blue,purple-blue,black-white,white-black,black-gray,gray-black
1,#FFC0C0,#FFE0C0,#FFFF99,#99FF99,#C0C0FF,#00FFFF,#E6CCFF,#CCCCCC,#660000,#663300,#555500,#006600,#000066,#004C4C,#330059,#333333,#FF00FF,#8000FF,#008000,#FFFF00,#C0C0FF,#00FFFF,#00FFFF,#FFFF00,#C0C0C0,#000080,#FF0000,#0000FF,#FFFF00,#FF0080,#FFC0C0,#FFFF00,#000000,#FFFF00,#80FF80,#800000,#000000,#C0C0FF,#C0C0FF,#800000,#FF0000,#00FFFF,#6B8E23,#32CD32,#ff2010,#ffc030,#eeff10,#10cc20,#2010ff,#2010ff,#ffc030,#eeff10,#10cc20,#2010ff,#20eeff,#ee20ff,#000000,#ffffff,#000000,#7f7f7f
2,#FF9A9A,#FFC890,#FFFF4C,#73F073,#9A9AFF,#00ECEC,#D399F0,#BBBBBB,#8C0000,#854200,#6D6D00,#007800,#00008C,#006060,#47006E,#444444,#FF0080,#0000FF,#1C8E00,#E3F100,#9A9AFF,#00C0FF,#33CCFF,#FFCC33,#ABABB9,#151587,#CC1900,#0019CC,#FFE30E,#FF1C72,#FF9A9A,#FFC000,#400000,#FFCC00,#66E666,#AB0000,#000040,#9A9AFF,#6060FF,#C00000,#008000,#FF00FF,#DA70D6,#FF1493,#ff3414,#fcc72c,#d2f812,#12b43b,#202bff,#3912ff,#ffac2c,#f0f714,#2bd21e,#1e27e3,#20d2ff,#d41eff,#1f1f1f,#dfdfdf,#0f0f0f,#6f6f6f
3,#FF7373,#FFB060,#FFFF00,#4CE04C,#7373FF,#00D8D8,#C066E0,#AAAAAA,#B30000,#A35200,#868600,#008A00,#0000B3,#007474,#5C0082,#555555,#FF0000,#0080FF,#389C00,#C7E300,#7373FF,#0080FF,#6699FF,#FF9966,#9595B2,#2A2A8E,#993300,#003399,#FFC71C,#FF3863,#FF7373,#FF8000,#800000,#FF9900,#4DCD4D,#D50000,#000080,#7373FF,#0000FF,#FF0000,#0000FF,#FFFF00,#8A2BE2,#FFFF00,#ff4818,#facf28,#b6f214,#149d57,#2047ff,#5314ff,#ff9828,#f2ef18,#47d81c,#1c3fc7,#20b6ff,#ba1cff,#3f3f3f,#bfbfbf,#1f1f1f,#5f5f5f
4,#FF4D4D,#FF9830,#E7E700,#26D026,#4D4DFF,#00C4C4,#AC33D0,#999999,#D90000,#C26100,#9E9E00,#009C00,#0000D9,#008888,#700097,#666666,#FF8000,#00FFFF,#55AB00,#AAD500,#4D4DFF,#0040FF,#9966FF,#FF6699,#8080AB,#404095,#664D00,#004D66,#FFAA2A,#FF5555,#FF4D4D,#FF4000,#C00000,#FF6600,#33B333,#FF0000,#0000C0,#4D4DFF,#3300CC,#CC0033,#FFFF00,#0000FF,#808000,#00FFFF,#ff5c1c,#f8d724,#9aeb16,#168573,#2063ff,#6d16ff,#ff8424,#f4e71c,#63df1a,#1a56ab,#209aff,#a01aff,#5f5f5f,#9f9f9f,#2f2f2f,#4f4f4f
5,#FF2626,#FF8000,#CFCF00,#00C000,#2626FF,#00B0B0,#9900C0,#888888,#FF0000,#E17100,#B6B600,#00AE00,#0000FF,#009C9C,#8500AC,#777777,#FFFF00,#00FF80,#71B900,#8EC700,#2626FF,#0000FF,#CC33FF,#FF33CC,#6B6BA4,#55559D,#336600,#006633,#FF8E39,#FF7147,#FF2626,#FF0000,#FF0000,#FF3300,#199A19,#008000,#0000FF,#2626FF,#660099,#990066,#FF00FF,#008000,#1E90FF,#00CED1,#ff7020,#f6df20,#7fe518,#186e8f,#207fff,#8718ff,#ff7020,#f6df20,#7fe518,#186e8f,#207fff,#8718ff,#7f7f7f,#7f7f7f,#3f3f3f,#3f3f3f
6,#FF0000,#E17100,#B6B600,#00AE00,#0000FF,#009C9C,#8500AC,#777777,#FF2626,#FF8000,#CFCF00,#00C000,#2626FF,#00B0B0,#9900C0,#888888,#80FF00,#00FF00,#8EC700,#71B900,#0000FF,#2626FF,#FF00FF,#FF00FF,#55559D,#6B6BA4,#008000,#008000,#FF7147,#FF8E39,#FF0000,#FF2626,#FF3300,#FF0000,#008000,#199A19,#2626FF,#0000FF,#990066,#660099,#00FFFF,#FF0000,#FFA500,#A0522D,#ff8424,#f4e71c,#63df1a,#1a56ab,#209aff,#a01aff,#ff5c1c,#f8d724,#9aeb16,#168573,#2063ff,#6d16ff,#9f9f9f,#5f5f5f,#4f4f4f,#2f2f2f
7,#D90000,#C26100,#9E9E00,#009C00,#0000D9,#008888,#700097,#666666,#FF4D4D,#FF9830,#E7E700,#26D026,#4D4DFF,#00C4C4,#AC33D0,#999999,#00FF00,#80FF00,#AAD500,#55AB00,#0040FF,#4D4DFF,#FF33CC,#CC33FF,#404095,#8080AB,#006633,#336600,#FF5555,#FFAA2A,#FF4000,#FF4D4D,#FF6600,#C00000,#FF0000,#33B333,#4D4DFF,#0000C0,#CC0033,#3300CC,,,#FF0000,#9932CC,#ff9828,#f2ef18,#47d81c,#1c3fc7,#20b6ff,#ba1cff,#ff4818,#facf28,#b6f214,#149d57,#2047ff,#5314ff,#bfbfbf,#3f3f3f,#5f5f5f,#1f1f1f
8,#B30000,#A35200,#868600,#008A00,#0000B3,#007474,#5C0082,#555555,#FF7373,#FFB060,#FFFF00,#4CE04C,#7373FF,#00D8D8,#C066E0,#AAAAAA,#00FF80,#FFFF00,#C7E300,#389C00,#0080FF,#7373FF,#FF6699,#9966FF,#2A2A8E,#9595B2,#004D66,#664D00,#FF3863,#FFC71C,#FF8000,#FF7373,#FF9900,#800000,#D50000,#4DCD4D,#7373FF,#000080,#FF0000,#0000FF,,,#4682B4,#7FFF00,#ffac2c,#f0f714,#2bd21e,#1e27e3,#20d2ff,#d41eff,#ff3414,#fcc72c,#d2f812,#12b43b,#202bff,#3912ff,#dfdfdf,#1f1f1f,#6f6f6f,#0f0f0f
9,#8C0000,#854200,#6D6D00,#007800,#00008C,#006060,#47006E,#444444,#FF9A9A,#FFC890,#FFFF4C,#73F073,#9A9AFF,#00ECEC,#D399F0,#BBBBBB,#00FFFF,#FF8000,#E3F100,#1C8E00,#00C0FF,#9A9AFF,#FF9966,#6699FF,#151587,#ABABB9,#003399,#993300,#FF1C72,#FFE30E,#FFC000,#FF9A9A,#FFCC00,#400000,#AB0000,#66E666,#9A9AFF,#000040,#C00000,#6060FF,,,#7FFF00,#4682B4,#ffc030,#eeff10,#10cc20,#2010ff,#20eeff,#ee20ff,#ff2010,#ffc030,#eeff10,#10cc20,#2010ff,#2010ff,#ffffff,#000000,#7f7f7f,#000000
10,#660000,#663300,#555500,#006600,#000066,#004C4C,#330059,#333333,#FFC0C0,#FFE0C0,#FFFF99,#99FF99,#C0C0FF,#00FFFF,#E6CCFF,#CCCCCC,#0080FF,#FF0000,#FFFF00,#008000,#00FFFF,#C0C0FF,#FFCC33,#33CCFF,#000080,#C0C0C0,#0019CC,#CC1900,#FF0080,#FFFF00,#FFFF00,#FFC0C0,#FFFF00,#000000,#800000,#80FF80,#C0C0FF,#000000,#800000,#C0C0FF,,,#9932CC,#FF0000,,,,,,,,,,,,,,,,
11,,,,,,,,,,,,,,,,,#0000FF,#FF0080,,,,,#FFFF00,#00FFFF,,,#0000FF,#FF0000,,,,,,,,,,,,,,,#A0522D,#FFA500,,,,,,,,,,,,,,,,
12,,,,,,,,,,,,,,,,,#8000FF,#FF00FF,,,,,,,,,,,,,,,,,,,,,,,,,#00CED1,#1E90FF,,,,,,,,,,,,,,,,
13,,,,,,,,,,,,,,,,,,,,,,,,,,,,,,,,,,,,,,,,,,,#00FFFF,#808000,,,,,,,,,,,,,,,,
14,,,,,,,,,,,,,,,,,,,,,,,,,,,,,,,,,,,,,,,,,,,#FFFF00,#8A2BE2,,,,,,,,,,,,,,,,
15,,,,,,,,,,,,,,,,,,,,,,,,,,,,,,,,,,,,,,,,,,,#FF1493,#DA70D6,,,,,,,,,,,,,,,,
16,,,,,,,,,,,,,,,,,,,,,,,,,,,,,,,,,,,,,,,,,,,#32CD32,#6B8E23,,,,,,,,,,,,,,,,