{
    "Title": "LayoutFile",
    "warning": "Warning. Any changes in this file will be overwritten when saving a new layout.",
    "general": {
        "applicationName": "AnalysisAssign",
        "applicationVersion": "3.1.1",
        "LayoutVersion": "b.6"
    },
    "SpectrumDisplays": [],
    "guiModules": [
        [
            "Structure Table",
            "StructureTableModule"
        ]
    ],
    "fileNames": [
        "StructureTable"
    ],
    "layoutState": {
        "main": [
            "area",
            [
                "vertical",
                [
                    [
                        "dock",
                        "Structure Table",
                        {
                            "__Average": false,
                            "__Ensemble": true,
                            "__LinktocurrentStructureEnsemble": false,
                            "__StructureEnsemble": "SE:4hhb"
                        }
                    ]
                ],
                {
                    "sizes": [
                        854
                    ]
                }
            ],
            {
                "id": 6126608096
            }
        ],
        "floats": [],
        "version": "3.1",
        "inMemory": false
    }
}