[
  [
    "_metadata",
    {
      "jsonVersion": 3.0,
      "className": "ProjectSaveHistory",
      "classVersion": 1.0,
      "user": "ejb66",
      "lastPath": "/Users/ejb66/tiny4.ccpn/state/versionHistory.json",
      "timestamp": "Thu Mar 16 12:06:23 2023"
    }
  ],
  [
    "records",
    [
      [
        "3.1.1",
        "Wed Mar 15 18:47:41 2023",
        "ejb66",
        "darwin",
        "created"
      ],
      [
        "3.1.1",
        "Wed Mar 15 18:47:42 2023",
        "ejb66",
        "darwin",
        "tiny: saveAs"
      ],
      [
        "3.1.1",
        "Thu Mar 16 12:04:47 2023",
        "ejb66",
        "darwin",
        "Path/name has changed"
      ],
      [
        "3.1.1",
        "Thu Mar 16 12:06:23 2023",
        "ejb66",
        "darwin",
        "tiny4: regular save"
      ]
    ]
  ]
]