<?xml version="1.0" encoding="UTF-8"?>
<_StorageUnit time="Thu Mar 16 12:06:23 2023" release="3.1.0" packageGuid="www.ccpn.ac.uk_Fogh_2006-08-16-14:22:54_00065" originator="CCPN Python XmlIO">

<COOR.StructureEnsemble _ID="1" _lastId="2" _uniqueId="1" createdBy="user" ensembleId="2" guid="tiny4_user_2023-03-16-12-05-15-986_00001" name="myStructureEnsemble">
  <IMPL.DataObject._objectVersion>
    <IMPL.String>3.1.1</IMPL.String>
  </IMPL.DataObject._objectVersion>
  <COOR.StructureEnsemble.molSystem>
    <MOLS.exo-MolSystem>
      <IMPL.GuidString>default_user_2023-03-15-18-47-05-462_00004</IMPL.GuidString>
    </MOLS.exo-MolSystem>
  </COOR.StructureEnsemble.molSystem>
  <COOR.StructureEnsemble.parameters>
    <COOR.Parameter _ID="2">
      <COOR.Parameter.name>
        <IMPL.Line>data</IMPL.Line>
      </COOR.Parameter.name>
      <COOR.Parameter.value>
        <IMPL.Multiple>{
  "__type__": "ccpn.EnsembleData",
  "__data__": "{\"index\": [], \"columns\": [], \"data\": []}"
}</IMPL.Multiple>
      </COOR.Parameter.value>
    </COOR.Parameter>
  </COOR.StructureEnsemble.parameters>
</COOR.StructureEnsemble>

</_StorageUnit>
<!--End of Memops Data-->
