[
  [
    "_metadata",
    {
      "jsonVersion": 3,
      "className": "ReferenceChemicalShift",
      "classVersion": 1,
      "user": "CCPN",
      "lastPath": "/Users/luca/Projects/AnalysisV3/resources/referenceChemicalShifts/NonStandard/Unclassified/chem_comp_1.json",
      "timestamp": "Tue Jan  9 15:18:15 2024",
      "applicationVersion": 3.2
    }
  ],
  [
    "chemicalShiftName",
    "Non-Standard Residues / Small Molecules"
  ],
  [
    "chemicalShiftComment",
    "The CCPN Analysis Version 3 ReferenceChemical shifts retrieved from BMRB"
  ],
  [
    "chemicalShiftEntryDate",
    "2023-09-14-14:25:08"
  ],
  [
    "compoundName",
    ""
  ],
  [
    "compoundShortName",
    "chem_comp_1"
  ],
  [
    "compoundCcpCode",
    "chem_comp_1"
  ],
  [
    "compoundType",
    "Unclassified"
  ],
  [
    "compoundTypeClassification",
    ""
  ],
  [
    "compoundPrecursorName",
    ""
  ],
  [
    "loadingLevel",
    0
  ],
  [
    "atoms",
    [
      [
        [
          "_metadata",
          {
            "jsonVersion": 3.0,
            "className": "AtomChemicalShift",
            "classVersion": 1.0,
            "user": "luca",
            "lastPath": "undefined",
            "timestamp": "Tue Jan  9 15:18:15 2024"
          }
        ],
        [
          "atomName",
          "H1'"
        ],
        [
          "atomElementName",
          ""
        ],
        [
          "atomAverageShift",
          5.9
        ],
        [
          "atomStdShift",
          null
        ],
        [
          "atomMinShift",
          5.9
        ],
        [
          "atomMaxShift",
          5.9
        ],
        [
          "atomDistributionRefValue",
          5.9
        ],
        [
          "atomDistributionValuePerPoint",
          1.0
        ],
        [
          "atomStatisticalDistribution",
          []
        ]
      ],
      [
        [
          "_metadata",
          {
            "jsonVersion": 3.0,
            "className": "AtomChemicalShift",
            "classVersion": 1.0,
            "user": "luca",
            "lastPath": "undefined",
            "timestamp": "Tue Jan  9 15:18:15 2024"
          }
        ],
        [
          "atomName",
          "H2'"
        ],
        [
          "atomElementName",
          ""
        ],
        [
          "atomAverageShift",
          1.99
        ],
        [
          "atomStdShift",
          null
        ],
        [
          "atomMinShift",
          1.99
        ],
        [
          "atomMaxShift",
          1.99
        ],
        [
          "atomDistributionRefValue",
          1.99
        ],
        [
          "atomDistributionValuePerPoint",
          1.0
        ],
        [
          "atomStatisticalDistribution",
          []
        ]
      ],
      [
        [
          "_metadata",
          {
            "jsonVersion": 3.0,
            "className": "AtomChemicalShift",
            "classVersion": 1.0,
            "user": "luca",
            "lastPath": "undefined",
            "timestamp": "Tue Jan  9 15:18:15 2024"
          }
        ],
        [
          "atomName",
          "H2''"
        ],
        [
          "atomElementName",
          ""
        ],
        [
          "atomAverageShift",
          2.45
        ],
        [
          "atomStdShift",
          null
        ],
        [
          "atomMinShift",
          2.45
        ],
        [
          "atomMaxShift",
          2.45
        ],
        [
          "atomDistributionRefValue",
          2.45
        ],
        [
          "atomDistributionValuePerPoint",
          1.0
        ],
        [
          "atomStatisticalDistribution",
          []
        ]
      ],
      [
        [
          "_metadata",
          {
            "jsonVersion": 3.0,
            "className": "AtomChemicalShift",
            "classVersion": 1.0,
            "user": "luca",
            "lastPath": "undefined",
            "timestamp": "Tue Jan  9 15:18:15 2024"
          }
        ],
        [
          "atomName",
          "H3"
        ],
        [
          "atomElementName",
          ""
        ],
        [
          "atomAverageShift",
          13.9
        ],
        [
          "atomStdShift",
          null
        ],
        [
          "atomMinShift",
          13.9
        ],
        [
          "atomMaxShift",
          13.9
        ],
        [
          "atomDistributionRefValue",
          13.9
        ],
        [
          "atomDistributionValuePerPoint",
          1.0
        ],
        [
          "atomStatisticalDistribution",
          []
        ]
      ],
      [
        [
          "_metadata",
          {
            "jsonVersion": 3.0,
            "className": "AtomChemicalShift",
            "classVersion": 1.0,
            "user": "luca",
            "lastPath": "undefined",
            "timestamp": "Tue Jan  9 15:18:15 2024"
          }
        ],
        [
          "atomName",
          "H3'"
        ],
        [
          "atomElementName",
          ""
        ],
        [
          "atomAverageShift",
          4.87
        ],
        [
          "atomStdShift",
          null
        ],
        [
          "atomMinShift",
          4.87
        ],
        [
          "atomMaxShift",
          4.87
        ],
        [
          "atomDistributionRefValue",
          4.87
        ],
        [
          "atomDistributionValuePerPoint",
          1.0
        ],
        [
          "atomStatisticalDistribution",
          []
        ]
      ],
      [
        [
          "_metadata",
          {
            "jsonVersion": 3.0,
            "className": "AtomChemicalShift",
            "classVersion": 1.0,
            "user": "luca",
            "lastPath": "undefined",
            "timestamp": "Tue Jan  9 15:18:15 2024"
          }
        ],
        [
          "atomName",
          "H4'"
        ],
        [
          "atomElementName",
          ""
        ],
        [
          "atomAverageShift",
          4.16
        ],
        [
          "atomStdShift",
          null
        ],
        [
          "atomMinShift",
          4.16
        ],
        [
          "atomMaxShift",
          4.16
        ],
        [
          "atomDistributionRefValue",
          4.16
        ],
        [
          "atomDistributionValuePerPoint",
          1.0
        ],
        [
          "atomStatisticalDistribution",
          []
        ]
      ],
      [
        [
          "_metadata",
          {
            "jsonVersion": 3.0,
            "className": "AtomChemicalShift",
            "classVersion": 1.0,
            "user": "luca",
            "lastPath": "undefined",
            "timestamp": "Tue Jan  9 15:18:15 2024"
          }
        ],
        [
          "atomName",
          "H5'"
        ],
        [
          "atomElementName",
          ""
        ],
        [
          "atomAverageShift",
          4.06
        ],
        [
          "atomStdShift",
          null
        ],
        [
          "atomMinShift",
          4.06
        ],
        [
          "atomMaxShift",
          4.06
        ],
        [
          "atomDistributionRefValue",
          4.06
        ],
        [
          "atomDistributionValuePerPoint",
          1.0
        ],
        [
          "atomStatisticalDistribution",
          []
        ]
      ],
      [
        [
          "_metadata",
          {
            "jsonVersion": 3.0,
            "className": "AtomChemicalShift",
            "classVersion": 1.0,
            "user": "luca",
            "lastPath": "undefined",
            "timestamp": "Tue Jan  9 15:18:15 2024"
          }
        ],
        [
          "atomName",
          "H6"
        ],
        [
          "atomElementName",
          ""
        ],
        [
          "atomAverageShift",
          6.88
        ],
        [
          "atomStdShift",
          null
        ],
        [
          "atomMinShift",
          6.88
        ],
        [
          "atomMaxShift",
          6.88
        ],
        [
          "atomDistributionRefValue",
          6.88
        ],
        [
          "atomDistributionValuePerPoint",
          1.0
        ],
        [
          "atomStatisticalDistribution",
          []
        ]
      ]
    ]
  ]
]