[
  [
    "_metadata",
    {
      "jsonVersion": 3,
      "className": "ReferenceChemicalShift",
      "classVersion": 1,
      "user": "CCPN",
      "lastPath": "/Users/luca/Projects/AnalysisV3/resources/referenceChemicalShifts/NonStandard/Unclassified/CST-2.json",
      "timestamp": "Tue Jan  9 15:18:15 2024",
      "applicationVersion": 3.2
    }
  ],
  [
    "chemicalShiftName",
    "Non-Standard Residues / Small Molecules"
  ],
  [
    "chemicalShiftComment",
    "The CCPN Analysis Version 3 ReferenceChemical shifts retrieved from BMRB"
  ],
  [
    "chemicalShiftEntryDate",
    "2023-09-14-14:25:08"
  ],
  [
    "compoundName",
    ""
  ],
  [
    "compoundShortName",
    "CST-2"
  ],
  [
    "compoundCcpCode",
    "CST-2"
  ],
  [
    "compoundType",
    "Unclassified"
  ],
  [
    "compoundTypeClassification",
    ""
  ],
  [
    "compoundPrecursorName",
    ""
  ],
  [
    "loadingLevel",
    0
  ],
  [
    "atoms",
    [
      [
        [
          "_metadata",
          {
            "jsonVersion": 3.0,
            "className": "AtomChemicalShift",
            "classVersion": 1.0,
            "user": "luca",
            "lastPath": "undefined",
            "timestamp": "Tue Jan  9 15:18:15 2024"
          }
        ],
        [
          "atomName",
          "CA"
        ],
        [
          "atomElementName",
          ""
        ],
        [
          "atomAverageShift",
          53.065
        ],
        [
          "atomStdShift",
          null
        ],
        [
          "atomMinShift",
          53.065
        ],
        [
          "atomMaxShift",
          53.065
        ],
        [
          "atomDistributionRefValue",
          53.065
        ],
        [
          "atomDistributionValuePerPoint",
          1.0
        ],
        [
          "atomStatisticalDistribution",
          []
        ]
      ],
      [
        [
          "_metadata",
          {
            "jsonVersion": 3.0,
            "className": "AtomChemicalShift",
            "classVersion": 1.0,
            "user": "luca",
            "lastPath": "undefined",
            "timestamp": "Tue Jan  9 15:18:15 2024"
          }
        ],
        [
          "atomName",
          "CB"
        ],
        [
          "atomElementName",
          ""
        ],
        [
          "atomAverageShift",
          32.038
        ],
        [
          "atomStdShift",
          null
        ],
        [
          "atomMinShift",
          32.038
        ],
        [
          "atomMaxShift",
          32.038
        ],
        [
          "atomDistributionRefValue",
          32.038
        ],
        [
          "atomDistributionValuePerPoint",
          1.0
        ],
        [
          "atomStatisticalDistribution",
          []
        ]
      ],
      [
        [
          "_metadata",
          {
            "jsonVersion": 3.0,
            "className": "AtomChemicalShift",
            "classVersion": 1.0,
            "user": "luca",
            "lastPath": "undefined",
            "timestamp": "Tue Jan  9 15:18:15 2024"
          }
        ],
        [
          "atomName",
          "CD"
        ],
        [
          "atomElementName",
          ""
        ],
        [
          "atomAverageShift",
          27.406
        ],
        [
          "atomStdShift",
          null
        ],
        [
          "atomMinShift",
          27.406
        ],
        [
          "atomMaxShift",
          27.406
        ],
        [
          "atomDistributionRefValue",
          27.406
        ],
        [
          "atomDistributionValuePerPoint",
          1.0
        ],
        [
          "atomStatisticalDistribution",
          []
        ]
      ],
      [
        [
          "_metadata",
          {
            "jsonVersion": 3.0,
            "className": "AtomChemicalShift",
            "classVersion": 1.0,
            "user": "luca",
            "lastPath": "undefined",
            "timestamp": "Tue Jan  9 15:18:15 2024"
          }
        ],
        [
          "atomName",
          "CE"
        ],
        [
          "atomElementName",
          ""
        ],
        [
          "atomAverageShift",
          30.675
        ],
        [
          "atomStdShift",
          null
        ],
        [
          "atomMinShift",
          30.675
        ],
        [
          "atomMaxShift",
          30.675
        ],
        [
          "atomDistributionRefValue",
          30.675
        ],
        [
          "atomDistributionValuePerPoint",
          1.0
        ],
        [
          "atomStatisticalDistribution",
          []
        ]
      ],
      [
        [
          "_metadata",
          {
            "jsonVersion": 3.0,
            "className": "AtomChemicalShift",
            "classVersion": 1.0,
            "user": "luca",
            "lastPath": "undefined",
            "timestamp": "Tue Jan  9 15:18:15 2024"
          }
        ],
        [
          "atomName",
          "CI1"
        ],
        [
          "atomElementName",
          ""
        ],
        [
          "atomAverageShift",
          21.508
        ],
        [
          "atomStdShift",
          null
        ],
        [
          "atomMinShift",
          21.508
        ],
        [
          "atomMaxShift",
          21.508
        ],
        [
          "atomDistributionRefValue",
          21.508
        ],
        [
          "atomDistributionValuePerPoint",
          1.0
        ],
        [
          "atomStatisticalDistribution",
          []
        ]
      ],
      [
        [
          "_metadata",
          {
            "jsonVersion": 3.0,
            "className": "AtomChemicalShift",
            "classVersion": 1.0,
            "user": "luca",
            "lastPath": "undefined",
            "timestamp": "Tue Jan  9 15:18:15 2024"
          }
        ],
        [
          "atomName",
          "CZ"
        ],
        [
          "atomElementName",
          ""
        ],
        [
          "atomAverageShift",
          52.89
        ],
        [
          "atomStdShift",
          null
        ],
        [
          "atomMinShift",
          52.89
        ],
        [
          "atomMaxShift",
          52.89
        ],
        [
          "atomDistributionRefValue",
          52.89
        ],
        [
          "atomDistributionValuePerPoint",
          1.0
        ],
        [
          "atomStatisticalDistribution",
          []
        ]
      ],
      [
        [
          "_metadata",
          {
            "jsonVersion": 3.0,
            "className": "AtomChemicalShift",
            "classVersion": 1.0,
            "user": "luca",
            "lastPath": "undefined",
            "timestamp": "Tue Jan  9 15:18:15 2024"
          }
        ],
        [
          "atomName",
          "H"
        ],
        [
          "atomElementName",
          ""
        ],
        [
          "atomAverageShift",
          8.437
        ],
        [
          "atomStdShift",
          null
        ],
        [
          "atomMinShift",
          8.437
        ],
        [
          "atomMaxShift",
          8.437
        ],
        [
          "atomDistributionRefValue",
          8.437
        ],
        [
          "atomDistributionValuePerPoint",
          1.0
        ],
        [
          "atomStatisticalDistribution",
          []
        ]
      ],
      [
        [
          "_metadata",
          {
            "jsonVersion": 3.0,
            "className": "AtomChemicalShift",
            "classVersion": 1.0,
            "user": "luca",
            "lastPath": "undefined",
            "timestamp": "Tue Jan  9 15:18:15 2024"
          }
        ],
        [
          "atomName",
          "HA"
        ],
        [
          "atomElementName",
          ""
        ],
        [
          "atomAverageShift",
          4.47
        ],
        [
          "atomStdShift",
          null
        ],
        [
          "atomMinShift",
          4.47
        ],
        [
          "atomMaxShift",
          4.47
        ],
        [
          "atomDistributionRefValue",
          4.47
        ],
        [
          "atomDistributionValuePerPoint",
          1.0
        ],
        [
          "atomStatisticalDistribution",
          []
        ]
      ],
      [
        [
          "_metadata",
          {
            "jsonVersion": 3.0,
            "className": "AtomChemicalShift",
            "classVersion": 1.0,
            "user": "luca",
            "lastPath": "undefined",
            "timestamp": "Tue Jan  9 15:18:15 2024"
          }
        ],
        [
          "atomName",
          "HB2"
        ],
        [
          "atomElementName",
          ""
        ],
        [
          "atomAverageShift",
          3.005
        ],
        [
          "atomStdShift",
          null
        ],
        [
          "atomMinShift",
          3.005
        ],
        [
          "atomMaxShift",
          3.005
        ],
        [
          "atomDistributionRefValue",
          3.005
        ],
        [
          "atomDistributionValuePerPoint",
          1.0
        ],
        [
          "atomStatisticalDistribution",
          []
        ]
      ],
      [
        [
          "_metadata",
          {
            "jsonVersion": 3.0,
            "className": "AtomChemicalShift",
            "classVersion": 1.0,
            "user": "luca",
            "lastPath": "undefined",
            "timestamp": "Tue Jan  9 15:18:15 2024"
          }
        ],
        [
          "atomName",
          "HB3"
        ],
        [
          "atomElementName",
          ""
        ],
        [
          "atomAverageShift",
          2.944
        ],
        [
          "atomStdShift",
          null
        ],
        [
          "atomMinShift",
          2.944
        ],
        [
          "atomMaxShift",
          2.944
        ],
        [
          "atomDistributionRefValue",
          2.944
        ],
        [
          "atomDistributionValuePerPoint",
          1.0
        ],
        [
          "atomStatisticalDistribution",
          []
        ]
      ],
      [
        [
          "_metadata",
          {
            "jsonVersion": 3.0,
            "className": "AtomChemicalShift",
            "classVersion": 1.0,
            "user": "luca",
            "lastPath": "undefined",
            "timestamp": "Tue Jan  9 15:18:15 2024"
          }
        ],
        [
          "atomName",
          "HD1"
        ],
        [
          "atomElementName",
          ""
        ],
        [
          "atomAverageShift",
          2.626
        ],
        [
          "atomStdShift",
          null
        ],
        [
          "atomMinShift",
          2.626
        ],
        [
          "atomMaxShift",
          2.626
        ],
        [
          "atomDistributionRefValue",
          2.626
        ],
        [
          "atomDistributionValuePerPoint",
          1.0
        ],
        [
          "atomStatisticalDistribution",
          []
        ]
      ],
      [
        [
          "_metadata",
          {
            "jsonVersion": 3.0,
            "className": "AtomChemicalShift",
            "classVersion": 1.0,
            "user": "luca",
            "lastPath": "undefined",
            "timestamp": "Tue Jan  9 15:18:15 2024"
          }
        ],
        [
          "atomName",
          "HE1"
        ],
        [
          "atomElementName",
          ""
        ],
        [
          "atomAverageShift",
          2.025
        ],
        [
          "atomStdShift",
          null
        ],
        [
          "atomMinShift",
          2.025
        ],
        [
          "atomMaxShift",
          2.025
        ],
        [
          "atomDistributionRefValue",
          2.025
        ],
        [
          "atomDistributionValuePerPoint",
          1.0
        ],
        [
          "atomStatisticalDistribution",
          []
        ]
      ],
      [
        [
          "_metadata",
          {
            "jsonVersion": 3.0,
            "className": "AtomChemicalShift",
            "classVersion": 1.0,
            "user": "luca",
            "lastPath": "undefined",
            "timestamp": "Tue Jan  9 15:18:15 2024"
          }
        ],
        [
          "atomName",
          "HE2"
        ],
        [
          "atomElementName",
          ""
        ],
        [
          "atomAverageShift",
          1.959
        ],
        [
          "atomStdShift",
          null
        ],
        [
          "atomMinShift",
          1.959
        ],
        [
          "atomMaxShift",
          1.959
        ],
        [
          "atomDistributionRefValue",
          1.959
        ],
        [
          "atomDistributionValuePerPoint",
          1.0
        ],
        [
          "atomStatisticalDistribution",
          []
        ]
      ],
      [
        [
          "_metadata",
          {
            "jsonVersion": 3.0,
            "className": "AtomChemicalShift",
            "classVersion": 1.0,
            "user": "luca",
            "lastPath": "undefined",
            "timestamp": "Tue Jan  9 15:18:15 2024"
          }
        ],
        [
          "atomName",
          "HH11"
        ],
        [
          "atomElementName",
          ""
        ],
        [
          "atomAverageShift",
          8.419
        ],
        [
          "atomStdShift",
          null
        ],
        [
          "atomMinShift",
          8.419
        ],
        [
          "atomMaxShift",
          8.419
        ],
        [
          "atomDistributionRefValue",
          8.419
        ],
        [
          "atomDistributionValuePerPoint",
          1.0
        ],
        [
          "atomStatisticalDistribution",
          []
        ]
      ],
      [
        [
          "_metadata",
          {
            "jsonVersion": 3.0,
            "className": "AtomChemicalShift",
            "classVersion": 1.0,
            "user": "luca",
            "lastPath": "undefined",
            "timestamp": "Tue Jan  9 15:18:15 2024"
          }
        ],
        [
          "atomName",
          "HH21"
        ],
        [
          "atomElementName",
          ""
        ],
        [
          "atomAverageShift",
          7.763
        ],
        [
          "atomStdShift",
          null
        ],
        [
          "atomMinShift",
          7.763
        ],
        [
          "atomMaxShift",
          7.763
        ],
        [
          "atomDistributionRefValue",
          7.763
        ],
        [
          "atomDistributionValuePerPoint",
          1.0
        ],
        [
          "atomStatisticalDistribution",
          []
        ]
      ],
      [
        [
          "_metadata",
          {
            "jsonVersion": 3.0,
            "className": "AtomChemicalShift",
            "classVersion": 1.0,
            "user": "luca",
            "lastPath": "undefined",
            "timestamp": "Tue Jan  9 15:18:15 2024"
          }
        ],
        [
          "atomName",
          "HH22"
        ],
        [
          "atomElementName",
          ""
        ],
        [
          "atomAverageShift",
          7.279
        ],
        [
          "atomStdShift",
          null
        ],
        [
          "atomMinShift",
          7.279
        ],
        [
          "atomMaxShift",
          7.279
        ],
        [
          "atomDistributionRefValue",
          7.279
        ],
        [
          "atomDistributionValuePerPoint",
          1.0
        ],
        [
          "atomStatisticalDistribution",
          []
        ]
      ],
      [
        [
          "_metadata",
          {
            "jsonVersion": 3.0,
            "className": "AtomChemicalShift",
            "classVersion": 1.0,
            "user": "luca",
            "lastPath": "undefined",
            "timestamp": "Tue Jan  9 15:18:15 2024"
          }
        ],
        [
          "atomName",
          "HI1"
        ],
        [
          "atomElementName",
          ""
        ],
        [
          "atomAverageShift",
          2.007
        ],
        [
          "atomStdShift",
          null
        ],
        [
          "atomMinShift",
          2.007
        ],
        [
          "atomMaxShift",
          2.007
        ],
        [
          "atomDistributionRefValue",
          2.007
        ],
        [
          "atomDistributionValuePerPoint",
          1.0
        ],
        [
          "atomStatisticalDistribution",
          []
        ]
      ],
      [
        [
          "_metadata",
          {
            "jsonVersion": 3.0,
            "className": "AtomChemicalShift",
            "classVersion": 1.0,
            "user": "luca",
            "lastPath": "undefined",
            "timestamp": "Tue Jan  9 15:18:15 2024"
          }
        ],
        [
          "atomName",
          "HI2"
        ],
        [
          "atomElementName",
          ""
        ],
        [
          "atomAverageShift",
          2.007
        ],
        [
          "atomStdShift",
          null
        ],
        [
          "atomMinShift",
          2.007
        ],
        [
          "atomMaxShift",
          2.007
        ],
        [
          "atomDistributionRefValue",
          2.007
        ],
        [
          "atomDistributionValuePerPoint",
          1.0
        ],
        [
          "atomStatisticalDistribution",
          []
        ]
      ],
      [
        [
          "_metadata",
          {
            "jsonVersion": 3.0,
            "className": "AtomChemicalShift",
            "classVersion": 1.0,
            "user": "luca",
            "lastPath": "undefined",
            "timestamp": "Tue Jan  9 15:18:15 2024"
          }
        ],
        [
          "atomName",
          "HI3"
        ],
        [
          "atomElementName",
          ""
        ],
        [
          "atomAverageShift",
          2.007
        ],
        [
          "atomStdShift",
          null
        ],
        [
          "atomMinShift",
          2.007
        ],
        [
          "atomMaxShift",
          2.007
        ],
        [
          "atomDistributionRefValue",
          2.007
        ],
        [
          "atomDistributionValuePerPoint",
          1.0
        ],
        [
          "atomStatisticalDistribution",
          []
        ]
      ],
      [
        [
          "_metadata",
          {
            "jsonVersion": 3.0,
            "className": "AtomChemicalShift",
            "classVersion": 1.0,
            "user": "luca",
            "lastPath": "undefined",
            "timestamp": "Tue Jan  9 15:18:15 2024"
          }
        ],
        [
          "atomName",
          "HZ"
        ],
        [
          "atomElementName",
          ""
        ],
        [
          "atomAverageShift",
          4.429
        ],
        [
          "atomStdShift",
          null
        ],
        [
          "atomMinShift",
          4.429
        ],
        [
          "atomMaxShift",
          4.429
        ],
        [
          "atomDistributionRefValue",
          4.429
        ],
        [
          "atomDistributionValuePerPoint",
          1.0
        ],
        [
          "atomStatisticalDistribution",
          []
        ]
      ],
      [
        [
          "_metadata",
          {
            "jsonVersion": 3.0,
            "className": "AtomChemicalShift",
            "classVersion": 1.0,
            "user": "luca",
            "lastPath": "undefined",
            "timestamp": "Tue Jan  9 15:18:15 2024"
          }
        ],
        [
          "atomName",
          "N"
        ],
        [
          "atomElementName",
          ""
        ],
        [
          "atomAverageShift",
          120.536
        ],
        [
          "atomStdShift",
          null
        ],
        [
          "atomMinShift",
          120.536
        ],
        [
          "atomMaxShift",
          120.536
        ],
        [
          "atomDistributionRefValue",
          120.536
        ],
        [
          "atomDistributionValuePerPoint",
          1.0
        ],
        [
          "atomStatisticalDistribution",
          []
        ]
      ],
      [
        [
          "_metadata",
          {
            "jsonVersion": 3.0,
            "className": "AtomChemicalShift",
            "classVersion": 1.0,
            "user": "luca",
            "lastPath": "undefined",
            "timestamp": "Tue Jan  9 15:18:15 2024"
          }
        ],
        [
          "atomName",
          "NH1"
        ],
        [
          "atomElementName",
          ""
        ],
        [
          "atomAverageShift",
          126.674
        ],
        [
          "atomStdShift",
          null
        ],
        [
          "atomMinShift",
          126.674
        ],
        [
          "atomMaxShift",
          126.674
        ],
        [
          "atomDistributionRefValue",
          126.674
        ],
        [
          "atomDistributionValuePerPoint",
          1.0
        ],
        [
          "atomStatisticalDistribution",
          []
        ]
      ],
      [
        [
          "_metadata",
          {
            "jsonVersion": 3.0,
            "className": "AtomChemicalShift",
            "classVersion": 1.0,
            "user": "luca",
            "lastPath": "undefined",
            "timestamp": "Tue Jan  9 15:18:15 2024"
          }
        ],
        [
          "atomName",
          "NH2"
        ],
        [
          "atomElementName",
          ""
        ],
        [
          "atomAverageShift",
          109.438
        ],
        [
          "atomStdShift",
          null
        ],
        [
          "atomMinShift",
          109.438
        ],
        [
          "atomMaxShift",
          109.438
        ],
        [
          "atomDistributionRefValue",
          109.438
        ],
        [
          "atomDistributionValuePerPoint",
          1.0
        ],
        [
          "atomStatisticalDistribution",
          []
        ]
      ]
    ]
  ]
]