[
  [
    "_metadata",
    {
      "jsonVersion": 3,
      "className": "ReferenceChemicalShift",
      "classVersion": 1,
      "user": "CCPN",
      "lastPath": "/Users/luca/Projects/AnalysisV3/resources/referenceChemicalShifts/NonStandard/Unclassified/DHBX.json",
      "timestamp": "Tue Jan  9 15:18:13 2024",
      "applicationVersion": 3.2
    }
  ],
  [
    "chemicalShiftName",
    "Non-Standard Residues / Small Molecules"
  ],
  [
    "chemicalShiftComment",
    "The CCPN Analysis Version 3 ReferenceChemical shifts retrieved from BMRB"
  ],
  [
    "chemicalShiftEntryDate",
    "2023-09-14-14:25:08"
  ],
  [
    "compoundName",
    ""
  ],
  [
    "compoundShortName",
    "DHBX"
  ],
  [
    "compoundCcpCode",
    "DHBX"
  ],
  [
    "compoundType",
    "Unclassified"
  ],
  [
    "compoundTypeClassification",
    ""
  ],
  [
    "compoundPrecursorName",
    ""
  ],
  [
    "loadingLevel",
    0
  ],
  [
    "atoms",
    [
      [
        [
          "_metadata",
          {
            "jsonVersion": 3.0,
            "className": "AtomChemicalShift",
            "classVersion": 1.0,
            "user": "luca",
            "lastPath": "undefined",
            "timestamp": "Tue Jan  9 15:18:13 2024"
          }
        ],
        [
          "atomName",
          "C"
        ],
        [
          "atomElementName",
          ""
        ],
        [
          "atomAverageShift",
          168.9
        ],
        [
          "atomStdShift",
          null
        ],
        [
          "atomMinShift",
          168.9
        ],
        [
          "atomMaxShift",
          168.9
        ],
        [
          "atomDistributionRefValue",
          168.9
        ],
        [
          "atomDistributionValuePerPoint",
          1.0
        ],
        [
          "atomStatisticalDistribution",
          []
        ]
      ],
      [
        [
          "_metadata",
          {
            "jsonVersion": 3.0,
            "className": "AtomChemicalShift",
            "classVersion": 1.0,
            "user": "luca",
            "lastPath": "undefined",
            "timestamp": "Tue Jan  9 15:18:13 2024"
          }
        ],
        [
          "atomName",
          "CA"
        ],
        [
          "atomElementName",
          ""
        ],
        [
          "atomAverageShift",
          130.3
        ],
        [
          "atomStdShift",
          null
        ],
        [
          "atomMinShift",
          130.3
        ],
        [
          "atomMaxShift",
          130.3
        ],
        [
          "atomDistributionRefValue",
          130.3
        ],
        [
          "atomDistributionValuePerPoint",
          1.0
        ],
        [
          "atomStatisticalDistribution",
          []
        ]
      ],
      [
        [
          "_metadata",
          {
            "jsonVersion": 3.0,
            "className": "AtomChemicalShift",
            "classVersion": 1.0,
            "user": "luca",
            "lastPath": "undefined",
            "timestamp": "Tue Jan  9 15:18:13 2024"
          }
        ],
        [
          "atomName",
          "CB"
        ],
        [
          "atomElementName",
          ""
        ],
        [
          "atomAverageShift",
          137.9
        ],
        [
          "atomStdShift",
          null
        ],
        [
          "atomMinShift",
          137.9
        ],
        [
          "atomMaxShift",
          137.9
        ],
        [
          "atomDistributionRefValue",
          137.9
        ],
        [
          "atomDistributionValuePerPoint",
          1.0
        ],
        [
          "atomStatisticalDistribution",
          []
        ]
      ],
      [
        [
          "_metadata",
          {
            "jsonVersion": 3.0,
            "className": "AtomChemicalShift",
            "classVersion": 1.0,
            "user": "luca",
            "lastPath": "undefined",
            "timestamp": "Tue Jan  9 15:18:13 2024"
          }
        ],
        [
          "atomName",
          "CG1"
        ],
        [
          "atomElementName",
          ""
        ],
        [
          "atomAverageShift",
          15.4
        ],
        [
          "atomStdShift",
          null
        ],
        [
          "atomMinShift",
          15.4
        ],
        [
          "atomMaxShift",
          15.4
        ],
        [
          "atomDistributionRefValue",
          15.4
        ],
        [
          "atomDistributionValuePerPoint",
          1.0
        ],
        [
          "atomStatisticalDistribution",
          []
        ]
      ],
      [
        [
          "_metadata",
          {
            "jsonVersion": 3.0,
            "className": "AtomChemicalShift",
            "classVersion": 1.0,
            "user": "luca",
            "lastPath": "undefined",
            "timestamp": "Tue Jan  9 15:18:13 2024"
          }
        ],
        [
          "atomName",
          "H"
        ],
        [
          "atomElementName",
          ""
        ],
        [
          "atomAverageShift",
          9.42
        ],
        [
          "atomStdShift",
          0.438
        ],
        [
          "atomMinShift",
          9.11
        ],
        [
          "atomMaxShift",
          9.73
        ],
        [
          "atomDistributionRefValue",
          9.11
        ],
        [
          "atomDistributionValuePerPoint",
          1.0
        ],
        [
          "atomStatisticalDistribution",
          []
        ]
      ],
      [
        [
          "_metadata",
          {
            "jsonVersion": 3.0,
            "className": "AtomChemicalShift",
            "classVersion": 1.0,
            "user": "luca",
            "lastPath": "undefined",
            "timestamp": "Tue Jan  9 15:18:13 2024"
          }
        ],
        [
          "atomName",
          "HA"
        ],
        [
          "atomElementName",
          ""
        ],
        [
          "atomAverageShift",
          6.7
        ],
        [
          "atomStdShift",
          null
        ],
        [
          "atomMinShift",
          6.7
        ],
        [
          "atomMaxShift",
          6.7
        ],
        [
          "atomDistributionRefValue",
          6.7
        ],
        [
          "atomDistributionValuePerPoint",
          1.0
        ],
        [
          "atomStatisticalDistribution",
          []
        ]
      ],
      [
        [
          "_metadata",
          {
            "jsonVersion": 3.0,
            "className": "AtomChemicalShift",
            "classVersion": 1.0,
            "user": "luca",
            "lastPath": "undefined",
            "timestamp": "Tue Jan  9 15:18:13 2024"
          }
        ],
        [
          "atomName",
          "HB"
        ],
        [
          "atomElementName",
          ""
        ],
        [
          "atomAverageShift",
          1.81
        ],
        [
          "atomStdShift",
          null
        ],
        [
          "atomMinShift",
          1.81
        ],
        [
          "atomMaxShift",
          1.81
        ],
        [
          "atomDistributionRefValue",
          1.81
        ],
        [
          "atomDistributionValuePerPoint",
          1.0
        ],
        [
          "atomStatisticalDistribution",
          []
        ]
      ],
      [
        [
          "_metadata",
          {
            "jsonVersion": 3.0,
            "className": "AtomChemicalShift",
            "classVersion": 1.0,
            "user": "luca",
            "lastPath": "undefined",
            "timestamp": "Tue Jan  9 15:18:13 2024"
          }
        ],
        [
          "atomName",
          "HB1"
        ],
        [
          "atomElementName",
          ""
        ],
        [
          "atomAverageShift",
          6.77
        ],
        [
          "atomStdShift",
          null
        ],
        [
          "atomMinShift",
          6.77
        ],
        [
          "atomMaxShift",
          6.77
        ],
        [
          "atomDistributionRefValue",
          6.77
        ],
        [
          "atomDistributionValuePerPoint",
          1.0
        ],
        [
          "atomStatisticalDistribution",
          []
        ]
      ],
      [
        [
          "_metadata",
          {
            "jsonVersion": 3.0,
            "className": "AtomChemicalShift",
            "classVersion": 1.0,
            "user": "luca",
            "lastPath": "undefined",
            "timestamp": "Tue Jan  9 15:18:13 2024"
          }
        ],
        [
          "atomName",
          "HD11"
        ],
        [
          "atomElementName",
          ""
        ],
        [
          "atomAverageShift",
          169.0
        ],
        [
          "atomStdShift",
          null
        ],
        [
          "atomMinShift",
          169.0
        ],
        [
          "atomMaxShift",
          169.0
        ],
        [
          "atomDistributionRefValue",
          169.0
        ],
        [
          "atomDistributionValuePerPoint",
          1.0
        ],
        [
          "atomStatisticalDistribution",
          []
        ]
      ],
      [
        [
          "_metadata",
          {
            "jsonVersion": 3.0,
            "className": "AtomChemicalShift",
            "classVersion": 1.0,
            "user": "luca",
            "lastPath": "undefined",
            "timestamp": "Tue Jan  9 15:18:13 2024"
          }
        ],
        [
          "atomName",
          "HD12"
        ],
        [
          "atomElementName",
          ""
        ],
        [
          "atomAverageShift",
          130.4
        ],
        [
          "atomStdShift",
          null
        ],
        [
          "atomMinShift",
          130.4
        ],
        [
          "atomMaxShift",
          130.4
        ],
        [
          "atomDistributionRefValue",
          130.4
        ],
        [
          "atomDistributionValuePerPoint",
          1.0
        ],
        [
          "atomStatisticalDistribution",
          []
        ]
      ],
      [
        [
          "_metadata",
          {
            "jsonVersion": 3.0,
            "className": "AtomChemicalShift",
            "classVersion": 1.0,
            "user": "luca",
            "lastPath": "undefined",
            "timestamp": "Tue Jan  9 15:18:13 2024"
          }
        ],
        [
          "atomName",
          "HD13"
        ],
        [
          "atomElementName",
          ""
        ],
        [
          "atomAverageShift",
          136.9
        ],
        [
          "atomStdShift",
          null
        ],
        [
          "atomMinShift",
          136.9
        ],
        [
          "atomMaxShift",
          136.9
        ],
        [
          "atomDistributionRefValue",
          136.9
        ],
        [
          "atomDistributionValuePerPoint",
          1.0
        ],
        [
          "atomStatisticalDistribution",
          []
        ]
      ],
      [
        [
          "_metadata",
          {
            "jsonVersion": 3.0,
            "className": "AtomChemicalShift",
            "classVersion": 1.0,
            "user": "luca",
            "lastPath": "undefined",
            "timestamp": "Tue Jan  9 15:18:13 2024"
          }
        ],
        [
          "atomName",
          "HG1"
        ],
        [
          "atomElementName",
          ""
        ],
        [
          "atomAverageShift",
          1.75
        ],
        [
          "atomStdShift",
          null
        ],
        [
          "atomMinShift",
          1.75
        ],
        [
          "atomMaxShift",
          1.75
        ],
        [
          "atomDistributionRefValue",
          1.75
        ],
        [
          "atomDistributionValuePerPoint",
          1.0
        ],
        [
          "atomStatisticalDistribution",
          []
        ]
      ],
      [
        [
          "_metadata",
          {
            "jsonVersion": 3.0,
            "className": "AtomChemicalShift",
            "classVersion": 1.0,
            "user": "luca",
            "lastPath": "undefined",
            "timestamp": "Tue Jan  9 15:18:13 2024"
          }
        ],
        [
          "atomName",
          "HG12"
        ],
        [
          "atomElementName",
          ""
        ],
        [
          "atomAverageShift",
          15.4
        ],
        [
          "atomStdShift",
          null
        ],
        [
          "atomMinShift",
          15.4
        ],
        [
          "atomMaxShift",
          15.4
        ],
        [
          "atomDistributionRefValue",
          15.4
        ],
        [
          "atomDistributionValuePerPoint",
          1.0
        ],
        [
          "atomStatisticalDistribution",
          []
        ]
      ],
      [
        [
          "_metadata",
          {
            "jsonVersion": 3.0,
            "className": "AtomChemicalShift",
            "classVersion": 1.0,
            "user": "luca",
            "lastPath": "undefined",
            "timestamp": "Tue Jan  9 15:18:13 2024"
          }
        ],
        [
          "atomName",
          "HG13"
        ],
        [
          "atomElementName",
          ""
        ],
        [
          "atomAverageShift",
          122.09
        ],
        [
          "atomStdShift",
          null
        ],
        [
          "atomMinShift",
          122.09
        ],
        [
          "atomMaxShift",
          122.09
        ],
        [
          "atomDistributionRefValue",
          122.09
        ],
        [
          "atomDistributionValuePerPoint",
          1.0
        ],
        [
          "atomStatisticalDistribution",
          []
        ]
      ],
      [
        [
          "_metadata",
          {
            "jsonVersion": 3.0,
            "className": "AtomChemicalShift",
            "classVersion": 1.0,
            "user": "luca",
            "lastPath": "undefined",
            "timestamp": "Tue Jan  9 15:18:13 2024"
          }
        ],
        [
          "atomName",
          "N"
        ],
        [
          "atomElementName",
          ""
        ],
        [
          "atomAverageShift",
          115.94
        ],
        [
          "atomStdShift",
          null
        ],
        [
          "atomMinShift",
          115.94
        ],
        [
          "atomMaxShift",
          115.94
        ],
        [
          "atomDistributionRefValue",
          115.94
        ],
        [
          "atomDistributionValuePerPoint",
          1.0
        ],
        [
          "atomStatisticalDistribution",
          []
        ]
      ]
    ]
  ]
]