[
  [
    "_metadata",
    {
      "jsonVersion": 3,
      "className": "ReferenceChemicalShift",
      "classVersion": 1,
      "user": "CCPN",
      "lastPath": "/Users/luca/Projects/AnalysisV3/resources/referenceChemicalShifts/NonStandard/Unclassified/DPH.json",
      "timestamp": "Tue Jan  9 15:18:15 2024",
      "applicationVersion": 3.2
    }
  ],
  [
    "chemicalShiftName",
    "Non-Standard Residues / Small Molecules"
  ],
  [
    "chemicalShiftComment",
    "The CCPN Analysis Version 3 ReferenceChemical shifts retrieved from BMRB"
  ],
  [
    "chemicalShiftEntryDate",
    "2023-09-14-14:25:08"
  ],
  [
    "compoundName",
    ""
  ],
  [
    "compoundShortName",
    "DPH"
  ],
  [
    "compoundCcpCode",
    "DPH"
  ],
  [
    "compoundType",
    "Unclassified"
  ],
  [
    "compoundTypeClassification",
    ""
  ],
  [
    "compoundPrecursorName",
    ""
  ],
  [
    "loadingLevel",
    0
  ],
  [
    "atoms",
    [
      [
        [
          "_metadata",
          {
            "jsonVersion": 3.0,
            "className": "AtomChemicalShift",
            "classVersion": 1.0,
            "user": "luca",
            "lastPath": "undefined",
            "timestamp": "Tue Jan  9 15:18:15 2024"
          }
        ],
        [
          "atomName",
          "C"
        ],
        [
          "atomElementName",
          ""
        ],
        [
          "atomAverageShift",
          170.5
        ],
        [
          "atomStdShift",
          null
        ],
        [
          "atomMinShift",
          170.5
        ],
        [
          "atomMaxShift",
          170.5
        ],
        [
          "atomDistributionRefValue",
          170.5
        ],
        [
          "atomDistributionValuePerPoint",
          1.0
        ],
        [
          "atomStatisticalDistribution",
          []
        ]
      ],
      [
        [
          "_metadata",
          {
            "jsonVersion": 3.0,
            "className": "AtomChemicalShift",
            "classVersion": 1.0,
            "user": "luca",
            "lastPath": "undefined",
            "timestamp": "Tue Jan  9 15:18:15 2024"
          }
        ],
        [
          "atomName",
          "CA"
        ],
        [
          "atomElementName",
          ""
        ],
        [
          "atomAverageShift",
          64.7
        ],
        [
          "atomStdShift",
          null
        ],
        [
          "atomMinShift",
          64.7
        ],
        [
          "atomMaxShift",
          64.7
        ],
        [
          "atomDistributionRefValue",
          64.7
        ],
        [
          "atomDistributionValuePerPoint",
          1.0
        ],
        [
          "atomStatisticalDistribution",
          []
        ]
      ],
      [
        [
          "_metadata",
          {
            "jsonVersion": 3.0,
            "className": "AtomChemicalShift",
            "classVersion": 1.0,
            "user": "luca",
            "lastPath": "undefined",
            "timestamp": "Tue Jan  9 15:18:15 2024"
          }
        ],
        [
          "atomName",
          "CB"
        ],
        [
          "atomElementName",
          ""
        ],
        [
          "atomAverageShift",
          38.6
        ],
        [
          "atomStdShift",
          null
        ],
        [
          "atomMinShift",
          38.6
        ],
        [
          "atomMaxShift",
          38.6
        ],
        [
          "atomDistributionRefValue",
          38.6
        ],
        [
          "atomDistributionValuePerPoint",
          1.0
        ],
        [
          "atomStatisticalDistribution",
          []
        ]
      ],
      [
        [
          "_metadata",
          {
            "jsonVersion": 3.0,
            "className": "AtomChemicalShift",
            "classVersion": 1.0,
            "user": "luca",
            "lastPath": "undefined",
            "timestamp": "Tue Jan  9 15:18:15 2024"
          }
        ],
        [
          "atomName",
          "CD"
        ],
        [
          "atomElementName",
          ""
        ],
        [
          "atomAverageShift",
          132.0
        ],
        [
          "atomStdShift",
          null
        ],
        [
          "atomMinShift",
          132.0
        ],
        [
          "atomMaxShift",
          132.0
        ],
        [
          "atomDistributionRefValue",
          132.0
        ],
        [
          "atomDistributionValuePerPoint",
          1.0
        ],
        [
          "atomStatisticalDistribution",
          []
        ]
      ],
      [
        [
          "_metadata",
          {
            "jsonVersion": 3.0,
            "className": "AtomChemicalShift",
            "classVersion": 1.0,
            "user": "luca",
            "lastPath": "undefined",
            "timestamp": "Tue Jan  9 15:18:15 2024"
          }
        ],
        [
          "atomName",
          "CE"
        ],
        [
          "atomElementName",
          ""
        ],
        [
          "atomAverageShift",
          132.0
        ],
        [
          "atomStdShift",
          null
        ],
        [
          "atomMinShift",
          132.0
        ],
        [
          "atomMaxShift",
          132.0
        ],
        [
          "atomDistributionRefValue",
          132.0
        ],
        [
          "atomDistributionValuePerPoint",
          1.0
        ],
        [
          "atomStatisticalDistribution",
          []
        ]
      ],
      [
        [
          "_metadata",
          {
            "jsonVersion": 3.0,
            "className": "AtomChemicalShift",
            "classVersion": 1.0,
            "user": "luca",
            "lastPath": "undefined",
            "timestamp": "Tue Jan  9 15:18:15 2024"
          }
        ],
        [
          "atomName",
          "CG"
        ],
        [
          "atomElementName",
          ""
        ],
        [
          "atomAverageShift",
          139.1
        ],
        [
          "atomStdShift",
          null
        ],
        [
          "atomMinShift",
          139.1
        ],
        [
          "atomMaxShift",
          139.1
        ],
        [
          "atomDistributionRefValue",
          139.1
        ],
        [
          "atomDistributionValuePerPoint",
          1.0
        ],
        [
          "atomStatisticalDistribution",
          []
        ]
      ],
      [
        [
          "_metadata",
          {
            "jsonVersion": 3.0,
            "className": "AtomChemicalShift",
            "classVersion": 1.0,
            "user": "luca",
            "lastPath": "undefined",
            "timestamp": "Tue Jan  9 15:18:15 2024"
          }
        ],
        [
          "atomName",
          "CN"
        ],
        [
          "atomElementName",
          ""
        ],
        [
          "atomAverageShift",
          34.1
        ],
        [
          "atomStdShift",
          null
        ],
        [
          "atomMinShift",
          34.1
        ],
        [
          "atomMaxShift",
          34.1
        ],
        [
          "atomDistributionRefValue",
          34.1
        ],
        [
          "atomDistributionValuePerPoint",
          1.0
        ],
        [
          "atomStatisticalDistribution",
          []
        ]
      ],
      [
        [
          "_metadata",
          {
            "jsonVersion": 3.0,
            "className": "AtomChemicalShift",
            "classVersion": 1.0,
            "user": "luca",
            "lastPath": "undefined",
            "timestamp": "Tue Jan  9 15:18:15 2024"
          }
        ],
        [
          "atomName",
          "CZ"
        ],
        [
          "atomElementName",
          ""
        ],
        [
          "atomAverageShift",
          132.0
        ],
        [
          "atomStdShift",
          null
        ],
        [
          "atomMinShift",
          132.0
        ],
        [
          "atomMaxShift",
          132.0
        ],
        [
          "atomDistributionRefValue",
          132.0
        ],
        [
          "atomDistributionValuePerPoint",
          1.0
        ],
        [
          "atomStatisticalDistribution",
          []
        ]
      ],
      [
        [
          "_metadata",
          {
            "jsonVersion": 3.0,
            "className": "AtomChemicalShift",
            "classVersion": 1.0,
            "user": "luca",
            "lastPath": "undefined",
            "timestamp": "Tue Jan  9 15:18:15 2024"
          }
        ],
        [
          "atomName",
          "H"
        ],
        [
          "atomElementName",
          ""
        ],
        [
          "atomAverageShift",
          8.8
        ],
        [
          "atomStdShift",
          null
        ],
        [
          "atomMinShift",
          8.8
        ],
        [
          "atomMaxShift",
          8.8
        ],
        [
          "atomDistributionRefValue",
          8.8
        ],
        [
          "atomDistributionValuePerPoint",
          1.0
        ],
        [
          "atomStatisticalDistribution",
          []
        ]
      ],
      [
        [
          "_metadata",
          {
            "jsonVersion": 3.0,
            "className": "AtomChemicalShift",
            "classVersion": 1.0,
            "user": "luca",
            "lastPath": "undefined",
            "timestamp": "Tue Jan  9 15:18:15 2024"
          }
        ],
        [
          "atomName",
          "N"
        ],
        [
          "atomElementName",
          ""
        ],
        [
          "atomAverageShift",
          40.7
        ],
        [
          "atomStdShift",
          null
        ],
        [
          "atomMinShift",
          40.7
        ],
        [
          "atomMaxShift",
          40.7
        ],
        [
          "atomDistributionRefValue",
          40.7
        ],
        [
          "atomDistributionValuePerPoint",
          1.0
        ],
        [
          "atomStatisticalDistribution",
          []
        ]
      ]
    ]
  ]
]