[
  [
    "_metadata",
    {
      "jsonVersion": 3,
      "className": "ReferenceChemicalShift",
      "classVersion": 1,
      "user": "CCPN",
      "lastPath": "/Users/luca/Projects/AnalysisV3/resources/referenceChemicalShifts/NonStandard/Unclassified/F191.json",
      "timestamp": "Tue Jan  9 15:18:12 2024",
      "applicationVersion": 3.2
    }
  ],
  [
    "chemicalShiftName",
    "Non-Standard Residues / Small Molecules"
  ],
  [
    "chemicalShiftComment",
    "The CCPN Analysis Version 3 ReferenceChemical shifts retrieved from BMRB"
  ],
  [
    "chemicalShiftEntryDate",
    "2023-09-14-14:25:08"
  ],
  [
    "compoundName",
    ""
  ],
  [
    "compoundShortName",
    "F191"
  ],
  [
    "compoundCcpCode",
    "F191"
  ],
  [
    "compoundType",
    "Unclassified"
  ],
  [
    "compoundTypeClassification",
    ""
  ],
  [
    "compoundPrecursorName",
    ""
  ],
  [
    "loadingLevel",
    0
  ],
  [
    "atoms",
    [
      [
        [
          "_metadata",
          {
            "jsonVersion": 3.0,
            "className": "AtomChemicalShift",
            "classVersion": 1.0,
            "user": "luca",
            "lastPath": "undefined",
            "timestamp": "Tue Jan  9 15:18:12 2024"
          }
        ],
        [
          "atomName",
          "H10"
        ],
        [
          "atomElementName",
          ""
        ],
        [
          "atomAverageShift",
          7.16
        ],
        [
          "atomStdShift",
          null
        ],
        [
          "atomMinShift",
          7.16
        ],
        [
          "atomMaxShift",
          7.16
        ],
        [
          "atomDistributionRefValue",
          7.16
        ],
        [
          "atomDistributionValuePerPoint",
          1.0
        ],
        [
          "atomStatisticalDistribution",
          []
        ]
      ],
      [
        [
          "_metadata",
          {
            "jsonVersion": 3.0,
            "className": "AtomChemicalShift",
            "classVersion": 1.0,
            "user": "luca",
            "lastPath": "undefined",
            "timestamp": "Tue Jan  9 15:18:12 2024"
          }
        ],
        [
          "atomName",
          "H11"
        ],
        [
          "atomElementName",
          ""
        ],
        [
          "atomAverageShift",
          0.98
        ],
        [
          "atomStdShift",
          null
        ],
        [
          "atomMinShift",
          0.98
        ],
        [
          "atomMaxShift",
          0.98
        ],
        [
          "atomDistributionRefValue",
          0.98
        ],
        [
          "atomDistributionValuePerPoint",
          1.0
        ],
        [
          "atomStatisticalDistribution",
          []
        ]
      ],
      [
        [
          "_metadata",
          {
            "jsonVersion": 3.0,
            "className": "AtomChemicalShift",
            "classVersion": 1.0,
            "user": "luca",
            "lastPath": "undefined",
            "timestamp": "Tue Jan  9 15:18:12 2024"
          }
        ],
        [
          "atomName",
          "H12"
        ],
        [
          "atomElementName",
          ""
        ],
        [
          "atomAverageShift",
          1.16
        ],
        [
          "atomStdShift",
          null
        ],
        [
          "atomMinShift",
          1.16
        ],
        [
          "atomMaxShift",
          1.16
        ],
        [
          "atomDistributionRefValue",
          1.16
        ],
        [
          "atomDistributionValuePerPoint",
          1.0
        ],
        [
          "atomStatisticalDistribution",
          []
        ]
      ],
      [
        [
          "_metadata",
          {
            "jsonVersion": 3.0,
            "className": "AtomChemicalShift",
            "classVersion": 1.0,
            "user": "luca",
            "lastPath": "undefined",
            "timestamp": "Tue Jan  9 15:18:12 2024"
          }
        ],
        [
          "atomName",
          "H121"
        ],
        [
          "atomElementName",
          ""
        ],
        [
          "atomAverageShift",
          7.16
        ],
        [
          "atomStdShift",
          null
        ],
        [
          "atomMinShift",
          7.16
        ],
        [
          "atomMaxShift",
          7.16
        ],
        [
          "atomDistributionRefValue",
          7.16
        ],
        [
          "atomDistributionValuePerPoint",
          1.0
        ],
        [
          "atomStatisticalDistribution",
          []
        ]
      ],
      [
        [
          "_metadata",
          {
            "jsonVersion": 3.0,
            "className": "AtomChemicalShift",
            "classVersion": 1.0,
            "user": "luca",
            "lastPath": "undefined",
            "timestamp": "Tue Jan  9 15:18:12 2024"
          }
        ],
        [
          "atomName",
          "H131"
        ],
        [
          "atomElementName",
          ""
        ],
        [
          "atomAverageShift",
          7.32
        ],
        [
          "atomStdShift",
          null
        ],
        [
          "atomMinShift",
          7.32
        ],
        [
          "atomMaxShift",
          7.32
        ],
        [
          "atomDistributionRefValue",
          7.32
        ],
        [
          "atomDistributionValuePerPoint",
          1.0
        ],
        [
          "atomStatisticalDistribution",
          []
        ]
      ],
      [
        [
          "_metadata",
          {
            "jsonVersion": 3.0,
            "className": "AtomChemicalShift",
            "classVersion": 1.0,
            "user": "luca",
            "lastPath": "undefined",
            "timestamp": "Tue Jan  9 15:18:12 2024"
          }
        ],
        [
          "atomName",
          "H14"
        ],
        [
          "atomElementName",
          ""
        ],
        [
          "atomAverageShift",
          2.22
        ],
        [
          "atomStdShift",
          null
        ],
        [
          "atomMinShift",
          2.22
        ],
        [
          "atomMaxShift",
          2.22
        ],
        [
          "atomDistributionRefValue",
          2.22
        ],
        [
          "atomDistributionValuePerPoint",
          1.0
        ],
        [
          "atomStatisticalDistribution",
          []
        ]
      ],
      [
        [
          "_metadata",
          {
            "jsonVersion": 3.0,
            "className": "AtomChemicalShift",
            "classVersion": 1.0,
            "user": "luca",
            "lastPath": "undefined",
            "timestamp": "Tue Jan  9 15:18:12 2024"
          }
        ],
        [
          "atomName",
          "H21"
        ],
        [
          "atomElementName",
          ""
        ],
        [
          "atomAverageShift",
          3.2
        ],
        [
          "atomStdShift",
          null
        ],
        [
          "atomMinShift",
          3.2
        ],
        [
          "atomMaxShift",
          3.2
        ],
        [
          "atomDistributionRefValue",
          3.2
        ],
        [
          "atomDistributionValuePerPoint",
          1.0
        ],
        [
          "atomStatisticalDistribution",
          []
        ]
      ],
      [
        [
          "_metadata",
          {
            "jsonVersion": 3.0,
            "className": "AtomChemicalShift",
            "classVersion": 1.0,
            "user": "luca",
            "lastPath": "undefined",
            "timestamp": "Tue Jan  9 15:18:12 2024"
          }
        ],
        [
          "atomName",
          "H22"
        ],
        [
          "atomElementName",
          ""
        ],
        [
          "atomAverageShift",
          2.94
        ],
        [
          "atomStdShift",
          null
        ],
        [
          "atomMinShift",
          2.94
        ],
        [
          "atomMaxShift",
          2.94
        ],
        [
          "atomDistributionRefValue",
          2.94
        ],
        [
          "atomDistributionValuePerPoint",
          1.0
        ],
        [
          "atomStatisticalDistribution",
          []
        ]
      ],
      [
        [
          "_metadata",
          {
            "jsonVersion": 3.0,
            "className": "AtomChemicalShift",
            "classVersion": 1.0,
            "user": "luca",
            "lastPath": "undefined",
            "timestamp": "Tue Jan  9 15:18:12 2024"
          }
        ],
        [
          "atomName",
          "H31"
        ],
        [
          "atomElementName",
          ""
        ],
        [
          "atomAverageShift",
          3.0
        ],
        [
          "atomStdShift",
          null
        ],
        [
          "atomMinShift",
          3.0
        ],
        [
          "atomMaxShift",
          3.0
        ],
        [
          "atomDistributionRefValue",
          3.0
        ],
        [
          "atomDistributionValuePerPoint",
          1.0
        ],
        [
          "atomStatisticalDistribution",
          []
        ]
      ],
      [
        [
          "_metadata",
          {
            "jsonVersion": 3.0,
            "className": "AtomChemicalShift",
            "classVersion": 1.0,
            "user": "luca",
            "lastPath": "undefined",
            "timestamp": "Tue Jan  9 15:18:12 2024"
          }
        ],
        [
          "atomName",
          "H32"
        ],
        [
          "atomElementName",
          ""
        ],
        [
          "atomAverageShift",
          2.87
        ],
        [
          "atomStdShift",
          null
        ],
        [
          "atomMinShift",
          2.87
        ],
        [
          "atomMaxShift",
          2.87
        ],
        [
          "atomDistributionRefValue",
          2.87
        ],
        [
          "atomDistributionValuePerPoint",
          1.0
        ],
        [
          "atomStatisticalDistribution",
          []
        ]
      ],
      [
        [
          "_metadata",
          {
            "jsonVersion": 3.0,
            "className": "AtomChemicalShift",
            "classVersion": 1.0,
            "user": "luca",
            "lastPath": "undefined",
            "timestamp": "Tue Jan  9 15:18:12 2024"
          }
        ],
        [
          "atomName",
          "H41"
        ],
        [
          "atomElementName",
          ""
        ],
        [
          "atomAverageShift",
          3.0
        ],
        [
          "atomStdShift",
          null
        ],
        [
          "atomMinShift",
          3.0
        ],
        [
          "atomMaxShift",
          3.0
        ],
        [
          "atomDistributionRefValue",
          3.0
        ],
        [
          "atomDistributionValuePerPoint",
          1.0
        ],
        [
          "atomStatisticalDistribution",
          []
        ]
      ],
      [
        [
          "_metadata",
          {
            "jsonVersion": 3.0,
            "className": "AtomChemicalShift",
            "classVersion": 1.0,
            "user": "luca",
            "lastPath": "undefined",
            "timestamp": "Tue Jan  9 15:18:12 2024"
          }
        ],
        [
          "atomName",
          "H42"
        ],
        [
          "atomElementName",
          ""
        ],
        [
          "atomAverageShift",
          2.87
        ],
        [
          "atomStdShift",
          null
        ],
        [
          "atomMinShift",
          2.87
        ],
        [
          "atomMaxShift",
          2.87
        ],
        [
          "atomDistributionRefValue",
          2.87
        ],
        [
          "atomDistributionValuePerPoint",
          1.0
        ],
        [
          "atomStatisticalDistribution",
          []
        ]
      ],
      [
        [
          "_metadata",
          {
            "jsonVersion": 3.0,
            "className": "AtomChemicalShift",
            "classVersion": 1.0,
            "user": "luca",
            "lastPath": "undefined",
            "timestamp": "Tue Jan  9 15:18:12 2024"
          }
        ],
        [
          "atomName",
          "H51"
        ],
        [
          "atomElementName",
          ""
        ],
        [
          "atomAverageShift",
          3.2
        ],
        [
          "atomStdShift",
          null
        ],
        [
          "atomMinShift",
          3.2
        ],
        [
          "atomMaxShift",
          3.2
        ],
        [
          "atomDistributionRefValue",
          3.2
        ],
        [
          "atomDistributionValuePerPoint",
          1.0
        ],
        [
          "atomStatisticalDistribution",
          []
        ]
      ],
      [
        [
          "_metadata",
          {
            "jsonVersion": 3.0,
            "className": "AtomChemicalShift",
            "classVersion": 1.0,
            "user": "luca",
            "lastPath": "undefined",
            "timestamp": "Tue Jan  9 15:18:12 2024"
          }
        ],
        [
          "atomName",
          "H52"
        ],
        [
          "atomElementName",
          ""
        ],
        [
          "atomAverageShift",
          2.94
        ],
        [
          "atomStdShift",
          null
        ],
        [
          "atomMinShift",
          2.94
        ],
        [
          "atomMaxShift",
          2.94
        ],
        [
          "atomDistributionRefValue",
          2.94
        ],
        [
          "atomDistributionValuePerPoint",
          1.0
        ],
        [
          "atomStatisticalDistribution",
          []
        ]
      ],
      [
        [
          "_metadata",
          {
            "jsonVersion": 3.0,
            "className": "AtomChemicalShift",
            "classVersion": 1.0,
            "user": "luca",
            "lastPath": "undefined",
            "timestamp": "Tue Jan  9 15:18:12 2024"
          }
        ],
        [
          "atomName",
          "H71"
        ],
        [
          "atomElementName",
          ""
        ],
        [
          "atomAverageShift",
          3.48
        ],
        [
          "atomStdShift",
          null
        ],
        [
          "atomMinShift",
          3.48
        ],
        [
          "atomMaxShift",
          3.48
        ],
        [
          "atomDistributionRefValue",
          3.48
        ],
        [
          "atomDistributionValuePerPoint",
          1.0
        ],
        [
          "atomStatisticalDistribution",
          []
        ]
      ],
      [
        [
          "_metadata",
          {
            "jsonVersion": 3.0,
            "className": "AtomChemicalShift",
            "classVersion": 1.0,
            "user": "luca",
            "lastPath": "undefined",
            "timestamp": "Tue Jan  9 15:18:12 2024"
          }
        ],
        [
          "atomName",
          "H72"
        ],
        [
          "atomElementName",
          ""
        ],
        [
          "atomAverageShift",
          3.3
        ],
        [
          "atomStdShift",
          null
        ],
        [
          "atomMinShift",
          3.3
        ],
        [
          "atomMaxShift",
          3.3
        ],
        [
          "atomDistributionRefValue",
          3.3
        ],
        [
          "atomDistributionValuePerPoint",
          1.0
        ],
        [
          "atomStatisticalDistribution",
          []
        ]
      ],
      [
        [
          "_metadata",
          {
            "jsonVersion": 3.0,
            "className": "AtomChemicalShift",
            "classVersion": 1.0,
            "user": "luca",
            "lastPath": "undefined",
            "timestamp": "Tue Jan  9 15:18:12 2024"
          }
        ],
        [
          "atomName",
          "H9"
        ],
        [
          "atomElementName",
          ""
        ],
        [
          "atomAverageShift",
          7.32
        ],
        [
          "atomStdShift",
          null
        ],
        [
          "atomMinShift",
          7.32
        ],
        [
          "atomMaxShift",
          7.32
        ],
        [
          "atomDistributionRefValue",
          7.32
        ],
        [
          "atomDistributionValuePerPoint",
          1.0
        ],
        [
          "atomStatisticalDistribution",
          []
        ]
      ]
    ]
  ]
]