[
  [
    "_metadata",
    {
      "jsonVersion": 3,
      "className": "ReferenceChemicalShift",
      "classVersion": 1,
      "user": "CCPN",
      "lastPath": "/Users/luca/Projects/AnalysisV3/resources/referenceChemicalShifts/NonStandard/Unclassified/HEC_ox.json",
      "timestamp": "Tue Jan  9 15:18:12 2024",
      "applicationVersion": 3.2
    }
  ],
  [
    "chemicalShiftName",
    "Non-Standard Residues / Small Molecules"
  ],
  [
    "chemicalShiftComment",
    "The CCPN Analysis Version 3 ReferenceChemical shifts retrieved from BMRB"
  ],
  [
    "chemicalShiftEntryDate",
    "2023-09-14-14:25:08"
  ],
  [
    "compoundName",
    ""
  ],
  [
    "compoundShortName",
    "HEC_ox"
  ],
  [
    "compoundCcpCode",
    "HEC_ox"
  ],
  [
    "compoundType",
    "Unclassified"
  ],
  [
    "compoundTypeClassification",
    ""
  ],
  [
    "compoundPrecursorName",
    ""
  ],
  [
    "loadingLevel",
    0
  ],
  [
    "atoms",
    [
      [
        [
          "_metadata",
          {
            "jsonVersion": 3.0,
            "className": "AtomChemicalShift",
            "classVersion": 1.0,
            "user": "luca",
            "lastPath": "undefined",
            "timestamp": "Tue Jan  9 15:18:12 2024"
          }
        ],
        [
          "atomName",
          "1HAA"
        ],
        [
          "atomElementName",
          ""
        ],
        [
          "atomAverageShift",
          8.11
        ],
        [
          "atomStdShift",
          null
        ],
        [
          "atomMinShift",
          8.11
        ],
        [
          "atomMaxShift",
          8.11
        ],
        [
          "atomDistributionRefValue",
          8.11
        ],
        [
          "atomDistributionValuePerPoint",
          1.0
        ],
        [
          "atomStatisticalDistribution",
          []
        ]
      ],
      [
        [
          "_metadata",
          {
            "jsonVersion": 3.0,
            "className": "AtomChemicalShift",
            "classVersion": 1.0,
            "user": "luca",
            "lastPath": "undefined",
            "timestamp": "Tue Jan  9 15:18:12 2024"
          }
        ],
        [
          "atomName",
          "1HAD"
        ],
        [
          "atomElementName",
          ""
        ],
        [
          "atomAverageShift",
          9.61
        ],
        [
          "atomStdShift",
          null
        ],
        [
          "atomMinShift",
          9.61
        ],
        [
          "atomMaxShift",
          9.61
        ],
        [
          "atomDistributionRefValue",
          9.61
        ],
        [
          "atomDistributionValuePerPoint",
          1.0
        ],
        [
          "atomStatisticalDistribution",
          []
        ]
      ],
      [
        [
          "_metadata",
          {
            "jsonVersion": 3.0,
            "className": "AtomChemicalShift",
            "classVersion": 1.0,
            "user": "luca",
            "lastPath": "undefined",
            "timestamp": "Tue Jan  9 15:18:12 2024"
          }
        ],
        [
          "atomName",
          "1HBA"
        ],
        [
          "atomElementName",
          ""
        ],
        [
          "atomAverageShift",
          -0.09
        ],
        [
          "atomStdShift",
          null
        ],
        [
          "atomMinShift",
          -0.09
        ],
        [
          "atomMaxShift",
          -0.09
        ],
        [
          "atomDistributionRefValue",
          -0.09
        ],
        [
          "atomDistributionValuePerPoint",
          1.0
        ],
        [
          "atomStatisticalDistribution",
          []
        ]
      ],
      [
        [
          "_metadata",
          {
            "jsonVersion": 3.0,
            "className": "AtomChemicalShift",
            "classVersion": 1.0,
            "user": "luca",
            "lastPath": "undefined",
            "timestamp": "Tue Jan  9 15:18:12 2024"
          }
        ],
        [
          "atomName",
          "1HBC"
        ],
        [
          "atomElementName",
          ""
        ],
        [
          "atomAverageShift",
          0.21
        ],
        [
          "atomStdShift",
          null
        ],
        [
          "atomMinShift",
          0.21
        ],
        [
          "atomMaxShift",
          0.21
        ],
        [
          "atomDistributionRefValue",
          0.21
        ],
        [
          "atomDistributionValuePerPoint",
          1.0
        ],
        [
          "atomStatisticalDistribution",
          []
        ]
      ],
      [
        [
          "_metadata",
          {
            "jsonVersion": 3.0,
            "className": "AtomChemicalShift",
            "classVersion": 1.0,
            "user": "luca",
            "lastPath": "undefined",
            "timestamp": "Tue Jan  9 15:18:12 2024"
          }
        ],
        [
          "atomName",
          "1HBD"
        ],
        [
          "atomElementName",
          ""
        ],
        [
          "atomAverageShift",
          -2.16
        ],
        [
          "atomStdShift",
          null
        ],
        [
          "atomMinShift",
          -2.16
        ],
        [
          "atomMaxShift",
          -2.16
        ],
        [
          "atomDistributionRefValue",
          -2.16
        ],
        [
          "atomDistributionValuePerPoint",
          1.0
        ],
        [
          "atomStatisticalDistribution",
          []
        ]
      ],
      [
        [
          "_metadata",
          {
            "jsonVersion": 3.0,
            "className": "AtomChemicalShift",
            "classVersion": 1.0,
            "user": "luca",
            "lastPath": "undefined",
            "timestamp": "Tue Jan  9 15:18:12 2024"
          }
        ],
        [
          "atomName",
          "1HMA"
        ],
        [
          "atomElementName",
          ""
        ],
        [
          "atomAverageShift",
          14.56
        ],
        [
          "atomStdShift",
          null
        ],
        [
          "atomMinShift",
          14.56
        ],
        [
          "atomMaxShift",
          14.56
        ],
        [
          "atomDistributionRefValue",
          14.56
        ],
        [
          "atomDistributionValuePerPoint",
          1.0
        ],
        [
          "atomStatisticalDistribution",
          []
        ]
      ],
      [
        [
          "_metadata",
          {
            "jsonVersion": 3.0,
            "className": "AtomChemicalShift",
            "classVersion": 1.0,
            "user": "luca",
            "lastPath": "undefined",
            "timestamp": "Tue Jan  9 15:18:12 2024"
          }
        ],
        [
          "atomName",
          "1HMB"
        ],
        [
          "atomElementName",
          ""
        ],
        [
          "atomAverageShift",
          8.62
        ],
        [
          "atomStdShift",
          null
        ],
        [
          "atomMinShift",
          8.62
        ],
        [
          "atomMaxShift",
          8.62
        ],
        [
          "atomDistributionRefValue",
          8.62
        ],
        [
          "atomDistributionValuePerPoint",
          1.0
        ],
        [
          "atomStatisticalDistribution",
          []
        ]
      ],
      [
        [
          "_metadata",
          {
            "jsonVersion": 3.0,
            "className": "AtomChemicalShift",
            "classVersion": 1.0,
            "user": "luca",
            "lastPath": "undefined",
            "timestamp": "Tue Jan  9 15:18:12 2024"
          }
        ],
        [
          "atomName",
          "1HMC"
        ],
        [
          "atomElementName",
          ""
        ],
        [
          "atomAverageShift",
          17.57
        ],
        [
          "atomStdShift",
          null
        ],
        [
          "atomMinShift",
          17.57
        ],
        [
          "atomMaxShift",
          17.57
        ],
        [
          "atomDistributionRefValue",
          17.57
        ],
        [
          "atomDistributionValuePerPoint",
          1.0
        ],
        [
          "atomStatisticalDistribution",
          []
        ]
      ],
      [
        [
          "_metadata",
          {
            "jsonVersion": 3.0,
            "className": "AtomChemicalShift",
            "classVersion": 1.0,
            "user": "luca",
            "lastPath": "undefined",
            "timestamp": "Tue Jan  9 15:18:12 2024"
          }
        ],
        [
          "atomName",
          "1HMD"
        ],
        [
          "atomElementName",
          ""
        ],
        [
          "atomAverageShift",
          12.8
        ],
        [
          "atomStdShift",
          null
        ],
        [
          "atomMinShift",
          12.8
        ],
        [
          "atomMaxShift",
          12.8
        ],
        [
          "atomDistributionRefValue",
          12.8
        ],
        [
          "atomDistributionValuePerPoint",
          1.0
        ],
        [
          "atomStatisticalDistribution",
          []
        ]
      ],
      [
        [
          "_metadata",
          {
            "jsonVersion": 3.0,
            "className": "AtomChemicalShift",
            "classVersion": 1.0,
            "user": "luca",
            "lastPath": "undefined",
            "timestamp": "Tue Jan  9 15:18:12 2024"
          }
        ],
        [
          "atomName",
          "2HAA"
        ],
        [
          "atomElementName",
          ""
        ],
        [
          "atomAverageShift",
          4.63
        ],
        [
          "atomStdShift",
          null
        ],
        [
          "atomMinShift",
          4.63
        ],
        [
          "atomMaxShift",
          4.63
        ],
        [
          "atomDistributionRefValue",
          4.63
        ],
        [
          "atomDistributionValuePerPoint",
          1.0
        ],
        [
          "atomStatisticalDistribution",
          []
        ]
      ],
      [
        [
          "_metadata",
          {
            "jsonVersion": 3.0,
            "className": "AtomChemicalShift",
            "classVersion": 1.0,
            "user": "luca",
            "lastPath": "undefined",
            "timestamp": "Tue Jan  9 15:18:12 2024"
          }
        ],
        [
          "atomName",
          "2HAD"
        ],
        [
          "atomElementName",
          ""
        ],
        [
          "atomAverageShift",
          3.83
        ],
        [
          "atomStdShift",
          null
        ],
        [
          "atomMinShift",
          3.83
        ],
        [
          "atomMaxShift",
          3.83
        ],
        [
          "atomDistributionRefValue",
          3.83
        ],
        [
          "atomDistributionValuePerPoint",
          1.0
        ],
        [
          "atomStatisticalDistribution",
          []
        ]
      ],
      [
        [
          "_metadata",
          {
            "jsonVersion": 3.0,
            "className": "AtomChemicalShift",
            "classVersion": 1.0,
            "user": "luca",
            "lastPath": "undefined",
            "timestamp": "Tue Jan  9 15:18:12 2024"
          }
        ],
        [
          "atomName",
          "2HBA"
        ],
        [
          "atomElementName",
          ""
        ],
        [
          "atomAverageShift",
          -0.4
        ],
        [
          "atomStdShift",
          null
        ],
        [
          "atomMinShift",
          -0.4
        ],
        [
          "atomMaxShift",
          -0.4
        ],
        [
          "atomDistributionRefValue",
          -0.4
        ],
        [
          "atomDistributionValuePerPoint",
          1.0
        ],
        [
          "atomStatisticalDistribution",
          []
        ]
      ],
      [
        [
          "_metadata",
          {
            "jsonVersion": 3.0,
            "className": "AtomChemicalShift",
            "classVersion": 1.0,
            "user": "luca",
            "lastPath": "undefined",
            "timestamp": "Tue Jan  9 15:18:12 2024"
          }
        ],
        [
          "atomName",
          "2HBC"
        ],
        [
          "atomElementName",
          ""
        ],
        [
          "atomAverageShift",
          0.21
        ],
        [
          "atomStdShift",
          null
        ],
        [
          "atomMinShift",
          0.21
        ],
        [
          "atomMaxShift",
          0.21
        ],
        [
          "atomDistributionRefValue",
          0.21
        ],
        [
          "atomDistributionValuePerPoint",
          1.0
        ],
        [
          "atomStatisticalDistribution",
          []
        ]
      ],
      [
        [
          "_metadata",
          {
            "jsonVersion": 3.0,
            "className": "AtomChemicalShift",
            "classVersion": 1.0,
            "user": "luca",
            "lastPath": "undefined",
            "timestamp": "Tue Jan  9 15:18:12 2024"
          }
        ],
        [
          "atomName",
          "2HBD"
        ],
        [
          "atomElementName",
          ""
        ],
        [
          "atomAverageShift",
          0.62
        ],
        [
          "atomStdShift",
          null
        ],
        [
          "atomMinShift",
          0.62
        ],
        [
          "atomMaxShift",
          0.62
        ],
        [
          "atomDistributionRefValue",
          0.62
        ],
        [
          "atomDistributionValuePerPoint",
          1.0
        ],
        [
          "atomStatisticalDistribution",
          []
        ]
      ],
      [
        [
          "_metadata",
          {
            "jsonVersion": 3.0,
            "className": "AtomChemicalShift",
            "classVersion": 1.0,
            "user": "luca",
            "lastPath": "undefined",
            "timestamp": "Tue Jan  9 15:18:12 2024"
          }
        ],
        [
          "atomName",
          "2HMA"
        ],
        [
          "atomElementName",
          ""
        ],
        [
          "atomAverageShift",
          14.56
        ],
        [
          "atomStdShift",
          null
        ],
        [
          "atomMinShift",
          14.56
        ],
        [
          "atomMaxShift",
          14.56
        ],
        [
          "atomDistributionRefValue",
          14.56
        ],
        [
          "atomDistributionValuePerPoint",
          1.0
        ],
        [
          "atomStatisticalDistribution",
          []
        ]
      ],
      [
        [
          "_metadata",
          {
            "jsonVersion": 3.0,
            "className": "AtomChemicalShift",
            "classVersion": 1.0,
            "user": "luca",
            "lastPath": "undefined",
            "timestamp": "Tue Jan  9 15:18:12 2024"
          }
        ],
        [
          "atomName",
          "2HMB"
        ],
        [
          "atomElementName",
          ""
        ],
        [
          "atomAverageShift",
          8.62
        ],
        [
          "atomStdShift",
          null
        ],
        [
          "atomMinShift",
          8.62
        ],
        [
          "atomMaxShift",
          8.62
        ],
        [
          "atomDistributionRefValue",
          8.62
        ],
        [
          "atomDistributionValuePerPoint",
          1.0
        ],
        [
          "atomStatisticalDistribution",
          []
        ]
      ],
      [
        [
          "_metadata",
          {
            "jsonVersion": 3.0,
            "className": "AtomChemicalShift",
            "classVersion": 1.0,
            "user": "luca",
            "lastPath": "undefined",
            "timestamp": "Tue Jan  9 15:18:12 2024"
          }
        ],
        [
          "atomName",
          "2HMC"
        ],
        [
          "atomElementName",
          ""
        ],
        [
          "atomAverageShift",
          17.57
        ],
        [
          "atomStdShift",
          null
        ],
        [
          "atomMinShift",
          17.57
        ],
        [
          "atomMaxShift",
          17.57
        ],
        [
          "atomDistributionRefValue",
          17.57
        ],
        [
          "atomDistributionValuePerPoint",
          1.0
        ],
        [
          "atomStatisticalDistribution",
          []
        ]
      ],
      [
        [
          "_metadata",
          {
            "jsonVersion": 3.0,
            "className": "AtomChemicalShift",
            "classVersion": 1.0,
            "user": "luca",
            "lastPath": "undefined",
            "timestamp": "Tue Jan  9 15:18:12 2024"
          }
        ],
        [
          "atomName",
          "2HMD"
        ],
        [
          "atomElementName",
          ""
        ],
        [
          "atomAverageShift",
          12.8
        ],
        [
          "atomStdShift",
          null
        ],
        [
          "atomMinShift",
          12.8
        ],
        [
          "atomMaxShift",
          12.8
        ],
        [
          "atomDistributionRefValue",
          12.8
        ],
        [
          "atomDistributionValuePerPoint",
          1.0
        ],
        [
          "atomStatisticalDistribution",
          []
        ]
      ],
      [
        [
          "_metadata",
          {
            "jsonVersion": 3.0,
            "className": "AtomChemicalShift",
            "classVersion": 1.0,
            "user": "luca",
            "lastPath": "undefined",
            "timestamp": "Tue Jan  9 15:18:12 2024"
          }
        ],
        [
          "atomName",
          "3HBC"
        ],
        [
          "atomElementName",
          ""
        ],
        [
          "atomAverageShift",
          0.21
        ],
        [
          "atomStdShift",
          null
        ],
        [
          "atomMinShift",
          0.21
        ],
        [
          "atomMaxShift",
          0.21
        ],
        [
          "atomDistributionRefValue",
          0.21
        ],
        [
          "atomDistributionValuePerPoint",
          1.0
        ],
        [
          "atomStatisticalDistribution",
          []
        ]
      ],
      [
        [
          "_metadata",
          {
            "jsonVersion": 3.0,
            "className": "AtomChemicalShift",
            "classVersion": 1.0,
            "user": "luca",
            "lastPath": "undefined",
            "timestamp": "Tue Jan  9 15:18:12 2024"
          }
        ],
        [
          "atomName",
          "3HMA"
        ],
        [
          "atomElementName",
          ""
        ],
        [
          "atomAverageShift",
          14.56
        ],
        [
          "atomStdShift",
          null
        ],
        [
          "atomMinShift",
          14.56
        ],
        [
          "atomMaxShift",
          14.56
        ],
        [
          "atomDistributionRefValue",
          14.56
        ],
        [
          "atomDistributionValuePerPoint",
          1.0
        ],
        [
          "atomStatisticalDistribution",
          []
        ]
      ],
      [
        [
          "_metadata",
          {
            "jsonVersion": 3.0,
            "className": "AtomChemicalShift",
            "classVersion": 1.0,
            "user": "luca",
            "lastPath": "undefined",
            "timestamp": "Tue Jan  9 15:18:12 2024"
          }
        ],
        [
          "atomName",
          "3HMB"
        ],
        [
          "atomElementName",
          ""
        ],
        [
          "atomAverageShift",
          8.62
        ],
        [
          "atomStdShift",
          null
        ],
        [
          "atomMinShift",
          8.62
        ],
        [
          "atomMaxShift",
          8.62
        ],
        [
          "atomDistributionRefValue",
          8.62
        ],
        [
          "atomDistributionValuePerPoint",
          1.0
        ],
        [
          "atomStatisticalDistribution",
          []
        ]
      ],
      [
        [
          "_metadata",
          {
            "jsonVersion": 3.0,
            "className": "AtomChemicalShift",
            "classVersion": 1.0,
            "user": "luca",
            "lastPath": "undefined",
            "timestamp": "Tue Jan  9 15:18:12 2024"
          }
        ],
        [
          "atomName",
          "3HMC"
        ],
        [
          "atomElementName",
          ""
        ],
        [
          "atomAverageShift",
          17.57
        ],
        [
          "atomStdShift",
          null
        ],
        [
          "atomMinShift",
          17.57
        ],
        [
          "atomMaxShift",
          17.57
        ],
        [
          "atomDistributionRefValue",
          17.57
        ],
        [
          "atomDistributionValuePerPoint",
          1.0
        ],
        [
          "atomStatisticalDistribution",
          []
        ]
      ],
      [
        [
          "_metadata",
          {
            "jsonVersion": 3.0,
            "className": "AtomChemicalShift",
            "classVersion": 1.0,
            "user": "luca",
            "lastPath": "undefined",
            "timestamp": "Tue Jan  9 15:18:12 2024"
          }
        ],
        [
          "atomName",
          "3HMD"
        ],
        [
          "atomElementName",
          ""
        ],
        [
          "atomAverageShift",
          12.8
        ],
        [
          "atomStdShift",
          null
        ],
        [
          "atomMinShift",
          12.8
        ],
        [
          "atomMaxShift",
          12.8
        ],
        [
          "atomDistributionRefValue",
          12.8
        ],
        [
          "atomDistributionValuePerPoint",
          1.0
        ],
        [
          "atomStatisticalDistribution",
          []
        ]
      ],
      [
        [
          "_metadata",
          {
            "jsonVersion": 3.0,
            "className": "AtomChemicalShift",
            "classVersion": 1.0,
            "user": "luca",
            "lastPath": "undefined",
            "timestamp": "Tue Jan  9 15:18:12 2024"
          }
        ],
        [
          "atomName",
          "HAB"
        ],
        [
          "atomElementName",
          ""
        ],
        [
          "atomAverageShift",
          -2.27
        ],
        [
          "atomStdShift",
          null
        ],
        [
          "atomMinShift",
          -2.27
        ],
        [
          "atomMaxShift",
          -2.27
        ],
        [
          "atomDistributionRefValue",
          -2.27
        ],
        [
          "atomDistributionValuePerPoint",
          1.0
        ],
        [
          "atomStatisticalDistribution",
          []
        ]
      ],
      [
        [
          "_metadata",
          {
            "jsonVersion": 3.0,
            "className": "AtomChemicalShift",
            "classVersion": 1.0,
            "user": "luca",
            "lastPath": "undefined",
            "timestamp": "Tue Jan  9 15:18:12 2024"
          }
        ],
        [
          "atomName",
          "HAC"
        ],
        [
          "atomElementName",
          ""
        ],
        [
          "atomAverageShift",
          -0.42
        ],
        [
          "atomStdShift",
          null
        ],
        [
          "atomMinShift",
          -0.42
        ],
        [
          "atomMaxShift",
          -0.42
        ],
        [
          "atomDistributionRefValue",
          -0.42
        ],
        [
          "atomDistributionValuePerPoint",
          1.0
        ],
        [
          "atomStatisticalDistribution",
          []
        ]
      ],
      [
        [
          "_metadata",
          {
            "jsonVersion": 3.0,
            "className": "AtomChemicalShift",
            "classVersion": 1.0,
            "user": "luca",
            "lastPath": "undefined",
            "timestamp": "Tue Jan  9 15:18:12 2024"
          }
        ],
        [
          "atomName",
          "HHA"
        ],
        [
          "atomElementName",
          ""
        ],
        [
          "atomAverageShift",
          1.57
        ],
        [
          "atomStdShift",
          null
        ],
        [
          "atomMinShift",
          1.57
        ],
        [
          "atomMaxShift",
          1.57
        ],
        [
          "atomDistributionRefValue",
          1.57
        ],
        [
          "atomDistributionValuePerPoint",
          1.0
        ],
        [
          "atomStatisticalDistribution",
          []
        ]
      ],
      [
        [
          "_metadata",
          {
            "jsonVersion": 3.0,
            "className": "AtomChemicalShift",
            "classVersion": 1.0,
            "user": "luca",
            "lastPath": "undefined",
            "timestamp": "Tue Jan  9 15:18:12 2024"
          }
        ],
        [
          "atomName",
          "HHB"
        ],
        [
          "atomElementName",
          ""
        ],
        [
          "atomAverageShift",
          -2.38
        ],
        [
          "atomStdShift",
          null
        ],
        [
          "atomMinShift",
          -2.38
        ],
        [
          "atomMaxShift",
          -2.38
        ],
        [
          "atomDistributionRefValue",
          -2.38
        ],
        [
          "atomDistributionValuePerPoint",
          1.0
        ],
        [
          "atomStatisticalDistribution",
          []
        ]
      ],
      [
        [
          "_metadata",
          {
            "jsonVersion": 3.0,
            "className": "AtomChemicalShift",
            "classVersion": 1.0,
            "user": "luca",
            "lastPath": "undefined",
            "timestamp": "Tue Jan  9 15:18:12 2024"
          }
        ],
        [
          "atomName",
          "HHC"
        ],
        [
          "atomElementName",
          ""
        ],
        [
          "atomAverageShift",
          2.43
        ],
        [
          "atomStdShift",
          null
        ],
        [
          "atomMinShift",
          2.43
        ],
        [
          "atomMaxShift",
          2.43
        ],
        [
          "atomDistributionRefValue",
          2.43
        ],
        [
          "atomDistributionValuePerPoint",
          1.0
        ],
        [
          "atomStatisticalDistribution",
          []
        ]
      ]
    ]
  ]
]