[
  [
    "_metadata",
    {
      "jsonVersion": 3,
      "className": "ReferenceChemicalShift",
      "classVersion": 1,
      "user": "CCPN",
      "lastPath": "/Users/luca/Projects/AnalysisV3/resources/referenceChemicalShifts/NonStandard/Unclassified/HYPR.json",
      "timestamp": "Tue Jan  9 15:18:11 2024",
      "applicationVersion": 3.2
    }
  ],
  [
    "chemicalShiftName",
    "Non-Standard Residues / Small Molecules"
  ],
  [
    "chemicalShiftComment",
    "The CCPN Analysis Version 3 ReferenceChemical shifts retrieved from BMRB"
  ],
  [
    "chemicalShiftEntryDate",
    "2023-09-14-14:25:08"
  ],
  [
    "compoundName",
    ""
  ],
  [
    "compoundShortName",
    "HYPR"
  ],
  [
    "compoundCcpCode",
    "HYPR"
  ],
  [
    "compoundType",
    "Unclassified"
  ],
  [
    "compoundTypeClassification",
    ""
  ],
  [
    "compoundPrecursorName",
    ""
  ],
  [
    "loadingLevel",
    0
  ],
  [
    "atoms",
    [
      [
        [
          "_metadata",
          {
            "jsonVersion": 3.0,
            "className": "AtomChemicalShift",
            "classVersion": 1.0,
            "user": "luca",
            "lastPath": "undefined",
            "timestamp": "Tue Jan  9 15:18:11 2024"
          }
        ],
        [
          "atomName",
          "HA"
        ],
        [
          "atomElementName",
          ""
        ],
        [
          "atomAverageShift",
          5.244
        ],
        [
          "atomStdShift",
          null
        ],
        [
          "atomMinShift",
          5.244
        ],
        [
          "atomMaxShift",
          5.244
        ],
        [
          "atomDistributionRefValue",
          5.244
        ],
        [
          "atomDistributionValuePerPoint",
          1.0
        ],
        [
          "atomStatisticalDistribution",
          []
        ]
      ],
      [
        [
          "_metadata",
          {
            "jsonVersion": 3.0,
            "className": "AtomChemicalShift",
            "classVersion": 1.0,
            "user": "luca",
            "lastPath": "undefined",
            "timestamp": "Tue Jan  9 15:18:11 2024"
          }
        ],
        [
          "atomName",
          "HB2"
        ],
        [
          "atomElementName",
          ""
        ],
        [
          "atomAverageShift",
          1.869
        ],
        [
          "atomStdShift",
          null
        ],
        [
          "atomMinShift",
          1.869
        ],
        [
          "atomMaxShift",
          1.869
        ],
        [
          "atomDistributionRefValue",
          1.869
        ],
        [
          "atomDistributionValuePerPoint",
          1.0
        ],
        [
          "atomStatisticalDistribution",
          []
        ]
      ],
      [
        [
          "_metadata",
          {
            "jsonVersion": 3.0,
            "className": "AtomChemicalShift",
            "classVersion": 1.0,
            "user": "luca",
            "lastPath": "undefined",
            "timestamp": "Tue Jan  9 15:18:11 2024"
          }
        ],
        [
          "atomName",
          "HB3"
        ],
        [
          "atomElementName",
          ""
        ],
        [
          "atomAverageShift",
          2.355
        ],
        [
          "atomStdShift",
          null
        ],
        [
          "atomMinShift",
          2.355
        ],
        [
          "atomMaxShift",
          2.355
        ],
        [
          "atomDistributionRefValue",
          2.355
        ],
        [
          "atomDistributionValuePerPoint",
          1.0
        ],
        [
          "atomStatisticalDistribution",
          []
        ]
      ],
      [
        [
          "_metadata",
          {
            "jsonVersion": 3.0,
            "className": "AtomChemicalShift",
            "classVersion": 1.0,
            "user": "luca",
            "lastPath": "undefined",
            "timestamp": "Tue Jan  9 15:18:11 2024"
          }
        ],
        [
          "atomName",
          "HD2"
        ],
        [
          "atomElementName",
          ""
        ],
        [
          "atomAverageShift",
          3.673
        ],
        [
          "atomStdShift",
          null
        ],
        [
          "atomMinShift",
          3.673
        ],
        [
          "atomMaxShift",
          3.673
        ],
        [
          "atomDistributionRefValue",
          3.673
        ],
        [
          "atomDistributionValuePerPoint",
          1.0
        ],
        [
          "atomStatisticalDistribution",
          []
        ]
      ],
      [
        [
          "_metadata",
          {
            "jsonVersion": 3.0,
            "className": "AtomChemicalShift",
            "classVersion": 1.0,
            "user": "luca",
            "lastPath": "undefined",
            "timestamp": "Tue Jan  9 15:18:11 2024"
          }
        ],
        [
          "atomName",
          "HD3"
        ],
        [
          "atomElementName",
          ""
        ],
        [
          "atomAverageShift",
          3.673
        ],
        [
          "atomStdShift",
          null
        ],
        [
          "atomMinShift",
          3.673
        ],
        [
          "atomMaxShift",
          3.673
        ],
        [
          "atomDistributionRefValue",
          3.673
        ],
        [
          "atomDistributionValuePerPoint",
          1.0
        ],
        [
          "atomStatisticalDistribution",
          []
        ]
      ],
      [
        [
          "_metadata",
          {
            "jsonVersion": 3.0,
            "className": "AtomChemicalShift",
            "classVersion": 1.0,
            "user": "luca",
            "lastPath": "undefined",
            "timestamp": "Tue Jan  9 15:18:11 2024"
          }
        ],
        [
          "atomName",
          "HG"
        ],
        [
          "atomElementName",
          ""
        ],
        [
          "atomAverageShift",
          4.727
        ],
        [
          "atomStdShift",
          null
        ],
        [
          "atomMinShift",
          4.727
        ],
        [
          "atomMaxShift",
          4.727
        ],
        [
          "atomDistributionRefValue",
          4.727
        ],
        [
          "atomDistributionValuePerPoint",
          1.0
        ],
        [
          "atomStatisticalDistribution",
          []
        ]
      ]
    ]
  ]
]