[
  [
    "_metadata",
    {
      "jsonVersion": 3,
      "className": "ReferenceChemicalShift",
      "classVersion": 1,
      "user": "CCPN",
      "lastPath": "/Users/luca/Projects/AnalysisV3/resources/referenceChemicalShifts/NonStandard/Unclassified/S_Ppt.json",
      "timestamp": "Tue Jan  9 15:18:15 2024",
      "applicationVersion": 3.2
    }
  ],
  [
    "chemicalShiftName",
    "Non-Standard Residues / Small Molecules"
  ],
  [
    "chemicalShiftComment",
    "The CCPN Analysis Version 3 ReferenceChemical shifts retrieved from BMRB"
  ],
  [
    "chemicalShiftEntryDate",
    "2023-09-14-14:25:08"
  ],
  [
    "compoundName",
    ""
  ],
  [
    "compoundShortName",
    "S_Ppt"
  ],
  [
    "compoundCcpCode",
    "S_Ppt"
  ],
  [
    "compoundType",
    "Unclassified"
  ],
  [
    "compoundTypeClassification",
    ""
  ],
  [
    "compoundPrecursorName",
    ""
  ],
  [
    "loadingLevel",
    0
  ],
  [
    "atoms",
    [
      [
        [
          "_metadata",
          {
            "jsonVersion": 3.0,
            "className": "AtomChemicalShift",
            "classVersion": 1.0,
            "user": "luca",
            "lastPath": "undefined",
            "timestamp": "Tue Jan  9 15:18:15 2024"
          }
        ],
        [
          "atomName",
          "S-HA"
        ],
        [
          "atomElementName",
          ""
        ],
        [
          "atomAverageShift",
          4.34
        ],
        [
          "atomStdShift",
          null
        ],
        [
          "atomMinShift",
          4.34
        ],
        [
          "atomMaxShift",
          4.34
        ],
        [
          "atomDistributionRefValue",
          4.34
        ],
        [
          "atomDistributionValuePerPoint",
          1.0
        ],
        [
          "atomStatisticalDistribution",
          []
        ]
      ],
      [
        [
          "_metadata",
          {
            "jsonVersion": 3.0,
            "className": "AtomChemicalShift",
            "classVersion": 1.0,
            "user": "luca",
            "lastPath": "undefined",
            "timestamp": "Tue Jan  9 15:18:15 2024"
          }
        ],
        [
          "atomName",
          "S-HB2"
        ],
        [
          "atomElementName",
          ""
        ],
        [
          "atomAverageShift",
          4.22
        ],
        [
          "atomStdShift",
          null
        ],
        [
          "atomMinShift",
          4.22
        ],
        [
          "atomMaxShift",
          4.22
        ],
        [
          "atomDistributionRefValue",
          4.22
        ],
        [
          "atomDistributionValuePerPoint",
          1.0
        ],
        [
          "atomStatisticalDistribution",
          []
        ]
      ],
      [
        [
          "_metadata",
          {
            "jsonVersion": 3.0,
            "className": "AtomChemicalShift",
            "classVersion": 1.0,
            "user": "luca",
            "lastPath": "undefined",
            "timestamp": "Tue Jan  9 15:18:15 2024"
          }
        ],
        [
          "atomName",
          "S-HB3"
        ],
        [
          "atomElementName",
          ""
        ],
        [
          "atomAverageShift",
          4.17
        ],
        [
          "atomStdShift",
          null
        ],
        [
          "atomMinShift",
          4.17
        ],
        [
          "atomMaxShift",
          4.17
        ],
        [
          "atomDistributionRefValue",
          4.17
        ],
        [
          "atomDistributionValuePerPoint",
          1.0
        ],
        [
          "atomStatisticalDistribution",
          []
        ]
      ],
      [
        [
          "_metadata",
          {
            "jsonVersion": 3.0,
            "className": "AtomChemicalShift",
            "classVersion": 1.0,
            "user": "luca",
            "lastPath": "undefined",
            "timestamp": "Tue Jan  9 15:18:15 2024"
          }
        ],
        [
          "atomName",
          "S-NH"
        ],
        [
          "atomElementName",
          ""
        ],
        [
          "atomAverageShift",
          8.69
        ],
        [
          "atomStdShift",
          null
        ],
        [
          "atomMinShift",
          8.69
        ],
        [
          "atomMaxShift",
          8.69
        ],
        [
          "atomDistributionRefValue",
          8.69
        ],
        [
          "atomDistributionValuePerPoint",
          1.0
        ],
        [
          "atomStatisticalDistribution",
          []
        ]
      ]
    ]
  ]
]