[
  [
    "_metadata",
    {
      "jsonVersion": 3,
      "className": "ReferenceChemicalShift",
      "classVersion": 1,
      "user": "CCPN",
      "lastPath": "/Users/luca/Projects/AnalysisV3/resources/referenceChemicalShifts/NonStandard/Unclassified/SDF-1.json",
      "timestamp": "Tue Jan  9 15:18:15 2024",
      "applicationVersion": 3.2
    }
  ],
  [
    "chemicalShiftName",
    "Non-Standard Residues / Small Molecules"
  ],
  [
    "chemicalShiftComment",
    "The CCPN Analysis Version 3 ReferenceChemical shifts retrieved from BMRB"
  ],
  [
    "chemicalShiftEntryDate",
    "2023-09-14-14:25:08"
  ],
  [
    "compoundName",
    ""
  ],
  [
    "compoundShortName",
    "SDF-1"
  ],
  [
    "compoundCcpCode",
    "SDF-1"
  ],
  [
    "compoundType",
    "Unclassified"
  ],
  [
    "compoundTypeClassification",
    ""
  ],
  [
    "compoundPrecursorName",
    ""
  ],
  [
    "loadingLevel",
    0
  ],
  [
    "atoms",
    [
      [
        [
          "_metadata",
          {
            "jsonVersion": 3.0,
            "className": "AtomChemicalShift",
            "classVersion": 1.0,
            "user": "luca",
            "lastPath": "undefined",
            "timestamp": "Tue Jan  9 15:18:15 2024"
          }
        ],
        [
          "atomName",
          "CB"
        ],
        [
          "atomElementName",
          ""
        ],
        [
          "atomAverageShift",
          37.5
        ],
        [
          "atomStdShift",
          0.141
        ],
        [
          "atomMinShift",
          37.4
        ],
        [
          "atomMaxShift",
          37.6
        ],
        [
          "atomDistributionRefValue",
          37.4
        ],
        [
          "atomDistributionValuePerPoint",
          1.0
        ],
        [
          "atomStatisticalDistribution",
          []
        ]
      ],
      [
        [
          "_metadata",
          {
            "jsonVersion": 3.0,
            "className": "AtomChemicalShift",
            "classVersion": 1.0,
            "user": "luca",
            "lastPath": "undefined",
            "timestamp": "Tue Jan  9 15:18:15 2024"
          }
        ],
        [
          "atomName",
          "CD1"
        ],
        [
          "atomElementName",
          ""
        ],
        [
          "atomAverageShift",
          124.15
        ],
        [
          "atomStdShift",
          0.071
        ],
        [
          "atomMinShift",
          124.1
        ],
        [
          "atomMaxShift",
          124.2
        ],
        [
          "atomDistributionRefValue",
          124.1
        ],
        [
          "atomDistributionValuePerPoint",
          1.0
        ],
        [
          "atomStatisticalDistribution",
          []
        ]
      ],
      [
        [
          "_metadata",
          {
            "jsonVersion": 3.0,
            "className": "AtomChemicalShift",
            "classVersion": 1.0,
            "user": "luca",
            "lastPath": "undefined",
            "timestamp": "Tue Jan  9 15:18:15 2024"
          }
        ],
        [
          "atomName",
          "CD2"
        ],
        [
          "atomElementName",
          ""
        ],
        [
          "atomAverageShift",
          124.15
        ],
        [
          "atomStdShift",
          0.071
        ],
        [
          "atomMinShift",
          124.1
        ],
        [
          "atomMaxShift",
          124.2
        ],
        [
          "atomDistributionRefValue",
          124.1
        ],
        [
          "atomDistributionValuePerPoint",
          1.0
        ],
        [
          "atomStatisticalDistribution",
          []
        ]
      ],
      [
        [
          "_metadata",
          {
            "jsonVersion": 3.0,
            "className": "AtomChemicalShift",
            "classVersion": 1.0,
            "user": "luca",
            "lastPath": "undefined",
            "timestamp": "Tue Jan  9 15:18:15 2024"
          }
        ],
        [
          "atomName",
          "CE1"
        ],
        [
          "atomElementName",
          ""
        ],
        [
          "atomAverageShift",
          125.15
        ],
        [
          "atomStdShift",
          0.212
        ],
        [
          "atomMinShift",
          125.0
        ],
        [
          "atomMaxShift",
          125.3
        ],
        [
          "atomDistributionRefValue",
          125.0
        ],
        [
          "atomDistributionValuePerPoint",
          1.0
        ],
        [
          "atomStatisticalDistribution",
          []
        ]
      ],
      [
        [
          "_metadata",
          {
            "jsonVersion": 3.0,
            "className": "AtomChemicalShift",
            "classVersion": 1.0,
            "user": "luca",
            "lastPath": "undefined",
            "timestamp": "Tue Jan  9 15:18:15 2024"
          }
        ],
        [
          "atomName",
          "CE2"
        ],
        [
          "atomElementName",
          ""
        ],
        [
          "atomAverageShift",
          125.15
        ],
        [
          "atomStdShift",
          0.212
        ],
        [
          "atomMinShift",
          125.0
        ],
        [
          "atomMaxShift",
          125.3
        ],
        [
          "atomDistributionRefValue",
          125.0
        ],
        [
          "atomDistributionValuePerPoint",
          1.0
        ],
        [
          "atomStatisticalDistribution",
          []
        ]
      ],
      [
        [
          "_metadata",
          {
            "jsonVersion": 3.0,
            "className": "AtomChemicalShift",
            "classVersion": 1.0,
            "user": "luca",
            "lastPath": "undefined",
            "timestamp": "Tue Jan  9 15:18:15 2024"
          }
        ],
        [
          "atomName",
          "CZ"
        ],
        [
          "atomElementName",
          ""
        ],
        [
          "atomAverageShift",
          122.35
        ],
        [
          "atomStdShift",
          0.071
        ],
        [
          "atomMinShift",
          122.3
        ],
        [
          "atomMaxShift",
          122.4
        ],
        [
          "atomDistributionRefValue",
          122.3
        ],
        [
          "atomDistributionValuePerPoint",
          1.0
        ],
        [
          "atomStatisticalDistribution",
          []
        ]
      ],
      [
        [
          "_metadata",
          {
            "jsonVersion": 3.0,
            "className": "AtomChemicalShift",
            "classVersion": 1.0,
            "user": "luca",
            "lastPath": "undefined",
            "timestamp": "Tue Jan  9 15:18:15 2024"
          }
        ],
        [
          "atomName",
          "HA"
        ],
        [
          "atomElementName",
          ""
        ],
        [
          "atomAverageShift",
          4.525
        ],
        [
          "atomStdShift",
          0.049
        ],
        [
          "atomMinShift",
          4.49
        ],
        [
          "atomMaxShift",
          4.56
        ],
        [
          "atomDistributionRefValue",
          4.49
        ],
        [
          "atomDistributionValuePerPoint",
          1.0
        ],
        [
          "atomStatisticalDistribution",
          []
        ]
      ],
      [
        [
          "_metadata",
          {
            "jsonVersion": 3.0,
            "className": "AtomChemicalShift",
            "classVersion": 1.0,
            "user": "luca",
            "lastPath": "undefined",
            "timestamp": "Tue Jan  9 15:18:15 2024"
          }
        ],
        [
          "atomName",
          "HB2"
        ],
        [
          "atomElementName",
          ""
        ],
        [
          "atomAverageShift",
          2.94
        ],
        [
          "atomStdShift",
          0.141
        ],
        [
          "atomMinShift",
          2.84
        ],
        [
          "atomMaxShift",
          3.04
        ],
        [
          "atomDistributionRefValue",
          2.84
        ],
        [
          "atomDistributionValuePerPoint",
          1.0
        ],
        [
          "atomStatisticalDistribution",
          []
        ]
      ],
      [
        [
          "_metadata",
          {
            "jsonVersion": 3.0,
            "className": "AtomChemicalShift",
            "classVersion": 1.0,
            "user": "luca",
            "lastPath": "undefined",
            "timestamp": "Tue Jan  9 15:18:15 2024"
          }
        ],
        [
          "atomName",
          "HB3"
        ],
        [
          "atomElementName",
          ""
        ],
        [
          "atomAverageShift",
          3.73
        ],
        [
          "atomStdShift",
          0.127
        ],
        [
          "atomMinShift",
          3.64
        ],
        [
          "atomMaxShift",
          3.82
        ],
        [
          "atomDistributionRefValue",
          3.64
        ],
        [
          "atomDistributionValuePerPoint",
          1.0
        ],
        [
          "atomStatisticalDistribution",
          []
        ]
      ],
      [
        [
          "_metadata",
          {
            "jsonVersion": 3.0,
            "className": "AtomChemicalShift",
            "classVersion": 1.0,
            "user": "luca",
            "lastPath": "undefined",
            "timestamp": "Tue Jan  9 15:18:15 2024"
          }
        ],
        [
          "atomName",
          "HD1"
        ],
        [
          "atomElementName",
          ""
        ],
        [
          "atomAverageShift",
          7.49
        ],
        [
          "atomStdShift",
          0.028
        ],
        [
          "atomMinShift",
          7.47
        ],
        [
          "atomMaxShift",
          7.51
        ],
        [
          "atomDistributionRefValue",
          7.47
        ],
        [
          "atomDistributionValuePerPoint",
          1.0
        ],
        [
          "atomStatisticalDistribution",
          []
        ]
      ],
      [
        [
          "_metadata",
          {
            "jsonVersion": 3.0,
            "className": "AtomChemicalShift",
            "classVersion": 1.0,
            "user": "luca",
            "lastPath": "undefined",
            "timestamp": "Tue Jan  9 15:18:15 2024"
          }
        ],
        [
          "atomName",
          "HD2"
        ],
        [
          "atomElementName",
          ""
        ],
        [
          "atomAverageShift",
          7.49
        ],
        [
          "atomStdShift",
          0.028
        ],
        [
          "atomMinShift",
          7.47
        ],
        [
          "atomMaxShift",
          7.51
        ],
        [
          "atomDistributionRefValue",
          7.47
        ],
        [
          "atomDistributionValuePerPoint",
          1.0
        ],
        [
          "atomStatisticalDistribution",
          []
        ]
      ],
      [
        [
          "_metadata",
          {
            "jsonVersion": 3.0,
            "className": "AtomChemicalShift",
            "classVersion": 1.0,
            "user": "luca",
            "lastPath": "undefined",
            "timestamp": "Tue Jan  9 15:18:15 2024"
          }
        ],
        [
          "atomName",
          "HE1"
        ],
        [
          "atomElementName",
          ""
        ],
        [
          "atomAverageShift",
          7.46
        ],
        [
          "atomStdShift",
          0.071
        ],
        [
          "atomMinShift",
          7.41
        ],
        [
          "atomMaxShift",
          7.51
        ],
        [
          "atomDistributionRefValue",
          7.41
        ],
        [
          "atomDistributionValuePerPoint",
          1.0
        ],
        [
          "atomStatisticalDistribution",
          []
        ]
      ],
      [
        [
          "_metadata",
          {
            "jsonVersion": 3.0,
            "className": "AtomChemicalShift",
            "classVersion": 1.0,
            "user": "luca",
            "lastPath": "undefined",
            "timestamp": "Tue Jan  9 15:18:15 2024"
          }
        ],
        [
          "atomName",
          "HE2"
        ],
        [
          "atomElementName",
          ""
        ],
        [
          "atomAverageShift",
          7.46
        ],
        [
          "atomStdShift",
          0.071
        ],
        [
          "atomMinShift",
          7.41
        ],
        [
          "atomMaxShift",
          7.51
        ],
        [
          "atomDistributionRefValue",
          7.41
        ],
        [
          "atomDistributionValuePerPoint",
          1.0
        ],
        [
          "atomStatisticalDistribution",
          []
        ]
      ],
      [
        [
          "_metadata",
          {
            "jsonVersion": 3.0,
            "className": "AtomChemicalShift",
            "classVersion": 1.0,
            "user": "luca",
            "lastPath": "undefined",
            "timestamp": "Tue Jan  9 15:18:15 2024"
          }
        ],
        [
          "atomName",
          "HZ"
        ],
        [
          "atomElementName",
          ""
        ],
        [
          "atomAverageShift",
          7.435
        ],
        [
          "atomStdShift",
          0.021
        ],
        [
          "atomMinShift",
          7.42
        ],
        [
          "atomMaxShift",
          7.45
        ],
        [
          "atomDistributionRefValue",
          7.42
        ],
        [
          "atomDistributionValuePerPoint",
          1.0
        ],
        [
          "atomStatisticalDistribution",
          []
        ]
      ]
    ]
  ]
]