[
  [
    "_metadata",
    {
      "jsonVersion": 3,
      "className": "ReferenceChemicalShift",
      "classVersion": 1,
      "user": "CCPN",
      "lastPath": "/Users/luca/Projects/AnalysisV3/resources/referenceChemicalShifts/NonStandard/Unclassified/SP8a.json",
      "timestamp": "Tue Jan  9 15:18:15 2024",
      "applicationVersion": 3.2
    }
  ],
  [
    "chemicalShiftName",
    "Non-Standard Residues / Small Molecules"
  ],
  [
    "chemicalShiftComment",
    "The CCPN Analysis Version 3 ReferenceChemical shifts retrieved from BMRB"
  ],
  [
    "chemicalShiftEntryDate",
    "2023-09-14-14:25:08"
  ],
  [
    "compoundName",
    ""
  ],
  [
    "compoundShortName",
    "SP8a"
  ],
  [
    "compoundCcpCode",
    "SP8a"
  ],
  [
    "compoundType",
    "Unclassified"
  ],
  [
    "compoundTypeClassification",
    ""
  ],
  [
    "compoundPrecursorName",
    ""
  ],
  [
    "loadingLevel",
    0
  ],
  [
    "atoms",
    [
      [
        [
          "_metadata",
          {
            "jsonVersion": 3.0,
            "className": "AtomChemicalShift",
            "classVersion": 1.0,
            "user": "luca",
            "lastPath": "undefined",
            "timestamp": "Tue Jan  9 15:18:15 2024"
          }
        ],
        [
          "atomName",
          "C1"
        ],
        [
          "atomElementName",
          ""
        ],
        [
          "atomAverageShift",
          70.638
        ],
        [
          "atomStdShift",
          0.036
        ],
        [
          "atomMinShift",
          70.612
        ],
        [
          "atomMaxShift",
          70.663
        ],
        [
          "atomDistributionRefValue",
          70.612
        ],
        [
          "atomDistributionValuePerPoint",
          1.0
        ],
        [
          "atomStatisticalDistribution",
          []
        ]
      ],
      [
        [
          "_metadata",
          {
            "jsonVersion": 3.0,
            "className": "AtomChemicalShift",
            "classVersion": 1.0,
            "user": "luca",
            "lastPath": "undefined",
            "timestamp": "Tue Jan  9 15:18:15 2024"
          }
        ],
        [
          "atomName",
          "C2"
        ],
        [
          "atomElementName",
          ""
        ],
        [
          "atomAverageShift",
          29.424
        ],
        [
          "atomStdShift",
          null
        ],
        [
          "atomMinShift",
          29.424
        ],
        [
          "atomMaxShift",
          29.424
        ],
        [
          "atomDistributionRefValue",
          29.424
        ],
        [
          "atomDistributionValuePerPoint",
          1.0
        ],
        [
          "atomStatisticalDistribution",
          []
        ]
      ],
      [
        [
          "_metadata",
          {
            "jsonVersion": 3.0,
            "className": "AtomChemicalShift",
            "classVersion": 1.0,
            "user": "luca",
            "lastPath": "undefined",
            "timestamp": "Tue Jan  9 15:18:15 2024"
          }
        ],
        [
          "atomName",
          "C3"
        ],
        [
          "atomElementName",
          ""
        ],
        [
          "atomAverageShift",
          40.327
        ],
        [
          "atomStdShift",
          null
        ],
        [
          "atomMinShift",
          40.327
        ],
        [
          "atomMaxShift",
          40.327
        ],
        [
          "atomDistributionRefValue",
          40.327
        ],
        [
          "atomDistributionValuePerPoint",
          1.0
        ],
        [
          "atomStatisticalDistribution",
          []
        ]
      ],
      [
        [
          "_metadata",
          {
            "jsonVersion": 3.0,
            "className": "AtomChemicalShift",
            "classVersion": 1.0,
            "user": "luca",
            "lastPath": "undefined",
            "timestamp": "Tue Jan  9 15:18:15 2024"
          }
        ],
        [
          "atomName",
          "H11"
        ],
        [
          "atomElementName",
          ""
        ],
        [
          "atomAverageShift",
          3.991
        ],
        [
          "atomStdShift",
          0.04
        ],
        [
          "atomMinShift",
          3.963
        ],
        [
          "atomMaxShift",
          4.019
        ],
        [
          "atomDistributionRefValue",
          3.963
        ],
        [
          "atomDistributionValuePerPoint",
          1.0
        ],
        [
          "atomStatisticalDistribution",
          []
        ]
      ],
      [
        [
          "_metadata",
          {
            "jsonVersion": 3.0,
            "className": "AtomChemicalShift",
            "classVersion": 1.0,
            "user": "luca",
            "lastPath": "undefined",
            "timestamp": "Tue Jan  9 15:18:15 2024"
          }
        ],
        [
          "atomName",
          "H12"
        ],
        [
          "atomElementName",
          ""
        ],
        [
          "atomAverageShift",
          3.698
        ],
        [
          "atomStdShift",
          0.019
        ],
        [
          "atomMinShift",
          3.684
        ],
        [
          "atomMaxShift",
          3.711
        ],
        [
          "atomDistributionRefValue",
          3.684
        ],
        [
          "atomDistributionValuePerPoint",
          1.0
        ],
        [
          "atomStatisticalDistribution",
          []
        ]
      ],
      [
        [
          "_metadata",
          {
            "jsonVersion": 3.0,
            "className": "AtomChemicalShift",
            "classVersion": 1.0,
            "user": "luca",
            "lastPath": "undefined",
            "timestamp": "Tue Jan  9 15:18:15 2024"
          }
        ],
        [
          "atomName",
          "H21"
        ],
        [
          "atomElementName",
          ""
        ],
        [
          "atomAverageShift",
          1.948
        ],
        [
          "atomStdShift",
          null
        ],
        [
          "atomMinShift",
          1.948
        ],
        [
          "atomMaxShift",
          1.948
        ],
        [
          "atomDistributionRefValue",
          1.948
        ],
        [
          "atomDistributionValuePerPoint",
          1.0
        ],
        [
          "atomStatisticalDistribution",
          []
        ]
      ],
      [
        [
          "_metadata",
          {
            "jsonVersion": 3.0,
            "className": "AtomChemicalShift",
            "classVersion": 1.0,
            "user": "luca",
            "lastPath": "undefined",
            "timestamp": "Tue Jan  9 15:18:15 2024"
          }
        ],
        [
          "atomName",
          "H22"
        ],
        [
          "atomElementName",
          ""
        ],
        [
          "atomAverageShift",
          1.948
        ],
        [
          "atomStdShift",
          null
        ],
        [
          "atomMinShift",
          1.948
        ],
        [
          "atomMaxShift",
          1.948
        ],
        [
          "atomDistributionRefValue",
          1.948
        ],
        [
          "atomDistributionValuePerPoint",
          1.0
        ],
        [
          "atomStatisticalDistribution",
          []
        ]
      ],
      [
        [
          "_metadata",
          {
            "jsonVersion": 3.0,
            "className": "AtomChemicalShift",
            "classVersion": 1.0,
            "user": "luca",
            "lastPath": "undefined",
            "timestamp": "Tue Jan  9 15:18:15 2024"
          }
        ],
        [
          "atomName",
          "H31"
        ],
        [
          "atomElementName",
          ""
        ],
        [
          "atomAverageShift",
          3.077
        ],
        [
          "atomStdShift",
          null
        ],
        [
          "atomMinShift",
          3.077
        ],
        [
          "atomMaxShift",
          3.077
        ],
        [
          "atomDistributionRefValue",
          3.077
        ],
        [
          "atomDistributionValuePerPoint",
          1.0
        ],
        [
          "atomStatisticalDistribution",
          []
        ]
      ],
      [
        [
          "_metadata",
          {
            "jsonVersion": 3.0,
            "className": "AtomChemicalShift",
            "classVersion": 1.0,
            "user": "luca",
            "lastPath": "undefined",
            "timestamp": "Tue Jan  9 15:18:15 2024"
          }
        ],
        [
          "atomName",
          "H32"
        ],
        [
          "atomElementName",
          ""
        ],
        [
          "atomAverageShift",
          3.077
        ],
        [
          "atomStdShift",
          null
        ],
        [
          "atomMinShift",
          3.077
        ],
        [
          "atomMaxShift",
          3.077
        ],
        [
          "atomDistributionRefValue",
          3.077
        ],
        [
          "atomDistributionValuePerPoint",
          1.0
        ],
        [
          "atomStatisticalDistribution",
          []
        ]
      ]
    ]
  ]
]