[
  [
    "_metadata",
    {
      "jsonVersion": 3,
      "className": "ReferenceChemicalShift",
      "classVersion": 1,
      "user": "CCPN",
      "lastPath": "/Users/luca/Projects/AnalysisV3/resources/referenceChemicalShifts/NonStandard/Unclassified/TPL_2.json",
      "timestamp": "Tue Jan  9 15:18:13 2024",
      "applicationVersion": 3.2
    }
  ],
  [
    "chemicalShiftName",
    "Non-Standard Residues / Small Molecules"
  ],
  [
    "chemicalShiftComment",
    "The CCPN Analysis Version 3 ReferenceChemical shifts retrieved from BMRB"
  ],
  [
    "chemicalShiftEntryDate",
    "2023-09-14-14:25:08"
  ],
  [
    "compoundName",
    ""
  ],
  [
    "compoundShortName",
    "TPL_2"
  ],
  [
    "compoundCcpCode",
    "TPL_2"
  ],
  [
    "compoundType",
    "Unclassified"
  ],
  [
    "compoundTypeClassification",
    ""
  ],
  [
    "compoundPrecursorName",
    ""
  ],
  [
    "loadingLevel",
    0
  ],
  [
    "atoms",
    [
      [
        [
          "_metadata",
          {
            "jsonVersion": 3.0,
            "className": "AtomChemicalShift",
            "classVersion": 1.0,
            "user": "luca",
            "lastPath": "undefined",
            "timestamp": "Tue Jan  9 15:18:13 2024"
          }
        ],
        [
          "atomName",
          "C1"
        ],
        [
          "atomElementName",
          ""
        ],
        [
          "atomAverageShift",
          46.907
        ],
        [
          "atomStdShift",
          25.024
        ],
        [
          "atomMinShift",
          29.212
        ],
        [
          "atomMaxShift",
          64.601
        ],
        [
          "atomDistributionRefValue",
          29.212
        ],
        [
          "atomDistributionValuePerPoint",
          1.0
        ],
        [
          "atomStatisticalDistribution",
          []
        ]
      ],
      [
        [
          "_metadata",
          {
            "jsonVersion": 3.0,
            "className": "AtomChemicalShift",
            "classVersion": 1.0,
            "user": "luca",
            "lastPath": "undefined",
            "timestamp": "Tue Jan  9 15:18:13 2024"
          }
        ],
        [
          "atomName",
          "C4"
        ],
        [
          "atomElementName",
          ""
        ],
        [
          "atomAverageShift",
          28.608
        ],
        [
          "atomStdShift",
          null
        ],
        [
          "atomMinShift",
          28.608
        ],
        [
          "atomMaxShift",
          28.608
        ],
        [
          "atomDistributionRefValue",
          28.608
        ],
        [
          "atomDistributionValuePerPoint",
          1.0
        ],
        [
          "atomStatisticalDistribution",
          []
        ]
      ],
      [
        [
          "_metadata",
          {
            "jsonVersion": 3.0,
            "className": "AtomChemicalShift",
            "classVersion": 1.0,
            "user": "luca",
            "lastPath": "undefined",
            "timestamp": "Tue Jan  9 15:18:13 2024"
          }
        ],
        [
          "atomName",
          "C5"
        ],
        [
          "atomElementName",
          ""
        ],
        [
          "atomAverageShift",
          19.497
        ],
        [
          "atomStdShift",
          1.004
        ],
        [
          "atomMinShift",
          18.898
        ],
        [
          "atomMaxShift",
          20.656
        ],
        [
          "atomDistributionRefValue",
          18.898
        ],
        [
          "atomDistributionValuePerPoint",
          1.0
        ],
        [
          "atomStatisticalDistribution",
          []
        ]
      ],
      [
        [
          "_metadata",
          {
            "jsonVersion": 3.0,
            "className": "AtomChemicalShift",
            "classVersion": 1.0,
            "user": "luca",
            "lastPath": "undefined",
            "timestamp": "Tue Jan  9 15:18:13 2024"
          }
        ],
        [
          "atomName",
          "H11"
        ],
        [
          "atomElementName",
          ""
        ],
        [
          "atomAverageShift",
          3.213
        ],
        [
          "atomStdShift",
          1.578
        ],
        [
          "atomMinShift",
          2.097
        ],
        [
          "atomMaxShift",
          4.328
        ],
        [
          "atomDistributionRefValue",
          2.097
        ],
        [
          "atomDistributionValuePerPoint",
          1.0
        ],
        [
          "atomStatisticalDistribution",
          []
        ]
      ],
      [
        [
          "_metadata",
          {
            "jsonVersion": 3.0,
            "className": "AtomChemicalShift",
            "classVersion": 1.0,
            "user": "luca",
            "lastPath": "undefined",
            "timestamp": "Tue Jan  9 15:18:13 2024"
          }
        ],
        [
          "atomName",
          "H12"
        ],
        [
          "atomElementName",
          ""
        ],
        [
          "atomAverageShift",
          3.116
        ],
        [
          "atomStdShift",
          1.595
        ],
        [
          "atomMinShift",
          1.988
        ],
        [
          "atomMaxShift",
          4.243
        ],
        [
          "atomDistributionRefValue",
          1.988
        ],
        [
          "atomDistributionValuePerPoint",
          1.0
        ],
        [
          "atomStatisticalDistribution",
          []
        ]
      ],
      [
        [
          "_metadata",
          {
            "jsonVersion": 3.0,
            "className": "AtomChemicalShift",
            "classVersion": 1.0,
            "user": "luca",
            "lastPath": "undefined",
            "timestamp": "Tue Jan  9 15:18:13 2024"
          }
        ],
        [
          "atomName",
          "H2"
        ],
        [
          "atomElementName",
          ""
        ],
        [
          "atomAverageShift",
          5.242
        ],
        [
          "atomStdShift",
          0.358
        ],
        [
          "atomMinShift",
          5.009
        ],
        [
          "atomMaxShift",
          5.654
        ],
        [
          "atomDistributionRefValue",
          5.009
        ],
        [
          "atomDistributionValuePerPoint",
          1.0
        ],
        [
          "atomStatisticalDistribution",
          []
        ]
      ],
      [
        [
          "_metadata",
          {
            "jsonVersion": 3.0,
            "className": "AtomChemicalShift",
            "classVersion": 1.0,
            "user": "luca",
            "lastPath": "undefined",
            "timestamp": "Tue Jan  9 15:18:13 2024"
          }
        ],
        [
          "atomName",
          "H41"
        ],
        [
          "atomElementName",
          ""
        ],
        [
          "atomAverageShift",
          1.691
        ],
        [
          "atomStdShift",
          0.173
        ],
        [
          "atomMinShift",
          1.591
        ],
        [
          "atomMaxShift",
          1.891
        ],
        [
          "atomDistributionRefValue",
          1.591
        ],
        [
          "atomDistributionValuePerPoint",
          1.0
        ],
        [
          "atomStatisticalDistribution",
          []
        ]
      ],
      [
        [
          "_metadata",
          {
            "jsonVersion": 3.0,
            "className": "AtomChemicalShift",
            "classVersion": 1.0,
            "user": "luca",
            "lastPath": "undefined",
            "timestamp": "Tue Jan  9 15:18:13 2024"
          }
        ],
        [
          "atomName",
          "H42"
        ],
        [
          "atomElementName",
          ""
        ],
        [
          "atomAverageShift",
          1.565
        ],
        [
          "atomStdShift",
          0.037
        ],
        [
          "atomMinShift",
          1.538
        ],
        [
          "atomMaxShift",
          1.591
        ],
        [
          "atomDistributionRefValue",
          1.538
        ],
        [
          "atomDistributionValuePerPoint",
          1.0
        ],
        [
          "atomStatisticalDistribution",
          []
        ]
      ],
      [
        [
          "_metadata",
          {
            "jsonVersion": 3.0,
            "className": "AtomChemicalShift",
            "classVersion": 1.0,
            "user": "luca",
            "lastPath": "undefined",
            "timestamp": "Tue Jan  9 15:18:13 2024"
          }
        ],
        [
          "atomName",
          "H51"
        ],
        [
          "atomElementName",
          ""
        ],
        [
          "atomAverageShift",
          1.553
        ],
        [
          "atomStdShift",
          0.047
        ],
        [
          "atomMinShift",
          1.517
        ],
        [
          "atomMaxShift",
          1.606
        ],
        [
          "atomDistributionRefValue",
          1.517
        ],
        [
          "atomDistributionValuePerPoint",
          1.0
        ],
        [
          "atomStatisticalDistribution",
          []
        ]
      ],
      [
        [
          "_metadata",
          {
            "jsonVersion": 3.0,
            "className": "AtomChemicalShift",
            "classVersion": 1.0,
            "user": "luca",
            "lastPath": "undefined",
            "timestamp": "Tue Jan  9 15:18:13 2024"
          }
        ],
        [
          "atomName",
          "H52"
        ],
        [
          "atomElementName",
          ""
        ],
        [
          "atomAverageShift",
          1.553
        ],
        [
          "atomStdShift",
          0.047
        ],
        [
          "atomMinShift",
          1.517
        ],
        [
          "atomMaxShift",
          1.606
        ],
        [
          "atomDistributionRefValue",
          1.517
        ],
        [
          "atomDistributionValuePerPoint",
          1.0
        ],
        [
          "atomStatisticalDistribution",
          []
        ]
      ],
      [
        [
          "_metadata",
          {
            "jsonVersion": 3.0,
            "className": "AtomChemicalShift",
            "classVersion": 1.0,
            "user": "luca",
            "lastPath": "undefined",
            "timestamp": "Tue Jan  9 15:18:13 2024"
          }
        ],
        [
          "atomName",
          "H53"
        ],
        [
          "atomElementName",
          ""
        ],
        [
          "atomAverageShift",
          1.553
        ],
        [
          "atomStdShift",
          0.047
        ],
        [
          "atomMinShift",
          1.517
        ],
        [
          "atomMaxShift",
          1.606
        ],
        [
          "atomDistributionRefValue",
          1.517
        ],
        [
          "atomDistributionValuePerPoint",
          1.0
        ],
        [
          "atomStatisticalDistribution",
          []
        ]
      ]
    ]
  ]
]