[
  [
    "_metadata",
    {
      "jsonVersion": 3,
      "className": "ReferenceChemicalShift",
      "classVersion": 1,
      "user": "CCPN",
      "lastPath": "/Users/luca/Projects/AnalysisV3/resources/referenceChemicalShifts/NonStandard/Unclassified/X.json",
      "timestamp": "Tue Jan  9 15:18:12 2024",
      "applicationVersion": 3.2
    }
  ],
  [
    "chemicalShiftName",
    "Non-Standard Residues / Small Molecules"
  ],
  [
    "chemicalShiftComment",
    "The CCPN Analysis Version 3 ReferenceChemical shifts retrieved from BMRB"
  ],
  [
    "chemicalShiftEntryDate",
    "2023-09-14-14:25:08"
  ],
  [
    "compoundName",
    ""
  ],
  [
    "compoundShortName",
    "X"
  ],
  [
    "compoundCcpCode",
    "X"
  ],
  [
    "compoundType",
    "Unclassified"
  ],
  [
    "compoundTypeClassification",
    ""
  ],
  [
    "compoundPrecursorName",
    ""
  ],
  [
    "loadingLevel",
    0
  ],
  [
    "atoms",
    [
      [
        [
          "_metadata",
          {
            "jsonVersion": 3.0,
            "className": "AtomChemicalShift",
            "classVersion": 1.0,
            "user": "luca",
            "lastPath": "undefined",
            "timestamp": "Tue Jan  9 15:18:11 2024"
          }
        ],
        [
          "atomName",
          "C1"
        ],
        [
          "atomElementName",
          ""
        ],
        [
          "atomAverageShift",
          80.767
        ],
        [
          "atomStdShift",
          null
        ],
        [
          "atomMinShift",
          80.767
        ],
        [
          "atomMaxShift",
          80.767
        ],
        [
          "atomDistributionRefValue",
          80.767
        ],
        [
          "atomDistributionValuePerPoint",
          1.0
        ],
        [
          "atomStatisticalDistribution",
          []
        ]
      ],
      [
        [
          "_metadata",
          {
            "jsonVersion": 3.0,
            "className": "AtomChemicalShift",
            "classVersion": 1.0,
            "user": "luca",
            "lastPath": "undefined",
            "timestamp": "Tue Jan  9 15:18:11 2024"
          }
        ],
        [
          "atomName",
          "C2"
        ],
        [
          "atomElementName",
          ""
        ],
        [
          "atomAverageShift",
          56.209
        ],
        [
          "atomStdShift",
          null
        ],
        [
          "atomMinShift",
          56.209
        ],
        [
          "atomMaxShift",
          56.209
        ],
        [
          "atomDistributionRefValue",
          56.209
        ],
        [
          "atomDistributionValuePerPoint",
          1.0
        ],
        [
          "atomStatisticalDistribution",
          []
        ]
      ],
      [
        [
          "_metadata",
          {
            "jsonVersion": 3.0,
            "className": "AtomChemicalShift",
            "classVersion": 1.0,
            "user": "luca",
            "lastPath": "undefined",
            "timestamp": "Tue Jan  9 15:18:11 2024"
          }
        ],
        [
          "atomName",
          "C3"
        ],
        [
          "atomElementName",
          ""
        ],
        [
          "atomAverageShift",
          77.867
        ],
        [
          "atomStdShift",
          null
        ],
        [
          "atomMinShift",
          77.867
        ],
        [
          "atomMaxShift",
          77.867
        ],
        [
          "atomDistributionRefValue",
          77.867
        ],
        [
          "atomDistributionValuePerPoint",
          1.0
        ],
        [
          "atomStatisticalDistribution",
          []
        ]
      ],
      [
        [
          "_metadata",
          {
            "jsonVersion": 3.0,
            "className": "AtomChemicalShift",
            "classVersion": 1.0,
            "user": "luca",
            "lastPath": "undefined",
            "timestamp": "Tue Jan  9 15:18:11 2024"
          }
        ],
        [
          "atomName",
          "C4"
        ],
        [
          "atomElementName",
          ""
        ],
        [
          "atomAverageShift",
          59.698
        ],
        [
          "atomStdShift",
          null
        ],
        [
          "atomMinShift",
          59.698
        ],
        [
          "atomMaxShift",
          59.698
        ],
        [
          "atomDistributionRefValue",
          59.698
        ],
        [
          "atomDistributionValuePerPoint",
          1.0
        ],
        [
          "atomStatisticalDistribution",
          []
        ]
      ],
      [
        [
          "_metadata",
          {
            "jsonVersion": 3.0,
            "className": "AtomChemicalShift",
            "classVersion": 1.0,
            "user": "luca",
            "lastPath": "undefined",
            "timestamp": "Tue Jan  9 15:18:11 2024"
          }
        ],
        [
          "atomName",
          "C5"
        ],
        [
          "atomElementName",
          ""
        ],
        [
          "atomAverageShift",
          75.838
        ],
        [
          "atomStdShift",
          null
        ],
        [
          "atomMinShift",
          75.838
        ],
        [
          "atomMaxShift",
          75.838
        ],
        [
          "atomDistributionRefValue",
          75.838
        ],
        [
          "atomDistributionValuePerPoint",
          1.0
        ],
        [
          "atomStatisticalDistribution",
          []
        ]
      ],
      [
        [
          "_metadata",
          {
            "jsonVersion": 3.0,
            "className": "AtomChemicalShift",
            "classVersion": 1.0,
            "user": "luca",
            "lastPath": "undefined",
            "timestamp": "Tue Jan  9 15:18:11 2024"
          }
        ],
        [
          "atomName",
          "C6"
        ],
        [
          "atomElementName",
          ""
        ],
        [
          "atomAverageShift",
          19.506
        ],
        [
          "atomStdShift",
          null
        ],
        [
          "atomMinShift",
          19.506
        ],
        [
          "atomMaxShift",
          19.506
        ],
        [
          "atomDistributionRefValue",
          19.506
        ],
        [
          "atomDistributionValuePerPoint",
          1.0
        ],
        [
          "atomStatisticalDistribution",
          []
        ]
      ],
      [
        [
          "_metadata",
          {
            "jsonVersion": 3.0,
            "className": "AtomChemicalShift",
            "classVersion": 1.0,
            "user": "luca",
            "lastPath": "undefined",
            "timestamp": "Tue Jan  9 15:18:11 2024"
          }
        ],
        [
          "atomName",
          "C8"
        ],
        [
          "atomElementName",
          ""
        ],
        [
          "atomAverageShift",
          25.128
        ],
        [
          "atomStdShift",
          null
        ],
        [
          "atomMinShift",
          25.128
        ],
        [
          "atomMaxShift",
          25.128
        ],
        [
          "atomDistributionRefValue",
          25.128
        ],
        [
          "atomDistributionValuePerPoint",
          1.0
        ],
        [
          "atomStatisticalDistribution",
          []
        ]
      ],
      [
        [
          "_metadata",
          {
            "jsonVersion": 3.0,
            "className": "AtomChemicalShift",
            "classVersion": 1.0,
            "user": "luca",
            "lastPath": "undefined",
            "timestamp": "Tue Jan  9 15:18:11 2024"
          }
        ],
        [
          "atomName",
          "C9"
        ],
        [
          "atomElementName",
          ""
        ],
        [
          "atomAverageShift",
          24.944
        ],
        [
          "atomStdShift",
          null
        ],
        [
          "atomMinShift",
          24.944
        ],
        [
          "atomMaxShift",
          24.944
        ],
        [
          "atomDistributionRefValue",
          24.944
        ],
        [
          "atomDistributionValuePerPoint",
          1.0
        ],
        [
          "atomStatisticalDistribution",
          []
        ]
      ],
      [
        [
          "_metadata",
          {
            "jsonVersion": 3.0,
            "className": "AtomChemicalShift",
            "classVersion": 1.0,
            "user": "luca",
            "lastPath": "undefined",
            "timestamp": "Tue Jan  9 15:18:11 2024"
          }
        ],
        [
          "atomName",
          "H1"
        ],
        [
          "atomElementName",
          ""
        ],
        [
          "atomAverageShift",
          5.027
        ],
        [
          "atomStdShift",
          null
        ],
        [
          "atomMinShift",
          5.027
        ],
        [
          "atomMaxShift",
          5.027
        ],
        [
          "atomDistributionRefValue",
          5.027
        ],
        [
          "atomDistributionValuePerPoint",
          1.0
        ],
        [
          "atomStatisticalDistribution",
          []
        ]
      ],
      [
        [
          "_metadata",
          {
            "jsonVersion": 3.0,
            "className": "AtomChemicalShift",
            "classVersion": 1.0,
            "user": "luca",
            "lastPath": "undefined",
            "timestamp": "Tue Jan  9 15:18:11 2024"
          }
        ],
        [
          "atomName",
          "H1'"
        ],
        [
          "atomElementName",
          ""
        ],
        [
          "atomAverageShift",
          5.248
        ],
        [
          "atomStdShift",
          0.605
        ],
        [
          "atomMinShift",
          4.559
        ],
        [
          "atomMaxShift",
          5.692
        ],
        [
          "atomDistributionRefValue",
          4.559
        ],
        [
          "atomDistributionValuePerPoint",
          1.0
        ],
        [
          "atomStatisticalDistribution",
          []
        ]
      ],
      [
        [
          "_metadata",
          {
            "jsonVersion": 3.0,
            "className": "AtomChemicalShift",
            "classVersion": 1.0,
            "user": "luca",
            "lastPath": "undefined",
            "timestamp": "Tue Jan  9 15:18:11 2024"
          }
        ],
        [
          "atomName",
          "H2"
        ],
        [
          "atomElementName",
          ""
        ],
        [
          "atomAverageShift",
          3.844
        ],
        [
          "atomStdShift",
          null
        ],
        [
          "atomMinShift",
          3.844
        ],
        [
          "atomMaxShift",
          3.844
        ],
        [
          "atomDistributionRefValue",
          3.844
        ],
        [
          "atomDistributionValuePerPoint",
          1.0
        ],
        [
          "atomStatisticalDistribution",
          []
        ]
      ],
      [
        [
          "_metadata",
          {
            "jsonVersion": 3.0,
            "className": "AtomChemicalShift",
            "classVersion": 1.0,
            "user": "luca",
            "lastPath": "undefined",
            "timestamp": "Tue Jan  9 15:18:11 2024"
          }
        ],
        [
          "atomName",
          "H2'"
        ],
        [
          "atomElementName",
          ""
        ],
        [
          "atomAverageShift",
          3.909
        ],
        [
          "atomStdShift",
          0.134
        ],
        [
          "atomMinShift",
          3.778
        ],
        [
          "atomMaxShift",
          4.045
        ],
        [
          "atomDistributionRefValue",
          3.778
        ],
        [
          "atomDistributionValuePerPoint",
          1.0
        ],
        [
          "atomStatisticalDistribution",
          []
        ]
      ],
      [
        [
          "_metadata",
          {
            "jsonVersion": 3.0,
            "className": "AtomChemicalShift",
            "classVersion": 1.0,
            "user": "luca",
            "lastPath": "undefined",
            "timestamp": "Tue Jan  9 15:18:11 2024"
          }
        ],
        [
          "atomName",
          "H2'OMe"
        ],
        [
          "atomElementName",
          ""
        ],
        [
          "atomAverageShift",
          3.585
        ],
        [
          "atomStdShift",
          null
        ],
        [
          "atomMinShift",
          3.585
        ],
        [
          "atomMaxShift",
          3.585
        ],
        [
          "atomDistributionRefValue",
          3.585
        ],
        [
          "atomDistributionValuePerPoint",
          1.0
        ],
        [
          "atomStatisticalDistribution",
          []
        ]
      ],
      [
        [
          "_metadata",
          {
            "jsonVersion": 3.0,
            "className": "AtomChemicalShift",
            "classVersion": 1.0,
            "user": "luca",
            "lastPath": "undefined",
            "timestamp": "Tue Jan  9 15:18:11 2024"
          }
        ],
        [
          "atomName",
          "H3"
        ],
        [
          "atomElementName",
          ""
        ],
        [
          "atomAverageShift",
          3.828
        ],
        [
          "atomStdShift",
          null
        ],
        [
          "atomMinShift",
          3.828
        ],
        [
          "atomMaxShift",
          3.828
        ],
        [
          "atomDistributionRefValue",
          3.828
        ],
        [
          "atomDistributionValuePerPoint",
          1.0
        ],
        [
          "atomStatisticalDistribution",
          []
        ]
      ],
      [
        [
          "_metadata",
          {
            "jsonVersion": 3.0,
            "className": "AtomChemicalShift",
            "classVersion": 1.0,
            "user": "luca",
            "lastPath": "undefined",
            "timestamp": "Tue Jan  9 15:18:11 2024"
          }
        ],
        [
          "atomName",
          "H3'"
        ],
        [
          "atomElementName",
          ""
        ],
        [
          "atomAverageShift",
          4.275
        ],
        [
          "atomStdShift",
          0.252
        ],
        [
          "atomMinShift",
          4.049
        ],
        [
          "atomMaxShift",
          4.547
        ],
        [
          "atomDistributionRefValue",
          4.049
        ],
        [
          "atomDistributionValuePerPoint",
          1.0
        ],
        [
          "atomStatisticalDistribution",
          []
        ]
      ],
      [
        [
          "_metadata",
          {
            "jsonVersion": 3.0,
            "className": "AtomChemicalShift",
            "classVersion": 1.0,
            "user": "luca",
            "lastPath": "undefined",
            "timestamp": "Tue Jan  9 15:18:11 2024"
          }
        ],
        [
          "atomName",
          "H4"
        ],
        [
          "atomElementName",
          ""
        ],
        [
          "atomAverageShift",
          3.74
        ],
        [
          "atomStdShift",
          null
        ],
        [
          "atomMinShift",
          3.74
        ],
        [
          "atomMaxShift",
          3.74
        ],
        [
          "atomDistributionRefValue",
          3.74
        ],
        [
          "atomDistributionValuePerPoint",
          1.0
        ],
        [
          "atomStatisticalDistribution",
          []
        ]
      ],
      [
        [
          "_metadata",
          {
            "jsonVersion": 3.0,
            "className": "AtomChemicalShift",
            "classVersion": 1.0,
            "user": "luca",
            "lastPath": "undefined",
            "timestamp": "Tue Jan  9 15:18:11 2024"
          }
        ],
        [
          "atomName",
          "H4'"
        ],
        [
          "atomElementName",
          ""
        ],
        [
          "atomAverageShift",
          4.05
        ],
        [
          "atomStdShift",
          0.097
        ],
        [
          "atomMinShift",
          3.981
        ],
        [
          "atomMaxShift",
          4.118
        ],
        [
          "atomDistributionRefValue",
          3.981
        ],
        [
          "atomDistributionValuePerPoint",
          1.0
        ],
        [
          "atomStatisticalDistribution",
          []
        ]
      ],
      [
        [
          "_metadata",
          {
            "jsonVersion": 3.0,
            "className": "AtomChemicalShift",
            "classVersion": 1.0,
            "user": "luca",
            "lastPath": "undefined",
            "timestamp": "Tue Jan  9 15:18:11 2024"
          }
        ],
        [
          "atomName",
          "H5"
        ],
        [
          "atomElementName",
          ""
        ],
        [
          "atomAverageShift",
          4.333
        ],
        [
          "atomStdShift",
          1.23
        ],
        [
          "atomMinShift",
          3.463
        ],
        [
          "atomMaxShift",
          5.203
        ],
        [
          "atomDistributionRefValue",
          3.463
        ],
        [
          "atomDistributionValuePerPoint",
          1.0
        ],
        [
          "atomStatisticalDistribution",
          []
        ]
      ],
      [
        [
          "_metadata",
          {
            "jsonVersion": 3.0,
            "className": "AtomChemicalShift",
            "classVersion": 1.0,
            "user": "luca",
            "lastPath": "undefined",
            "timestamp": "Tue Jan  9 15:18:11 2024"
          }
        ],
        [
          "atomName",
          "H5'"
        ],
        [
          "atomElementName",
          ""
        ],
        [
          "atomAverageShift",
          4.065
        ],
        [
          "atomStdShift",
          0.068
        ],
        [
          "atomMinShift",
          3.986
        ],
        [
          "atomMaxShift",
          4.106
        ],
        [
          "atomDistributionRefValue",
          3.986
        ],
        [
          "atomDistributionValuePerPoint",
          1.0
        ],
        [
          "atomStatisticalDistribution",
          []
        ]
      ],
      [
        [
          "_metadata",
          {
            "jsonVersion": 3.0,
            "className": "AtomChemicalShift",
            "classVersion": 1.0,
            "user": "luca",
            "lastPath": "undefined",
            "timestamp": "Tue Jan  9 15:18:11 2024"
          }
        ],
        [
          "atomName",
          "H5''"
        ],
        [
          "atomElementName",
          ""
        ],
        [
          "atomAverageShift",
          4.278
        ],
        [
          "atomStdShift",
          0.081
        ],
        [
          "atomMinShift",
          4.213
        ],
        [
          "atomMaxShift",
          4.368
        ],
        [
          "atomDistributionRefValue",
          4.213
        ],
        [
          "atomDistributionValuePerPoint",
          1.0
        ],
        [
          "atomStatisticalDistribution",
          []
        ]
      ],
      [
        [
          "_metadata",
          {
            "jsonVersion": 3.0,
            "className": "AtomChemicalShift",
            "classVersion": 1.0,
            "user": "luca",
            "lastPath": "undefined",
            "timestamp": "Tue Jan  9 15:18:11 2024"
          }
        ],
        [
          "atomName",
          "H6"
        ],
        [
          "atomElementName",
          ""
        ],
        [
          "atomAverageShift",
          5.868
        ],
        [
          "atomStdShift",
          3.233
        ],
        [
          "atomMinShift",
          1.034
        ],
        [
          "atomMaxShift",
          7.843
        ],
        [
          "atomDistributionRefValue",
          1.034
        ],
        [
          "atomDistributionValuePerPoint",
          1.0
        ],
        [
          "atomStatisticalDistribution",
          []
        ]
      ],
      [
        [
          "_metadata",
          {
            "jsonVersion": 3.0,
            "className": "AtomChemicalShift",
            "classVersion": 1.0,
            "user": "luca",
            "lastPath": "undefined",
            "timestamp": "Tue Jan  9 15:18:11 2024"
          }
        ],
        [
          "atomName",
          "H6'"
        ],
        [
          "atomElementName",
          ""
        ],
        [
          "atomAverageShift",
          3.735
        ],
        [
          "atomStdShift",
          null
        ],
        [
          "atomMinShift",
          3.735
        ],
        [
          "atomMaxShift",
          3.735
        ],
        [
          "atomDistributionRefValue",
          3.735
        ],
        [
          "atomDistributionValuePerPoint",
          1.0
        ],
        [
          "atomStatisticalDistribution",
          []
        ]
      ],
      [
        [
          "_metadata",
          {
            "jsonVersion": 3.0,
            "className": "AtomChemicalShift",
            "classVersion": 1.0,
            "user": "luca",
            "lastPath": "undefined",
            "timestamp": "Tue Jan  9 15:18:11 2024"
          }
        ],
        [
          "atomName",
          "H6''"
        ],
        [
          "atomElementName",
          ""
        ],
        [
          "atomAverageShift",
          3.851
        ],
        [
          "atomStdShift",
          null
        ],
        [
          "atomMinShift",
          3.851
        ],
        [
          "atomMaxShift",
          3.851
        ],
        [
          "atomDistributionRefValue",
          3.851
        ],
        [
          "atomDistributionValuePerPoint",
          1.0
        ],
        [
          "atomStatisticalDistribution",
          []
        ]
      ],
      [
        [
          "_metadata",
          {
            "jsonVersion": 3.0,
            "className": "AtomChemicalShift",
            "classVersion": 1.0,
            "user": "luca",
            "lastPath": "undefined",
            "timestamp": "Tue Jan  9 15:18:11 2024"
          }
        ],
        [
          "atomName",
          "H7"
        ],
        [
          "atomElementName",
          ""
        ],
        [
          "atomAverageShift",
          1.777
        ],
        [
          "atomStdShift",
          null
        ],
        [
          "atomMinShift",
          1.777
        ],
        [
          "atomMaxShift",
          1.777
        ],
        [
          "atomDistributionRefValue",
          1.777
        ],
        [
          "atomDistributionValuePerPoint",
          1.0
        ],
        [
          "atomStatisticalDistribution",
          []
        ]
      ],
      [
        [
          "_metadata",
          {
            "jsonVersion": 3.0,
            "className": "AtomChemicalShift",
            "classVersion": 1.0,
            "user": "luca",
            "lastPath": "undefined",
            "timestamp": "Tue Jan  9 15:18:11 2024"
          }
        ],
        [
          "atomName",
          "H8"
        ],
        [
          "atomElementName",
          ""
        ],
        [
          "atomAverageShift",
          1.96
        ],
        [
          "atomStdShift",
          null
        ],
        [
          "atomMinShift",
          1.96
        ],
        [
          "atomMaxShift",
          1.96
        ],
        [
          "atomDistributionRefValue",
          1.96
        ],
        [
          "atomDistributionValuePerPoint",
          1.0
        ],
        [
          "atomStatisticalDistribution",
          []
        ]
      ],
      [
        [
          "_metadata",
          {
            "jsonVersion": 3.0,
            "className": "AtomChemicalShift",
            "classVersion": 1.0,
            "user": "luca",
            "lastPath": "undefined",
            "timestamp": "Tue Jan  9 15:18:11 2024"
          }
        ],
        [
          "atomName",
          "H9"
        ],
        [
          "atomElementName",
          ""
        ],
        [
          "atomAverageShift",
          1.891
        ],
        [
          "atomStdShift",
          null
        ],
        [
          "atomMinShift",
          1.891
        ],
        [
          "atomMaxShift",
          1.891
        ],
        [
          "atomDistributionRefValue",
          1.891
        ],
        [
          "atomDistributionValuePerPoint",
          1.0
        ],
        [
          "atomStatisticalDistribution",
          []
        ]
      ],
      [
        [
          "_metadata",
          {
            "jsonVersion": 3.0,
            "className": "AtomChemicalShift",
            "classVersion": 1.0,
            "user": "luca",
            "lastPath": "undefined",
            "timestamp": "Tue Jan  9 15:18:11 2024"
          }
        ],
        [
          "atomName",
          "HA"
        ],
        [
          "atomElementName",
          ""
        ],
        [
          "atomAverageShift",
          4.369
        ],
        [
          "atomStdShift",
          0.016
        ],
        [
          "atomMinShift",
          4.351
        ],
        [
          "atomMaxShift",
          4.383
        ],
        [
          "atomDistributionRefValue",
          4.351
        ],
        [
          "atomDistributionValuePerPoint",
          1.0
        ],
        [
          "atomStatisticalDistribution",
          []
        ]
      ],
      [
        [
          "_metadata",
          {
            "jsonVersion": 3.0,
            "className": "AtomChemicalShift",
            "classVersion": 1.0,
            "user": "luca",
            "lastPath": "undefined",
            "timestamp": "Tue Jan  9 15:18:11 2024"
          }
        ],
        [
          "atomName",
          "HA1"
        ],
        [
          "atomElementName",
          ""
        ],
        [
          "atomAverageShift",
          4.294
        ],
        [
          "atomStdShift",
          null
        ],
        [
          "atomMinShift",
          4.294
        ],
        [
          "atomMaxShift",
          4.294
        ],
        [
          "atomDistributionRefValue",
          4.294
        ],
        [
          "atomDistributionValuePerPoint",
          1.0
        ],
        [
          "atomStatisticalDistribution",
          []
        ]
      ],
      [
        [
          "_metadata",
          {
            "jsonVersion": 3.0,
            "className": "AtomChemicalShift",
            "classVersion": 1.0,
            "user": "luca",
            "lastPath": "undefined",
            "timestamp": "Tue Jan  9 15:18:11 2024"
          }
        ],
        [
          "atomName",
          "HA2"
        ],
        [
          "atomElementName",
          ""
        ],
        [
          "atomAverageShift",
          4.145
        ],
        [
          "atomStdShift",
          0.211
        ],
        [
          "atomMinShift",
          3.996
        ],
        [
          "atomMaxShift",
          4.294
        ],
        [
          "atomDistributionRefValue",
          3.996
        ],
        [
          "atomDistributionValuePerPoint",
          1.0
        ],
        [
          "atomStatisticalDistribution",
          []
        ]
      ],
      [
        [
          "_metadata",
          {
            "jsonVersion": 3.0,
            "className": "AtomChemicalShift",
            "classVersion": 1.0,
            "user": "luca",
            "lastPath": "undefined",
            "timestamp": "Tue Jan  9 15:18:11 2024"
          }
        ],
        [
          "atomName",
          "HA3"
        ],
        [
          "atomElementName",
          ""
        ],
        [
          "atomAverageShift",
          3.973
        ],
        [
          "atomStdShift",
          null
        ],
        [
          "atomMinShift",
          3.973
        ],
        [
          "atomMaxShift",
          3.973
        ],
        [
          "atomDistributionRefValue",
          3.973
        ],
        [
          "atomDistributionValuePerPoint",
          1.0
        ],
        [
          "atomStatisticalDistribution",
          []
        ]
      ],
      [
        [
          "_metadata",
          {
            "jsonVersion": 3.0,
            "className": "AtomChemicalShift",
            "classVersion": 1.0,
            "user": "luca",
            "lastPath": "undefined",
            "timestamp": "Tue Jan  9 15:18:11 2024"
          }
        ],
        [
          "atomName",
          "HB2"
        ],
        [
          "atomElementName",
          ""
        ],
        [
          "atomAverageShift",
          3.086
        ],
        [
          "atomStdShift",
          0.398
        ],
        [
          "atomMinShift",
          2.795
        ],
        [
          "atomMaxShift",
          3.603
        ],
        [
          "atomDistributionRefValue",
          2.795
        ],
        [
          "atomDistributionValuePerPoint",
          1.0
        ],
        [
          "atomStatisticalDistribution",
          []
        ]
      ],
      [
        [
          "_metadata",
          {
            "jsonVersion": 3.0,
            "className": "AtomChemicalShift",
            "classVersion": 1.0,
            "user": "luca",
            "lastPath": "undefined",
            "timestamp": "Tue Jan  9 15:18:11 2024"
          }
        ],
        [
          "atomName",
          "HB3"
        ],
        [
          "atomElementName",
          ""
        ],
        [
          "atomAverageShift",
          3.088
        ],
        [
          "atomStdShift",
          0.338
        ],
        [
          "atomMinShift",
          2.756
        ],
        [
          "atomMaxShift",
          3.431
        ],
        [
          "atomDistributionRefValue",
          2.756
        ],
        [
          "atomDistributionValuePerPoint",
          1.0
        ],
        [
          "atomStatisticalDistribution",
          []
        ]
      ],
      [
        [
          "_metadata",
          {
            "jsonVersion": 3.0,
            "className": "AtomChemicalShift",
            "classVersion": 1.0,
            "user": "luca",
            "lastPath": "undefined",
            "timestamp": "Tue Jan  9 15:18:11 2024"
          }
        ],
        [
          "atomName",
          "HD2"
        ],
        [
          "atomElementName",
          ""
        ],
        [
          "atomAverageShift",
          1.627
        ],
        [
          "atomStdShift",
          0.073
        ],
        [
          "atomMinShift",
          1.575
        ],
        [
          "atomMaxShift",
          1.678
        ],
        [
          "atomDistributionRefValue",
          1.575
        ],
        [
          "atomDistributionValuePerPoint",
          1.0
        ],
        [
          "atomStatisticalDistribution",
          []
        ]
      ],
      [
        [
          "_metadata",
          {
            "jsonVersion": 3.0,
            "className": "AtomChemicalShift",
            "classVersion": 1.0,
            "user": "luca",
            "lastPath": "undefined",
            "timestamp": "Tue Jan  9 15:18:11 2024"
          }
        ],
        [
          "atomName",
          "HD3"
        ],
        [
          "atomElementName",
          ""
        ],
        [
          "atomAverageShift",
          1.627
        ],
        [
          "atomStdShift",
          0.073
        ],
        [
          "atomMinShift",
          1.575
        ],
        [
          "atomMaxShift",
          1.678
        ],
        [
          "atomDistributionRefValue",
          1.575
        ],
        [
          "atomDistributionValuePerPoint",
          1.0
        ],
        [
          "atomStatisticalDistribution",
          []
        ]
      ],
      [
        [
          "_metadata",
          {
            "jsonVersion": 3.0,
            "className": "AtomChemicalShift",
            "classVersion": 1.0,
            "user": "luca",
            "lastPath": "undefined",
            "timestamp": "Tue Jan  9 15:18:11 2024"
          }
        ],
        [
          "atomName",
          "HE2"
        ],
        [
          "atomElementName",
          ""
        ],
        [
          "atomAverageShift",
          2.991
        ],
        [
          "atomStdShift",
          0.028
        ],
        [
          "atomMinShift",
          2.971
        ],
        [
          "atomMaxShift",
          3.011
        ],
        [
          "atomDistributionRefValue",
          2.971
        ],
        [
          "atomDistributionValuePerPoint",
          1.0
        ],
        [
          "atomStatisticalDistribution",
          []
        ]
      ],
      [
        [
          "_metadata",
          {
            "jsonVersion": 3.0,
            "className": "AtomChemicalShift",
            "classVersion": 1.0,
            "user": "luca",
            "lastPath": "undefined",
            "timestamp": "Tue Jan  9 15:18:11 2024"
          }
        ],
        [
          "atomName",
          "HE3"
        ],
        [
          "atomElementName",
          ""
        ],
        [
          "atomAverageShift",
          2.991
        ],
        [
          "atomStdShift",
          0.028
        ],
        [
          "atomMinShift",
          2.971
        ],
        [
          "atomMaxShift",
          3.011
        ],
        [
          "atomDistributionRefValue",
          2.971
        ],
        [
          "atomDistributionValuePerPoint",
          1.0
        ],
        [
          "atomStatisticalDistribution",
          []
        ]
      ],
      [
        [
          "_metadata",
          {
            "jsonVersion": 3.0,
            "className": "AtomChemicalShift",
            "classVersion": 1.0,
            "user": "luca",
            "lastPath": "undefined",
            "timestamp": "Tue Jan  9 15:18:11 2024"
          }
        ],
        [
          "atomName",
          "HG2"
        ],
        [
          "atomElementName",
          ""
        ],
        [
          "atomAverageShift",
          1.629
        ],
        [
          "atomStdShift",
          0.078
        ],
        [
          "atomMinShift",
          1.574
        ],
        [
          "atomMaxShift",
          1.684
        ],
        [
          "atomDistributionRefValue",
          1.574
        ],
        [
          "atomDistributionValuePerPoint",
          1.0
        ],
        [
          "atomStatisticalDistribution",
          []
        ]
      ],
      [
        [
          "_metadata",
          {
            "jsonVersion": 3.0,
            "className": "AtomChemicalShift",
            "classVersion": 1.0,
            "user": "luca",
            "lastPath": "undefined",
            "timestamp": "Tue Jan  9 15:18:11 2024"
          }
        ],
        [
          "atomName",
          "HG3"
        ],
        [
          "atomElementName",
          ""
        ],
        [
          "atomAverageShift",
          1.629
        ],
        [
          "atomStdShift",
          0.078
        ],
        [
          "atomMinShift",
          1.574
        ],
        [
          "atomMaxShift",
          1.684
        ],
        [
          "atomDistributionRefValue",
          1.574
        ],
        [
          "atomDistributionValuePerPoint",
          1.0
        ],
        [
          "atomStatisticalDistribution",
          []
        ]
      ],
      [
        [
          "_metadata",
          {
            "jsonVersion": 3.0,
            "className": "AtomChemicalShift",
            "classVersion": 1.0,
            "user": "luca",
            "lastPath": "undefined",
            "timestamp": "Tue Jan  9 15:18:11 2024"
          }
        ],
        [
          "atomName",
          "HN"
        ],
        [
          "atomElementName",
          ""
        ],
        [
          "atomAverageShift",
          8.191
        ],
        [
          "atomStdShift",
          0.015
        ],
        [
          "atomMinShift",
          8.178
        ],
        [
          "atomMaxShift",
          8.207
        ],
        [
          "atomDistributionRefValue",
          8.178
        ],
        [
          "atomDistributionValuePerPoint",
          1.0
        ],
        [
          "atomStatisticalDistribution",
          []
        ]
      ],
      [
        [
          "_metadata",
          {
            "jsonVersion": 3.0,
            "className": "AtomChemicalShift",
            "classVersion": 1.0,
            "user": "luca",
            "lastPath": "undefined",
            "timestamp": "Tue Jan  9 15:18:11 2024"
          }
        ],
        [
          "atomName",
          "HN2"
        ],
        [
          "atomElementName",
          ""
        ],
        [
          "atomAverageShift",
          8.207
        ],
        [
          "atomStdShift",
          null
        ],
        [
          "atomMinShift",
          8.207
        ],
        [
          "atomMaxShift",
          8.207
        ],
        [
          "atomDistributionRefValue",
          8.207
        ],
        [
          "atomDistributionValuePerPoint",
          1.0
        ],
        [
          "atomStatisticalDistribution",
          []
        ]
      ],
      [
        [
          "_metadata",
          {
            "jsonVersion": 3.0,
            "className": "AtomChemicalShift",
            "classVersion": 1.0,
            "user": "luca",
            "lastPath": "undefined",
            "timestamp": "Tue Jan  9 15:18:11 2024"
          }
        ],
        [
          "atomName",
          "HN4"
        ],
        [
          "atomElementName",
          ""
        ],
        [
          "atomAverageShift",
          8.204
        ],
        [
          "atomStdShift",
          null
        ],
        [
          "atomMinShift",
          8.204
        ],
        [
          "atomMaxShift",
          8.204
        ],
        [
          "atomDistributionRefValue",
          8.204
        ],
        [
          "atomDistributionValuePerPoint",
          1.0
        ],
        [
          "atomStatisticalDistribution",
          []
        ]
      ],
      [
        [
          "_metadata",
          {
            "jsonVersion": 3.0,
            "className": "AtomChemicalShift",
            "classVersion": 1.0,
            "user": "luca",
            "lastPath": "undefined",
            "timestamp": "Tue Jan  9 15:18:11 2024"
          }
        ],
        [
          "atomName",
          "P"
        ],
        [
          "atomElementName",
          ""
        ],
        [
          "atomAverageShift",
          -3.884
        ],
        [
          "atomStdShift",
          0.358
        ],
        [
          "atomMinShift",
          -4.216
        ],
        [
          "atomMaxShift",
          -3.504
        ],
        [
          "atomDistributionRefValue",
          -4.216
        ],
        [
          "atomDistributionValuePerPoint",
          1.0
        ],
        [
          "atomStatisticalDistribution",
          []
        ]
      ],
      [
        [
          "_metadata",
          {
            "jsonVersion": 3.0,
            "className": "AtomChemicalShift",
            "classVersion": 1.0,
            "user": "luca",
            "lastPath": "undefined",
            "timestamp": "Tue Jan  9 15:18:11 2024"
          }
        ],
        [
          "atomName",
          "QE"
        ],
        [
          "atomElementName",
          ""
        ],
        [
          "atomAverageShift",
          6.657
        ],
        [
          "atomStdShift",
          0.003
        ],
        [
          "atomMinShift",
          6.654
        ],
        [
          "atomMaxShift",
          6.659
        ],
        [
          "atomDistributionRefValue",
          6.654
        ],
        [
          "atomDistributionValuePerPoint",
          1.0
        ],
        [
          "atomStatisticalDistribution",
          []
        ]
      ],
      [
        [
          "_metadata",
          {
            "jsonVersion": 3.0,
            "className": "AtomChemicalShift",
            "classVersion": 1.0,
            "user": "luca",
            "lastPath": "undefined",
            "timestamp": "Tue Jan  9 15:18:11 2024"
          }
        ],
        [
          "atomName",
          "QF"
        ],
        [
          "atomElementName",
          ""
        ],
        [
          "atomAverageShift",
          2.03
        ],
        [
          "atomStdShift",
          0.001
        ],
        [
          "atomMinShift",
          2.029
        ],
        [
          "atomMaxShift",
          2.03
        ],
        [
          "atomDistributionRefValue",
          2.029
        ],
        [
          "atomDistributionValuePerPoint",
          1.0
        ],
        [
          "atomStatisticalDistribution",
          []
        ]
      ],
      [
        [
          "_metadata",
          {
            "jsonVersion": 3.0,
            "className": "AtomChemicalShift",
            "classVersion": 1.0,
            "user": "luca",
            "lastPath": "undefined",
            "timestamp": "Tue Jan  9 15:18:11 2024"
          }
        ],
        [
          "atomName",
          "QH"
        ],
        [
          "atomElementName",
          ""
        ],
        [
          "atomAverageShift",
          1.93
        ],
        [
          "atomStdShift",
          0.001
        ],
        [
          "atomMinShift",
          1.929
        ],
        [
          "atomMaxShift",
          1.93
        ],
        [
          "atomDistributionRefValue",
          1.929
        ],
        [
          "atomDistributionValuePerPoint",
          1.0
        ],
        [
          "atomStatisticalDistribution",
          []
        ]
      ],
      [
        [
          "_metadata",
          {
            "jsonVersion": 3.0,
            "className": "AtomChemicalShift",
            "classVersion": 1.0,
            "user": "luca",
            "lastPath": "undefined",
            "timestamp": "Tue Jan  9 15:18:11 2024"
          }
        ],
        [
          "atomName",
          "QQF"
        ],
        [
          "atomElementName",
          ""
        ],
        [
          "atomAverageShift",
          2.025
        ],
        [
          "atomStdShift",
          0.005
        ],
        [
          "atomMinShift",
          2.021
        ],
        [
          "atomMaxShift",
          2.028
        ],
        [
          "atomDistributionRefValue",
          2.021
        ],
        [
          "atomDistributionValuePerPoint",
          1.0
        ],
        [
          "atomStatisticalDistribution",
          []
        ]
      ]
    ]
  ]
]