[
  [
    "_metadata",
    {
      "jsonVersion": 3,
      "className": "ReferenceChemicalShift",
      "classVersion": 1,
      "user": "CCPN",
      "lastPath": "/Users/luca/Projects/AnalysisV3/resources/referenceChemicalShifts/NonStandard/Unclassified/XD.json",
      "timestamp": "Tue Jan  9 15:18:11 2024",
      "applicationVersion": 3.2
    }
  ],
  [
    "chemicalShiftName",
    "Non-Standard Residues / Small Molecules"
  ],
  [
    "chemicalShiftComment",
    "The CCPN Analysis Version 3 ReferenceChemical shifts retrieved from BMRB"
  ],
  [
    "chemicalShiftEntryDate",
    "2023-09-14-14:25:08"
  ],
  [
    "compoundName",
    ""
  ],
  [
    "compoundShortName",
    "XD"
  ],
  [
    "compoundCcpCode",
    "XD"
  ],
  [
    "compoundType",
    "Unclassified"
  ],
  [
    "compoundTypeClassification",
    ""
  ],
  [
    "compoundPrecursorName",
    ""
  ],
  [
    "loadingLevel",
    0
  ],
  [
    "atoms",
    [
      [
        [
          "_metadata",
          {
            "jsonVersion": 3.0,
            "className": "AtomChemicalShift",
            "classVersion": 1.0,
            "user": "luca",
            "lastPath": "undefined",
            "timestamp": "Tue Jan  9 15:18:11 2024"
          }
        ],
        [
          "atomName",
          "C1"
        ],
        [
          "atomElementName",
          ""
        ],
        [
          "atomAverageShift",
          96.8
        ],
        [
          "atomStdShift",
          null
        ],
        [
          "atomMinShift",
          96.8
        ],
        [
          "atomMaxShift",
          96.8
        ],
        [
          "atomDistributionRefValue",
          96.8
        ],
        [
          "atomDistributionValuePerPoint",
          1.0
        ],
        [
          "atomStatisticalDistribution",
          []
        ]
      ],
      [
        [
          "_metadata",
          {
            "jsonVersion": 3.0,
            "className": "AtomChemicalShift",
            "classVersion": 1.0,
            "user": "luca",
            "lastPath": "undefined",
            "timestamp": "Tue Jan  9 15:18:11 2024"
          }
        ],
        [
          "atomName",
          "C2"
        ],
        [
          "atomElementName",
          ""
        ],
        [
          "atomAverageShift",
          68.7
        ],
        [
          "atomStdShift",
          null
        ],
        [
          "atomMinShift",
          68.7
        ],
        [
          "atomMaxShift",
          68.7
        ],
        [
          "atomDistributionRefValue",
          68.7
        ],
        [
          "atomDistributionValuePerPoint",
          1.0
        ],
        [
          "atomStatisticalDistribution",
          []
        ]
      ],
      [
        [
          "_metadata",
          {
            "jsonVersion": 3.0,
            "className": "AtomChemicalShift",
            "classVersion": 1.0,
            "user": "luca",
            "lastPath": "undefined",
            "timestamp": "Tue Jan  9 15:18:11 2024"
          }
        ],
        [
          "atomName",
          "C3"
        ],
        [
          "atomElementName",
          ""
        ],
        [
          "atomAverageShift",
          71.4
        ],
        [
          "atomStdShift",
          null
        ],
        [
          "atomMinShift",
          71.4
        ],
        [
          "atomMaxShift",
          71.4
        ],
        [
          "atomDistributionRefValue",
          71.4
        ],
        [
          "atomDistributionValuePerPoint",
          1.0
        ],
        [
          "atomStatisticalDistribution",
          []
        ]
      ],
      [
        [
          "_metadata",
          {
            "jsonVersion": 3.0,
            "className": "AtomChemicalShift",
            "classVersion": 1.0,
            "user": "luca",
            "lastPath": "undefined",
            "timestamp": "Tue Jan  9 15:18:11 2024"
          }
        ],
        [
          "atomName",
          "C4"
        ],
        [
          "atomElementName",
          ""
        ],
        [
          "atomAverageShift",
          82.1
        ],
        [
          "atomStdShift",
          null
        ],
        [
          "atomMinShift",
          82.1
        ],
        [
          "atomMaxShift",
          82.1
        ],
        [
          "atomDistributionRefValue",
          82.1
        ],
        [
          "atomDistributionValuePerPoint",
          1.0
        ],
        [
          "atomStatisticalDistribution",
          []
        ]
      ],
      [
        [
          "_metadata",
          {
            "jsonVersion": 3.0,
            "className": "AtomChemicalShift",
            "classVersion": 1.0,
            "user": "luca",
            "lastPath": "undefined",
            "timestamp": "Tue Jan  9 15:18:11 2024"
          }
        ],
        [
          "atomName",
          "C5"
        ],
        [
          "atomElementName",
          ""
        ],
        [
          "atomAverageShift",
          73.0
        ],
        [
          "atomStdShift",
          null
        ],
        [
          "atomMinShift",
          73.0
        ],
        [
          "atomMaxShift",
          73.0
        ],
        [
          "atomDistributionRefValue",
          73.0
        ],
        [
          "atomDistributionValuePerPoint",
          1.0
        ],
        [
          "atomStatisticalDistribution",
          []
        ]
      ],
      [
        [
          "_metadata",
          {
            "jsonVersion": 3.0,
            "className": "AtomChemicalShift",
            "classVersion": 1.0,
            "user": "luca",
            "lastPath": "undefined",
            "timestamp": "Tue Jan  9 15:18:11 2024"
          }
        ],
        [
          "atomName",
          "C6"
        ],
        [
          "atomElementName",
          ""
        ],
        [
          "atomAverageShift",
          174.8
        ],
        [
          "atomStdShift",
          null
        ],
        [
          "atomMinShift",
          174.8
        ],
        [
          "atomMaxShift",
          174.8
        ],
        [
          "atomDistributionRefValue",
          174.8
        ],
        [
          "atomDistributionValuePerPoint",
          1.0
        ],
        [
          "atomStatisticalDistribution",
          []
        ]
      ],
      [
        [
          "_metadata",
          {
            "jsonVersion": 3.0,
            "className": "AtomChemicalShift",
            "classVersion": 1.0,
            "user": "luca",
            "lastPath": "undefined",
            "timestamp": "Tue Jan  9 15:18:11 2024"
          }
        ],
        [
          "atomName",
          "H1"
        ],
        [
          "atomElementName",
          ""
        ],
        [
          "atomAverageShift",
          5.46
        ],
        [
          "atomStdShift",
          null
        ],
        [
          "atomMinShift",
          5.46
        ],
        [
          "atomMaxShift",
          5.46
        ],
        [
          "atomDistributionRefValue",
          5.46
        ],
        [
          "atomDistributionValuePerPoint",
          1.0
        ],
        [
          "atomStatisticalDistribution",
          []
        ]
      ],
      [
        [
          "_metadata",
          {
            "jsonVersion": 3.0,
            "className": "AtomChemicalShift",
            "classVersion": 1.0,
            "user": "luca",
            "lastPath": "undefined",
            "timestamp": "Tue Jan  9 15:18:11 2024"
          }
        ],
        [
          "atomName",
          "H2"
        ],
        [
          "atomElementName",
          ""
        ],
        [
          "atomAverageShift",
          4.12
        ],
        [
          "atomStdShift",
          null
        ],
        [
          "atomMinShift",
          4.12
        ],
        [
          "atomMaxShift",
          4.12
        ],
        [
          "atomDistributionRefValue",
          4.12
        ],
        [
          "atomDistributionValuePerPoint",
          1.0
        ],
        [
          "atomStatisticalDistribution",
          []
        ]
      ],
      [
        [
          "_metadata",
          {
            "jsonVersion": 3.0,
            "className": "AtomChemicalShift",
            "classVersion": 1.0,
            "user": "luca",
            "lastPath": "undefined",
            "timestamp": "Tue Jan  9 15:18:11 2024"
          }
        ],
        [
          "atomName",
          "H3"
        ],
        [
          "atomElementName",
          ""
        ],
        [
          "atomAverageShift",
          3.96
        ],
        [
          "atomStdShift",
          null
        ],
        [
          "atomMinShift",
          3.96
        ],
        [
          "atomMaxShift",
          3.96
        ],
        [
          "atomDistributionRefValue",
          3.96
        ],
        [
          "atomDistributionValuePerPoint",
          1.0
        ],
        [
          "atomStatisticalDistribution",
          []
        ]
      ],
      [
        [
          "_metadata",
          {
            "jsonVersion": 3.0,
            "className": "AtomChemicalShift",
            "classVersion": 1.0,
            "user": "luca",
            "lastPath": "undefined",
            "timestamp": "Tue Jan  9 15:18:11 2024"
          }
        ],
        [
          "atomName",
          "H4"
        ],
        [
          "atomElementName",
          ""
        ],
        [
          "atomAverageShift",
          4.57
        ],
        [
          "atomStdShift",
          null
        ],
        [
          "atomMinShift",
          4.57
        ],
        [
          "atomMaxShift",
          4.57
        ],
        [
          "atomDistributionRefValue",
          4.57
        ],
        [
          "atomDistributionValuePerPoint",
          1.0
        ],
        [
          "atomStatisticalDistribution",
          []
        ]
      ],
      [
        [
          "_metadata",
          {
            "jsonVersion": 3.0,
            "className": "AtomChemicalShift",
            "classVersion": 1.0,
            "user": "luca",
            "lastPath": "undefined",
            "timestamp": "Tue Jan  9 15:18:11 2024"
          }
        ],
        [
          "atomName",
          "H5"
        ],
        [
          "atomElementName",
          ""
        ],
        [
          "atomAverageShift",
          4.76
        ],
        [
          "atomStdShift",
          null
        ],
        [
          "atomMinShift",
          4.76
        ],
        [
          "atomMaxShift",
          4.76
        ],
        [
          "atomDistributionRefValue",
          4.76
        ],
        [
          "atomDistributionValuePerPoint",
          1.0
        ],
        [
          "atomStatisticalDistribution",
          []
        ]
      ]
    ]
  ]
]