[
  [
    "_metadata",
    {
      "jsonVersion": 3,
      "className": "ReferenceChemicalShift",
      "classVersion": 1,
      "user": "CCPN",
      "lastPath": "/Users/luca/Projects/AnalysisV3/resources/referenceChemicalShifts/COPs/ALA.json",
      "timestamp": "Thu Jan 11 12:04:11 2024",
      "applicationVersion": 3.2
    }
  ],
  [
    "chemicalShiftName",
    "COPs"
  ],
  [
    "chemicalShiftComment",
    "The COPs-specific ReferenceChemical shifts"
  ],
  [
    "chemicalShiftEntryDate",
    "2006-08-16-14:25:08"
  ],
  [
    "compoundName",
    "Alanine"
  ],
  [
    "compoundShortName",
    "ALA"
  ],
  [
    "compoundCcpCode",
    "Ala"
  ],
  [
    "compoundType",
    "Protein"
  ],
  [
    "compoundTypeClassification",
    "Peptide linking"
  ],
  [
    "compoundPrecursorName",
    "Alanine"
  ],
  [
    "loadingLevel",
    1
  ],
  [
    "atoms",
    [
      [
        [
          "_metadata",
          {
            "jsonVersion": 3.0,
            "className": "AtomChemicalShift",
            "classVersion": 1.0,
            "user": "luca",
            "lastPath": "undefined",
            "timestamp": "Thu Jan 11 11:58:54 2024"
          }
        ],
        [
          "atomName",
          "C"
        ],
        [
          "atomElementName",
          "C"
        ],
        [
          "atomAverageShift",
          177.743
        ],
        [
          "atomStdShift",
          2.19914
        ],
        [
          "atomMinShift",
          169.0
        ],
        [
          "atomMaxShift",
          187.0
        ],
        [
          "atomDistributionRefValue",
          169.0
        ],
        [
          "atomDistributionValuePerPoint",
          1.0
        ],
        [
          "atomStatisticalDistribution",
          [
            0.00266204,
            0.00266204,
            0.00601852,
            0.0106481,
            0.0282407,
            0.0575231,
            0.102662,
            0.119676,
            0.182755,
            0.18206,
            0.144329,
            0.11088,
            0.0418981,
            0.00578704,
            0.00104167,
            0.000462963,
            0.000347222,
            0.000347222
          ]
        ]
      ],
      [
        [
          "_metadata",
          {
            "jsonVersion": 3.0,
            "className": "AtomChemicalShift",
            "classVersion": 1.0,
            "user": "luca",
            "lastPath": "undefined",
            "timestamp": "Thu Jan 11 11:58:54 2024"
          }
        ],
        [
          "atomName",
          "CA"
        ],
        [
          "atomElementName",
          "C"
        ],
        [
          "atomAverageShift",
          53.1589
        ],
        [
          "atomStdShift",
          2.00233
        ],
        [
          "atomMinShift",
          45.0
        ],
        [
          "atomMaxShift",
          61.5
        ],
        [
          "atomDistributionRefValue",
          45.0
        ],
        [
          "atomDistributionValuePerPoint",
          0.5
        ],
        [
          "atomStatisticalDistribution",
          [
            0,
            0.000549063,
            0.000235313,
            0.00101969,
            0.00203938,
            0.00290219,
            0.00509844,
            0.00925563,
            0.0157659,
            0.0295709,
            0.0418072,
            0.0519256,
            0.0524747,
            0.0680838,
            0.0854969,
            0.0982038,
            0.0688681,
            0.0592988,
            0.0716919,
            0.113342,
            0.117264,
            0.069025,
            0.0243156,
            0.00643188,
            0.00251,
            0.00109813,
            0.000470625,
            0.000392188,
            0.000235313,
            0.00031375,
            0.000156875,
            7.84375e-05,
            7.84375e-05
          ]
        ]
      ],
      [
        [
          "_metadata",
          {
            "jsonVersion": 3.0,
            "className": "AtomChemicalShift",
            "classVersion": 1.0,
            "user": "luca",
            "lastPath": "undefined",
            "timestamp": "Thu Jan 11 11:58:54 2024"
          }
        ],
        [
          "atomName",
          "CB"
        ],
        [
          "atomElementName",
          "C"
        ],
        [
          "atomAverageShift",
          18.9809
        ],
        [
          "atomStdShift",
          1.85058
        ],
        [
          "atomMinShift",
          12.0
        ],
        [
          "atomMaxShift",
          27.0
        ],
        [
          "atomDistributionRefValue",
          12.0
        ],
        [
          "atomDistributionValuePerPoint",
          0.5
        ],
        [
          "atomStatisticalDistribution",
          [
            0.000256674,
            8.55578e-05,
            0.000171116,
            0.00128337,
            0.00128337,
            0.00410678,
            0.0112936,
            0.013347,
            0.0244695,
            0.0356776,
            0.0614305,
            0.113621,
            0.155886,
            0.152464,
            0.144251,
            0.0782854,
            0.045089,
            0.0293463,
            0.0237851,
            0.0219884,
            0.0190794,
            0.0165127,
            0.0146304,
            0.0136037,
            0.00752909,
            0.0054757,
            0.00205339,
            0.0016256,
            0.000770021,
            0.000598905
          ]
        ]
      ],
      [
        [
          "_metadata",
          {
            "jsonVersion": 3.0,
            "className": "AtomChemicalShift",
            "classVersion": 1.0,
            "user": "luca",
            "lastPath": "undefined",
            "timestamp": "Thu Jan 11 11:58:54 2024"
          }
        ],
        [
          "atomName",
          "H"
        ],
        [
          "atomElementName",
          "H"
        ],
        [
          "atomAverageShift",
          8.17751
        ],
        [
          "atomStdShift",
          0.603141
        ],
        [
          "atomMinShift",
          5.8
        ],
        [
          "atomMaxShift",
          10.65
        ],
        [
          "atomDistributionRefValue",
          5.8
        ],
        [
          "atomDistributionValuePerPoint",
          0.05
        ],
        [
          "atomStatisticalDistribution",
          [
            0.000176647,
            5.88824e-05,
            0.000117765,
            0.000117765,
            0.00023553,
            0.000117765,
            0.000176647,
            0.000117765,
            0.00023553,
            0.000117765,
            0.000294412,
            0.001001,
            0.000588824,
            0.0013543,
            0.000824354,
            0.0013543,
            0.000942119,
            0.002002,
            0.00182535,
            0.0033563,
            0.00288524,
            0.0033563,
            0.00353294,
            0.00288524,
            0.00559383,
            0.00588824,
            0.00524053,
            0.00659483,
            0.00842018,
            0.00900901,
            0.0126597,
            0.0117765,
            0.0117765,
            0.0152505,
            0.015015,
            0.0214332,
            0.0179003,
            0.0211388,
            0.0239063,
            0.0239651,
            0.0316787,
            0.0270859,
            0.0320909,
            0.0331508,
            0.0352706,
            0.0396867,
            0.032032,
            0.0462227,
            0.0357416,
            0.0403345,
            0.0434552,
            0.0286169,
            0.038038,
            0.0221987,
            0.0269681,
            0.0264382,
            0.0177236,
            0.02055,
            0.0141318,
            0.0196667,
            0.0193134,
            0.0124831,
            0.0126597,
            0.0113054,
            0.0103633,
            0.0109521,
            0.0077136,
            0.0093623,
            0.00688924,
            0.00665371,
            0.00671259,
            0.00488724,
            0.00577048,
            0.00282636,
            0.003003,
            0.0023553,
            0.002002,
            0.00206088,
            0.000706589,
            0.000883236,
            0.00141318,
            0.000647707,
            0.00105988,
            0.000294412,
            0.00023553,
            0.000471059,
            0.000647707,
            0.000176647,
            0.000353294,
            0.000117765,
            0.000294412,
            0.000117765,
            0.000176647,
            0.00023553,
            0.00023553,
            0.000117765,
            0.000176647
          ]
        ]
      ],
      [
        [
          "_metadata",
          {
            "jsonVersion": 3.0,
            "className": "AtomChemicalShift",
            "classVersion": 1.0,
            "user": "luca",
            "lastPath": "undefined",
            "timestamp": "Thu Jan 11 11:58:54 2024"
          }
        ],
        [
          "atomName",
          "HA"
        ],
        [
          "atomElementName",
          "H"
        ],
        [
          "atomAverageShift",
          4.26042
        ],
        [
          "atomStdShift",
          0.425299
        ],
        [
          "atomMinShift",
          2.6
        ],
        [
          "atomMaxShift",
          6.05
        ],
        [
          "atomDistributionRefValue",
          2.6
        ],
        [
          "atomDistributionValuePerPoint",
          0.05
        ],
        [
          "atomStatisticalDistribution",
          [
            0.000209293,
            0.000558114,
            0.000488349,
            0.000627878,
            0.000767406,
            0.000558114,
            0.000418585,
            0.00132552,
            0.00118599,
            0.000558114,
            0.00167434,
            0.000906935,
            0.00216269,
            0.00160458,
            0.00153481,
            0.0027208,
            0.00230222,
            0.00481373,
            0.00439514,
            0.00453467,
            0.00955769,
            0.00906935,
            0.0157667,
            0.0166039,
            0.0196037,
            0.0303474,
            0.0258128,
            0.0468118,
            0.0500209,
            0.0632064,
            0.0678806,
            0.0876238,
            0.0981582,
            0.0736012,
            0.0607646,
            0.0368355,
            0.030487,
            0.0249058,
            0.023371,
            0.0203711,
            0.012139,
            0.0136738,
            0.0167434,
            0.0120692,
            0.0102553,
            0.00802288,
            0.00920887,
            0.00886005,
            0.00572066,
            0.00551137,
            0.00516255,
            0.00495326,
            0.00676713,
            0.00355797,
            0.00376727,
            0.0029301,
            0.00425562,
            0.00460444,
            0.0027208,
            0.0027208,
            0.00237198,
            0.00209293,
            0.000906935,
            0.00160458,
            0.00104646,
            0.00132552,
            0.00125576,
            0.00118599,
            0.000418585
          ]
        ]
      ],
      [
        [
          "_metadata",
          {
            "jsonVersion": 3.0,
            "className": "AtomChemicalShift",
            "classVersion": 1.0,
            "user": "luca",
            "lastPath": "undefined",
            "timestamp": "Thu Jan 11 11:58:54 2024"
          }
        ],
        [
          "atomName",
          "HB%"
        ],
        [
          "atomElementName",
          "H"
        ],
        [
          "atomAverageShift",
          1.37244
        ],
        [
          "atomStdShift",
          0.234641
        ],
        [
          "atomMinShift",
          0.4
        ],
        [
          "atomMaxShift",
          2.3
        ],
        [
          "atomDistributionRefValue",
          0.4
        ],
        [
          "atomDistributionValuePerPoint",
          0.05
        ],
        [
          "atomStatisticalDistribution",
          [
            0.00340703,
            0.00234706,
            0.00227135,
            0.00340703,
            0.00416414,
            0.00446699,
            0.00333131,
            0.00439128,
            0.00810115,
            0.00620836,
            0.0100697,
            0.0115839,
            0.0127953,
            0.0169594,
            0.0297547,
            0.0352059,
            0.0388401,
            0.0641278,
            0.0861599,
            0.145669,
            0.128407,
            0.0966081,
            0.114249,
            0.0557238,
            0.04149,
            0.0256663,
            0.0125681,
            0.00885827,
            0.00446699,
            0.00348274,
            0.00295276,
            0.00204422,
            0.00189279,
            0.00174137,
            0.0019685,
            0.00166566,
            0.00166566,
            0.0012871
          ]
        ]
      ],
      [
        [
          "_metadata",
          {
            "jsonVersion": 3.0,
            "className": "AtomChemicalShift",
            "classVersion": 1.0,
            "user": "luca",
            "lastPath": "undefined",
            "timestamp": "Thu Jan 11 11:58:54 2024"
          }
        ],
        [
          "atomName",
          "N"
        ],
        [
          "atomElementName",
          "N"
        ],
        [
          "atomAverageShift",
          123.196
        ],
        [
          "atomStdShift",
          3.65657
        ],
        [
          "atomMinShift",
          109.0
        ],
        [
          "atomMaxShift",
          139.0
        ],
        [
          "atomDistributionRefValue",
          109.0
        ],
        [
          "atomDistributionValuePerPoint",
          1.0
        ],
        [
          "atomStatisticalDistribution",
          [
            0.000771876,
            0.000912217,
            0.000491194,
            0.000912217,
            0.00196477,
            0.00378921,
            0.00743807,
            0.0117886,
            0.0270156,
            0.0418918,
            0.0690478,
            0.0998526,
            0.11508,
            0.123219,
            0.118167,
            0.107712,
            0.0806961,
            0.0526279,
            0.035787,
            0.0299628,
            0.0230861,
            0.0154375,
            0.0145253,
            0.00701705,
            0.00421023,
            0.00385938,
            0.000982387,
            0.000912217,
            0.000701705,
            0.000140341
          ]
        ]
      ]
    ]
  ]
]