[
  [
    "_metadata",
    {
      "jsonVersion": 3,
      "className": "ReferenceChemicalShift",
      "classVersion": 1,
      "user": "CCPN",
      "lastPath": "/Users/luca/Projects/AnalysisV3/resources/referenceChemicalShifts/COPs/ASP.json",
      "timestamp": "Thu Jan 11 12:04:11 2024",
      "applicationVersion": 3.2
    }
  ],
  [
    "chemicalShiftName",
    "COPs"
  ],
  [
    "chemicalShiftComment",
    "The COPs-specific ReferenceChemical shifts"
  ],
  [
    "chemicalShiftEntryDate",
    "2006-08-16-14:25:08"
  ],
  [
    "compoundName",
    "Aspartic Acid"
  ],
  [
    "compoundShortName",
    "ASP"
  ],
  [
    "compoundCcpCode",
    "Asp"
  ],
  [
    "compoundType",
    "Protein"
  ],
  [
    "compoundTypeClassification",
    "Peptide linking"
  ],
  [
    "compoundPrecursorName",
    "Aspartic Acid"
  ],
  [
    "loadingLevel",
    1
  ],
  [
    "atoms",
    [
      [
        [
          "_metadata",
          {
            "jsonVersion": 3.0,
            "className": "AtomChemicalShift",
            "classVersion": 1.0,
            "user": "luca",
            "lastPath": "undefined",
            "timestamp": "Thu Jan 11 11:58:53 2024"
          }
        ],
        [
          "atomName",
          "C"
        ],
        [
          "atomElementName",
          "C"
        ],
        [
          "atomAverageShift",
          176.462
        ],
        [
          "atomStdShift",
          1.75784
        ],
        [
          "atomMinShift",
          169.0
        ],
        [
          "atomMaxShift",
          184.0
        ],
        [
          "atomDistributionRefValue",
          169.0
        ],
        [
          "atomDistributionValuePerPoint",
          1.0
        ],
        [
          "atomStatisticalDistribution",
          [
            0.00152502,
            0.00207958,
            0.00734784,
            0.0201026,
            0.0463053,
            0.108554,
            0.197005,
            0.247886,
            0.164148,
            0.122141,
            0.0686261,
            0.011507,
            0.00207958,
            0.000554554,
            0.000138639
          ]
        ]
      ],
      [
        [
          "_metadata",
          {
            "jsonVersion": 3.0,
            "className": "AtomChemicalShift",
            "classVersion": 1.0,
            "user": "luca",
            "lastPath": "undefined",
            "timestamp": "Thu Jan 11 11:58:53 2024"
          }
        ],
        [
          "atomName",
          "CA"
        ],
        [
          "atomElementName",
          "C"
        ],
        [
          "atomAverageShift",
          54.6577
        ],
        [
          "atomStdShift",
          2.09692
        ],
        [
          "atomMinShift",
          46.0
        ],
        [
          "atomMaxShift",
          63.0
        ],
        [
          "atomDistributionRefValue",
          46.0
        ],
        [
          "atomDistributionValuePerPoint",
          0.5
        ],
        [
          "atomStatisticalDistribution",
          [
            0.000675741,
            9.65344e-05,
            0.000289603,
            0,
            0.000579206,
            0.00231683,
            0.0030891,
            0.00434405,
            0.00878463,
            0.0115841,
            0.0221064,
            0.03649,
            0.0570518,
            0.0793513,
            0.0752003,
            0.0853364,
            0.112366,
            0.0922869,
            0.0663191,
            0.0535766,
            0.0478811,
            0.0584999,
            0.0736558,
            0.0675741,
            0.02674,
            0.00791582,
            0.00260643,
            0.00144802,
            0.000289603,
            0.000579206,
            0.000386138,
            9.65344e-05,
            0.000386138,
            9.65344e-05
          ]
        ]
      ],
      [
        [
          "_metadata",
          {
            "jsonVersion": 3.0,
            "className": "AtomChemicalShift",
            "classVersion": 1.0,
            "user": "luca",
            "lastPath": "undefined",
            "timestamp": "Thu Jan 11 11:58:53 2024"
          }
        ],
        [
          "atomName",
          "CB"
        ],
        [
          "atomElementName",
          "C"
        ],
        [
          "atomAverageShift",
          40.8195
        ],
        [
          "atomStdShift",
          1.65722
        ],
        [
          "atomMinShift",
          34.0
        ],
        [
          "atomMaxShift",
          47.5
        ],
        [
          "atomDistributionRefValue",
          34.0
        ],
        [
          "atomDistributionValuePerPoint",
          0.5
        ],
        [
          "atomStatisticalDistribution",
          [
            0.000850069,
            0.000637552,
            0.00074381,
            0.000531293,
            0.00350653,
            0.00605674,
            0.00998831,
            0.0155138,
            0.0262459,
            0.0409096,
            0.0619488,
            0.104558,
            0.130061,
            0.1494,
            0.16417,
            0.099033,
            0.062055,
            0.0355966,
            0.0283711,
            0.0212517,
            0.0145574,
            0.00913824,
            0.00733185,
            0.00403783,
            0.00201891,
            0.00074381,
            0.00074381
          ]
        ]
      ],
      [
        [
          "_metadata",
          {
            "jsonVersion": 3.0,
            "className": "AtomChemicalShift",
            "classVersion": 1.0,
            "user": "luca",
            "lastPath": "undefined",
            "timestamp": "Thu Jan 11 11:58:53 2024"
          }
        ],
        [
          "atomName",
          "CG"
        ],
        [
          "atomElementName",
          "C"
        ],
        [
          "atomAverageShift",
          179.34
        ],
        [
          "atomStdShift",
          1.41022
        ],
        [
          "atomMinShift",
          174.0
        ],
        [
          "atomMaxShift",
          185.5
        ],
        [
          "atomDistributionRefValue",
          174.0
        ],
        [
          "atomDistributionValuePerPoint",
          0.5
        ],
        [
          "atomStatisticalDistribution",
          [
            0.00393701,
            0.00393701,
            0.00787402,
            0.011811,
            0.011811,
            0.019685,
            0.0354331,
            0.0669291,
            0.0393701,
            0.0787402,
            0.177165,
            0.224409,
            0.137795,
            0.0708661,
            0.0708661,
            0.019685,
            0.00393701,
            0.011811,
            0,
            0,
            0,
            0,
            0.00393701
          ]
        ]
      ],
      [
        [
          "_metadata",
          {
            "jsonVersion": 3.0,
            "className": "AtomChemicalShift",
            "classVersion": 1.0,
            "user": "luca",
            "lastPath": "undefined",
            "timestamp": "Thu Jan 11 11:58:53 2024"
          }
        ],
        [
          "atomName",
          "H"
        ],
        [
          "atomElementName",
          "H"
        ],
        [
          "atomAverageShift",
          8.31992
        ],
        [
          "atomStdShift",
          0.568883
        ],
        [
          "atomMinShift",
          6.0
        ],
        [
          "atomMaxShift",
          10.6
        ],
        [
          "atomDistributionRefValue",
          6.0
        ],
        [
          "atomDistributionValuePerPoint",
          0.05
        ],
        [
          "atomStatisticalDistribution",
          [
            7.44713e-05,
            0,
            7.44713e-05,
            0.000372356,
            0.000148943,
            0.000223414,
            0.000148943,
            0.000446828,
            0.000297885,
            0.000744713,
            0.000744713,
            0.000372356,
            0.000744713,
            0.000893655,
            0.00134048,
            0.00186178,
            0.00178731,
            0.00119154,
            0.00201072,
            0.00253202,
            0.00327674,
            0.00320226,
            0.00297885,
            0.00536193,
            0.006479,
            0.0059577,
            0.00677688,
            0.00677688,
            0.00938338,
            0.010426,
            0.0127346,
            0.0118409,
            0.0110962,
            0.0130325,
            0.0158624,
            0.0180965,
            0.0185433,
            0.0201072,
            0.0247245,
            0.0275544,
            0.0293417,
            0.0338844,
            0.0280757,
            0.0450551,
            0.0375335,
            0.046619,
            0.0574918,
            0.0411826,
            0.0487042,
            0.0300864,
            0.0355228,
            0.0360441,
            0.0248734,
            0.0295651,
            0.0227137,
            0.0223414,
            0.0260649,
            0.0177242,
            0.0195859,
            0.0132559,
            0.0153411,
            0.0148943,
            0.00826631,
            0.00819184,
            0.00781948,
            0.00737265,
            0.00819184,
            0.00417039,
            0.00573429,
            0.00387251,
            0.00223414,
            0.00215967,
            0.00134048,
            0.00312779,
            0.00126601,
            0.000819184,
            0.00134048,
            0.000521299,
            0.00059577,
            0.0010426,
            0.00134048,
            0.000670241,
            0.000521299,
            0.000372356,
            0.000148943,
            0.0010426,
            0.000297885,
            0.00059577,
            0.000521299,
            0,
            0.000297885,
            0
          ]
        ]
      ],
      [
        [
          "_metadata",
          {
            "jsonVersion": 3.0,
            "className": "AtomChemicalShift",
            "classVersion": 1.0,
            "user": "luca",
            "lastPath": "undefined",
            "timestamp": "Thu Jan 11 11:58:53 2024"
          }
        ],
        [
          "atomName",
          "HA"
        ],
        [
          "atomElementName",
          "H"
        ],
        [
          "atomAverageShift",
          4.60387
        ],
        [
          "atomStdShift",
          0.313602
        ],
        [
          "atomMinShift",
          3.3
        ],
        [
          "atomMaxShift",
          5.85
        ],
        [
          "atomDistributionRefValue",
          3.3
        ],
        [
          "atomDistributionValuePerPoint",
          0.05
        ],
        [
          "atomStatisticalDistribution",
          [
            0.000442321,
            0.000353857,
            0.000353857,
            0.000442321,
            0.000530786,
            0.000707714,
            0.00061925,
            0.000265393,
            0.000707714,
            0.00106157,
            0.00159236,
            0.002477,
            0.00362703,
            0.00539632,
            0.007431,
            0.0125619,
            0.0113234,
            0.0185775,
            0.0263623,
            0.0343241,
            0.0537863,
            0.0452937,
            0.0650212,
            0.072983,
            0.0797948,
            0.093949,
            0.0672328,
            0.0710368,
            0.0527247,
            0.047063,
            0.0441437,
            0.0298125,
            0.0312279,
            0.0226469,
            0.0149505,
            0.0138004,
            0.00875796,
            0.00875796,
            0.0105272,
            0.00707714,
            0.00583864,
            0.00318471,
            0.00406936,
            0.0037155,
            0.00265393,
            0.00353857,
            0.00221161,
            0.00212314,
            0.00132696,
            0.0012385,
            0.000353857
          ]
        ]
      ],
      [
        [
          "_metadata",
          {
            "jsonVersion": 3.0,
            "className": "AtomChemicalShift",
            "classVersion": 1.0,
            "user": "luca",
            "lastPath": "undefined",
            "timestamp": "Thu Jan 11 11:58:53 2024"
          }
        ],
        [
          "atomName",
          "HB2"
        ],
        [
          "atomElementName",
          "H"
        ],
        [
          "atomAverageShift",
          2.73096
        ],
        [
          "atomStdShift",
          0.282465
        ],
        [
          "atomMinShift",
          1.6
        ],
        [
          "atomMaxShift",
          3.9
        ],
        [
          "atomDistributionRefValue",
          1.6
        ],
        [
          "atomDistributionValuePerPoint",
          0.05
        ],
        [
          "atomStatisticalDistribution",
          [
            0.0019581,
            0.000489524,
            0.000881144,
            0.000783239,
            0.00146857,
            0.00117486,
            0.00127276,
            0.0019581,
            0.00303505,
            0.00313295,
            0.00518896,
            0.00420991,
            0.0060701,
            0.0101821,
            0.00949677,
            0.021637,
            0.0265322,
            0.040141,
            0.0479734,
            0.056589,
            0.110143,
            0.0899745,
            0.123066,
            0.0825338,
            0.0618759,
            0.0707852,
            0.0423928,
            0.0476797,
            0.0306442,
            0.0218328,
            0.0235951,
            0.0100842,
            0.00988839,
            0.00724496,
            0.00518896,
            0.00528686,
            0.00293715,
            0.00234972,
            0.00156648,
            0.00107695,
            0.00156648,
            0.000783239,
            0.000979048,
            0.000979048,
            0.00107695,
            0.000293715
          ]
        ]
      ],
      [
        [
          "_metadata",
          {
            "jsonVersion": 3.0,
            "className": "AtomChemicalShift",
            "classVersion": 1.0,
            "user": "luca",
            "lastPath": "undefined",
            "timestamp": "Thu Jan 11 11:58:53 2024"
          }
        ],
        [
          "atomName",
          "HB3"
        ],
        [
          "atomElementName",
          "H"
        ],
        [
          "atomAverageShift",
          2.67918
        ],
        [
          "atomStdShift",
          0.290198
        ],
        [
          "atomMinShift",
          1.5
        ],
        [
          "atomMaxShift",
          3.85
        ],
        [
          "atomDistributionRefValue",
          1.5
        ],
        [
          "atomDistributionValuePerPoint",
          0.05
        ],
        [
          "atomStatisticalDistribution",
          [
            0.00124275,
            0.000932063,
            0.00134631,
            0.0008285,
            0.000621375,
            0.00124275,
            0.00124275,
            0.00155344,
            0.00217481,
            0.00289975,
            0.00424606,
            0.00445319,
            0.00621375,
            0.00507457,
            0.00932063,
            0.0158451,
            0.0159486,
            0.0299296,
            0.032208,
            0.0402858,
            0.067005,
            0.0689727,
            0.115783,
            0.09186,
            0.09942,
            0.0966239,
            0.0536454,
            0.0584093,
            0.0334507,
            0.0358326,
            0.0291011,
            0.0153273,
            0.0146023,
            0.0100456,
            0.00538525,
            0.00548882,
            0.00362469,
            0.00403894,
            0.00227838,
            0.00196769,
            0.00186413,
            0.00124275,
            0.00227838,
            0.000310688,
            0.00144988,
            0.00144988,
            0.000932063
          ]
        ]
      ],
      [
        [
          "_metadata",
          {
            "jsonVersion": 3.0,
            "className": "AtomChemicalShift",
            "classVersion": 1.0,
            "user": "luca",
            "lastPath": "undefined",
            "timestamp": "Thu Jan 11 11:58:53 2024"
          }
        ],
        [
          "atomName",
          "N"
        ],
        [
          "atomElementName",
          "N"
        ],
        [
          "atomAverageShift",
          120.749
        ],
        [
          "atomStdShift",
          3.98543
        ],
        [
          "atomMinShift",
          105.0
        ],
        [
          "atomMaxShift",
          137.0
        ],
        [
          "atomDistributionRefValue",
          105.0
        ],
        [
          "atomDistributionValuePerPoint",
          1.0
        ],
        [
          "atomStatisticalDistribution",
          [
            0.00034459,
            0.000172295,
            0.000430737,
            0.000947622,
            0.00146451,
            0.00267057,
            0.00456582,
            0.00921778,
            0.0160234,
            0.0269642,
            0.0399724,
            0.0558236,
            0.0702102,
            0.0939869,
            0.107684,
            0.126981,
            0.111733,
            0.0805479,
            0.0625431,
            0.0461751,
            0.0304101,
            0.0317023,
            0.0298932,
            0.0201585,
            0.0124052,
            0.00749483,
            0.00499655,
            0.00215369,
            0.000861475,
            0.000516885,
            0.00068918,
            0.000258442
          ]
        ]
      ]
    ]
  ]
]