[
  [
    "_metadata",
    {
      "jsonVersion": 3,
      "className": "ReferenceChemicalShift",
      "classVersion": 1,
      "user": "CCPN",
      "lastPath": "/Users/luca/Projects/AnalysisV3/resources/referenceChemicalShifts/COPs/CYS.json",
      "timestamp": "Thu Jan 11 12:04:11 2024",
      "applicationVersion": 3.2
    }
  ],
  [
    "chemicalShiftName",
    "COPs"
  ],
  [
    "chemicalShiftComment",
    "The COPs-specific ReferenceChemical shifts"
  ],
  [
    "chemicalShiftEntryDate",
    "2006-08-16-14:25:08"
  ],
  [
    "compoundName",
    "Cysteine"
  ],
  [
    "compoundShortName",
    "CYS"
  ],
  [
    "compoundCcpCode",
    "Cys"
  ],
  [
    "compoundType",
    "Protein"
  ],
  [
    "compoundTypeClassification",
    "Peptide linking"
  ],
  [
    "compoundPrecursorName",
    "Cysteine"
  ],
  [
    "loadingLevel",
    1
  ],
  [
    "atoms",
    [
      [
        [
          "_metadata",
          {
            "jsonVersion": 3.0,
            "className": "AtomChemicalShift",
            "classVersion": 1.0,
            "user": "luca",
            "lastPath": "undefined",
            "timestamp": "Thu Jan 11 11:58:53 2024"
          }
        ],
        [
          "atomName",
          "C"
        ],
        [
          "atomElementName",
          "C"
        ],
        [
          "atomAverageShift",
          174.816
        ],
        [
          "atomStdShift",
          2.0819
        ],
        [
          "atomMinShift",
          166.0
        ],
        [
          "atomMaxShift",
          183.0
        ],
        [
          "atomDistributionRefValue",
          166.0
        ],
        [
          "atomDistributionValuePerPoint",
          1.0
        ],
        [
          "atomStatisticalDistribution",
          [
            0,
            0,
            0.00211752,
            0.00635257,
            0.0174696,
            0.0566437,
            0.122816,
            0.148227,
            0.176284,
            0.171519,
            0.143992,
            0.103229,
            0.0349391,
            0.0100582,
            0.00317628,
            0.00317628,
            0
          ]
        ]
      ],
      [
        [
          "_metadata",
          {
            "jsonVersion": 3.0,
            "className": "AtomChemicalShift",
            "classVersion": 1.0,
            "user": "luca",
            "lastPath": "undefined",
            "timestamp": "Thu Jan 11 11:58:53 2024"
          }
        ],
        [
          "atomName",
          "CA"
        ],
        [
          "atomElementName",
          "C"
        ],
        [
          "atomAverageShift",
          57.7701
        ],
        [
          "atomStdShift",
          3.3942
        ],
        [
          "atomMinShift",
          44.0
        ],
        [
          "atomMaxShift",
          71.5
        ],
        [
          "atomDistributionRefValue",
          44.0
        ],
        [
          "atomDistributionValuePerPoint",
          0.5
        ],
        [
          "atomStatisticalDistribution",
          [
            0,
            0,
            0,
            0,
            0,
            0,
            0,
            0,
            0,
            0,
            0.000358295,
            0.00214977,
            0.00250806,
            0.00716589,
            0.00501612,
            0.0125403,
            0.0189896,
            0.0240057,
            0.0275887,
            0.0261555,
            0.0390541,
            0.0465783,
            0.0458617,
            0.0573271,
            0.0605518,
            0.0569688,
            0.0623432,
            0.0515944,
            0.0623432,
            0.0598352,
            0.0451451,
            0.0465783,
            0.0283053,
            0.0322465,
            0.0247223,
            0.0214977,
            0.0225726,
            0.0186313,
            0.018273,
            0.018273,
            0.0171981,
            0.0168398,
            0.0114654,
            0.00501612,
            0.00179147,
            0.000716589,
            0,
            0,
            0.000358295,
            0.000358295,
            0,
            0.000358295,
            0.000358295,
            0.000358295,
            0
          ]
        ]
      ],
      [
        [
          "_metadata",
          {
            "jsonVersion": 3.0,
            "className": "AtomChemicalShift",
            "classVersion": 1.0,
            "user": "luca",
            "lastPath": "undefined",
            "timestamp": "Thu Jan 11 11:58:53 2024"
          }
        ],
        [
          "atomName",
          "CB"
        ],
        [
          "atomElementName",
          "C"
        ],
        [
          "atomAverageShift",
          33.7156
        ],
        [
          "atomStdShift",
          6.49769
        ],
        [
          "atomMinShift",
          8.0
        ],
        [
          "atomMaxShift",
          60.0
        ],
        [
          "atomDistributionRefValue",
          8.0
        ],
        [
          "atomDistributionValuePerPoint",
          0.5
        ],
        [
          "atomStatisticalDistribution",
          [
            0,
            0,
            0,
            0,
            0,
            0,
            0,
            0,
            0,
            0,
            0,
            0,
            0,
            0,
            0,
            0,
            0,
            0,
            0,
            0,
            0,
            0,
            0,
            0,
            0.000403388,
            0,
            0,
            0,
            0.000403388,
            0.000403388,
            0.000403388,
            0.00161355,
            0.0036305,
            0.00322711,
            0.00806777,
            0.0153288,
            0.0278338,
            0.0520371,
            0.0447761,
            0.0544574,
            0.0475998,
            0.0391287,
            0.0439693,
            0.0504236,
            0.0548608,
            0.034288,
            0.036305,
            0.0266236,
            0.0221864,
            0.0201694,
            0.012505,
            0.0129084,
            0.00806777,
            0.00766438,
            0.00847116,
            0.00927793,
            0.00968132,
            0.00927793,
            0.0137152,
            0.0213796,
            0.0177491,
            0.0213796,
            0.0181525,
            0.0181525,
            0.0258169,
            0.0225898,
            0.021783,
            0.0177491,
            0.0116983,
            0.00968132,
            0.0108915,
            0.0133118,
            0.0112949,
            0.0116983,
            0.00968132,
            0.00887455,
            0.0108915,
            0.00766438,
            0.00726099,
            0.00484066,
            0.0036305,
            0.0036305,
            0.00443727,
            0.00201694,
            0.00121017,
            0.000806777,
            0.000403388,
            0.000806777,
            0,
            0.000403388,
            0,
            0,
            0,
            0,
            0,
            0,
            0,
            0,
            0.000403388,
            0,
            0,
            0,
            0,
            0
          ]
        ]
      ],
      [
        [
          "_metadata",
          {
            "jsonVersion": 3.0,
            "className": "AtomChemicalShift",
            "classVersion": 1.0,
            "user": "luca",
            "lastPath": "undefined",
            "timestamp": "Thu Jan 11 11:58:53 2024"
          }
        ],
        [
          "atomName",
          "H"
        ],
        [
          "atomElementName",
          "H"
        ],
        [
          "atomAverageShift",
          8.39958
        ],
        [
          "atomStdShift",
          0.678745
        ],
        [
          "atomMinShift",
          5.7
        ],
        [
          "atomMaxShift",
          11.15
        ],
        [
          "atomDistributionRefValue",
          5.7
        ],
        [
          "atomDistributionValuePerPoint",
          0.05
        ],
        [
          "atomStatisticalDistribution",
          [
            0.000337382,
            0,
            0,
            0,
            0,
            0,
            0,
            0.000168691,
            0,
            0.000337382,
            0.000506073,
            0.00101215,
            0.000843455,
            0.000506073,
            0.000337382,
            0.00101215,
            0.00118084,
            0.00134953,
            0.000168691,
            0.000674764,
            0.00118084,
            0.00134953,
            0.00219298,
            0.00219298,
            0.00269906,
            0.00438596,
            0.00387989,
            0.00404858,
            0.00489204,
            0.00607287,
            0.00910931,
            0.00674764,
            0.00826586,
            0.0113023,
            0.0111336,
            0.0153509,
            0.0126518,
            0.0131579,
            0.0123144,
            0.0134953,
            0.0192308,
            0.0168691,
            0.0172065,
            0.015857,
            0.0182186,
            0.0222672,
            0.0205803,
            0.0274966,
            0.022942,
            0.0308704,
            0.0298583,
            0.0285088,
            0.0350877,
            0.0263158,
            0.0312078,
            0.0355938,
            0.0264845,
            0.034413,
            0.0212551,
            0.0320513,
            0.0246289,
            0.0195682,
            0.0288462,
            0.0254723,
            0.0288462,
            0.0215924,
            0.0143387,
            0.0193995,
            0.0113023,
            0.0236167,
            0.0197368,
            0.0131579,
            0.0131579,
            0.00826586,
            0.0109649,
            0.00775978,
            0.00522942,
            0.00573549,
            0.00455466,
            0.00641026,
            0.00286775,
            0.00151822,
            0.00387989,
            0.00151822,
            0.00168691,
            0.000843455,
            0.000674764,
            0.0018556,
            0.000506073,
            0.00101215,
            0.000337382,
            0.000506073,
            0.000337382,
            0,
            0,
            0,
            0.000337382,
            0.000843455,
            0,
            0.000337382,
            0.000674764,
            0,
            0.000168691,
            0,
            0.000168691,
            0,
            0,
            0.000168691,
            0
          ]
        ]
      ],
      [
        [
          "_metadata",
          {
            "jsonVersion": 3.0,
            "className": "AtomChemicalShift",
            "classVersion": 1.0,
            "user": "luca",
            "lastPath": "undefined",
            "timestamp": "Thu Jan 11 11:58:53 2024"
          }
        ],
        [
          "atomName",
          "HA"
        ],
        [
          "atomElementName",
          "H"
        ],
        [
          "atomAverageShift",
          4.70601
        ],
        [
          "atomStdShift",
          0.630814
        ],
        [
          "atomMinShift",
          2.2
        ],
        [
          "atomMaxShift",
          7.25
        ],
        [
          "atomDistributionRefValue",
          2.2
        ],
        [
          "atomDistributionValuePerPoint",
          0.05
        ],
        [
          "atomStatisticalDistribution",
          [
            0.000369549,
            0.000554324,
            0.000184775,
            0,
            0.000369549,
            0.000369549,
            0.000923873,
            0.000184775,
            0.000369549,
            0.000184775,
            0.000369549,
            0.000369549,
            0.000369549,
            0.000369549,
            0.000184775,
            0.000554324,
            0.000923873,
            0.000369549,
            0.000369549,
            0.000739098,
            0.00110865,
            0.000739098,
            0.000554324,
            0.000554324,
            0.000739098,
            0.00203252,
            0.00277162,
            0.00314117,
            0.00314117,
            0.00314117,
            0.00776053,
            0.00535846,
            0.0107169,
            0.0120103,
            0.0125647,
            0.0173688,
            0.0177384,
            0.0179231,
            0.0142276,
            0.0208795,
            0.0277162,
            0.0264228,
            0.0258684,
            0.0297487,
            0.0352919,
            0.0452698,
            0.0380636,
            0.0391722,
            0.0280857,
            0.0364006,
            0.0456393,
            0.0321508,
            0.0339985,
            0.0315965,
            0.0365854,
            0.0447154,
            0.0332594,
            0.0299335,
            0.0242055,
            0.0225425,
            0.0251293,
            0.0151515,
            0.0142276,
            0.0094235,
            0.0151515,
            0.0110865,
            0.00979305,
            0.00794531,
            0.00683666,
            0.00702143,
            0.00794531,
            0.00628234,
            0.00609756,
            0.00332594,
            0.00424982,
            0.00609756,
            0.00369549,
            0.00166297,
            0.00166297,
            0.00110865,
            0.000554324,
            0.000369549,
            0,
            0,
            0.000369549,
            0,
            0,
            0,
            0.000184775,
            0,
            0.000554324,
            0.000923873,
            0.000554324,
            0.000923873,
            0.00129342,
            0.000554324,
            0,
            0.000369549,
            0,
            0.000184775,
            0
          ]
        ]
      ],
      [
        [
          "_metadata",
          {
            "jsonVersion": 3.0,
            "className": "AtomChemicalShift",
            "classVersion": 1.0,
            "user": "luca",
            "lastPath": "undefined",
            "timestamp": "Thu Jan 11 11:58:53 2024"
          }
        ],
        [
          "atomName",
          "HB2"
        ],
        [
          "atomElementName",
          "H"
        ],
        [
          "atomAverageShift",
          2.97606
        ],
        [
          "atomStdShift",
          0.857093
        ],
        [
          "atomMinShift",
          -0.5
        ],
        [
          "atomMaxShift",
          6.4
        ],
        [
          "atomDistributionRefValue",
          -0.5
        ],
        [
          "atomDistributionValuePerPoint",
          0.05
        ],
        [
          "atomStatisticalDistribution",
          [
            0.000195886,
            0,
            0,
            0,
            0,
            0.000195886,
            0,
            0,
            0,
            0.000391773,
            0,
            0,
            0,
            0,
            0.000979432,
            0.000391773,
            0.000391773,
            0.000195886,
            0.000195886,
            0.000587659,
            0.000195886,
            0.000587659,
            0.000587659,
            0,
            0,
            0.000391773,
            0.000195886,
            0.000391773,
            0.000391773,
            0.000195886,
            0.000587659,
            0.000587659,
            0.000783546,
            0.000587659,
            0.000979432,
            0.00117532,
            0.00117532,
            0.00274241,
            0.00117532,
            0.0013712,
            0.00117532,
            0.00156709,
            0.00195886,
            0.00235064,
            0.00254652,
            0.00176298,
            0.00254652,
            0.00254652,
            0.0013712,
            0.00333007,
            0.00705191,
            0.00411361,
            0.0043095,
            0.00509305,
            0.0072478,
            0.00822723,
            0.00822723,
            0.0142997,
            0.0111655,
            0.0203722,
            0.0278159,
            0.0205681,
            0.0368266,
            0.0299706,
            0.0315377,
            0.0515181,
            0.0354554,
            0.0568071,
            0.053477,
            0.0526934,
            0.0568071,
            0.0415279,
            0.0468168,
            0.0513222,
            0.046621,
            0.0440744,
            0.0325171,
            0.0315377,
            0.0221352,
            0.0182174,
            0.0188051,
            0.012145,
            0.00803134,
            0.00959843,
            0.00607248,
            0.00626836,
            0.00450539,
            0.00391773,
            0.00215475,
            0.00313418,
            0.000587659,
            0.000587659,
            0.000979432,
            0.00176298,
            0.000587659,
            0.000587659,
            0,
            0.000391773,
            0.000391773,
            0.000195886,
            0.000195886,
            0,
            0,
            0.000195886,
            0,
            0,
            0,
            0,
            0,
            0.000587659,
            0,
            0.000195886,
            0,
            0.000195886,
            0,
            0.000195886,
            0,
            0,
            0,
            0.000391773,
            0,
            0,
            0,
            0,
            0,
            0,
            0,
            0,
            0,
            0,
            0,
            0,
            0,
            0.000195886,
            0,
            0,
            0,
            0
          ]
        ]
      ],
      [
        [
          "_metadata",
          {
            "jsonVersion": 3.0,
            "className": "AtomChemicalShift",
            "classVersion": 1.0,
            "user": "luca",
            "lastPath": "undefined",
            "timestamp": "Thu Jan 11 11:58:53 2024"
          }
        ],
        [
          "atomName",
          "HB3"
        ],
        [
          "atomElementName",
          "H"
        ],
        [
          "atomAverageShift",
          2.93837
        ],
        [
          "atomStdShift",
          0.932262
        ],
        [
          "atomMinShift",
          -0.8
        ],
        [
          "atomMaxShift",
          6.7
        ],
        [
          "atomDistributionRefValue",
          -0.8
        ],
        [
          "atomDistributionValuePerPoint",
          0.05
        ],
        [
          "atomStatisticalDistribution",
          [
            0.000403145,
            0,
            0.000201572,
            0,
            0,
            0,
            0.000201572,
            0,
            0,
            0.000201572,
            0.000201572,
            0,
            0,
            0,
            0,
            0.000806289,
            0.000403145,
            0.000201572,
            0.000403145,
            0,
            0,
            0,
            0.000403145,
            0,
            0,
            0.000403145,
            0.000403145,
            0.000403145,
            0.000604717,
            0.000201572,
            0.000403145,
            0.000403145,
            0.000806289,
            0.000806289,
            0.00100786,
            0.000403145,
            0.00201572,
            0.00201572,
            0.000201572,
            0.00181415,
            0.000806289,
            0.000806289,
            0.00141101,
            0.000403145,
            0.000806289,
            0.00201572,
            0.00141101,
            0.00161258,
            0.00161258,
            0.00181415,
            0.00181415,
            0.00342673,
            0.00221729,
            0.00382987,
            0.00423302,
            0.00544245,
            0.00403145,
            0.00423302,
            0.00624874,
            0.00806289,
            0.00745817,
            0.00886918,
            0.0104818,
            0.0118928,
            0.0118928,
            0.0251965,
            0.0284217,
            0.0288248,
            0.0344689,
            0.0326547,
            0.0441443,
            0.0467648,
            0.0380972,
            0.0530135,
            0.0576497,
            0.0594638,
            0.0467648,
            0.0403145,
            0.0491836,
            0.040516,
            0.0481758,
            0.0346704,
            0.0310421,
            0.0229792,
            0.0177384,
            0.0201572,
            0.0116912,
            0.0094739,
            0.0100786,
            0.00987704,
            0.00967547,
            0.00503931,
            0.00403145,
            0.00382987,
            0.00262044,
            0.00262044,
            0.00141101,
            0.00100786,
            0.00100786,
            0.000604717,
            0.000604717,
            0.000201572,
            0.000403145,
            0.000201572,
            0.000403145,
            0.000604717,
            0,
            0,
            0.000201572,
            0.000201572,
            0.000403145,
            0,
            0,
            0,
            0.000403145,
            0,
            0,
            0,
            0,
            0,
            0.000201572,
            0,
            0,
            0,
            0,
            0,
            0,
            0,
            0,
            0,
            0,
            0,
            0,
            0.000201572,
            0,
            0,
            0.000201572,
            0,
            0,
            0,
            0,
            0,
            0.000201572,
            0,
            0,
            0,
            0,
            0.000201572,
            0,
            0
          ]
        ]
      ],
      [
        [
          "_metadata",
          {
            "jsonVersion": 3.0,
            "className": "AtomChemicalShift",
            "classVersion": 1.0,
            "user": "luca",
            "lastPath": "undefined",
            "timestamp": "Thu Jan 11 11:58:53 2024"
          }
        ],
        [
          "atomName",
          "HG"
        ],
        [
          "atomElementName",
          "H"
        ],
        [
          "atomAverageShift",
          2.38624
        ],
        [
          "atomStdShift",
          2.22938
        ],
        [
          "atomMinShift",
          -6.5
        ],
        [
          "atomMaxShift",
          11.35
        ],
        [
          "atomDistributionRefValue",
          -6.5
        ],
        [
          "atomDistributionValuePerPoint",
          0.05
        ],
        [
          "atomStatisticalDistribution",
          [
            0,
            0,
            0,
            0,
            0,
            0,
            0,
            0,
            0,
            0,
            0,
            0,
            0,
            0,
            0,
            0,
            0,
            0,
            0,
            0,
            0,
            0,
            0,
            0,
            0,
            0,
            0,
            0,
            0,
            0,
            0,
            0,
            0,
            0,
            0,
            0,
            0,
            0,
            0,
            0,
            0,
            0,
            0,
            0,
            0,
            0,
            0,
            0,
            0,
            0,
            0,
            0,
            0,
            0,
            0,
            0,
            0,
            0,
            0,
            0,
            0,
            0,
            0,
            0,
            0,
            0,
            0,
            0,
            0,
            0,
            0,
            0,
            0,
            0,
            0,
            0,
            0,
            0,
            0,
            0,
            0,
            0,
            0,
            0,
            0,
            0,
            0,
            0,
            0,
            0,
            0,
            0,
            0,
            0,
            0,
            0,
            0,
            0,
            0,
            0,
            0,
            0,
            0,
            0,
            0,
            0,
            0,
            0,
            0,
            0,
            0,
            0,
            0,
            0,
            0,
            0,
            0,
            0,
            0,
            0,
            0,
            0,
            0,
            0,
            0,
            0,
            0,
            0,
            0,
            0,
            0,
            0,
            0,
            0,
            0,
            0.0555556,
            0.037037,
            0,
            0,
            0,
            0.0185185,
            0,
            0,
            0,
            0.0185185,
            0.0185185,
            0,
            0,
            0,
            0,
            0,
            0,
            0.0185185,
            0.0555556,
            0.0185185,
            0,
            0,
            0.037037,
            0.037037,
            0.0185185,
            0.0555556,
            0.037037,
            0.0185185,
            0,
            0.0185185,
            0,
            0.0185185,
            0.0555556,
            0.0740741,
            0,
            0.0185185,
            0.0185185,
            0.037037,
            0,
            0.0555556,
            0,
            0,
            0,
            0.037037,
            0,
            0,
            0,
            0,
            0,
            0,
            0.0185185,
            0,
            0,
            0.037037,
            0,
            0,
            0,
            0,
            0.037037,
            0,
            0,
            0,
            0,
            0,
            0,
            0,
            0,
            0,
            0,
            0,
            0,
            0,
            0,
            0,
            0,
            0,
            0,
            0,
            0,
            0,
            0,
            0,
            0,
            0,
            0,
            0.0185185,
            0,
            0,
            0,
            0,
            0,
            0,
            0,
            0,
            0,
            0,
            0.0185185,
            0,
            0,
            0,
            0,
            0,
            0,
            0,
            0,
            0,
            0,
            0,
            0,
            0,
            0,
            0,
            0,
            0,
            0.0185185,
            0,
            0,
            0,
            0,
            0,
            0,
            0,
            0,
            0,
            0,
            0,
            0,
            0,
            0,
            0,
            0,
            0,
            0,
            0,
            0,
            0,
            0,
            0,
            0,
            0,
            0,
            0,
            0.037037,
            0,
            0,
            0,
            0,
            0,
            0,
            0,
            0,
            0,
            0,
            0,
            0,
            0,
            0,
            0,
            0,
            0,
            0,
            0,
            0,
            0,
            0,
            0,
            0,
            0,
            0,
            0,
            0,
            0,
            0,
            0,
            0,
            0,
            0,
            0,
            0,
            0,
            0,
            0,
            0,
            0,
            0,
            0,
            0,
            0,
            0,
            0,
            0,
            0,
            0,
            0,
            0,
            0,
            0,
            0,
            0,
            0,
            0,
            0,
            0,
            0,
            0,
            0,
            0,
            0.0185185,
            0.0185185,
            0,
            0,
            0,
            0,
            0,
            0,
            0,
            0,
            0,
            0,
            0,
            0,
            0
          ]
        ]
      ],
      [
        [
          "_metadata",
          {
            "jsonVersion": 3.0,
            "className": "AtomChemicalShift",
            "classVersion": 1.0,
            "user": "luca",
            "lastPath": "undefined",
            "timestamp": "Thu Jan 11 11:58:53 2024"
          }
        ],
        [
          "atomName",
          "N"
        ],
        [
          "atomElementName",
          "N"
        ],
        [
          "atomAverageShift",
          120.084
        ],
        [
          "atomStdShift",
          4.65318
        ],
        [
          "atomMinShift",
          101.0
        ],
        [
          "atomMaxShift",
          139.0
        ],
        [
          "atomDistributionRefValue",
          101.0
        ],
        [
          "atomDistributionValuePerPoint",
          1.0
        ],
        [
          "atomStatisticalDistribution",
          [
            0.000292654,
            0,
            0,
            0,
            0,
            0.000877963,
            0.00146327,
            0.00351185,
            0.00585309,
            0.0102429,
            0.016096,
            0.0196078,
            0.0316067,
            0.0456541,
            0.0556043,
            0.0670179,
            0.0749195,
            0.088089,
            0.0901375,
            0.0834065,
            0.0678958,
            0.0708224,
            0.0614574,
            0.0497512,
            0.0418496,
            0.0424349,
            0.0263389,
            0.016096,
            0.0117062,
            0.0064384,
            0.00556043,
            0.00175593,
            0.000877963,
            0.00117062,
            0.000877963,
            0.000292654,
            0.000292654,
            0
          ]
        ]
      ]
    ]
  ]
]