[
  [
    "_metadata",
    {
      "jsonVersion": 3,
      "className": "ReferenceChemicalShift",
      "classVersion": 1,
      "user": "CCPN",
      "lastPath": "/Users/luca/Projects/AnalysisV3/resources/referenceChemicalShifts/COPs/GLN.json",
      "timestamp": "Thu Jan 11 12:04:11 2024",
      "applicationVersion": 3.2
    }
  ],
  [
    "chemicalShiftName",
    "COPs"
  ],
  [
    "chemicalShiftComment",
    "The COPs-specific ReferenceChemical shifts"
  ],
  [
    "chemicalShiftEntryDate",
    "2006-08-16-14:25:08"
  ],
  [
    "compoundName",
    "Glutamine"
  ],
  [
    "compoundShortName",
    "GLN"
  ],
  [
    "compoundCcpCode",
    "Gln"
  ],
  [
    "compoundType",
    "Protein"
  ],
  [
    "compoundTypeClassification",
    "Peptide linking"
  ],
  [
    "compoundPrecursorName",
    "Glutamine"
  ],
  [
    "loadingLevel",
    1
  ],
  [
    "atoms",
    [
      [
        [
          "_metadata",
          {
            "jsonVersion": 3.0,
            "className": "AtomChemicalShift",
            "classVersion": 1.0,
            "user": "luca",
            "lastPath": "undefined",
            "timestamp": "Thu Jan 11 11:58:53 2024"
          }
        ],
        [
          "atomName",
          "C"
        ],
        [
          "atomElementName",
          "C"
        ],
        [
          "atomAverageShift",
          176.355
        ],
        [
          "atomStdShift",
          1.97778
        ],
        [
          "atomMinShift",
          168.0
        ],
        [
          "atomMaxShift",
          184.0
        ],
        [
          "atomDistributionRefValue",
          168.0
        ],
        [
          "atomDistributionValuePerPoint",
          1.0
        ],
        [
          "atomStatisticalDistribution",
          [
            0,
            0.000629855,
            0.00440899,
            0.0100777,
            0.0275037,
            0.0665547,
            0.134159,
            0.207432,
            0.17237,
            0.142347,
            0.136049,
            0.0770523,
            0.0182658,
            0.00272937,
            0.000419903,
            0
          ]
        ]
      ],
      [
        [
          "_metadata",
          {
            "jsonVersion": 3.0,
            "className": "AtomChemicalShift",
            "classVersion": 1.0,
            "user": "luca",
            "lastPath": "undefined",
            "timestamp": "Thu Jan 11 11:58:53 2024"
          }
        ],
        [
          "atomName",
          "CA"
        ],
        [
          "atomElementName",
          "C"
        ],
        [
          "atomAverageShift",
          56.5726
        ],
        [
          "atomStdShift",
          2.17596
        ],
        [
          "atomMinShift",
          48.0
        ],
        [
          "atomMaxShift",
          65.5
        ],
        [
          "atomDistributionRefValue",
          48.0
        ],
        [
          "atomDistributionValuePerPoint",
          0.5
        ],
        [
          "atomStatisticalDistribution",
          [
            0.000422238,
            0,
            0.000140746,
            0.00126671,
            0.00070373,
            0.00168895,
            0.00534835,
            0.00619282,
            0.0105559,
            0.0185785,
            0.0363125,
            0.052076,
            0.0561576,
            0.0582688,
            0.0675581,
            0.104433,
            0.0809289,
            0.0578466,
            0.053765,
            0.0560169,
            0.0754398,
            0.106404,
            0.0833216,
            0.035468,
            0.0187192,
            0.00605208,
            0.00422238,
            0.00070373,
            0.000422238,
            0.000422238,
            0.000140746,
            0.000140746,
            0.000140746,
            0.000140746,
            0
          ]
        ]
      ],
      [
        [
          "_metadata",
          {
            "jsonVersion": 3.0,
            "className": "AtomChemicalShift",
            "classVersion": 1.0,
            "user": "luca",
            "lastPath": "undefined",
            "timestamp": "Thu Jan 11 11:58:53 2024"
          }
        ],
        [
          "atomName",
          "CB"
        ],
        [
          "atomElementName",
          "C"
        ],
        [
          "atomAverageShift",
          29.1848
        ],
        [
          "atomStdShift",
          1.89948
        ],
        [
          "atomMinShift",
          22.0
        ],
        [
          "atomMaxShift",
          37.5
        ],
        [
          "atomDistributionRefValue",
          22.0
        ],
        [
          "atomDistributionValuePerPoint",
          0.5
        ],
        [
          "atomStatisticalDistribution",
          [
            0.000469043,
            0,
            0.000938086,
            0.00140713,
            0.00171982,
            0.00500313,
            0.00922452,
            0.0153221,
            0.0209506,
            0.0265791,
            0.0450281,
            0.093965,
            0.148374,
            0.151345,
            0.133521,
            0.0953721,
            0.0564415,
            0.043621,
            0.0348655,
            0.025641,
            0.0245466,
            0.0222014,
            0.0134459,
            0.0129769,
            0.00750469,
            0.00453408,
            0.00203252,
            0.00171982,
            0.000625391,
            0.000469043,
            0.000156348
          ]
        ]
      ],
      [
        [
          "_metadata",
          {
            "jsonVersion": 3.0,
            "className": "AtomChemicalShift",
            "classVersion": 1.0,
            "user": "luca",
            "lastPath": "undefined",
            "timestamp": "Thu Jan 11 11:58:53 2024"
          }
        ],
        [
          "atomName",
          "CD"
        ],
        [
          "atomElementName",
          "C"
        ],
        [
          "atomAverageShift",
          179.678
        ],
        [
          "atomStdShift",
          1.21108
        ],
        [
          "atomMinShift",
          175.0
        ],
        [
          "atomMaxShift",
          185.0
        ],
        [
          "atomDistributionRefValue",
          175.0
        ],
        [
          "atomDistributionValuePerPoint",
          0.5
        ],
        [
          "atomStatisticalDistribution",
          [
            0.0110294,
            0.00735294,
            0.00551471,
            0.00183824,
            0.0238971,
            0.0257353,
            0.0459559,
            0.0716912,
            0.0955882,
            0.198529,
            0.284926,
            0.15625,
            0.0367647,
            0.00367647,
            0.00735294,
            0.0128676,
            0.00551471,
            0.00183824,
            0.00183824,
            0.00183824
          ]
        ]
      ],
      [
        [
          "_metadata",
          {
            "jsonVersion": 3.0,
            "className": "AtomChemicalShift",
            "classVersion": 1.0,
            "user": "luca",
            "lastPath": "undefined",
            "timestamp": "Thu Jan 11 11:58:53 2024"
          }
        ],
        [
          "atomName",
          "CG"
        ],
        [
          "atomElementName",
          "C"
        ],
        [
          "atomAverageShift",
          33.7539
        ],
        [
          "atomStdShift",
          1.15181
        ],
        [
          "atomMinShift",
          29.0
        ],
        [
          "atomMaxShift",
          38.5
        ],
        [
          "atomDistributionRefValue",
          29.0
        ],
        [
          "atomDistributionValuePerPoint",
          0.5
        ],
        [
          "atomStatisticalDistribution",
          [
            0.00311526,
            0.00215672,
            0.00551162,
            0.00766834,
            0.0160556,
            0.0237239,
            0.0352265,
            0.0496046,
            0.139708,
            0.300743,
            0.23005,
            0.107596,
            0.0381021,
            0.0155763,
            0.0136592,
            0.00503235,
            0.00263599,
            0.00167745,
            0.00215672
          ]
        ]
      ],
      [
        [
          "_metadata",
          {
            "jsonVersion": 3.0,
            "className": "AtomChemicalShift",
            "classVersion": 1.0,
            "user": "luca",
            "lastPath": "undefined",
            "timestamp": "Thu Jan 11 11:58:53 2024"
          }
        ],
        [
          "atomName",
          "H"
        ],
        [
          "atomElementName",
          "H"
        ],
        [
          "atomAverageShift",
          8.20429
        ],
        [
          "atomStdShift",
          0.602559
        ],
        [
          "atomMinShift",
          5.8
        ],
        [
          "atomMaxShift",
          10.65
        ],
        [
          "atomDistributionRefValue",
          5.8
        ],
        [
          "atomDistributionValuePerPoint",
          0.05
        ],
        [
          "atomStatisticalDistribution",
          [
            0.000108968,
            0.000217936,
            0.000326904,
            0.000108968,
            0.000217936,
            0.000326904,
            0.000108968,
            0.000108968,
            0.000435872,
            0.000217936,
            0.000217936,
            0.000217936,
            0.000108968,
            0.000762777,
            0.000762777,
            0.00130762,
            0.000980713,
            0.00185246,
            0.00130762,
            0.00130762,
            0.00261523,
            0.00152555,
            0.00163452,
            0.0027242,
            0.00359595,
            0.00762777,
            0.00261523,
            0.00915332,
            0.00730086,
            0.00893538,
            0.0130762,
            0.0107878,
            0.0122044,
            0.013621,
            0.0161273,
            0.0209219,
            0.0191784,
            0.020486,
            0.0265882,
            0.0261523,
            0.0320366,
            0.0271331,
            0.0314918,
            0.0333442,
            0.0336711,
            0.0367222,
            0.0305111,
            0.0372671,
            0.037485,
            0.0334532,
            0.0404272,
            0.0372671,
            0.0383568,
            0.0281138,
            0.0300752,
            0.0296393,
            0.0192873,
            0.0244088,
            0.0140569,
            0.0151466,
            0.0184156,
            0.0122044,
            0.0139479,
            0.0124224,
            0.0115506,
            0.0110058,
            0.0075188,
            0.0112237,
            0.00577531,
            0.00675602,
            0.00653808,
            0.00501253,
            0.0054484,
            0.00250627,
            0.00337801,
            0.00207039,
            0.00174349,
            0.00207039,
            0.00185246,
            0.000653808,
            0.00185246,
            0.00054484,
            0.00108968,
            0.00108968,
            0.00141658,
            0.00108968,
            0.000435872,
            0.000326904,
            0.000217936,
            0.000217936,
            0.000217936,
            0.000217936,
            0.000326904,
            0.000435872,
            0.000435872,
            0.000108968,
            0.000108968
          ]
        ]
      ],
      [
        [
          "_metadata",
          {
            "jsonVersion": 3.0,
            "className": "AtomChemicalShift",
            "classVersion": 1.0,
            "user": "luca",
            "lastPath": "undefined",
            "timestamp": "Thu Jan 11 11:58:53 2024"
          }
        ],
        [
          "atomName",
          "HA"
        ],
        [
          "atomElementName",
          "H"
        ],
        [
          "atomAverageShift",
          4.2766
        ],
        [
          "atomStdShift",
          0.43411
        ],
        [
          "atomMinShift",
          2.5
        ],
        [
          "atomMaxShift",
          6.0
        ],
        [
          "atomDistributionRefValue",
          2.5
        ],
        [
          "atomDistributionValuePerPoint",
          0.05
        ],
        [
          "atomStatisticalDistribution",
          [
            0.000387898,
            0,
            0.000258598,
            0.000258598,
            0.000129299,
            0.000775795,
            0.000517197,
            0.000517197,
            0.000646496,
            0.000517197,
            0.000258598,
            0.000646496,
            0.00142229,
            0.000775795,
            0.00103439,
            0.00142229,
            0.00155159,
            0.00323248,
            0.00232739,
            0.00594776,
            0.00594776,
            0.00555987,
            0.0126713,
            0.00995604,
            0.0165503,
            0.0213344,
            0.0191363,
            0.0334885,
            0.0314197,
            0.0477114,
            0.0667184,
            0.055728,
            0.0545643,
            0.0623222,
            0.0572795,
            0.0735712,
            0.0552108,
            0.0374968,
            0.0416343,
            0.0323248,
            0.0342643,
            0.0245668,
            0.0184898,
            0.0199121,
            0.0162917,
            0.0159038,
            0.0113783,
            0.0102146,
            0.0102146,
            0.00853375,
            0.00905094,
            0.00568916,
            0.00724076,
            0.00374968,
            0.00491337,
            0.00749935,
            0.00245668,
            0.00413757,
            0.00362038,
            0.00349108,
            0.00245668,
            0.00258598,
            0.00271528,
            0.00181019,
            0.00129299,
            0.00245668,
            0.000517197,
            0.000517197,
            0.000646496,
            0.000129299
          ]
        ]
      ],
      [
        [
          "_metadata",
          {
            "jsonVersion": 3.0,
            "className": "AtomChemicalShift",
            "classVersion": 1.0,
            "user": "luca",
            "lastPath": "undefined",
            "timestamp": "Thu Jan 11 11:58:53 2024"
          }
        ],
        [
          "atomName",
          "HB2"
        ],
        [
          "atomElementName",
          "H"
        ],
        [
          "atomAverageShift",
          2.05371
        ],
        [
          "atomStdShift",
          0.242908
        ],
        [
          "atomMinShift",
          1.1
        ],
        [
          "atomMaxShift",
          3.05
        ],
        [
          "atomDistributionRefValue",
          1.1
        ],
        [
          "atomDistributionValuePerPoint",
          0.05
        ],
        [
          "atomStatisticalDistribution",
          [
            0.00221141,
            0.00117942,
            0.00147427,
            0.00280112,
            0.00280112,
            0.00412797,
            0.00457025,
            0.00545481,
            0.00722394,
            0.00663423,
            0.0148902,
            0.0179861,
            0.0222615,
            0.0284535,
            0.031402,
            0.0616246,
            0.0644258,
            0.0809376,
            0.0967124,
            0.0855079,
            0.1175,
            0.0816748,
            0.0837388,
            0.050715,
            0.033466,
            0.0274215,
            0.0160696,
            0.0165119,
            0.00884564,
            0.00515996,
            0.00457025,
            0.00206398,
            0.00265369,
            0.00117942,
            0.00058971,
            0.0016217,
            0.000884564,
            0.0016217,
            0.00103199
          ]
        ]
      ],
      [
        [
          "_metadata",
          {
            "jsonVersion": 3.0,
            "className": "AtomChemicalShift",
            "classVersion": 1.0,
            "user": "luca",
            "lastPath": "undefined",
            "timestamp": "Thu Jan 11 11:58:53 2024"
          }
        ],
        [
          "atomName",
          "HB3"
        ],
        [
          "atomElementName",
          "H"
        ],
        [
          "atomAverageShift",
          2.02828
        ],
        [
          "atomStdShift",
          0.270534
        ],
        [
          "atomMinShift",
          0.9
        ],
        [
          "atomMaxShift",
          3.1
        ],
        [
          "atomDistributionRefValue",
          0.9
        ],
        [
          "atomDistributionValuePerPoint",
          0.05
        ],
        [
          "atomStatisticalDistribution",
          [
            0.000967586,
            0.00112885,
            0.00193517,
            0.00112885,
            0.00193517,
            0.00129011,
            0.00241896,
            0.00145138,
            0.00419287,
            0.00435414,
            0.00532172,
            0.0067731,
            0.00483793,
            0.0119336,
            0.0161264,
            0.0191905,
            0.0206418,
            0.0278987,
            0.0362845,
            0.059184,
            0.0738591,
            0.0769231,
            0.105306,
            0.0938558,
            0.0974036,
            0.0919207,
            0.0699887,
            0.0533785,
            0.0301564,
            0.0196742,
            0.0169328,
            0.010966,
            0.00983712,
            0.00306402,
            0.00435414,
            0.00322529,
            0.00129011,
            0.00241896,
            0.00145138,
            0.000806322,
            0.00145138,
            0.00145138,
            0.00112885,
            0.000161264
          ]
        ]
      ],
      [
        [
          "_metadata",
          {
            "jsonVersion": 3.0,
            "className": "AtomChemicalShift",
            "classVersion": 1.0,
            "user": "luca",
            "lastPath": "undefined",
            "timestamp": "Thu Jan 11 11:58:53 2024"
          }
        ],
        [
          "atomName",
          "HE21"
        ],
        [
          "atomElementName",
          "H"
        ],
        [
          "atomAverageShift",
          7.19584
        ],
        [
          "atomStdShift",
          0.462274
        ],
        [
          "atomMinShift",
          5.3
        ],
        [
          "atomMaxShift",
          9.0
        ],
        [
          "atomDistributionRefValue",
          5.3
        ],
        [
          "atomDistributionValuePerPoint",
          0.05
        ],
        [
          "atomStatisticalDistribution",
          [
            0.000226091,
            0,
            0.000226091,
            0.000226091,
            0.000452182,
            0.000678273,
            0.000678273,
            0.00135655,
            0.000678273,
            0.000678273,
            0.000678273,
            0.000226091,
            0.00113045,
            0.00203482,
            0.00203482,
            0.00113045,
            0.00135655,
            0.00226091,
            0.00316527,
            0.00293918,
            0.00406964,
            0.00316527,
            0.00520009,
            0.00949582,
            0.0117567,
            0.0135655,
            0.0167307,
            0.0260005,
            0.0379833,
            0.0585575,
            0.0750622,
            0.0411485,
            0.0352702,
            0.0278092,
            0.0232874,
            0.0131133,
            0.0160525,
            0.0208004,
            0.0269048,
            0.0241917,
            0.0370789,
            0.0359485,
            0.059688,
            0.0725752,
            0.0673751,
            0.0637576,
            0.0336875,
            0.0305223,
            0.0180873,
            0.0144698,
            0.00859145,
            0.00791318,
            0.00881754,
            0.00678273,
            0.002487,
            0.00429573,
            0.002487,
            0.00203482,
            0.000226091,
            0.00113045,
            0.00113045,
            0.000452182,
            0.000678273,
            0.000904364,
            0.000226091,
            0.00135655,
            0.000452182,
            0.000678273,
            0.000226091,
            0.00113045,
            0.000452182,
            0.000678273,
            0.000226091,
            0.00113045
          ]
        ]
      ],
      [
        [
          "_metadata",
          {
            "jsonVersion": 3.0,
            "className": "AtomChemicalShift",
            "classVersion": 1.0,
            "user": "luca",
            "lastPath": "undefined",
            "timestamp": "Thu Jan 11 11:58:53 2024"
          }
        ],
        [
          "atomName",
          "HE22"
        ],
        [
          "atomElementName",
          "H"
        ],
        [
          "atomAverageShift",
          7.03644
        ],
        [
          "atomStdShift",
          0.491952
        ],
        [
          "atomMinShift",
          5.1
        ],
        [
          "atomMaxShift",
          9.05
        ],
        [
          "atomDistributionRefValue",
          5.1
        ],
        [
          "atomDistributionValuePerPoint",
          0.05
        ],
        [
          "atomStatisticalDistribution",
          [
            0.00181406,
            0.000453515,
            0.000907029,
            0.000453515,
            0.000453515,
            0.000453515,
            0,
            0.000907029,
            0.000680272,
            0.000453515,
            0.000453515,
            0.000680272,
            0,
            0.000907029,
            0.00136054,
            0.000907029,
            0.00181406,
            0.00113379,
            0.00249433,
            0.00226757,
            0.00204082,
            0.00294785,
            0.00204082,
            0.00385488,
            0.0031746,
            0.00544218,
            0.00793651,
            0.0111111,
            0.0126984,
            0.0174603,
            0.0208617,
            0.0362812,
            0.0526077,
            0.0852608,
            0.113379,
            0.0895692,
            0.0569161,
            0.037415,
            0.0253968,
            0.0174603,
            0.0154195,
            0.0133787,
            0.014059,
            0.0222222,
            0.0258503,
            0.0272109,
            0.0365079,
            0.0437642,
            0.0414966,
            0.029932,
            0.0276644,
            0.0199546,
            0.0131519,
            0.00839002,
            0.00861678,
            0.0047619,
            0.00385488,
            0.00226757,
            0.00136054,
            0.000907029,
            0.0015873,
            0.00136054,
            0.00113379,
            0.0031746,
            0.00181406,
            0.00113379,
            0.000453515,
            0.000907029,
            0.000453515,
            0.000680272,
            0.000453515,
            0.000907029,
            0.000226757,
            0.000453515,
            0.000680272,
            0.000226757,
            0.000907029,
            0,
            0.000226757
          ]
        ]
      ],
      [
        [
          "_metadata",
          {
            "jsonVersion": 3.0,
            "className": "AtomChemicalShift",
            "classVersion": 1.0,
            "user": "luca",
            "lastPath": "undefined",
            "timestamp": "Thu Jan 11 11:58:53 2024"
          }
        ],
        [
          "atomName",
          "HG2"
        ],
        [
          "atomElementName",
          "H"
        ],
        [
          "atomAverageShift",
          2.32785
        ],
        [
          "atomStdShift",
          0.246914
        ],
        [
          "atomMinShift",
          1.3
        ],
        [
          "atomMaxShift",
          3.3
        ],
        [
          "atomDistributionRefValue",
          1.3
        ],
        [
          "atomDistributionValuePerPoint",
          0.05
        ],
        [
          "atomStatisticalDistribution",
          [
            0.00338655,
            0.00193517,
            0.00193517,
            0.00177391,
            0.00177391,
            0.00354781,
            0.00403161,
            0.0045154,
            0.00548299,
            0.00645057,
            0.0090308,
            0.00919207,
            0.0135462,
            0.0153201,
            0.0241896,
            0.0211256,
            0.0411224,
            0.0380584,
            0.0730527,
            0.0822448,
            0.0985325,
            0.146267,
            0.101758,
            0.10337,
            0.0614417,
            0.0364457,
            0.0337042,
            0.0146751,
            0.0112885,
            0.00709563,
            0.00274149,
            0.00499919,
            0.00112885,
            0.00370908,
            0.00258023,
            0.00209644,
            0.00177391,
            0.00129011,
            0.00129011,
            0.00209644
          ]
        ]
      ],
      [
        [
          "_metadata",
          {
            "jsonVersion": 3.0,
            "className": "AtomChemicalShift",
            "classVersion": 1.0,
            "user": "luca",
            "lastPath": "undefined",
            "timestamp": "Thu Jan 11 11:58:53 2024"
          }
        ],
        [
          "atomName",
          "HG3"
        ],
        [
          "atomElementName",
          "H"
        ],
        [
          "atomAverageShift",
          2.31173
        ],
        [
          "atomStdShift",
          0.261989
        ],
        [
          "atomMinShift",
          1.3
        ],
        [
          "atomMaxShift",
          3.4
        ],
        [
          "atomDistributionRefValue",
          1.3
        ],
        [
          "atomDistributionValuePerPoint",
          0.05
        ],
        [
          "atomStatisticalDistribution",
          [
            0.00383842,
            0.00255895,
            0.0020106,
            0.00219338,
            0.00182782,
            0.00420398,
            0.00658015,
            0.00420398,
            0.00621459,
            0.00639737,
            0.00840797,
            0.0104186,
            0.0135259,
            0.0177298,
            0.0254067,
            0.0239444,
            0.0398465,
            0.0398465,
            0.0714677,
            0.0789618,
            0.0875525,
            0.161762,
            0.10053,
            0.104368,
            0.0526412,
            0.0378359,
            0.0261378,
            0.0144398,
            0.0113325,
            0.00767684,
            0.00347286,
            0.00310729,
            0.00127947,
            0.00219338,
            0.00329007,
            0.00219338,
            0.00127947,
            0.00164504,
            0.00164504,
            0.00347286,
            0.00146226,
            0.00109669
          ]
        ]
      ],
      [
        [
          "_metadata",
          {
            "jsonVersion": 3.0,
            "className": "AtomChemicalShift",
            "classVersion": 1.0,
            "user": "luca",
            "lastPath": "undefined",
            "timestamp": "Thu Jan 11 11:58:53 2024"
          }
        ],
        [
          "atomName",
          "N"
        ],
        [
          "atomElementName",
          "N"
        ],
        [
          "atomAverageShift",
          119.831
        ],
        [
          "atomStdShift",
          3.7526
        ],
        [
          "atomMinShift",
          105.0
        ],
        [
          "atomMaxShift",
          136.0
        ],
        [
          "atomDistributionRefValue",
          105.0
        ],
        [
          "atomDistributionValuePerPoint",
          1.0
        ],
        [
          "atomStatisticalDistribution",
          [
            0.000634115,
            0.000253646,
            0.000380469,
            0.000634115,
            0.000760938,
            0.00355105,
            0.00735574,
            0.0114141,
            0.0216867,
            0.0356373,
            0.0488269,
            0.0750793,
            0.0976538,
            0.12454,
            0.124921,
            0.117311,
            0.0885225,
            0.0701332,
            0.0417248,
            0.0341154,
            0.0256183,
            0.0233354,
            0.0171211,
            0.0105263,
            0.00887762,
            0.00393152,
            0.00253646,
            0.00177552,
            0.00101458,
            0.000126823,
            0
          ]
        ]
      ],
      [
        [
          "_metadata",
          {
            "jsonVersion": 3.0,
            "className": "AtomChemicalShift",
            "classVersion": 1.0,
            "user": "luca",
            "lastPath": "undefined",
            "timestamp": "Thu Jan 11 11:58:53 2024"
          }
        ],
        [
          "atomName",
          "NE2"
        ],
        [
          "atomElementName",
          "N"
        ],
        [
          "atomAverageShift",
          111.898
        ],
        [
          "atomStdShift",
          1.92531
        ],
        [
          "atomMinShift",
          104.0
        ],
        [
          "atomMaxShift",
          120.0
        ],
        [
          "atomDistributionRefValue",
          104.0
        ],
        [
          "atomDistributionValuePerPoint",
          1.0
        ],
        [
          "atomStatisticalDistribution",
          [
            0.00318564,
            0.00434405,
            0.00579206,
            0.0110049,
            0.0246163,
            0.0596583,
            0.130901,
            0.287576,
            0.276571,
            0.0999131,
            0.0463365,
            0.0266435,
            0.0124529,
            0.00579206,
            0.00463365,
            0.000579206
          ]
        ]
      ]
    ]
  ]
]