[
  [
    "_metadata",
    {
      "jsonVersion": 3,
      "className": "ReferenceChemicalShift",
      "classVersion": 1,
      "user": "CCPN",
      "lastPath": "/Users/luca/Projects/AnalysisV3/resources/referenceChemicalShifts/COPs/GLU.json",
      "timestamp": "Thu Jan 11 12:04:11 2024",
      "applicationVersion": 3.2
    }
  ],
  [
    "chemicalShiftName",
    "COPs"
  ],
  [
    "chemicalShiftComment",
    "The COPs-specific ReferenceChemical shifts"
  ],
  [
    "chemicalShiftEntryDate",
    "2006-08-16-14:25:08"
  ],
  [
    "compoundName",
    "Glutamic Acid"
  ],
  [
    "compoundShortName",
    "GLU"
  ],
  [
    "compoundCcpCode",
    "Glu"
  ],
  [
    "compoundType",
    "Protein"
  ],
  [
    "compoundTypeClassification",
    "Peptide linking"
  ],
  [
    "compoundPrecursorName",
    "Glutamic Acid"
  ],
  [
    "loadingLevel",
    1
  ],
  [
    "atoms",
    [
      [
        [
          "_metadata",
          {
            "jsonVersion": 3.0,
            "className": "AtomChemicalShift",
            "classVersion": 1.0,
            "user": "luca",
            "lastPath": "undefined",
            "timestamp": "Thu Jan 11 11:58:53 2024"
          }
        ],
        [
          "atomName",
          "C"
        ],
        [
          "atomElementName",
          "C"
        ],
        [
          "atomAverageShift",
          176.975
        ],
        [
          "atomStdShift",
          2.00839
        ],
        [
          "atomMinShift",
          169.0
        ],
        [
          "atomMaxShift",
          186.0
        ],
        [
          "atomDistributionRefValue",
          169.0
        ],
        [
          "atomDistributionValuePerPoint",
          1.0
        ],
        [
          "atomStatisticalDistribution",
          [
            0.00128507,
            0.00289141,
            0.00717498,
            0.0154209,
            0.0409081,
            0.0882416,
            0.144249,
            0.209788,
            0.14607,
            0.154637,
            0.145106,
            0.0360891,
            0.00696081,
            0.000749625,
            0,
            0.000107089,
            0.000321268
          ]
        ]
      ],
      [
        [
          "_metadata",
          {
            "jsonVersion": 3.0,
            "className": "AtomChemicalShift",
            "classVersion": 1.0,
            "user": "luca",
            "lastPath": "undefined",
            "timestamp": "Thu Jan 11 11:58:53 2024"
          }
        ],
        [
          "atomName",
          "CA"
        ],
        [
          "atomElementName",
          "C"
        ],
        [
          "atomAverageShift",
          57.4206
        ],
        [
          "atomStdShift",
          2.13248
        ],
        [
          "atomMinShift",
          49.0
        ],
        [
          "atomMaxShift",
          66.5
        ],
        [
          "atomDistributionRefValue",
          49.0
        ],
        [
          "atomDistributionValuePerPoint",
          0.5
        ],
        [
          "atomStatisticalDistribution",
          [
            0.00022373,
            0.000298307,
            0.000149154,
            0.000372884,
            0.00201357,
            0.00268476,
            0.00618987,
            0.00917294,
            0.0129764,
            0.0256544,
            0.0444478,
            0.0486986,
            0.0519054,
            0.0557089,
            0.0750988,
            0.0856887,
            0.0612275,
            0.0606309,
            0.0662242,
            0.093743,
            0.119845,
            0.0874786,
            0.0492207,
            0.0231188,
            0.00969498,
            0.00380342,
            0.00149154,
            0.000745768,
            0.000671191,
            0.000447461,
            0,
            0.00022373,
            0,
            7.45768e-05,
            7.45768e-05
          ]
        ]
      ],
      [
        [
          "_metadata",
          {
            "jsonVersion": 3.0,
            "className": "AtomChemicalShift",
            "classVersion": 1.0,
            "user": "luca",
            "lastPath": "undefined",
            "timestamp": "Thu Jan 11 11:58:53 2024"
          }
        ],
        [
          "atomName",
          "CB"
        ],
        [
          "atomElementName",
          "C"
        ],
        [
          "atomAverageShift",
          29.9837
        ],
        [
          "atomStdShift",
          1.78705
        ],
        [
          "atomMinShift",
          23.0
        ],
        [
          "atomMaxShift",
          37.5
        ],
        [
          "atomDistributionRefValue",
          23.0
        ],
        [
          "atomDistributionValuePerPoint",
          0.5
        ],
        [
          "atomStatisticalDistribution",
          [
            8.29807e-05,
            0.000248942,
            0.000497884,
            0.000912787,
            0.00165961,
            0.00547672,
            0.00838105,
            0.0151025,
            0.0235665,
            0.0312007,
            0.0521948,
            0.102315,
            0.16621,
            0.174757,
            0.138246,
            0.0789146,
            0.0443117,
            0.0297901,
            0.0277985,
            0.0252261,
            0.0227367,
            0.0183387,
            0.0132769,
            0.00755124,
            0.00414903,
            0.00273836,
            0.00240644,
            0.00174259,
            0.000165961
          ]
        ]
      ],
      [
        [
          "_metadata",
          {
            "jsonVersion": 3.0,
            "className": "AtomChemicalShift",
            "classVersion": 1.0,
            "user": "luca",
            "lastPath": "undefined",
            "timestamp": "Thu Jan 11 11:58:53 2024"
          }
        ],
        [
          "atomName",
          "CD"
        ],
        [
          "atomElementName",
          "C"
        ],
        [
          "atomAverageShift",
          181.775
        ],
        [
          "atomStdShift",
          2.89412
        ],
        [
          "atomMinShift",
          170.0
        ],
        [
          "atomMaxShift",
          193.5
        ],
        [
          "atomDistributionRefValue",
          170.0
        ],
        [
          "atomDistributionValuePerPoint",
          0.5
        ],
        [
          "atomStatisticalDistribution",
          [
            0,
            0,
            0,
            0,
            0,
            0,
            0.00377358,
            0,
            0.0830189,
            0,
            0,
            0.00377358,
            0.00377358,
            0,
            0.00754717,
            0.00754717,
            0.0188679,
            0.00754717,
            0.0150943,
            0.00754717,
            0.0264151,
            0.045283,
            0.045283,
            0.045283,
            0.10566,
            0.120755,
            0.184906,
            0.135849,
            0.0867925,
            0.0301887,
            0.0150943,
            0,
            0,
            0,
            0,
            0,
            0,
            0,
            0,
            0,
            0,
            0,
            0,
            0,
            0,
            0,
            0
          ]
        ]
      ],
      [
        [
          "_metadata",
          {
            "jsonVersion": 3.0,
            "className": "AtomChemicalShift",
            "classVersion": 1.0,
            "user": "luca",
            "lastPath": "undefined",
            "timestamp": "Thu Jan 11 11:58:53 2024"
          }
        ],
        [
          "atomName",
          "CG"
        ],
        [
          "atomElementName",
          "C"
        ],
        [
          "atomAverageShift",
          36.0323
        ],
        [
          "atomStdShift",
          1.29493
        ],
        [
          "atomMinShift",
          31.0
        ],
        [
          "atomMaxShift",
          41.5
        ],
        [
          "atomDistributionRefValue",
          31.0
        ],
        [
          "atomDistributionValuePerPoint",
          0.5
        ],
        [
          "atomStatisticalDistribution",
          [
            0.00302992,
            0.00201995,
            0.00416614,
            0.0103522,
            0.0170433,
            0.0285318,
            0.0308042,
            0.038379,
            0.0661533,
            0.146572,
            0.293902,
            0.198334,
            0.0944325,
            0.0362328,
            0.0151496,
            0.00580735,
            0.00252493,
            0.00151496,
            0.00164121,
            0.00138871,
            0.00201995
          ]
        ]
      ],
      [
        [
          "_metadata",
          {
            "jsonVersion": 3.0,
            "className": "AtomChemicalShift",
            "classVersion": 1.0,
            "user": "luca",
            "lastPath": "undefined",
            "timestamp": "Thu Jan 11 11:58:53 2024"
          }
        ],
        [
          "atomName",
          "H"
        ],
        [
          "atomElementName",
          "H"
        ],
        [
          "atomAverageShift",
          8.33429
        ],
        [
          "atomStdShift",
          0.623261
        ],
        [
          "atomMinShift",
          5.8
        ],
        [
          "atomMaxShift",
          10.8
        ],
        [
          "atomDistributionRefValue",
          5.8
        ],
        [
          "atomDistributionValuePerPoint",
          0.05
        ],
        [
          "atomStatisticalDistribution",
          [
            5.87613e-05,
            0,
            0,
            5.87613e-05,
            0.000235045,
            0.000117523,
            5.87613e-05,
            0.000705136,
            0.000176284,
            5.87613e-05,
            0.000352568,
            5.87613e-05,
            0.000587613,
            0.000352568,
            0.000411329,
            0.000646374,
            0.000528852,
            0.000528852,
            0.00158656,
            0.000705136,
            0.00164532,
            0.00199788,
            0.00205665,
            0.00205665,
            0.00276178,
            0.00358444,
            0.00252674,
            0.0044071,
            0.00599365,
            0.00499471,
            0.0080503,
            0.0072864,
            0.0102245,
            0.0107533,
            0.0123986,
            0.0164532,
            0.0148079,
            0.0185686,
            0.0199788,
            0.0216242,
            0.0276178,
            0.0229757,
            0.0284405,
            0.0278529,
            0.0286755,
            0.0309672,
            0.0247973,
            0.0361382,
            0.0263838,
            0.0389587,
            0.0414267,
            0.0347279,
            0.0447174,
            0.0341991,
            0.0341991,
            0.0373134,
            0.023622,
            0.0289693,
            0.0222705,
            0.0223293,
            0.0255024,
            0.015748,
            0.0204489,
            0.0136914,
            0.015748,
            0.0165707,
            0.0106358,
            0.0124574,
            0.00763897,
            0.00822658,
            0.00746269,
            0.00511223,
            0.00734516,
            0.00399577,
            0.00511223,
            0.00452462,
            0.0028793,
            0.00305559,
            0.00188036,
            0.000822658,
            0.00129275,
            0.00152779,
            0.00111646,
            0.00117523,
            0.00158656,
            0.00123399,
            0.000528852,
            0.000822658,
            0.000705136,
            0.000705136,
            0.000587613,
            0.000293807,
            0.000587613,
            0.000411329,
            0.000352568,
            0.000705136,
            0.000587613,
            0.000293807,
            0.00047009,
            0.000176284
          ]
        ]
      ],
      [
        [
          "_metadata",
          {
            "jsonVersion": 3.0,
            "className": "AtomChemicalShift",
            "classVersion": 1.0,
            "user": "luca",
            "lastPath": "undefined",
            "timestamp": "Thu Jan 11 11:58:53 2024"
          }
        ],
        [
          "atomName",
          "HA"
        ],
        [
          "atomElementName",
          "H"
        ],
        [
          "atomAverageShift",
          4.24439
        ],
        [
          "atomStdShift",
          0.419338
        ],
        [
          "atomMinShift",
          2.6
        ],
        [
          "atomMaxShift",
          6.0
        ],
        [
          "atomDistributionRefValue",
          2.6
        ],
        [
          "atomDistributionValuePerPoint",
          0.05
        ],
        [
          "atomStatisticalDistribution",
          [
            0.000699692,
            0.000419815,
            0.000349846,
            0.000279877,
            0.000209908,
            0.000349846,
            0.000419815,
            0.000559754,
            0.000209908,
            6.99692e-05,
            0.000629723,
            0.000979569,
            0.000979569,
            0.00111951,
            0.0018192,
            0.00328855,
            0.00160929,
            0.00356843,
            0.00475791,
            0.00657711,
            0.0104954,
            0.0104954,
            0.0153932,
            0.0172124,
            0.0178421,
            0.0406521,
            0.036454,
            0.0646516,
            0.0739575,
            0.077176,
            0.0666107,
            0.0718584,
            0.0764764,
            0.0609432,
            0.0428911,
            0.0302267,
            0.0288973,
            0.031906,
            0.020361,
            0.0192415,
            0.0160229,
            0.0167926,
            0.0160929,
            0.0120347,
            0.00965575,
            0.00622726,
            0.0072768,
            0.00979569,
            0.00720683,
            0.00594738,
            0.00517772,
            0.00587741,
            0.00531766,
            0.00447803,
            0.004548,
            0.00356843,
            0.00391828,
            0.00412818,
            0.00202911,
            0.00188917,
            0.00167926,
            0.00188917,
            0.00153932,
            0.00104954,
            0.000769661,
            0.000979569,
            0.000979569,
            0.000489784
          ]
        ]
      ],
      [
        [
          "_metadata",
          {
            "jsonVersion": 3.0,
            "className": "AtomChemicalShift",
            "classVersion": 1.0,
            "user": "luca",
            "lastPath": "undefined",
            "timestamp": "Thu Jan 11 11:58:53 2024"
          }
        ],
        [
          "atomName",
          "HB2"
        ],
        [
          "atomElementName",
          "H"
        ],
        [
          "atomAverageShift",
          2.03723
        ],
        [
          "atomStdShift",
          0.20655
        ],
        [
          "atomMinShift",
          1.2
        ],
        [
          "atomMaxShift",
          2.9
        ],
        [
          "atomDistributionRefValue",
          1.2
        ],
        [
          "atomDistributionValuePerPoint",
          0.05
        ],
        [
          "atomStatisticalDistribution",
          [
            0.00151491,
            0.00127571,
            0.00191357,
            0.00175411,
            0.00295009,
            0.00326902,
            0.00454473,
            0.00757455,
            0.0108436,
            0.0110828,
            0.0198533,
            0.0287833,
            0.0390687,
            0.0790145,
            0.0774996,
            0.0973529,
            0.140647,
            0.105406,
            0.11601,
            0.0651411,
            0.0583639,
            0.0471217,
            0.0217669,
            0.0200128,
            0.00877053,
            0.00805294,
            0.00629884,
            0.00350821,
            0.00334875,
            0.0019933,
            0.00159464,
            0.00143518,
            0.00135545,
            0.000877053
          ]
        ]
      ],
      [
        [
          "_metadata",
          {
            "jsonVersion": 3.0,
            "className": "AtomChemicalShift",
            "classVersion": 1.0,
            "user": "luca",
            "lastPath": "undefined",
            "timestamp": "Thu Jan 11 11:58:53 2024"
          }
        ],
        [
          "atomName",
          "HB3"
        ],
        [
          "atomElementName",
          "H"
        ],
        [
          "atomAverageShift",
          2.01819
        ],
        [
          "atomStdShift",
          0.2118
        ],
        [
          "atomMinShift",
          1.2
        ],
        [
          "atomMaxShift",
          2.9
        ],
        [
          "atomDistributionRefValue",
          1.2
        ],
        [
          "atomDistributionValuePerPoint",
          0.05
        ],
        [
          "atomStatisticalDistribution",
          [
            0.00235664,
            0.00174566,
            0.00218207,
            0.0030549,
            0.00209479,
            0.00619708,
            0.00576067,
            0.00942655,
            0.0156236,
            0.0139653,
            0.0224317,
            0.0326438,
            0.0433796,
            0.0780309,
            0.0762852,
            0.106049,
            0.139303,
            0.10343,
            0.112682,
            0.061709,
            0.0545518,
            0.0375316,
            0.017893,
            0.0188531,
            0.00820459,
            0.00593524,
            0.00480056,
            0.00279305,
            0.00340403,
            0.00200751,
            0.00226935,
            0.000785546,
            0.00122196,
            0.00139653
          ]
        ]
      ],
      [
        [
          "_metadata",
          {
            "jsonVersion": 3.0,
            "className": "AtomChemicalShift",
            "classVersion": 1.0,
            "user": "luca",
            "lastPath": "undefined",
            "timestamp": "Thu Jan 11 11:58:53 2024"
          }
        ],
        [
          "atomName",
          "HG2"
        ],
        [
          "atomElementName",
          "H"
        ],
        [
          "atomAverageShift",
          2.29348
        ],
        [
          "atomStdShift",
          0.21113
        ],
        [
          "atomMinShift",
          1.4
        ],
        [
          "atomMaxShift",
          3.1
        ],
        [
          "atomDistributionRefValue",
          1.4
        ],
        [
          "atomDistributionValuePerPoint",
          0.05
        ],
        [
          "atomStatisticalDistribution",
          [
            0.00178348,
            0.00187266,
            0.00178348,
            0.00133761,
            0.0027644,
            0.00321027,
            0.00383449,
            0.00454789,
            0.00659889,
            0.00989834,
            0.0142679,
            0.0182807,
            0.0330836,
            0.0339754,
            0.0529695,
            0.074728,
            0.10371,
            0.144106,
            0.103085,
            0.100499,
            0.0842697,
            0.0634029,
            0.0533262,
            0.0230961,
            0.017924,
            0.0139112,
            0.00749064,
            0.00615302,
            0.00321027,
            0.00383449,
            0.00231853,
            0.00178348,
            0.00169431,
            0.00124844
          ]
        ]
      ],
      [
        [
          "_metadata",
          {
            "jsonVersion": 3.0,
            "className": "AtomChemicalShift",
            "classVersion": 1.0,
            "user": "luca",
            "lastPath": "undefined",
            "timestamp": "Thu Jan 11 11:58:53 2024"
          }
        ],
        [
          "atomName",
          "HG3"
        ],
        [
          "atomElementName",
          "H"
        ],
        [
          "atomAverageShift",
          2.27548
        ],
        [
          "atomStdShift",
          0.21177
        ],
        [
          "atomMinShift",
          1.4
        ],
        [
          "atomMaxShift",
          3.1
        ],
        [
          "atomDistributionRefValue",
          1.4
        ],
        [
          "atomDistributionValuePerPoint",
          0.05
        ],
        [
          "atomStatisticalDistribution",
          [
            0.00249227,
            0.00199382,
            0.00199382,
            0.00179444,
            0.00319011,
            0.00338949,
            0.00398764,
            0.00737713,
            0.00917157,
            0.0113648,
            0.0153524,
            0.0209351,
            0.0360881,
            0.0342937,
            0.0567242,
            0.0748679,
            0.111056,
            0.147742,
            0.0967999,
            0.105373,
            0.0784568,
            0.0589174,
            0.0494467,
            0.0212342,
            0.0136577,
            0.0087728,
            0.00707806,
            0.00378826,
            0.00358887,
            0.00259196,
            0.00179444,
            0.00169475,
            0.00169475,
            0.00129598
          ]
        ]
      ],
      [
        [
          "_metadata",
          {
            "jsonVersion": 3.0,
            "className": "AtomChemicalShift",
            "classVersion": 1.0,
            "user": "luca",
            "lastPath": "undefined",
            "timestamp": "Thu Jan 11 11:58:53 2024"
          }
        ],
        [
          "atomName",
          "N"
        ],
        [
          "atomElementName",
          "N"
        ],
        [
          "atomAverageShift",
          120.696
        ],
        [
          "atomStdShift",
          3.6814
        ],
        [
          "atomMinShift",
          106.0
        ],
        [
          "atomMaxShift",
          136.0
        ],
        [
          "atomDistributionRefValue",
          106.0
        ],
        [
          "atomDistributionValuePerPoint",
          1.0
        ],
        [
          "atomStatisticalDistribution",
          [
            0.000336973,
            0.000202184,
            0.000134789,
            0.000673945,
            0.00107831,
            0.00296536,
            0.00525677,
            0.0107157,
            0.0199488,
            0.0351125,
            0.0614638,
            0.0788516,
            0.104394,
            0.122051,
            0.132565,
            0.114571,
            0.084041,
            0.0620704,
            0.0429977,
            0.0327537,
            0.026486,
            0.0190727,
            0.0171856,
            0.010244,
            0.00687424,
            0.00336973,
            0.0024936,
            0.00107831,
            0.000673945,
            0.000336973
          ]
        ]
      ]
    ]
  ]
]