[
  [
    "_metadata",
    {
      "jsonVersion": 3,
      "className": "ReferenceChemicalShift",
      "classVersion": 1,
      "user": "CCPN",
      "lastPath": "/Users/luca/Projects/AnalysisV3/resources/referenceChemicalShifts/COPs/GLY.json",
      "timestamp": "Thu Jan 11 12:04:11 2024",
      "applicationVersion": 3.2
    }
  ],
  [
    "chemicalShiftName",
    "COPs"
  ],
  [
    "chemicalShiftComment",
    "The COPs-specific ReferenceChemical shifts"
  ],
  [
    "chemicalShiftEntryDate",
    "2006-08-16-14:25:08"
  ],
  [
    "compoundName",
    "Glycine"
  ],
  [
    "compoundShortName",
    "GLY"
  ],
  [
    "compoundCcpCode",
    "Gly"
  ],
  [
    "compoundType",
    "Protein"
  ],
  [
    "compoundTypeClassification",
    "Peptide linking"
  ],
  [
    "compoundPrecursorName",
    "Glycine"
  ],
  [
    "loadingLevel",
    1
  ],
  [
    "atoms",
    [
      [
        [
          "_metadata",
          {
            "jsonVersion": 3.0,
            "className": "AtomChemicalShift",
            "classVersion": 1.0,
            "user": "luca",
            "lastPath": "undefined",
            "timestamp": "Thu Jan 11 11:58:53 2024"
          }
        ],
        [
          "atomName",
          "C"
        ],
        [
          "atomElementName",
          "C"
        ],
        [
          "atomAverageShift",
          174.045
        ],
        [
          "atomStdShift",
          1.93941
        ],
        [
          "atomMinShift",
          166.0
        ],
        [
          "atomMaxShift",
          182.0
        ],
        [
          "atomDistributionRefValue",
          166.0
        ],
        [
          "atomDistributionValuePerPoint",
          1.0
        ],
        [
          "atomStatisticalDistribution",
          [
            0.000121256,
            0.00121256,
            0.0058203,
            0.0144295,
            0.0378319,
            0.0697223,
            0.117497,
            0.227598,
            0.273675,
            0.125743,
            0.0670547,
            0.033588,
            0.0117619,
            0.00763914,
            0.00460774,
            0.00169759
          ]
        ]
      ],
      [
        [
          "_metadata",
          {
            "jsonVersion": 3.0,
            "className": "AtomChemicalShift",
            "classVersion": 1.0,
            "user": "luca",
            "lastPath": "undefined",
            "timestamp": "Thu Jan 11 11:58:53 2024"
          }
        ],
        [
          "atomName",
          "CA"
        ],
        [
          "atomElementName",
          "C"
        ],
        [
          "atomAverageShift",
          45.3341
        ],
        [
          "atomStdShift",
          1.3192
        ],
        [
          "atomMinShift",
          40.0
        ],
        [
          "atomMaxShift",
          51.0
        ],
        [
          "atomDistributionRefValue",
          40.0
        ],
        [
          "atomDistributionValuePerPoint",
          0.5
        ],
        [
          "atomStatisticalDistribution",
          [
            0.00121941,
            0.000812942,
            0.00349565,
            0.00617836,
            0.0128445,
            0.0185351,
            0.0417852,
            0.0524348,
            0.0752784,
            0.130721,
            0.216649,
            0.162182,
            0.0990976,
            0.0674742,
            0.0613771,
            0.0304853,
            0.0121941,
            0.00447118,
            0.00195106,
            0.000569059,
            8.12942e-05,
            0.000162588
          ]
        ]
      ],
      [
        [
          "_metadata",
          {
            "jsonVersion": 3.0,
            "className": "AtomChemicalShift",
            "classVersion": 1.0,
            "user": "luca",
            "lastPath": "undefined",
            "timestamp": "Thu Jan 11 11:58:53 2024"
          }
        ],
        [
          "atomName",
          "H"
        ],
        [
          "atomElementName",
          "H"
        ],
        [
          "atomAverageShift",
          8.32652
        ],
        [
          "atomStdShift",
          0.704853
        ],
        [
          "atomMinShift",
          5.5
        ],
        [
          "atomMaxShift",
          11.15
        ],
        [
          "atomDistributionRefValue",
          5.5
        ],
        [
          "atomDistributionValuePerPoint",
          0.05
        ],
        [
          "atomStatisticalDistribution",
          [
            0.000715905,
            0.000417611,
            0.000417611,
            0.00047727,
            5.96588e-05,
            0.000178976,
            0.000119318,
            0.000238635,
            5.96588e-05,
            0.000417611,
            0.000298294,
            0.000298294,
            0.000596588,
            0.000894881,
            0.000536929,
            0.000775564,
            0.000536929,
            0.000775564,
            0.000656246,
            0.000775564,
            0.00167045,
            0.00095454,
            0.000835223,
            0.00155113,
            0.00119318,
            0.00190908,
            0.000835223,
            0.00119318,
            0.00220737,
            0.00244601,
            0.0030426,
            0.00328123,
            0.00298294,
            0.00310226,
            0.00417611,
            0.00590622,
            0.0078153,
            0.00787496,
            0.00871018,
            0.00984369,
            0.0158096,
            0.0134829,
            0.0131846,
            0.0170624,
            0.0195681,
            0.0233862,
            0.0211192,
            0.0219544,
            0.0251163,
            0.0241618,
            0.0265481,
            0.030068,
            0.0272044,
            0.0391361,
            0.0327527,
            0.0423577,
            0.0477867,
            0.0343038,
            0.0413435,
            0.0313805,
            0.0320964,
            0.0346021,
            0.0237442,
            0.027443,
            0.0198067,
            0.022909,
            0.0255339,
            0.0179573,
            0.0217158,
            0.0122897,
            0.0138408,
            0.0154516,
            0.0107386,
            0.0123494,
            0.0065028,
            0.00656246,
            0.00799427,
            0.00584656,
            0.00709939,
            0.00310226,
            0.00435509,
            0.00369884,
            0.00250567,
            0.0027443,
            0.00268464,
            0.00244601,
            0.00244601,
            0.000894881,
            0.00149147,
            0.0010142,
            0.00095454,
            0.00107386,
            0.00095454,
            0.00113352,
            0.00095454,
            0.000894881,
            0.00113352,
            0.000775564,
            0.000894881,
            0.00107386,
            0.00184942,
            0.00113352,
            0.00131249,
            0.000894881,
            0.00113352,
            0.000775564,
            0.000357953,
            0.000536929,
            0.000417611,
            0.00047727,
            0.000417611,
            0.000298294,
            0.000178976
          ]
        ]
      ],
      [
        [
          "_metadata",
          {
            "jsonVersion": 3.0,
            "className": "AtomChemicalShift",
            "classVersion": 1.0,
            "user": "luca",
            "lastPath": "undefined",
            "timestamp": "Thu Jan 11 11:58:53 2024"
          }
        ],
        [
          "atomName",
          "HA2"
        ],
        [
          "atomElementName",
          "H"
        ],
        [
          "atomAverageShift",
          3.9706
        ],
        [
          "atomStdShift",
          0.36731
        ],
        [
          "atomMinShift",
          2.5
        ],
        [
          "atomMaxShift",
          5.45
        ],
        [
          "atomDistributionRefValue",
          2.5
        ],
        [
          "atomDistributionValuePerPoint",
          0.05
        ],
        [
          "atomStatisticalDistribution",
          [
            0.000858799,
            0.0002147,
            0.000357833,
            0.000572533,
            0.00100193,
            0.000715666,
            0.000930366,
            0.0015029,
            0.0010735,
            0.00243326,
            0.00243326,
            0.00178916,
            0.00400773,
            0.0025764,
            0.00479496,
            0.00694196,
            0.00579689,
            0.00894582,
            0.00973306,
            0.01553,
            0.0237601,
            0.0186073,
            0.0320618,
            0.0304874,
            0.0391469,
            0.056967,
            0.0508123,
            0.0828025,
            0.07629,
            0.0870965,
            0.0773635,
            0.0545337,
            0.0349245,
            0.0340657,
            0.0350676,
            0.0382881,
            0.0273384,
            0.0183926,
            0.0198239,
            0.0147427,
            0.0154584,
            0.0117369,
            0.00708509,
            0.00644099,
            0.00644099,
            0.0047234,
            0.00400773,
            0.00200386,
            0.00314893,
            0.00243326,
            0.00286266,
            0.0017176,
            0.000858799,
            0.000644099,
            0.00135977,
            0.00114507,
            0.00135977,
            0.00114507,
            0.000644099
          ]
        ]
      ],
      [
        [
          "_metadata",
          {
            "jsonVersion": 3.0,
            "className": "AtomChemicalShift",
            "classVersion": 1.0,
            "user": "luca",
            "lastPath": "undefined",
            "timestamp": "Thu Jan 11 11:58:53 2024"
          }
        ],
        [
          "atomName",
          "HA3"
        ],
        [
          "atomElementName",
          "H"
        ],
        [
          "atomAverageShift",
          3.91262
        ],
        [
          "atomStdShift",
          0.377038
        ],
        [
          "atomMinShift",
          2.4
        ],
        [
          "atomMaxShift",
          5.45
        ],
        [
          "atomDistributionRefValue",
          2.4
        ],
        [
          "atomDistributionValuePerPoint",
          0.05
        ],
        [
          "atomStatisticalDistribution",
          [
            0.00160024,
            0.000609617,
            0.000990627,
            0.000838223,
            0.000914425,
            0.000838223,
            0.00129544,
            0.00114303,
            0.00106683,
            0.00160024,
            0.00182885,
            0.00205746,
            0.00243847,
            0.00266707,
            0.00472453,
            0.00411491,
            0.00563895,
            0.00845843,
            0.007163,
            0.00929665,
            0.0133354,
            0.0192029,
            0.0269755,
            0.02789,
            0.0317001,
            0.0453402,
            0.0504458,
            0.0689629,
            0.0537225,
            0.0743732,
            0.0864894,
            0.0857273,
            0.0630953,
            0.0477787,
            0.0332241,
            0.0317763,
            0.0304046,
            0.0295664,
            0.0208794,
            0.0137926,
            0.0148594,
            0.0121923,
            0.00998247,
            0.007163,
            0.00586756,
            0.00464833,
            0.00487693,
            0.00502934,
            0.00388631,
            0.00220986,
            0.00228606,
            0.00152404,
            0.00228606,
            0.00160024,
            0.00114303,
            0.00175265,
            0.00121923,
            0.00114303,
            0.000990627,
            0.000685819,
            0.000685819
          ]
        ]
      ],
      [
        [
          "_metadata",
          {
            "jsonVersion": 3.0,
            "className": "AtomChemicalShift",
            "classVersion": 1.0,
            "user": "luca",
            "lastPath": "undefined",
            "timestamp": "Thu Jan 11 11:58:53 2024"
          }
        ],
        [
          "atomName",
          "N"
        ],
        [
          "atomElementName",
          "N"
        ],
        [
          "atomAverageShift",
          109.682
        ],
        [
          "atomStdShift",
          4.05665
        ],
        [
          "atomMinShift",
          93.0
        ],
        [
          "atomMaxShift",
          126.0
        ],
        [
          "atomDistributionRefValue",
          93.0
        ],
        [
          "atomDistributionValuePerPoint",
          1.0
        ],
        [
          "atomStatisticalDistribution",
          [
            0,
            7.34808e-05,
            0.000293923,
            7.34808e-05,
            0.000220442,
            0.000587846,
            0.00146962,
            0.00338012,
            0.00734808,
            0.0185906,
            0.0289514,
            0.0399001,
            0.0540819,
            0.0748034,
            0.103094,
            0.131604,
            0.123742,
            0.108237,
            0.0783305,
            0.053641,
            0.045705,
            0.0375487,
            0.0282901,
            0.0194724,
            0.0136674,
            0.00991991,
            0.00668675,
            0.00477625,
            0.00176354,
            0.00117569,
            0.00183702,
            0.000367404,
            0.000367404
          ]
        ]
      ]
    ]
  ]
]