[
  [
    "_metadata",
    {
      "jsonVersion": 3,
      "className": "ReferenceChemicalShift",
      "classVersion": 1,
      "user": "CCPN",
      "lastPath": "/Users/luca/Projects/AnalysisV3/resources/referenceChemicalShifts/COPs/ILE.json",
      "timestamp": "Thu Jan 11 12:04:10 2024",
      "applicationVersion": 3.2
    }
  ],
  [
    "chemicalShiftName",
    "COPs"
  ],
  [
    "chemicalShiftComment",
    "The COPs-specific ReferenceChemical shifts"
  ],
  [
    "chemicalShiftEntryDate",
    "2006-08-16-14:25:08"
  ],
  [
    "compoundName",
    "Isoleucine"
  ],
  [
    "compoundShortName",
    "ILE"
  ],
  [
    "compoundCcpCode",
    "Ile"
  ],
  [
    "compoundType",
    "Protein"
  ],
  [
    "compoundTypeClassification",
    "Peptide linking"
  ],
  [
    "compoundPrecursorName",
    "Isoleucine"
  ],
  [
    "loadingLevel",
    1
  ],
  [
    "atoms",
    [
      [
        [
          "_metadata",
          {
            "jsonVersion": 3.0,
            "className": "AtomChemicalShift",
            "classVersion": 1.0,
            "user": "luca",
            "lastPath": "undefined",
            "timestamp": "Thu Jan 11 11:58:53 2024"
          }
        ],
        [
          "atomName",
          "C"
        ],
        [
          "atomElementName",
          "C"
        ],
        [
          "atomAverageShift",
          175.869
        ],
        [
          "atomStdShift",
          1.95312
        ],
        [
          "atomMinShift",
          168.0
        ],
        [
          "atomMaxShift",
          184.0
        ],
        [
          "atomDistributionRefValue",
          168.0
        ],
        [
          "atomDistributionValuePerPoint",
          1.0
        ],
        [
          "atomStatisticalDistribution",
          [
            0.00111093,
            0.00253928,
            0.00793525,
            0.0179337,
            0.0380892,
            0.0891922,
            0.168703,
            0.193303,
            0.175528,
            0.16791,
            0.0928424,
            0.031741,
            0.00857007,
            0.00412633,
            0.00031741,
            0.000158705
          ]
        ]
      ],
      [
        [
          "_metadata",
          {
            "jsonVersion": 3.0,
            "className": "AtomChemicalShift",
            "classVersion": 1.0,
            "user": "luca",
            "lastPath": "undefined",
            "timestamp": "Thu Jan 11 11:58:53 2024"
          }
        ],
        [
          "atomName",
          "CA"
        ],
        [
          "atomElementName",
          "C"
        ],
        [
          "atomAverageShift",
          61.55
        ],
        [
          "atomStdShift",
          2.74643
        ],
        [
          "atomMinShift",
          51.0
        ],
        [
          "atomMaxShift",
          73.0
        ],
        [
          "atomDistributionRefValue",
          51.0
        ],
        [
          "atomDistributionValuePerPoint",
          0.5
        ],
        [
          "atomStatisticalDistribution",
          [
            0.000109685,
            0.000109685,
            0.000109685,
            0.000329056,
            0.000329056,
            0.000438741,
            0.00120654,
            0.00175496,
            0.00318087,
            0.00416804,
            0.00548426,
            0.0128332,
            0.0189755,
            0.0287375,
            0.0399254,
            0.0504552,
            0.0660305,
            0.0776571,
            0.0824833,
            0.0912581,
            0.0795218,
            0.0551717,
            0.0388286,
            0.0358671,
            0.0326862,
            0.0325765,
            0.0406932,
            0.037293,
            0.0481518,
            0.0478227,
            0.0356477,
            0.0208402,
            0.00712954,
            0.00120654,
            0.000109685,
            0.000329056,
            0.000109685,
            0.00021937,
            0.000109685,
            0,
            0,
            0.000109685,
            0,
            0
          ]
        ]
      ],
      [
        [
          "_metadata",
          {
            "jsonVersion": 3.0,
            "className": "AtomChemicalShift",
            "classVersion": 1.0,
            "user": "luca",
            "lastPath": "undefined",
            "timestamp": "Thu Jan 11 11:58:53 2024"
          }
        ],
        [
          "atomName",
          "CB"
        ],
        [
          "atomElementName",
          "C"
        ],
        [
          "atomAverageShift",
          38.6148
        ],
        [
          "atomStdShift",
          2.06968
        ],
        [
          "atomMinShift",
          30.0
        ],
        [
          "atomMaxShift",
          47.0
        ],
        [
          "atomDistributionRefValue",
          30.0
        ],
        [
          "atomDistributionValuePerPoint",
          0.5
        ],
        [
          "atomStatisticalDistribution",
          [
            0.000602482,
            0.000481986,
            0.000602482,
            0.000843475,
            0.00156645,
            0.00228943,
            0.00253043,
            0.00578383,
            0.00819376,
            0.0131341,
            0.018436,
            0.0291601,
            0.0418123,
            0.0551874,
            0.0766357,
            0.116279,
            0.130739,
            0.123509,
            0.0803711,
            0.0562718,
            0.0532594,
            0.0450657,
            0.0384384,
            0.0341005,
            0.0257862,
            0.0190384,
            0.0106037,
            0.00457886,
            0.00216894,
            0.00108447,
            0.000722979,
            0.000361489,
            0.000120496,
            0.000240993
          ]
        ]
      ],
      [
        [
          "_metadata",
          {
            "jsonVersion": 3.0,
            "className": "AtomChemicalShift",
            "classVersion": 1.0,
            "user": "luca",
            "lastPath": "undefined",
            "timestamp": "Thu Jan 11 11:58:53 2024"
          }
        ],
        [
          "atomName",
          "CD1"
        ],
        [
          "atomElementName",
          "C"
        ],
        [
          "atomAverageShift",
          13.4534
        ],
        [
          "atomStdShift",
          1.78845
        ],
        [
          "atomMinShift",
          6.0
        ],
        [
          "atomMaxShift",
          20.5
        ],
        [
          "atomDistributionRefValue",
          6.0
        ],
        [
          "atomDistributionValuePerPoint",
          0.5
        ],
        [
          "atomStatisticalDistribution",
          [
            0.000872753,
            0.0010473,
            0.000698202,
            0.00174551,
            0.00418921,
            0.00733112,
            0.0127422,
            0.0129167,
            0.0143131,
            0.024088,
            0.0368302,
            0.0459068,
            0.0596963,
            0.108396,
            0.139117,
            0.149066,
            0.13964,
            0.105254,
            0.0499215,
            0.0314191,
            0.0146622,
            0.0109967,
            0.010473,
            0.00733112,
            0.00523652,
            0.00366556,
            0.0010473,
            0.000523652,
            0.000872753
          ]
        ]
      ],
      [
        [
          "_metadata",
          {
            "jsonVersion": 3.0,
            "className": "AtomChemicalShift",
            "classVersion": 1.0,
            "user": "luca",
            "lastPath": "undefined",
            "timestamp": "Thu Jan 11 11:58:53 2024"
          }
        ],
        [
          "atomName",
          "CG1"
        ],
        [
          "atomElementName",
          "C"
        ],
        [
          "atomAverageShift",
          27.6247
        ],
        [
          "atomStdShift",
          2.02089
        ],
        [
          "atomMinShift",
          20.0
        ],
        [
          "atomMaxShift",
          36.5
        ],
        [
          "atomDistributionRefValue",
          20.0
        ],
        [
          "atomDistributionValuePerPoint",
          0.5
        ],
        [
          "atomStatisticalDistribution",
          [
            0.0013148,
            0.000939144,
            0.00169046,
            0.00150263,
            0.0026296,
            0.00319309,
            0.00375657,
            0.00694966,
            0.0127724,
            0.0163411,
            0.027423,
            0.0392562,
            0.0567243,
            0.0959805,
            0.160969,
            0.133734,
            0.111946,
            0.100488,
            0.0830203,
            0.0544703,
            0.03287,
            0.0227273,
            0.00995492,
            0.00582269,
            0.00187829,
            0.00112697,
            0.000939144,
            0.00206612,
            0.00169046,
            0.00206612,
            0.0013148,
            0.00169046,
            0.000751315
          ]
        ]
      ],
      [
        [
          "_metadata",
          {
            "jsonVersion": 3.0,
            "className": "AtomChemicalShift",
            "classVersion": 1.0,
            "user": "luca",
            "lastPath": "undefined",
            "timestamp": "Thu Jan 11 11:58:53 2024"
          }
        ],
        [
          "atomName",
          "CG2"
        ],
        [
          "atomElementName",
          "C"
        ],
        [
          "atomAverageShift",
          17.5143
        ],
        [
          "atomStdShift",
          1.54323
        ],
        [
          "atomMinShift",
          11.0
        ],
        [
          "atomMaxShift",
          23.5
        ],
        [
          "atomDistributionRefValue",
          11.0
        ],
        [
          "atomDistributionValuePerPoint",
          0.5
        ],
        [
          "atomStatisticalDistribution",
          [
            0.00172861,
            0.00207433,
            0.00155575,
            0.00328436,
            0.00674157,
            0.0088159,
            0.0115817,
            0.012446,
            0.0212619,
            0.033535,
            0.0537597,
            0.104581,
            0.197926,
            0.214002,
            0.143475,
            0.0898876,
            0.0437338,
            0.0207433,
            0.011236,
            0.00587727,
            0.0039758,
            0.00345722,
            0.00224719,
            0.00121003,
            0.000864304
          ]
        ]
      ],
      [
        [
          "_metadata",
          {
            "jsonVersion": 3.0,
            "className": "AtomChemicalShift",
            "classVersion": 1.0,
            "user": "luca",
            "lastPath": "undefined",
            "timestamp": "Thu Jan 11 11:58:53 2024"
          }
        ],
        [
          "atomName",
          "H"
        ],
        [
          "atomElementName",
          "H"
        ],
        [
          "atomAverageShift",
          8.28841
        ],
        [
          "atomStdShift",
          0.696327
        ],
        [
          "atomMinShift",
          5.5
        ],
        [
          "atomMaxShift",
          11.1
        ],
        [
          "atomDistributionRefValue",
          5.5
        ],
        [
          "atomDistributionValuePerPoint",
          0.05
        ],
        [
          "atomStatisticalDistribution",
          [
            0.00017163,
            0.00017163,
            0.000257444,
            0,
            0,
            0.00017163,
            8.58148e-05,
            8.58148e-05,
            8.58148e-05,
            0.00017163,
            8.58148e-05,
            0.00017163,
            0.000343259,
            0.000772333,
            0.00017163,
            0.000686518,
            0.000514889,
            0.000943963,
            0.000858148,
            0.000600704,
            0.00154467,
            0.00145885,
            0.000514889,
            0.00154467,
            0.00214537,
            0.00283189,
            0.00343259,
            0.00334678,
            0.00377585,
            0.004634,
            0.006951,
            0.00669356,
            0.00557796,
            0.00738007,
            0.0108127,
            0.009268,
            0.0107269,
            0.0111559,
            0.0133871,
            0.0135587,
            0.0161332,
            0.014846,
            0.0138162,
            0.0178495,
            0.0187076,
            0.0244572,
            0.0211963,
            0.0239423,
            0.0251437,
            0.0295203,
            0.0288338,
            0.032438,
            0.0276324,
            0.0349266,
            0.0255728,
            0.0281473,
            0.0330387,
            0.0243714,
            0.0331245,
            0.0242856,
            0.0257444,
            0.0257444,
            0.0186218,
            0.0267742,
            0.0202523,
            0.0204239,
            0.025487,
            0.0159616,
            0.0184502,
            0.0151892,
            0.0150176,
            0.0203381,
            0.0121857,
            0.0156183,
            0.0104694,
            0.010641,
            0.0118424,
            0.0098687,
            0.00995452,
            0.00643611,
            0.00609285,
            0.00592122,
            0.00369004,
            0.00454819,
            0.00283189,
            0.00240281,
            0.00369004,
            0.0017163,
            0.00205956,
            0.000858148,
            0.00102978,
            0.00120141,
            0.000257444,
            0.000600704,
            0.00017163,
            0.000600704,
            0.00017163,
            0.000257444,
            8.58148e-05,
            0.00017163,
            8.58148e-05,
            8.58148e-05,
            8.58148e-05,
            0.000343259,
            0,
            0.000257444,
            0.00017163,
            0,
            0.00017163,
            8.58148e-05,
            0.000257444,
            0
          ]
        ]
      ],
      [
        [
          "_metadata",
          {
            "jsonVersion": 3.0,
            "className": "AtomChemicalShift",
            "classVersion": 1.0,
            "user": "luca",
            "lastPath": "undefined",
            "timestamp": "Thu Jan 11 11:58:53 2024"
          }
        ],
        [
          "atomName",
          "HA"
        ],
        [
          "atomElementName",
          "H"
        ],
        [
          "atomAverageShift",
          4.19647
        ],
        [
          "atomStdShift",
          0.568914
        ],
        [
          "atomMinShift",
          1.9
        ],
        [
          "atomMaxShift",
          6.5
        ],
        [
          "atomDistributionRefValue",
          1.9
        ],
        [
          "atomDistributionValuePerPoint",
          0.05
        ],
        [
          "atomStatisticalDistribution",
          [
            0.000101574,
            0,
            0,
            0,
            0,
            0,
            0.000203149,
            0.000304723,
            0.000203149,
            0,
            0.000203149,
            0.000304723,
            0.000304723,
            0.000101574,
            0.000406298,
            0.000203149,
            0.000203149,
            0.00162519,
            0.000609446,
            0.000609446,
            0.00142204,
            0.00203149,
            0.00284408,
            0.00223464,
            0.00325038,
            0.00375825,
            0.00507872,
            0.0087354,
            0.0103606,
            0.0146267,
            0.0173692,
            0.0175724,
            0.0270188,
            0.0185881,
            0.0259015,
            0.0315896,
            0.0344337,
            0.0383951,
            0.0243779,
            0.0347384,
            0.0288471,
            0.0288471,
            0.0351447,
            0.0393093,
            0.0373794,
            0.0424581,
            0.0350432,
            0.0380904,
            0.0251905,
            0.0219401,
            0.0230574,
            0.0229558,
            0.0253936,
            0.020518,
            0.0201117,
            0.0215338,
            0.0187913,
            0.0240731,
            0.0170645,
            0.0153377,
            0.0176739,
            0.0163535,
            0.0158456,
            0.0105637,
            0.0083291,
            0.0083291,
            0.00883697,
            0.00700863,
            0.00751651,
            0.00528187,
            0.00446927,
            0.0035551,
            0.0035551,
            0.00274251,
            0.00162519,
            0.00192991,
            0.000711021,
            0.00091417,
            0.000507872,
            0.000406298,
            0.000406298,
            0.000609446,
            0.000304723,
            0.000304723,
            0.000304723,
            0.000101574,
            0.000101574,
            0.000101574,
            0.000203149,
            0.000101574,
            0.000507872,
            0
          ]
        ]
      ],
      [
        [
          "_metadata",
          {
            "jsonVersion": 3.0,
            "className": "AtomChemicalShift",
            "classVersion": 1.0,
            "user": "luca",
            "lastPath": "undefined",
            "timestamp": "Thu Jan 11 11:58:53 2024"
          }
        ],
        [
          "atomName",
          "HB"
        ],
        [
          "atomElementName",
          "H"
        ],
        [
          "atomAverageShift",
          1.79101
        ],
        [
          "atomStdShift",
          0.30808
        ],
        [
          "atomMinShift",
          0.6
        ],
        [
          "atomMaxShift",
          3.1
        ],
        [
          "atomDistributionRefValue",
          0.6
        ],
        [
          "atomDistributionValuePerPoint",
          0.05
        ],
        [
          "atomStatisticalDistribution",
          [
            0.00156635,
            0.00156635,
            0.000559409,
            0.00190199,
            0.00167823,
            0.00234952,
            0.00358022,
            0.0024614,
            0.00257328,
            0.00380398,
            0.00548221,
            0.00581786,
            0.00537033,
            0.0107407,
            0.0145446,
            0.0187962,
            0.0174536,
            0.0261804,
            0.035019,
            0.0405012,
            0.0584023,
            0.0505706,
            0.0783173,
            0.0632132,
            0.0950996,
            0.103603,
            0.0667935,
            0.0777579,
            0.0534795,
            0.0345715,
            0.0345715,
            0.0195793,
            0.0167823,
            0.0102931,
            0.00794361,
            0.00716044,
            0.00346834,
            0.00335646,
            0.00167823,
            0.00156635,
            0.00179011,
            0.00190199,
            0.0012307,
            0.000895055,
            0.000223764,
            0.000783173,
            0.000559409,
            0.00100694,
            0.000559409,
            0.000895055
          ]
        ]
      ],
      [
        [
          "_metadata",
          {
            "jsonVersion": 3.0,
            "className": "AtomChemicalShift",
            "classVersion": 1.0,
            "user": "luca",
            "lastPath": "undefined",
            "timestamp": "Thu Jan 11 11:58:53 2024"
          }
        ],
        [
          "atomName",
          "HD1%"
        ],
        [
          "atomElementName",
          "H"
        ],
        [
          "atomAverageShift",
          0.680927
        ],
        [
          "atomStdShift",
          0.315748
        ],
        [
          "atomMinShift",
          -0.6
        ],
        [
          "atomMaxShift",
          1.95
        ],
        [
          "atomDistributionRefValue",
          -0.6
        ],
        [
          "atomDistributionValuePerPoint",
          0.05
        ],
        [
          "atomStatisticalDistribution",
          [
            0.00330073,
            0.00183374,
            0.00183374,
            0.00183374,
            0.00171149,
            0.00281174,
            0.00256724,
            0.00256724,
            0.00452323,
            0.00305623,
            0.00733496,
            0.00586797,
            0.00550122,
            0.00953545,
            0.00635697,
            0.0107579,
            0.0110024,
            0.0124694,
            0.0167482,
            0.0176039,
            0.0246944,
            0.0266504,
            0.0408313,
            0.047066,
            0.0447433,
            0.0909535,
            0.0775061,
            0.121516,
            0.119193,
            0.093643,
            0.0790954,
            0.0370416,
            0.0262836,
            0.0106357,
            0.0099022,
            0.00403423,
            0.00158924,
            0.00268949,
            0.00110024,
            0.00134474,
            0.000855746,
            0.000977995,
            0.000733496,
            0.00183374,
            0.000733496,
            0.000611247,
            0.000244499,
            0.00122249,
            0.00110024,
            0.000855746,
            0.00110024
          ]
        ]
      ],
      [
        [
          "_metadata",
          {
            "jsonVersion": 3.0,
            "className": "AtomChemicalShift",
            "classVersion": 1.0,
            "user": "luca",
            "lastPath": "undefined",
            "timestamp": "Thu Jan 11 11:58:53 2024"
          }
        ],
        [
          "atomName",
          "HG12"
        ],
        [
          "atomElementName",
          "H"
        ],
        [
          "atomAverageShift",
          1.27339
        ],
        [
          "atomStdShift",
          0.404913
        ],
        [
          "atomMinShift",
          -0.3
        ],
        [
          "atomMaxShift",
          2.95
        ],
        [
          "atomDistributionRefValue",
          -0.3
        ],
        [
          "atomDistributionValuePerPoint",
          0.05
        ],
        [
          "atomStatisticalDistribution",
          [
            0.000639059,
            0.000127812,
            0.000639059,
            0.000255624,
            0.000766871,
            0.000894683,
            0.000894683,
            0.00153374,
            0.00140593,
            0.0021728,
            0.00242843,
            0.00370654,
            0.00345092,
            0.00396217,
            0.00562372,
            0.00600716,
            0.00715746,
            0.00907464,
            0.0117587,
            0.00907464,
            0.0163599,
            0.0148262,
            0.0247955,
            0.0240286,
            0.0256902,
            0.0324642,
            0.041411,
            0.0440951,
            0.057771,
            0.0489519,
            0.0474182,
            0.0494632,
            0.0485685,
            0.0494632,
            0.0545757,
            0.0562372,
            0.0548313,
            0.038727,
            0.0368098,
            0.0324642,
            0.029908,
            0.016999,
            0.0223671,
            0.0145706,
            0.00958589,
            0.0103528,
            0.00587935,
            0.0043456,
            0.00357873,
            0.0021728,
            0.00255624,
            0.00115031,
            0.000894683,
            0.000639059,
            0.000639059,
            0.000511247,
            0.000511247,
            0.000255624,
            0.000255624,
            0.000639059,
            0.000255624,
            0.000255624,
            0.000383436,
            0.000255624,
            0.000511247
          ]
        ]
      ],
      [
        [
          "_metadata",
          {
            "jsonVersion": 3.0,
            "className": "AtomChemicalShift",
            "classVersion": 1.0,
            "user": "luca",
            "lastPath": "undefined",
            "timestamp": "Thu Jan 11 11:58:53 2024"
          }
        ],
        [
          "atomName",
          "HG13"
        ],
        [
          "atomElementName",
          "H"
        ],
        [
          "atomAverageShift",
          1.21638
        ],
        [
          "atomStdShift",
          0.417794
        ],
        [
          "atomMinShift",
          -0.5
        ],
        [
          "atomMaxShift",
          2.85
        ],
        [
          "atomDistributionRefValue",
          -0.5
        ],
        [
          "atomDistributionValuePerPoint",
          0.05
        ],
        [
          "atomStatisticalDistribution",
          [
            0.000681477,
            0.000408886,
            0.000545182,
            0.000136295,
            0.000681477,
            0.00109036,
            0.000681477,
            0.00136295,
            0.000681477,
            0.00109036,
            0.00204443,
            0.00190814,
            0.00149925,
            0.00340739,
            0.0029985,
            0.00381627,
            0.00408886,
            0.00381627,
            0.00626959,
            0.00463405,
            0.00940439,
            0.00654218,
            0.015674,
            0.0163555,
            0.016628,
            0.019354,
            0.0248058,
            0.0340739,
            0.0340739,
            0.0314843,
            0.0418427,
            0.0500204,
            0.0677389,
            0.0550634,
            0.0532915,
            0.0508382,
            0.0496116,
            0.0550634,
            0.0410249,
            0.0475671,
            0.0462042,
            0.0271228,
            0.0332561,
            0.0231702,
            0.0209895,
            0.0223525,
            0.0121303,
            0.0132207,
            0.00831402,
            0.00858662,
            0.00681477,
            0.00272591,
            0.00354368,
            0.00190814,
            0.00149925,
            0.00163555,
            0.000681477,
            0.000272591,
            0.000272591,
            0.000408886,
            0.000408886,
            0.000408886,
            0.000545182,
            0.000136295,
            0.000272591,
            0.000408886,
            0.000408886
          ]
        ]
      ],
      [
        [
          "_metadata",
          {
            "jsonVersion": 3.0,
            "className": "AtomChemicalShift",
            "classVersion": 1.0,
            "user": "luca",
            "lastPath": "undefined",
            "timestamp": "Thu Jan 11 11:58:53 2024"
          }
        ],
        [
          "atomName",
          "HG2%"
        ],
        [
          "atomElementName",
          "H"
        ],
        [
          "atomAverageShift",
          0.788364
        ],
        [
          "atomStdShift",
          0.282431
        ],
        [
          "atomMinShift",
          -0.3
        ],
        [
          "atomMaxShift",
          2.0
        ],
        [
          "atomDistributionRefValue",
          -0.3
        ],
        [
          "atomDistributionValuePerPoint",
          0.05
        ],
        [
          "atomStatisticalDistribution",
          [
            0.00360664,
            0.00216398,
            0.00144265,
            0.00312575,
            0.00324597,
            0.00420774,
            0.00468863,
            0.00480885,
            0.00649195,
            0.00577062,
            0.00865593,
            0.011421,
            0.00877615,
            0.0141861,
            0.011421,
            0.0165905,
            0.0197163,
            0.0340226,
            0.0438807,
            0.0446021,
            0.0709305,
            0.0816302,
            0.128276,
            0.124429,
            0.0956961,
            0.0812695,
            0.0548209,
            0.0325799,
            0.0238038,
            0.0143063,
            0.0110604,
            0.00805482,
            0.00613128,
            0.00240442,
            0.0016831,
            0.00120221,
            0.000721327,
            0.00096177,
            0.000721327,
            0.00108199,
            0.00096177,
            0.000841548,
            0.00108199,
            0.000360664,
            0.00132243,
            0.000841548
          ]
        ]
      ],
      [
        [
          "_metadata",
          {
            "jsonVersion": 3.0,
            "className": "AtomChemicalShift",
            "classVersion": 1.0,
            "user": "luca",
            "lastPath": "undefined",
            "timestamp": "Thu Jan 11 11:58:53 2024"
          }
        ],
        [
          "atomName",
          "N"
        ],
        [
          "atomElementName",
          "N"
        ],
        [
          "atomAverageShift",
          121.565
        ],
        [
          "atomStdShift",
          4.44683
        ],
        [
          "atomMinShift",
          104.0
        ],
        [
          "atomMaxShift",
          140.0
        ],
        [
          "atomDistributionRefValue",
          104.0
        ],
        [
          "atomDistributionValuePerPoint",
          1.0
        ],
        [
          "atomStatisticalDistribution",
          [
            0.000598444,
            0.00179533,
            0.00149611,
            0.00219429,
            0.00339118,
            0.00428885,
            0.00787951,
            0.00758029,
            0.00797925,
            0.0110712,
            0.0128665,
            0.021544,
            0.0307201,
            0.0489727,
            0.0701177,
            0.108318,
            0.118193,
            0.102234,
            0.093058,
            0.0777977,
            0.0571514,
            0.0469779,
            0.0458807,
            0.04229,
            0.0299222,
            0.0167564,
            0.0115699,
            0.00768003,
            0.00448833,
            0.00239378,
            0.00129663,
            0.000498703,
            9.97407e-05,
            0.000199481,
            0.000498703,
            0.000199481
          ]
        ]
      ]
    ]
  ]
]