[
  [
    "_metadata",
    {
      "jsonVersion": 3,
      "className": "ReferenceChemicalShift",
      "classVersion": 1,
      "user": "CCPN",
      "lastPath": "/Users/luca/Projects/AnalysisV3/resources/referenceChemicalShifts/COPs/PHE.json",
      "timestamp": "Thu Jan 11 12:04:11 2024",
      "applicationVersion": 3.2
    }
  ],
  [
    "chemicalShiftName",
    "COPs"
  ],
  [
    "chemicalShiftComment",
    "The COPs-specific ReferenceChemical shifts"
  ],
  [
    "chemicalShiftEntryDate",
    "2006-08-16-14:25:08"
  ],
  [
    "compoundName",
    "Phenylalanine"
  ],
  [
    "compoundShortName",
    "PHE"
  ],
  [
    "compoundCcpCode",
    "Phe"
  ],
  [
    "compoundType",
    "Protein"
  ],
  [
    "compoundTypeClassification",
    "Peptide linking"
  ],
  [
    "compoundPrecursorName",
    "Phenylalanine"
  ],
  [
    "loadingLevel",
    1
  ],
  [
    "atoms",
    [
      [
        [
          "_metadata",
          {
            "jsonVersion": 3.0,
            "className": "AtomChemicalShift",
            "classVersion": 1.0,
            "user": "luca",
            "lastPath": "undefined",
            "timestamp": "Thu Jan 11 11:58:53 2024"
          }
        ],
        [
          "atomName",
          "C"
        ],
        [
          "atomElementName",
          "C"
        ],
        [
          "atomAverageShift",
          175.527
        ],
        [
          "atomStdShift",
          2.01173
        ],
        [
          "atomMinShift",
          167.0
        ],
        [
          "atomMaxShift",
          184.0
        ],
        [
          "atomDistributionRefValue",
          167.0
        ],
        [
          "atomDistributionValuePerPoint",
          1.0
        ],
        [
          "atomStatisticalDistribution",
          [
            0.000221976,
            0.00155383,
            0.00288568,
            0.00887902,
            0.0324084,
            0.0657048,
            0.103219,
            0.157825,
            0.200444,
            0.196226,
            0.123418,
            0.072808,
            0.0246393,
            0.00754717,
            0.00221976,
            0,
            0
          ]
        ]
      ],
      [
        [
          "_metadata",
          {
            "jsonVersion": 3.0,
            "className": "AtomChemicalShift",
            "classVersion": 1.0,
            "user": "luca",
            "lastPath": "undefined",
            "timestamp": "Thu Jan 11 11:58:53 2024"
          }
        ],
        [
          "atomName",
          "CA"
        ],
        [
          "atomElementName",
          "C"
        ],
        [
          "atomAverageShift",
          58.1307
        ],
        [
          "atomStdShift",
          2.64582
        ],
        [
          "atomMinShift",
          48.0
        ],
        [
          "atomMaxShift",
          69.5
        ],
        [
          "atomDistributionRefValue",
          48.0
        ],
        [
          "atomDistributionValuePerPoint",
          0.5
        ],
        [
          "atomStatisticalDistribution",
          [
            0.000307882,
            0,
            0.000307882,
            0.000615764,
            0.000769704,
            0.000769704,
            0.000615764,
            0.002617,
            0.00508005,
            0.00600369,
            0.0101601,
            0.0147783,
            0.0195505,
            0.0323276,
            0.0514163,
            0.0685037,
            0.0817426,
            0.0815887,
            0.0789717,
            0.0786638,
            0.0580357,
            0.0508005,
            0.0474138,
            0.0398707,
            0.0401786,
            0.0431034,
            0.052032,
            0.0463362,
            0.0367919,
            0.0238608,
            0.0138547,
            0.00631158,
            0.00369458,
            0.00123153,
            0.000307882,
            0.000461823,
            0.000153941,
            0.000153941,
            0.000153941,
            0,
            0,
            0.000153941,
            0.000307882
          ]
        ]
      ],
      [
        [
          "_metadata",
          {
            "jsonVersion": 3.0,
            "className": "AtomChemicalShift",
            "classVersion": 1.0,
            "user": "luca",
            "lastPath": "undefined",
            "timestamp": "Thu Jan 11 11:58:53 2024"
          }
        ],
        [
          "atomName",
          "CB"
        ],
        [
          "atomElementName",
          "C"
        ],
        [
          "atomAverageShift",
          39.9397
        ],
        [
          "atomStdShift",
          2.12516
        ],
        [
          "atomMinShift",
          31.0
        ],
        [
          "atomMaxShift",
          48.5
        ],
        [
          "atomDistributionRefValue",
          31.0
        ],
        [
          "atomDistributionValuePerPoint",
          0.5
        ],
        [
          "atomStatisticalDistribution",
          [
            0.000505561,
            0.00016852,
            0.000337041,
            0.00016852,
            0.000505561,
            0.000842602,
            0.00219077,
            0.00370745,
            0.00758342,
            0.0102797,
            0.016852,
            0.0234243,
            0.0313448,
            0.0441523,
            0.074486,
            0.0918436,
            0.129255,
            0.130435,
            0.0876306,
            0.0667341,
            0.0581395,
            0.0461746,
            0.0431412,
            0.0352208,
            0.0310078,
            0.0298281,
            0.0143242,
            0.0074149,
            0.00589821,
            0.00337041,
            0.00202224,
            0.000337041,
            0.00016852,
            0.00016852,
            0.000337041
          ]
        ]
      ],
      [
        [
          "_metadata",
          {
            "jsonVersion": 3.0,
            "className": "AtomChemicalShift",
            "classVersion": 1.0,
            "user": "luca",
            "lastPath": "undefined",
            "timestamp": "Thu Jan 11 11:58:53 2024"
          }
        ],
        [
          "atomName",
          "CD1"
        ],
        [
          "atomElementName",
          "C"
        ],
        [
          "atomAverageShift",
          131.423
        ],
        [
          "atomStdShift",
          1.47925
        ],
        [
          "atomMinShift",
          126.0
        ],
        [
          "atomMaxShift",
          138.0
        ],
        [
          "atomDistributionRefValue",
          126.0
        ],
        [
          "atomDistributionValuePerPoint",
          0.5
        ],
        [
          "atomStatisticalDistribution",
          [
            0,
            0.00196464,
            0.00442043,
            0.00687623,
            0.00982318,
            0.0191552,
            0.0304519,
            0.0397839,
            0.0584479,
            0.0766208,
            0.155206,
            0.24558,
            0.179273,
            0.101179,
            0.0412574,
            0.0162083,
            0.00736739,
            0.00196464,
            0.000982318,
            0.00147348,
            0.000491159,
            0,
            0.000982318,
            0.000491159
          ]
        ]
      ],
      [
        [
          "_metadata",
          {
            "jsonVersion": 3.0,
            "className": "AtomChemicalShift",
            "classVersion": 1.0,
            "user": "luca",
            "lastPath": "undefined",
            "timestamp": "Thu Jan 11 11:58:53 2024"
          }
        ],
        [
          "atomName",
          "CD2"
        ],
        [
          "atomElementName",
          "C"
        ],
        [
          "atomAverageShift",
          131.42
        ],
        [
          "atomStdShift",
          1.49794
        ],
        [
          "atomMinShift",
          125.0
        ],
        [
          "atomMaxShift",
          137.0
        ],
        [
          "atomDistributionRefValue",
          125.0
        ],
        [
          "atomDistributionValuePerPoint",
          0.5
        ],
        [
          "atomStatisticalDistribution",
          [
            0.00083682,
            0,
            0,
            0.00251046,
            0.00585774,
            0.0041841,
            0.00585774,
            0.0150628,
            0.0259414,
            0.0384937,
            0.0644351,
            0.0878661,
            0.169038,
            0.247699,
            0.176569,
            0.0828452,
            0.0426778,
            0.0175732,
            0.0083682,
            0.00251046,
            0,
            0.00167364,
            0,
            0
          ]
        ]
      ],
      [
        [
          "_metadata",
          {
            "jsonVersion": 3.0,
            "className": "AtomChemicalShift",
            "classVersion": 1.0,
            "user": "luca",
            "lastPath": "undefined",
            "timestamp": "Thu Jan 11 11:58:53 2024"
          }
        ],
        [
          "atomName",
          "CE1"
        ],
        [
          "atomElementName",
          "C"
        ],
        [
          "atomAverageShift",
          130.551
        ],
        [
          "atomStdShift",
          1.67023
        ],
        [
          "atomMinShift",
          124.0
        ],
        [
          "atomMaxShift",
          137.5
        ],
        [
          "atomDistributionRefValue",
          124.0
        ],
        [
          "atomDistributionValuePerPoint",
          0.5
        ],
        [
          "atomStatisticalDistribution",
          [
            0,
            0,
            0.00116618,
            0.00058309,
            0.00291545,
            0.00408163,
            0.0058309,
            0.0134111,
            0.0204082,
            0.0326531,
            0.0559767,
            0.0833819,
            0.138776,
            0.198834,
            0.222741,
            0.127697,
            0.0507289,
            0.0209913,
            0.00932945,
            0.00699708,
            0.00058309,
            0.00116618,
            0.00116618,
            0.00058309,
            0,
            0,
            0
          ]
        ]
      ],
      [
        [
          "_metadata",
          {
            "jsonVersion": 3.0,
            "className": "AtomChemicalShift",
            "classVersion": 1.0,
            "user": "luca",
            "lastPath": "undefined",
            "timestamp": "Thu Jan 11 11:58:53 2024"
          }
        ],
        [
          "atomName",
          "CE2"
        ],
        [
          "atomElementName",
          "C"
        ],
        [
          "atomAverageShift",
          130.658
        ],
        [
          "atomStdShift",
          1.34734
        ],
        [
          "atomMinShift",
          125.0
        ],
        [
          "atomMaxShift",
          136.0
        ],
        [
          "atomDistributionRefValue",
          125.0
        ],
        [
          "atomDistributionValuePerPoint",
          0.5
        ],
        [
          "atomStatisticalDistribution",
          [
            0.00100503,
            0,
            0.00100503,
            0.00201005,
            0.00301508,
            0.0100503,
            0.0130653,
            0.0271357,
            0.0532663,
            0.0914573,
            0.144724,
            0.20804,
            0.224121,
            0.140704,
            0.0452261,
            0.0211055,
            0.0080402,
            0.0040201,
            0.00100503,
            0.00100503,
            0,
            0
          ]
        ]
      ],
      [
        [
          "_metadata",
          {
            "jsonVersion": 3.0,
            "className": "AtomChemicalShift",
            "classVersion": 1.0,
            "user": "luca",
            "lastPath": "undefined",
            "timestamp": "Thu Jan 11 11:58:53 2024"
          }
        ],
        [
          "atomName",
          "CG"
        ],
        [
          "atomElementName",
          "C"
        ],
        [
          "atomAverageShift",
          137.411
        ],
        [
          "atomStdShift",
          2.85274
        ],
        [
          "atomMinShift",
          126.0
        ],
        [
          "atomMaxShift",
          149.0
        ],
        [
          "atomDistributionRefValue",
          126.0
        ],
        [
          "atomDistributionValuePerPoint",
          0.5
        ],
        [
          "atomStatisticalDistribution",
          [
            0,
            0,
            0,
            0.0169492,
            0.0169492,
            0.0169492,
            0,
            0,
            0,
            0,
            0,
            0,
            0.0338983,
            0.0169492,
            0,
            0,
            0,
            0.0338983,
            0,
            0,
            0.152542,
            0,
            0.0508475,
            0.101695,
            0.135593,
            0.169492,
            0.101695,
            0.0508475,
            0.0508475,
            0.0338983,
            0,
            0.0169492,
            0,
            0,
            0,
            0,
            0,
            0,
            0,
            0,
            0,
            0,
            0,
            0,
            0,
            0
          ]
        ]
      ],
      [
        [
          "_metadata",
          {
            "jsonVersion": 3.0,
            "className": "AtomChemicalShift",
            "classVersion": 1.0,
            "user": "luca",
            "lastPath": "undefined",
            "timestamp": "Thu Jan 11 11:58:53 2024"
          }
        ],
        [
          "atomName",
          "CZ"
        ],
        [
          "atomElementName",
          "C"
        ],
        [
          "atomAverageShift",
          129.197
        ],
        [
          "atomStdShift",
          1.89242
        ],
        [
          "atomMinShift",
          122.0
        ],
        [
          "atomMaxShift",
          137.5
        ],
        [
          "atomDistributionRefValue",
          122.0
        ],
        [
          "atomDistributionValuePerPoint",
          0.5
        ],
        [
          "atomStatisticalDistribution",
          [
            0.0015748,
            0.000787402,
            0,
            0.000787402,
            0.000787402,
            0.0023622,
            0.00314961,
            0.00708661,
            0.00708661,
            0.0212598,
            0.0370079,
            0.0551181,
            0.115748,
            0.148819,
            0.188976,
            0.140945,
            0.0913386,
            0.0480315,
            0.0472441,
            0.0267717,
            0.0188976,
            0.0149606,
            0.00708661,
            0.00314961,
            0.00314961,
            0.00472441,
            0.000787402,
            0.000787402,
            0.000787402,
            0,
            0.000787402
          ]
        ]
      ],
      [
        [
          "_metadata",
          {
            "jsonVersion": 3.0,
            "className": "AtomChemicalShift",
            "classVersion": 1.0,
            "user": "luca",
            "lastPath": "undefined",
            "timestamp": "Thu Jan 11 11:58:53 2024"
          }
        ],
        [
          "atomName",
          "H"
        ],
        [
          "atomElementName",
          "H"
        ],
        [
          "atomAverageShift",
          8.36627
        ],
        [
          "atomStdShift",
          0.729219
        ],
        [
          "atomMinShift",
          5.4
        ],
        [
          "atomMaxShift",
          11.25
        ],
        [
          "atomDistributionRefValue",
          5.4
        ],
        [
          "atomDistributionValuePerPoint",
          0.05
        ],
        [
          "atomStatisticalDistribution",
          [
            0.000117564,
            0.000117564,
            0,
            0.000117564,
            0,
            0.000117564,
            0.000822949,
            0.000235128,
            0.000235128,
            0.000470256,
            0.000235128,
            0.000235128,
            0,
            0,
            0.000470256,
            0.000705384,
            0.000352692,
            0.000940513,
            0.000705384,
            0.000822949,
            0.00105808,
            0.00141077,
            0.00117564,
            0.000940513,
            0.00105808,
            0.00199859,
            0.00223372,
            0.0016459,
            0.00329179,
            0.00282154,
            0.00340936,
            0.00423231,
            0.00482013,
            0.00482013,
            0.00540795,
            0.00822949,
            0.00540795,
            0.00646602,
            0.00893487,
            0.00917,
            0.0130496,
            0.011051,
            0.0116388,
            0.0152833,
            0.0152833,
            0.0219845,
            0.0191629,
            0.0170468,
            0.0209264,
            0.0212791,
            0.0236304,
            0.0245709,
            0.0239831,
            0.0317423,
            0.0268046,
            0.0335058,
            0.0289208,
            0.0244533,
            0.0306842,
            0.0238655,
            0.0318599,
            0.0252763,
            0.0192805,
            0.0272749,
            0.0199859,
            0.0311545,
            0.0241006,
            0.0223372,
            0.0262168,
            0.0168117,
            0.0239831,
            0.0177522,
            0.0150482,
            0.0171644,
            0.0134023,
            0.0189278,
            0.0121091,
            0.0105808,
            0.0146955,
            0.00975782,
            0.0105808,
            0.00928756,
            0.00658359,
            0.00846461,
            0.00540795,
            0.00482013,
            0.00364449,
            0.00505526,
            0.00505526,
            0.00282154,
            0.00376205,
            0.00141077,
            0.00188103,
            0.000705384,
            0.000117564,
            0.0012932,
            0.00141077,
            0.000822949,
            0.00117564,
            0.00058782,
            0.000705384,
            0.000470256,
            0.000352692,
            0.000352692,
            0,
            0.000235128,
            0.000117564,
            0.000117564,
            0.000117564,
            0,
            0.000235128,
            0.000117564,
            0,
            0.000235128,
            0.000117564,
            0.000117564,
            0
          ]
        ]
      ],
      [
        [
          "_metadata",
          {
            "jsonVersion": 3.0,
            "className": "AtomChemicalShift",
            "classVersion": 1.0,
            "user": "luca",
            "lastPath": "undefined",
            "timestamp": "Thu Jan 11 11:58:53 2024"
          }
        ],
        [
          "atomName",
          "HA"
        ],
        [
          "atomElementName",
          "H"
        ],
        [
          "atomAverageShift",
          4.61048
        ],
        [
          "atomStdShift",
          0.591249
        ],
        [
          "atomMinShift",
          2.2
        ],
        [
          "atomMaxShift",
          6.95
        ],
        [
          "atomDistributionRefValue",
          2.2
        ],
        [
          "atomDistributionValuePerPoint",
          0.05
        ],
        [
          "atomStatisticalDistribution",
          [
            0,
            0,
            0.000141004,
            0.000423012,
            0.000282008,
            0.000564016,
            0,
            0.000282008,
            0.000141004,
            0,
            0.000282008,
            0.000423012,
            0.000564016,
            0.000564016,
            0.000282008,
            0.000987028,
            0.000846024,
            0.00126904,
            0.00253807,
            0.00141004,
            0.00310209,
            0.00267908,
            0.00267908,
            0.00282008,
            0.00324309,
            0.00437112,
            0.00592217,
            0.00634518,
            0.00578116,
            0.00507614,
            0.00902425,
            0.0102933,
            0.0105753,
            0.0172025,
            0.0138184,
            0.0197406,
            0.0170615,
            0.0234067,
            0.0187535,
            0.0252397,
            0.0336999,
            0.0313029,
            0.0384941,
            0.0286238,
            0.036379,
            0.0437112,
            0.0414552,
            0.0408911,
            0.035533,
            0.0387761,
            0.0401861,
            0.0282008,
            0.0236887,
            0.0250987,
            0.0250987,
            0.0276368,
            0.0258037,
            0.0232657,
            0.0186125,
            0.0169205,
            0.0231246,
            0.0180485,
            0.0141004,
            0.00817823,
            0.0141004,
            0.0111393,
            0.00761421,
            0.00648618,
            0.00775522,
            0.00676819,
            0.00747321,
            0.00549915,
            0.00479413,
            0.0036661,
            0.00296108,
            0.00408911,
            0.00253807,
            0.00338409,
            0.00112803,
            0.000423012,
            0.00155104,
            0.000987028,
            0.00070502,
            0.000423012,
            0.000141004,
            0,
            0.000141004,
            0.000564016,
            0,
            0.000141004,
            0.000282008,
            0,
            0,
            0,
            0.000282008
          ]
        ]
      ],
      [
        [
          "_metadata",
          {
            "jsonVersion": 3.0,
            "className": "AtomChemicalShift",
            "classVersion": 1.0,
            "user": "luca",
            "lastPath": "undefined",
            "timestamp": "Thu Jan 11 11:58:53 2024"
          }
        ],
        [
          "atomName",
          "HB2"
        ],
        [
          "atomElementName",
          "H"
        ],
        [
          "atomAverageShift",
          2.99515
        ],
        [
          "atomStdShift",
          0.364997
        ],
        [
          "atomMinShift",
          1.5
        ],
        [
          "atomMaxShift",
          4.45
        ],
        [
          "atomDistributionRefValue",
          1.5
        ],
        [
          "atomDistributionValuePerPoint",
          0.05
        ],
        [
          "atomStatisticalDistribution",
          [
            0.00138975,
            0.00138975,
            0.00108091,
            0.00108091,
            0.000772082,
            0.00216183,
            0.000926498,
            0.00231624,
            0.00277949,
            0.00277949,
            0.00432366,
            0.00231624,
            0.00308833,
            0.00293391,
            0.00447807,
            0.00818406,
            0.0057134,
            0.00895615,
            0.0114268,
            0.0137431,
            0.0183755,
            0.0145151,
            0.0243978,
            0.0274861,
            0.0338172,
            0.0521927,
            0.035979,
            0.0532736,
            0.0438542,
            0.0628474,
            0.0790611,
            0.0566708,
            0.0761272,
            0.0543545,
            0.0546634,
            0.0540457,
            0.0330451,
            0.0333539,
            0.0243978,
            0.0199197,
            0.0182211,
            0.011118,
            0.00926498,
            0.00633107,
            0.00509574,
            0.00386041,
            0.00216183,
            0.00123533,
            0.000926498,
            0.00138975,
            0.000926498,
            0.00169858,
            0.000772082,
            0.000772082,
            0,
            0.000154416,
            0.000617665,
            0.000926498,
            0.000308833
          ]
        ]
      ],
      [
        [
          "_metadata",
          {
            "jsonVersion": 3.0,
            "className": "AtomChemicalShift",
            "classVersion": 1.0,
            "user": "luca",
            "lastPath": "undefined",
            "timestamp": "Thu Jan 11 11:58:53 2024"
          }
        ],
        [
          "atomName",
          "HB3"
        ],
        [
          "atomElementName",
          "H"
        ],
        [
          "atomAverageShift",
          2.95549
        ],
        [
          "atomStdShift",
          0.375562
        ],
        [
          "atomMinShift",
          1.5
        ],
        [
          "atomMaxShift",
          4.55
        ],
        [
          "atomDistributionRefValue",
          1.5
        ],
        [
          "atomDistributionValuePerPoint",
          0.05
        ],
        [
          "atomStatisticalDistribution",
          [
            0.00258523,
            0.00145419,
            0.00177735,
            0.00145419,
            0.00161577,
            0.00129262,
            0.00145419,
            0.00242365,
            0.00290839,
            0.00371627,
            0.00403942,
            0.00355469,
            0.00484731,
            0.00371627,
            0.00565519,
            0.00904831,
            0.0063015,
            0.0113104,
            0.00920989,
            0.0155114,
            0.0211666,
            0.0213282,
            0.0332849,
            0.0268218,
            0.0391016,
            0.0494426,
            0.0344159,
            0.0583293,
            0.0513815,
            0.0602682,
            0.0796575,
            0.0538051,
            0.0752949,
            0.0539667,
            0.0473421,
            0.0481499,
            0.0274681,
            0.0342543,
            0.0213282,
            0.0177735,
            0.0127646,
            0.00694781,
            0.00678623,
            0.00452416,
            0.004201,
            0.00452416,
            0.00193892,
            0.00177735,
            0.000807885,
            0.00113104,
            0.000161577,
            0.000484731,
            0.000646308,
            0.000969462,
            0.000323154,
            0.000323154,
            0.000646308,
            0.000484731,
            0.000807885,
            0.000807885,
            0.000484731
          ]
        ]
      ],
      [
        [
          "_metadata",
          {
            "jsonVersion": 3.0,
            "className": "AtomChemicalShift",
            "classVersion": 1.0,
            "user": "luca",
            "lastPath": "undefined",
            "timestamp": "Thu Jan 11 11:58:53 2024"
          }
        ],
        [
          "atomName",
          "HD1"
        ],
        [
          "atomElementName",
          "H"
        ],
        [
          "atomAverageShift",
          7.04834
        ],
        [
          "atomStdShift",
          0.342977
        ],
        [
          "atomMinShift",
          5.7
        ],
        [
          "atomMaxShift",
          8.45
        ],
        [
          "atomDistributionRefValue",
          5.7
        ],
        [
          "atomDistributionValuePerPoint",
          0.05
        ],
        [
          "atomStatisticalDistribution",
          [
            0.00307859,
            0.000905469,
            0.00253531,
            0.00181094,
            0.00217313,
            0.0028975,
            0.00380297,
            0.00325969,
            0.00344078,
            0.00633828,
            0.00543281,
            0.00344078,
            0.00670047,
            0.00470844,
            0.00670047,
            0.00959797,
            0.0114089,
            0.015393,
            0.013582,
            0.0210069,
            0.0316914,
            0.032778,
            0.0320536,
            0.0320536,
            0.042376,
            0.0657371,
            0.0635639,
            0.0633828,
            0.0679102,
            0.0818544,
            0.107389,
            0.0804057,
            0.0487142,
            0.0333213,
            0.0255342,
            0.015393,
            0.0124955,
            0.00941688,
            0.00452735,
            0.00670047,
            0.00307859,
            0.00217313,
            0.00126766,
            0.00126766,
            0.000905469,
            0.000543281,
            0.000362188,
            0.000724375,
            0.00108656,
            0.000543281,
            0.000362188,
            0.000362188,
            0.000905469,
            0.000362188,
            0.000543281
          ]
        ]
      ],
      [
        [
          "_metadata",
          {
            "jsonVersion": 3.0,
            "className": "AtomChemicalShift",
            "classVersion": 1.0,
            "user": "luca",
            "lastPath": "undefined",
            "timestamp": "Thu Jan 11 11:58:53 2024"
          }
        ],
        [
          "atomName",
          "HD2"
        ],
        [
          "atomElementName",
          "H"
        ],
        [
          "atomAverageShift",
          7.05521
        ],
        [
          "atomStdShift",
          0.341512
        ],
        [
          "atomMinShift",
          5.7
        ],
        [
          "atomMaxShift",
          8.45
        ],
        [
          "atomDistributionRefValue",
          5.7
        ],
        [
          "atomDistributionValuePerPoint",
          0.05
        ],
        [
          "atomStatisticalDistribution",
          [
            0.00260293,
            0.00118315,
            0.00283956,
            0.00189304,
            0.00260293,
            0.00283956,
            0.00425935,
            0.00331283,
            0.00402272,
            0.00496924,
            0.00567913,
            0.00331283,
            0.00615239,
            0.00402272,
            0.00638902,
            0.00993848,
            0.010885,
            0.0146711,
            0.0137246,
            0.0196403,
            0.0300521,
            0.0321817,
            0.0307619,
            0.0309986,
            0.0456697,
            0.0664931,
            0.0612873,
            0.0615239,
            0.0660199,
            0.0861335,
            0.112873,
            0.0842404,
            0.0482726,
            0.0331283,
            0.0234264,
            0.0151443,
            0.0104117,
            0.0115949,
            0.00425935,
            0.00686228,
            0.00307619,
            0.00212967,
            0.000473261,
            0.000709891,
            0.000946522,
            0.00023663,
            0.000946522,
            0.000709891,
            0.00118315,
            0.000946522,
            0.000473261,
            0.000473261,
            0.000946522,
            0.00023663,
            0.00023663
          ]
        ]
      ],
      [
        [
          "_metadata",
          {
            "jsonVersion": 3.0,
            "className": "AtomChemicalShift",
            "classVersion": 1.0,
            "user": "luca",
            "lastPath": "undefined",
            "timestamp": "Thu Jan 11 11:58:53 2024"
          }
        ],
        [
          "atomName",
          "HE1"
        ],
        [
          "atomElementName",
          "H"
        ],
        [
          "atomAverageShift",
          7.07129
        ],
        [
          "atomStdShift",
          0.359052
        ],
        [
          "atomMinShift",
          5.6
        ],
        [
          "atomMaxShift",
          8.5
        ],
        [
          "atomDistributionRefValue",
          5.6
        ],
        [
          "atomDistributionValuePerPoint",
          0.05
        ],
        [
          "atomStatisticalDistribution",
          [
            0.00161355,
            0.000403388,
            0.000806777,
            0.00201694,
            0.00161355,
            0.00100847,
            0.0036305,
            0.0036305,
            0.00484066,
            0.00463897,
            0.00423558,
            0.0034288,
            0.00645422,
            0.00947963,
            0.00605083,
            0.00867285,
            0.00826946,
            0.0068576,
            0.00927793,
            0.0108915,
            0.0141186,
            0.017144,
            0.0179508,
            0.0240016,
            0.0272287,
            0.0405405,
            0.0375151,
            0.0465914,
            0.0592981,
            0.0510286,
            0.0744252,
            0.0691811,
            0.0832997,
            0.0885438,
            0.0796692,
            0.0623235,
            0.0405405,
            0.0189593,
            0.0153288,
            0.00907624,
            0.00584913,
            0.00423558,
            0.00262203,
            0.00201694,
            0.00242033,
            0.00181525,
            0.000605083,
            0.000201694,
            0.000201694,
            0.000201694,
            0.000403388,
            0.000201694,
            0.000201694,
            0.000605083,
            0.000605083,
            0.000403388,
            0.00141186,
            0.00141186
          ]
        ]
      ],
      [
        [
          "_metadata",
          {
            "jsonVersion": 3.0,
            "className": "AtomChemicalShift",
            "classVersion": 1.0,
            "user": "luca",
            "lastPath": "undefined",
            "timestamp": "Thu Jan 11 11:58:53 2024"
          }
        ],
        [
          "atomName",
          "HE2"
        ],
        [
          "atomElementName",
          "H"
        ],
        [
          "atomAverageShift",
          7.07434
        ],
        [
          "atomStdShift",
          0.371493
        ],
        [
          "atomMinShift",
          5.6
        ],
        [
          "atomMaxShift",
          8.6
        ],
        [
          "atomDistributionRefValue",
          5.6
        ],
        [
          "atomDistributionValuePerPoint",
          0.05
        ],
        [
          "atomStatisticalDistribution",
          [
            0.00128403,
            0.000513611,
            0.000770416,
            0.00205444,
            0.00128403,
            0.000513611,
            0.00385208,
            0.00256805,
            0.00539291,
            0.00513611,
            0.00436569,
            0.00539291,
            0.0048793,
            0.00796097,
            0.00744735,
            0.010529,
            0.0100154,
            0.00796097,
            0.0097586,
            0.010529,
            0.0138675,
            0.0182332,
            0.0179764,
            0.0215716,
            0.0259373,
            0.0390344,
            0.0374936,
            0.0426297,
            0.0564972,
            0.0508475,
            0.0737031,
            0.0677966,
            0.0839753,
            0.0865434,
            0.0819209,
            0.0667694,
            0.0428865,
            0.0202876,
            0.0138675,
            0.0107858,
            0.00590652,
            0.00359527,
            0.00282486,
            0.00205444,
            0.00282486,
            0.00154083,
            0.000770416,
            0,
            0,
            0.000513611,
            0.000256805,
            0.000256805,
            0.000256805,
            0.000256805,
            0.000513611,
            0.000256805,
            0.00102722,
            0.000256805,
            0.000770416,
            0.00128403
          ]
        ]
      ],
      [
        [
          "_metadata",
          {
            "jsonVersion": 3.0,
            "className": "AtomChemicalShift",
            "classVersion": 1.0,
            "user": "luca",
            "lastPath": "undefined",
            "timestamp": "Thu Jan 11 11:58:53 2024"
          }
        ],
        [
          "atomName",
          "HZ"
        ],
        [
          "atomElementName",
          "H"
        ],
        [
          "atomAverageShift",
          6.9487
        ],
        [
          "atomStdShift",
          0.624971
        ],
        [
          "atomMinShift",
          4.4
        ],
        [
          "atomMaxShift",
          9.4
        ],
        [
          "atomDistributionRefValue",
          4.4
        ],
        [
          "atomDistributionValuePerPoint",
          0.05
        ],
        [
          "atomStatisticalDistribution",
          [
            0,
            0.000270051,
            0.00108021,
            0.000810154,
            0,
            0.000810154,
            0.00270051,
            0.000810154,
            0,
            0.000540103,
            0.000540103,
            0,
            0.000540103,
            0.000810154,
            0.000270051,
            0.00135026,
            0.000810154,
            0.000270051,
            0.00135026,
            0.000810154,
            0.000540103,
            0.000810154,
            0.00135026,
            0.00216041,
            0.00216041,
            0.00405077,
            0.00324062,
            0.00243046,
            0.00324062,
            0.00351067,
            0.00324062,
            0.00324062,
            0.00405077,
            0.00594113,
            0.00513097,
            0.00783149,
            0.00729139,
            0.00783149,
            0.00675128,
            0.00810154,
            0.00972185,
            0.0116122,
            0.0132325,
            0.0162031,
            0.0153929,
            0.026465,
            0.0234945,
            0.026465,
            0.0334864,
            0.0324062,
            0.0407777,
            0.047259,
            0.0448285,
            0.0510397,
            0.0483392,
            0.0834459,
            0.0796651,
            0.0758844,
            0.0650824,
            0.0361869,
            0.0359168,
            0.0229544,
            0.0151229,
            0.00783149,
            0.00675128,
            0.00702133,
            0.00324062,
            0.00135026,
            0.00216041,
            0.00135026,
            0.00108021,
            0.000540103,
            0.000540103,
            0.000810154,
            0.00135026,
            0.000810154,
            0.000270051,
            0.00135026,
            0.00162031,
            0.000540103,
            0.000540103,
            0.000810154,
            0.000810154,
            0.00162031,
            0.00108021,
            0.00108021,
            0.000540103,
            0.00189036,
            0.000810154,
            0,
            0.000540103,
            0,
            0,
            0,
            0,
            0,
            0,
            0,
            0,
            0
          ]
        ]
      ],
      [
        [
          "_metadata",
          {
            "jsonVersion": 3.0,
            "className": "AtomChemicalShift",
            "classVersion": 1.0,
            "user": "luca",
            "lastPath": "undefined",
            "timestamp": "Thu Jan 11 11:58:53 2024"
          }
        ],
        [
          "atomName",
          "N"
        ],
        [
          "atomElementName",
          "N"
        ],
        [
          "atomAverageShift",
          120.656
        ],
        [
          "atomStdShift",
          4.27469
        ],
        [
          "atomMinShift",
          104.0
        ],
        [
          "atomMaxShift",
          139.0
        ],
        [
          "atomDistributionRefValue",
          104.0
        ],
        [
          "atomDistributionValuePerPoint",
          1.0
        ],
        [
          "atomStatisticalDistribution",
          [
            0.000551724,
            0.000275862,
            0.000137931,
            0.000965517,
            0.00165517,
            0.00165517,
            0.00565517,
            0.00841379,
            0.0173793,
            0.021931,
            0.0302069,
            0.0446897,
            0.0474483,
            0.0686897,
            0.0906207,
            0.0995862,
            0.110345,
            0.0925517,
            0.0786207,
            0.0663448,
            0.0553103,
            0.0446897,
            0.0350345,
            0.0271724,
            0.0197241,
            0.0142069,
            0.00634483,
            0.00524138,
            0.0022069,
            0.000965517,
            0.000689655,
            0.000275862,
            0.000137931,
            0,
            0.000275862
          ]
        ]
      ]
    ]
  ]
]