[
  [
    "_metadata",
    {
      "jsonVersion": 3,
      "className": "ReferenceChemicalShift",
      "classVersion": 1,
      "user": "CCPN",
      "lastPath": "/Users/luca/Projects/AnalysisV3/resources/referenceChemicalShifts/COPs/PRO.json",
      "timestamp": "Thu Jan 11 12:04:11 2024",
      "applicationVersion": 3.2
    }
  ],
  [
    "chemicalShiftName",
    "COPs"
  ],
  [
    "chemicalShiftComment",
    "The COPs-specific ReferenceChemical shifts"
  ],
  [
    "chemicalShiftEntryDate",
    "2006-08-16-14:25:08"
  ],
  [
    "compoundName",
    "Proline"
  ],
  [
    "compoundShortName",
    "PRO"
  ],
  [
    "compoundCcpCode",
    "Pro"
  ],
  [
    "compoundType",
    "Protein"
  ],
  [
    "compoundTypeClassification",
    "Peptide linking"
  ],
  [
    "compoundPrecursorName",
    "Proline"
  ],
  [
    "loadingLevel",
    1
  ],
  [
    "atoms",
    [
      [
        [
          "_metadata",
          {
            "jsonVersion": 3.0,
            "className": "AtomChemicalShift",
            "classVersion": 1.0,
            "user": "luca",
            "lastPath": "undefined",
            "timestamp": "Thu Jan 11 11:58:53 2024"
          }
        ],
        [
          "atomName",
          "C"
        ],
        [
          "atomElementName",
          "C"
        ],
        [
          "atomAverageShift",
          176.725
        ],
        [
          "atomStdShift",
          1.58131
        ],
        [
          "atomMinShift",
          170.0
        ],
        [
          "atomMaxShift",
          183.0
        ],
        [
          "atomDistributionRefValue",
          170.0
        ],
        [
          "atomDistributionValuePerPoint",
          1.0
        ],
        [
          "atomStatisticalDistribution",
          [
            0.000657174,
            0.00460022,
            0.0122673,
            0.0352683,
            0.0742607,
            0.145235,
            0.296824,
            0.241621,
            0.115005,
            0.056517,
            0.0146769,
            0.00175246,
            0.00131435
          ]
        ]
      ],
      [
        [
          "_metadata",
          {
            "jsonVersion": 3.0,
            "className": "AtomChemicalShift",
            "classVersion": 1.0,
            "user": "luca",
            "lastPath": "undefined",
            "timestamp": "Thu Jan 11 11:58:53 2024"
          }
        ],
        [
          "atomName",
          "CA"
        ],
        [
          "atomElementName",
          "C"
        ],
        [
          "atomAverageShift",
          63.3086
        ],
        [
          "atomStdShift",
          1.61051
        ],
        [
          "atomMinShift",
          57.0
        ],
        [
          "atomMaxShift",
          70.0
        ],
        [
          "atomDistributionRefValue",
          57.0
        ],
        [
          "atomDistributionValuePerPoint",
          0.5
        ],
        [
          "atomStatisticalDistribution",
          [
            0.00132004,
            0.00102669,
            0.00117336,
            0.000586682,
            0.00381344,
            0.00718686,
            0.013787,
            0.0271341,
            0.0434145,
            0.0629217,
            0.10663,
            0.148137,
            0.179085,
            0.106923,
            0.0806688,
            0.0589616,
            0.050308,
            0.0454679,
            0.0341742,
            0.0174538,
            0.00528014,
            0.00176005,
            0.000586682,
            0.00102669,
            0.000146671,
            0.00102669
          ]
        ]
      ],
      [
        [
          "_metadata",
          {
            "jsonVersion": 3.0,
            "className": "AtomChemicalShift",
            "classVersion": 1.0,
            "user": "luca",
            "lastPath": "undefined",
            "timestamp": "Thu Jan 11 11:58:53 2024"
          }
        ],
        [
          "atomName",
          "CB"
        ],
        [
          "atomElementName",
          "C"
        ],
        [
          "atomAverageShift",
          31.7868
        ],
        [
          "atomStdShift",
          1.22772
        ],
        [
          "atomMinShift",
          27.0
        ],
        [
          "atomMaxShift",
          37.0
        ],
        [
          "atomDistributionRefValue",
          27.0
        ],
        [
          "atomDistributionValuePerPoint",
          0.5
        ],
        [
          "atomStatisticalDistribution",
          [
            0.00212349,
            0.00375694,
            0.00588043,
            0.0102908,
            0.0191114,
            0.0344659,
            0.0418164,
            0.068605,
            0.122346,
            0.227213,
            0.26707,
            0.113688,
            0.0351192,
            0.0151911,
            0.0115975,
            0.0119242,
            0.00343025,
            0.00294022,
            0.00228683,
            0.00114342
          ]
        ]
      ],
      [
        [
          "_metadata",
          {
            "jsonVersion": 3.0,
            "className": "AtomChemicalShift",
            "classVersion": 1.0,
            "user": "luca",
            "lastPath": "undefined",
            "timestamp": "Thu Jan 11 11:58:53 2024"
          }
        ],
        [
          "atomName",
          "CD"
        ],
        [
          "atomElementName",
          "C"
        ],
        [
          "atomAverageShift",
          50.3197
        ],
        [
          "atomStdShift",
          1.07298
        ],
        [
          "atomMinShift",
          46.0
        ],
        [
          "atomMaxShift",
          55.0
        ],
        [
          "atomDistributionRefValue",
          46.0
        ],
        [
          "atomDistributionValuePerPoint",
          0.5
        ],
        [
          "atomStatisticalDistribution",
          [
            0.00177846,
            0.00152439,
            0.00787602,
            0.0144817,
            0.0221037,
            0.0289634,
            0.0670732,
            0.11814,
            0.239837,
            0.287856,
            0.149898,
            0.0439533,
            0.0109248,
            0.00254065,
            0.00127033,
            0.000762195,
            0,
            0.00101626
          ]
        ]
      ],
      [
        [
          "_metadata",
          {
            "jsonVersion": 3.0,
            "className": "AtomChemicalShift",
            "classVersion": 1.0,
            "user": "luca",
            "lastPath": "undefined",
            "timestamp": "Thu Jan 11 11:58:53 2024"
          }
        ],
        [
          "atomName",
          "CG"
        ],
        [
          "atomElementName",
          "C"
        ],
        [
          "atomAverageShift",
          27.1987
        ],
        [
          "atomStdShift",
          1.17593
        ],
        [
          "atomMinShift",
          22.0
        ],
        [
          "atomMaxShift",
          31.5
        ],
        [
          "atomDistributionRefValue",
          22.0
        ],
        [
          "atomDistributionValuePerPoint",
          0.5
        ],
        [
          "atomStatisticalDistribution",
          [
            0.00259808,
            0.00155885,
            0.00285789,
            0.00597558,
            0.0150688,
            0.0249415,
            0.0332554,
            0.0319564,
            0.0498831,
            0.116394,
            0.303715,
            0.240322,
            0.110678,
            0.0407898,
            0.0111717,
            0.00363731,
            0.00181865,
            0.00155885,
            0.00181865
          ]
        ]
      ],
      [
        [
          "_metadata",
          {
            "jsonVersion": 3.0,
            "className": "AtomChemicalShift",
            "classVersion": 1.0,
            "user": "luca",
            "lastPath": "undefined",
            "timestamp": "Thu Jan 11 11:58:53 2024"
          }
        ],
        [
          "atomName",
          "HA"
        ],
        [
          "atomElementName",
          "H"
        ],
        [
          "atomAverageShift",
          4.39578
        ],
        [
          "atomStdShift",
          0.334358
        ],
        [
          "atomMinShift",
          3.1
        ],
        [
          "atomMaxShift",
          5.8
        ],
        [
          "atomDistributionRefValue",
          3.1
        ],
        [
          "atomDistributionValuePerPoint",
          0.05
        ],
        [
          "atomStatisticalDistribution",
          [
            0.00186368,
            0.000798722,
            0.00159744,
            0.00106496,
            0.00212993,
            0.00319489,
            0.00106496,
            0.00239617,
            0.00252929,
            0.00452609,
            0.00599042,
            0.00492545,
            0.00772098,
            0.00758786,
            0.00705538,
            0.011049,
            0.00878594,
            0.0182375,
            0.0169063,
            0.0234292,
            0.0231629,
            0.0336794,
            0.0547125,
            0.0585729,
            0.0841321,
            0.0969116,
            0.113685,
            0.0989084,
            0.0623003,
            0.0403355,
            0.033147,
            0.0307508,
            0.0290202,
            0.0194356,
            0.0157082,
            0.00905218,
            0.0105165,
            0.00905218,
            0.00758786,
            0.00572417,
            0.00519169,
            0.00465921,
            0.00386049,
            0.00266241,
            0.00146432,
            0.00239617,
            0.00226305,
            0.00159744,
            0.000931842,
            0.00173056,
            0.0013312,
            0.000931842,
            0.00106496,
            0.000665602
          ]
        ]
      ],
      [
        [
          "_metadata",
          {
            "jsonVersion": 3.0,
            "className": "AtomChemicalShift",
            "classVersion": 1.0,
            "user": "luca",
            "lastPath": "undefined",
            "timestamp": "Thu Jan 11 11:58:53 2024"
          }
        ],
        [
          "atomName",
          "HB2"
        ],
        [
          "atomElementName",
          "H"
        ],
        [
          "atomAverageShift",
          2.0691
        ],
        [
          "atomStdShift",
          0.343544
        ],
        [
          "atomMinShift",
          0.7
        ],
        [
          "atomMaxShift",
          3.45
        ],
        [
          "atomDistributionRefValue",
          0.7
        ],
        [
          "atomDistributionValuePerPoint",
          0.05
        ],
        [
          "atomStatisticalDistribution",
          [
            0.00205943,
            0.00073551,
            0.00132392,
            0.00176523,
            0.00264784,
            0.00235363,
            0.00308914,
            0.00367755,
            0.00308914,
            0.00294204,
            0.00353045,
            0.00397176,
            0.00397176,
            0.0067667,
            0.00485437,
            0.007208,
            0.00809061,
            0.0107385,
            0.0150044,
            0.0139747,
            0.0235363,
            0.0280965,
            0.0457487,
            0.0667843,
            0.0479553,
            0.059135,
            0.0685496,
            0.0413357,
            0.0533981,
            0.0392763,
            0.0603119,
            0.0947337,
            0.0739924,
            0.0586937,
            0.0494263,
            0.0291262,
            0.0223595,
            0.00558988,
            0.0067667,
            0.00456016,
            0.00338335,
            0.00176523,
            0.00161812,
            0.00132392,
            0.00132392,
            0.000882613,
            0.000441306,
            0.00132392,
            0.00073551,
            0.000441306,
            0.00279494,
            0.000882613,
            0.000147102,
            0.00102971,
            0.00073551
          ]
        ]
      ],
      [
        [
          "_metadata",
          {
            "jsonVersion": 3.0,
            "className": "AtomChemicalShift",
            "classVersion": 1.0,
            "user": "luca",
            "lastPath": "undefined",
            "timestamp": "Thu Jan 11 11:58:53 2024"
          }
        ],
        [
          "atomName",
          "HB3"
        ],
        [
          "atomElementName",
          "H"
        ],
        [
          "atomAverageShift",
          2.02262
        ],
        [
          "atomStdShift",
          0.36044
        ],
        [
          "atomMinShift",
          0.6
        ],
        [
          "atomMaxShift",
          3.5
        ],
        [
          "atomDistributionRefValue",
          0.6
        ],
        [
          "atomDistributionValuePerPoint",
          0.05
        ],
        [
          "atomStatisticalDistribution",
          [
            0.0015456,
            0.000618238,
            0.00108192,
            0.00170015,
            0.000772798,
            0.00231839,
            0.00200927,
            0.00185471,
            0.00185471,
            0.00231839,
            0.00448223,
            0.00309119,
            0.00340031,
            0.00510046,
            0.00556414,
            0.00587326,
            0.00850077,
            0.0072643,
            0.0106646,
            0.0111283,
            0.018238,
            0.016847,
            0.0313756,
            0.02983,
            0.0485317,
            0.076507,
            0.0684699,
            0.0814529,
            0.0659969,
            0.0384853,
            0.0500773,
            0.0377125,
            0.0605873,
            0.0653787,
            0.0556414,
            0.0602782,
            0.0318393,
            0.0299845,
            0.0131376,
            0.00664606,
            0.00911901,
            0.00278207,
            0.00309119,
            0.00139104,
            0.00139104,
            0.000927357,
            0.000618238,
            0.000927357,
            0.000463679,
            0.000309119,
            0.00123648,
            0.00108192,
            0.000772798,
            0.00200927,
            0.0015456,
            0.00216383,
            0.000927357,
            0.00108192
          ]
        ]
      ],
      [
        [
          "_metadata",
          {
            "jsonVersion": 3.0,
            "className": "AtomChemicalShift",
            "classVersion": 1.0,
            "user": "luca",
            "lastPath": "undefined",
            "timestamp": "Thu Jan 11 11:58:53 2024"
          }
        ],
        [
          "atomName",
          "HD2"
        ],
        [
          "atomElementName",
          "H"
        ],
        [
          "atomAverageShift",
          3.63868
        ],
        [
          "atomStdShift",
          0.384214
        ],
        [
          "atomMinShift",
          2.1
        ],
        [
          "atomMaxShift",
          5.2
        ],
        [
          "atomDistributionRefValue",
          2.1
        ],
        [
          "atomDistributionValuePerPoint",
          0.05
        ],
        [
          "atomStatisticalDistribution",
          [
            0.00336592,
            0.000961693,
            0.00192339,
            0.00160282,
            0.00144254,
            0.0027248,
            0.00240423,
            0.00192339,
            0.00208367,
            0.00192339,
            0.00112197,
            0.00144254,
            0.00352621,
            0.0017631,
            0.00368649,
            0.006251,
            0.00400705,
            0.00560987,
            0.00833467,
            0.00945664,
            0.0120212,
            0.00977721,
            0.0128226,
            0.014746,
            0.0163488,
            0.0304536,
            0.0256451,
            0.0413528,
            0.0484052,
            0.0620292,
            0.101298,
            0.0694021,
            0.0867126,
            0.075012,
            0.0669979,
            0.0762943,
            0.0442379,
            0.0360635,
            0.0256451,
            0.0200353,
            0.0144254,
            0.0115403,
            0.00865523,
            0.00480846,
            0.00336592,
            0.00240423,
            0.00208367,
            0.00224395,
            0.000961693,
            0.00224395,
            0.000480846,
            0,
            0.000480846,
            0.000641128,
            0.000160282,
            0.00080141,
            0.000480846,
            0.000160282,
            0.00080141,
            0.000480846,
            0.000641128,
            0.00128226
          ]
        ]
      ],
      [
        [
          "_metadata",
          {
            "jsonVersion": 3.0,
            "className": "AtomChemicalShift",
            "classVersion": 1.0,
            "user": "luca",
            "lastPath": "undefined",
            "timestamp": "Thu Jan 11 11:58:53 2024"
          }
        ],
        [
          "atomName",
          "HD3"
        ],
        [
          "atomElementName",
          "H"
        ],
        [
          "atomAverageShift",
          3.60947
        ],
        [
          "atomStdShift",
          0.416921
        ],
        [
          "atomMinShift",
          1.9
        ],
        [
          "atomMaxShift",
          5.25
        ],
        [
          "atomDistributionRefValue",
          1.9
        ],
        [
          "atomDistributionValuePerPoint",
          0.05
        ],
        [
          "atomStatisticalDistribution",
          [
            0.00254972,
            0.000339963,
            0.00169981,
            0.00169981,
            0.00169981,
            0.00135985,
            0.00118987,
            0.00186979,
            0.00322964,
            0.00135985,
            0.00288968,
            0.00186979,
            0.00407955,
            0.00186979,
            0.00288968,
            0.00424953,
            0.00305966,
            0.00288968,
            0.00356961,
            0.00475948,
            0.00560938,
            0.00339963,
            0.00917899,
            0.00781914,
            0.00832908,
            0.0139385,
            0.0149584,
            0.0205677,
            0.0166582,
            0.0260071,
            0.0314465,
            0.0382458,
            0.054564,
            0.0588135,
            0.0826109,
            0.0844807,
            0.0764916,
            0.0946796,
            0.0617032,
            0.0669726,
            0.0443651,
            0.0379058,
            0.026857,
            0.0129186,
            0.00985892,
            0.00883903,
            0.00747918,
            0.00492946,
            0.00288968,
            0.00322964,
            0.0027197,
            0.000339963,
            0.00186979,
            0.00118987,
            0.000849907,
            0.000849907,
            0.000339963,
            0.000509944,
            0.000169981,
            0.000849907,
            0.000339963,
            0.000169981,
            0.000679925,
            0.000679925,
            0.000679925,
            0.00135985,
            0.00152983
          ]
        ]
      ],
      [
        [
          "_metadata",
          {
            "jsonVersion": 3.0,
            "className": "AtomChemicalShift",
            "classVersion": 1.0,
            "user": "luca",
            "lastPath": "undefined",
            "timestamp": "Thu Jan 11 11:58:53 2024"
          }
        ],
        [
          "atomName",
          "HG2"
        ],
        [
          "atomElementName",
          "H"
        ],
        [
          "atomAverageShift",
          1.93453
        ],
        [
          "atomStdShift",
          0.293441
        ],
        [
          "atomMinShift",
          0.8
        ],
        [
          "atomMaxShift",
          3.15
        ],
        [
          "atomDistributionRefValue",
          0.8
        ],
        [
          "atomDistributionValuePerPoint",
          0.05
        ],
        [
          "atomStatisticalDistribution",
          [
            0.00320405,
            0.00118044,
            0.00219224,
            0.00252951,
            0.00303541,
            0.00219224,
            0.00438449,
            0.00320405,
            0.00252951,
            0.00370995,
            0.00708263,
            0.00927487,
            0.00927487,
            0.0121417,
            0.0079258,
            0.0116358,
            0.0193929,
            0.0214165,
            0.0268128,
            0.0278246,
            0.0478921,
            0.076054,
            0.0984823,
            0.123777,
            0.138449,
            0.0873524,
            0.0838111,
            0.0445194,
            0.0440135,
            0.0234401,
            0.00910624,
            0.00910624,
            0.00674536,
            0.00438449,
            0.00303541,
            0.00185497,
            0.00168634,
            0.00185497,
            0.000674536,
            0.00134907,
            0.00151771,
            0.00084317,
            0.00286678,
            0.00151771,
            0.00134907,
            0.00185497,
            0.00151771
          ]
        ]
      ],
      [
        [
          "_metadata",
          {
            "jsonVersion": 3.0,
            "className": "AtomChemicalShift",
            "classVersion": 1.0,
            "user": "luca",
            "lastPath": "undefined",
            "timestamp": "Thu Jan 11 11:58:53 2024"
          }
        ],
        [
          "atomName",
          "HG3"
        ],
        [
          "atomElementName",
          "H"
        ],
        [
          "atomAverageShift",
          1.90859
        ],
        [
          "atomStdShift",
          0.31541
        ],
        [
          "atomMinShift",
          0.6
        ],
        [
          "atomMaxShift",
          3.15
        ],
        [
          "atomDistributionRefValue",
          0.6
        ],
        [
          "atomDistributionValuePerPoint",
          0.05
        ],
        [
          "atomStatisticalDistribution",
          [
            0.00318352,
            0.00131086,
            0.0011236,
            0.00168539,
            0.0011236,
            0.00187266,
            0.00393258,
            0.00355805,
            0.00374532,
            0.00337079,
            0.00543071,
            0.00299625,
            0.00655431,
            0.00674157,
            0.00749064,
            0.011236,
            0.00973783,
            0.0110487,
            0.0110487,
            0.0166667,
            0.0198502,
            0.0164794,
            0.0329588,
            0.0307116,
            0.0473783,
            0.0784644,
            0.0794007,
            0.146255,
            0.137079,
            0.0853933,
            0.0780899,
            0.0363296,
            0.0348315,
            0.017603,
            0.00992509,
            0.00805243,
            0.00374532,
            0.00337079,
            0.00243446,
            0.00131086,
            0.00243446,
            0.00205993,
            0.00131086,
            0.000561798,
            0.0011236,
            0.00187266,
            0.00149813,
            0.00168539,
            0.0011236,
            0.00168539,
            0.0011236
          ]
        ]
      ],
      [
        [
          "_metadata",
          {
            "jsonVersion": 3.0,
            "className": "AtomChemicalShift",
            "classVersion": 1.0,
            "user": "luca",
            "lastPath": "undefined",
            "timestamp": "Thu Jan 11 11:58:53 2024"
          }
        ],
        [
          "atomName",
          "N"
        ],
        [
          "atomElementName",
          "N"
        ],
        [
          "atomAverageShift",
          132.308
        ],
        [
          "atomStdShift",
          10.1822
        ],
        [
          "atomMinShift",
          92.0
        ],
        [
          "atomMaxShift",
          174.0
        ],
        [
          "atomDistributionRefValue",
          92.0
        ],
        [
          "atomDistributionValuePerPoint",
          1.0
        ],
        [
          "atomStatisticalDistribution",
          [
            0,
            0,
            0,
            0,
            0,
            0,
            0,
            0,
            0,
            0,
            0,
            0,
            0.00900901,
            0,
            0.0045045,
            0,
            0,
            0.0045045,
            0.0045045,
            0.00900901,
            0.00900901,
            0.0045045,
            0.00900901,
            0.0225225,
            0.0315315,
            0.0225225,
            0.0045045,
            0.00900901,
            0.0135135,
            0.0135135,
            0,
            0.0045045,
            0.0045045,
            0,
            0.0135135,
            0,
            0.0135135,
            0.0135135,
            0.045045,
            0.027027,
            0.0405405,
            0.0675676,
            0.0945946,
            0.0765766,
            0.108108,
            0.0855856,
            0.0585586,
            0.0495495,
            0.0405405,
            0.027027,
            0.027027,
            0,
            0.018018,
            0.0045045,
            0.0045045,
            0,
            0,
            0,
            0,
            0,
            0,
            0,
            0,
            0,
            0,
            0,
            0,
            0,
            0,
            0,
            0,
            0,
            0,
            0,
            0,
            0,
            0,
            0,
            0,
            0,
            0.0045045,
            0
          ]
        ]
      ]
    ]
  ]
]