[
  [
    "_metadata",
    {
      "jsonVersion": 3,
      "className": "ReferenceChemicalShift",
      "classVersion": 1,
      "user": "CCPN",
      "lastPath": "/Users/luca/Projects/AnalysisV3/resources/referenceChemicalShifts/COPs/SER.json",
      "timestamp": "Thu Jan 11 12:04:10 2024",
      "applicationVersion": 3.2
    }
  ],
  [
    "chemicalShiftName",
    "COPs"
  ],
  [
    "chemicalShiftComment",
    "The COPs-specific ReferenceChemical shifts"
  ],
  [
    "chemicalShiftEntryDate",
    "2006-08-16-14:25:08"
  ],
  [
    "compoundName",
    "Serine"
  ],
  [
    "compoundShortName",
    "SER"
  ],
  [
    "compoundCcpCode",
    "Ser"
  ],
  [
    "compoundType",
    "Protein"
  ],
  [
    "compoundTypeClassification",
    "Peptide linking"
  ],
  [
    "compoundPrecursorName",
    "Serine"
  ],
  [
    "loadingLevel",
    1
  ],
  [
    "atoms",
    [
      [
        [
          "_metadata",
          {
            "jsonVersion": 3.0,
            "className": "AtomChemicalShift",
            "classVersion": 1.0,
            "user": "luca",
            "lastPath": "undefined",
            "timestamp": "Thu Jan 11 11:58:53 2024"
          }
        ],
        [
          "atomName",
          "C"
        ],
        [
          "atomElementName",
          "C"
        ],
        [
          "atomAverageShift",
          174.689
        ],
        [
          "atomStdShift",
          1.79629
        ],
        [
          "atomMinShift",
          168.0
        ],
        [
          "atomMaxShift",
          183.0
        ],
        [
          "atomDistributionRefValue",
          168.0
        ],
        [
          "atomDistributionValuePerPoint",
          1.0
        ],
        [
          "atomStatisticalDistribution",
          [
            0.00244393,
            0.00345026,
            0.0149511,
            0.0474411,
            0.0922944,
            0.154687,
            0.278033,
            0.192639,
            0.109546,
            0.0730305,
            0.019839,
            0.00718804,
            0.00244393,
            0.00129385,
            0.000718804
          ]
        ]
      ],
      [
        [
          "_metadata",
          {
            "jsonVersion": 3.0,
            "className": "AtomChemicalShift",
            "classVersion": 1.0,
            "user": "luca",
            "lastPath": "undefined",
            "timestamp": "Thu Jan 11 11:58:53 2024"
          }
        ],
        [
          "atomName",
          "CA"
        ],
        [
          "atomElementName",
          "C"
        ],
        [
          "atomAverageShift",
          58.6658
        ],
        [
          "atomStdShift",
          2.16999
        ],
        [
          "atomMinShift",
          50.0
        ],
        [
          "atomMaxShift",
          67.5
        ],
        [
          "atomDistributionRefValue",
          50.0
        ],
        [
          "atomDistributionValuePerPoint",
          0.5
        ],
        [
          "atomStatisticalDistribution",
          [
            0.000192105,
            0,
            0.000768418,
            0.000768418,
            0.000576314,
            0.00124868,
            0.00413025,
            0.00499472,
            0.00893286,
            0.0126789,
            0.0199789,
            0.0350591,
            0.0578235,
            0.0743444,
            0.0788589,
            0.0844299,
            0.12871,
            0.0979733,
            0.0630103,
            0.0466814,
            0.0488906,
            0.0456248,
            0.0580156,
            0.0562866,
            0.0323696,
            0.0199789,
            0.00816444,
            0.00470656,
            0.00259341,
            0.000672366,
            0.000672366,
            0.000288157,
            9.60523e-05,
            0.000384209,
            9.60523e-05
          ]
        ]
      ],
      [
        [
          "_metadata",
          {
            "jsonVersion": 3.0,
            "className": "AtomChemicalShift",
            "classVersion": 1.0,
            "user": "luca",
            "lastPath": "undefined",
            "timestamp": "Thu Jan 11 11:58:53 2024"
          }
        ],
        [
          "atomName",
          "CB"
        ],
        [
          "atomElementName",
          "C"
        ],
        [
          "atomAverageShift",
          45.0
        ],
        [
          "atomStdShift",
          1.57626
        ],
        [
          "atomMinShift",
          44.5
        ],
        [
          "atomMaxShift",
          45.5
        ],
        [
          "atomDistributionRefValue",
          44.5
        ],
        [
          "atomDistributionValuePerPoint",
          0.5
        ],
        [
          "atomStatisticalDistribution",
          [
            0.00140921,
            0.000867209,
            0.00195122,
            0.00617886,
            0.00682927,
            0.0146341,
            0.0234146,
            0.0360976,
            0.0649322,
            0.109593,
            0.137019,
            0.189593,
            0.126179,
            0.0808672,
            0.0659079,
            0.0484553,
            0.0313279,
            0.0225474,
            0.0138753,
            0.00780488,
            0.00401084,
            0.00260163,
            0.000867209,
            0.00173442,
            0.000867209,
            0.000433604
          ]
        ]
      ],
      [
        [
          "_metadata",
          {
            "jsonVersion": 3.0,
            "className": "AtomChemicalShift",
            "classVersion": 1.0,
            "user": "luca",
            "lastPath": "undefined",
            "timestamp": "Thu Jan 11 11:58:53 2024"
          }
        ],
        [
          "atomName",
          "H"
        ],
        [
          "atomElementName",
          "H"
        ],
        [
          "atomAverageShift",
          8.28006
        ],
        [
          "atomStdShift",
          0.602049
        ],
        [
          "atomMinShift",
          5.9
        ],
        [
          "atomMaxShift",
          10.75
        ],
        [
          "atomDistributionRefValue",
          5.9
        ],
        [
          "atomDistributionValuePerPoint",
          0.05
        ],
        [
          "atomStatisticalDistribution",
          [
            7.27961e-05,
            7.27961e-05,
            0.000145592,
            7.27961e-05,
            7.27961e-05,
            7.27961e-05,
            0.000218388,
            0.000218388,
            0.000145592,
            0.00036398,
            0.00036398,
            0.000873553,
            0.000436777,
            0.000727961,
            0.000582369,
            0.00123753,
            0.00116474,
            0.00145592,
            0.00152872,
            0.00247507,
            0.00196549,
            0.00276625,
            0.00393099,
            0.00385819,
            0.00414938,
            0.00757079,
            0.00575089,
            0.00786198,
            0.00793477,
            0.00684283,
            0.0147048,
            0.0133945,
            0.0138313,
            0.0145592,
            0.0139041,
            0.0187086,
            0.0187814,
            0.0236587,
            0.0250419,
            0.0216932,
            0.0271529,
            0.0294096,
            0.0262066,
            0.0381452,
            0.0300648,
            0.0431681,
            0.0390915,
            0.0397467,
            0.0483366,
            0.0391643,
            0.0423673,
            0.0324671,
            0.0267162,
            0.0304288,
            0.0198733,
            0.0293368,
            0.0211837,
            0.0186358,
            0.0192182,
            0.0122297,
            0.0195822,
            0.0138313,
            0.0129577,
            0.0132489,
            0.00858994,
            0.010337,
            0.00888112,
            0.00786198,
            0.007498,
            0.00531412,
            0.00509573,
            0.00356701,
            0.00283905,
            0.00385819,
            0.00225668,
            0.00196549,
            0.00196549,
            0.00131033,
            0.00203829,
            0.00101915,
            0.00152872,
            0.0018199,
            0.000800757,
            0.00131033,
            0.000509573,
            0.000655165,
            0.000800757,
            0.000218388,
            0.000291184,
            0.000218388,
            0.00036398,
            0.00036398,
            0.000436777,
            0.000145592,
            0.000218388,
            7.27961e-05,
            7.27961e-05
          ]
        ]
      ],
      [
        [
          "_metadata",
          {
            "jsonVersion": 3.0,
            "className": "AtomChemicalShift",
            "classVersion": 1.0,
            "user": "luca",
            "lastPath": "undefined",
            "timestamp": "Thu Jan 11 11:58:53 2024"
          }
        ],
        [
          "atomName",
          "HA"
        ],
        [
          "atomElementName",
          "H"
        ],
        [
          "atomAverageShift",
          4.5025
        ],
        [
          "atomStdShift",
          0.419711
        ],
        [
          "atomMinShift",
          2.8
        ],
        [
          "atomMaxShift",
          6.2
        ],
        [
          "atomDistributionRefValue",
          2.8
        ],
        [
          "atomDistributionValuePerPoint",
          0.05
        ],
        [
          "atomStatisticalDistribution",
          [
            0.000596862,
            8.5266e-05,
            0.000170532,
            0.000596862,
            0.000596862,
            0.000170532,
            0.00042633,
            0.000511596,
            0.000255798,
            0.000767394,
            0.000682128,
            0.000767394,
            0.00144952,
            0.00102319,
            0.00110846,
            0.00179059,
            0.00230218,
            0.00153479,
            0.00392224,
            0.00486016,
            0.00699181,
            0.00989086,
            0.0126194,
            0.0170532,
            0.0199523,
            0.0302694,
            0.0248977,
            0.0410982,
            0.0487722,
            0.0567019,
            0.074352,
            0.058322,
            0.0838165,
            0.0696623,
            0.0616473,
            0.0521828,
            0.0306958,
            0.0328274,
            0.0305252,
            0.0306958,
            0.0255798,
            0.014751,
            0.0167121,
            0.0157742,
            0.0122783,
            0.0111698,
            0.00733288,
            0.0087824,
            0.00596862,
            0.0090382,
            0.00758868,
            0.0045191,
            0.0050307,
            0.00409277,
            0.0047749,
            0.00588336,
            0.0040075,
            0.00392224,
            0.00417804,
            0.00196112,
            0.00247271,
            0.000937926,
            0.00110846,
            0.00136426,
            0.00119372,
            0.00170532,
            0.000767394,
            0.000511596
          ]
        ]
      ],
      [
        [
          "_metadata",
          {
            "jsonVersion": 3.0,
            "className": "AtomChemicalShift",
            "classVersion": 1.0,
            "user": "luca",
            "lastPath": "undefined",
            "timestamp": "Thu Jan 11 11:58:53 2024"
          }
        ],
        [
          "atomName",
          "HB2"
        ],
        [
          "atomElementName",
          "H"
        ],
        [
          "atomAverageShift",
          3.88368
        ],
        [
          "atomStdShift",
          0.2517
        ],
        [
          "atomMinShift",
          2.9
        ],
        [
          "atomMaxShift",
          4.95
        ],
        [
          "atomDistributionRefValue",
          2.9
        ],
        [
          "atomDistributionValuePerPoint",
          0.05
        ],
        [
          "atomStatisticalDistribution",
          [
            0.00242178,
            0.00203429,
            0.00348736,
            0.000968711,
            0.00251865,
            0.00203429,
            0.00358423,
            0.00513417,
            0.00464981,
            0.00833091,
            0.00920275,
            0.0113339,
            0.0218929,
            0.0208273,
            0.0296425,
            0.0326455,
            0.0499855,
            0.0779812,
            0.089412,
            0.123995,
            0.114017,
            0.0998741,
            0.0906713,
            0.0519229,
            0.0316768,
            0.0228616,
            0.0218929,
            0.0164681,
            0.0087184,
            0.0080403,
            0.00900901,
            0.00842778,
            0.00416546,
            0.00184055,
            0.000968711,
            0.00164681,
            0.00154994,
            0.000968711,
            0.000968711,
            0.00116245,
            0.00106558
          ]
        ]
      ],
      [
        [
          "_metadata",
          {
            "jsonVersion": 3.0,
            "className": "AtomChemicalShift",
            "classVersion": 1.0,
            "user": "luca",
            "lastPath": "undefined",
            "timestamp": "Thu Jan 11 11:58:53 2024"
          }
        ],
        [
          "atomName",
          "HB3"
        ],
        [
          "atomElementName",
          "H"
        ],
        [
          "atomAverageShift",
          3.86054
        ],
        [
          "atomStdShift",
          0.259293
        ],
        [
          "atomMinShift",
          2.8
        ],
        [
          "atomMaxShift",
          4.9
        ],
        [
          "atomDistributionRefValue",
          2.8
        ],
        [
          "atomDistributionValuePerPoint",
          0.05
        ],
        [
          "atomStatisticalDistribution",
          [
            0.00278134,
            0.00139067,
            0.00149765,
            0.00149765,
            0.00267437,
            0.00235344,
            0.00438596,
            0.00385109,
            0.00299529,
            0.00524176,
            0.00716731,
            0.00748823,
            0.0113393,
            0.0136928,
            0.0222507,
            0.025567,
            0.029525,
            0.0409713,
            0.0561617,
            0.0681429,
            0.0995935,
            0.126765,
            0.114784,
            0.0947796,
            0.0746684,
            0.0579803,
            0.0272786,
            0.0234275,
            0.0140137,
            0.0131579,
            0.0116602,
            0.00609756,
            0.00663243,
            0.00438596,
            0.00395807,
            0.00192555,
            0.000855798,
            0.00149765,
            0.00160462,
            0.00192555,
            0.00139067,
            0.000641849
          ]
        ]
      ],
      [
        [
          "_metadata",
          {
            "jsonVersion": 3.0,
            "className": "AtomChemicalShift",
            "classVersion": 1.0,
            "user": "luca",
            "lastPath": "undefined",
            "timestamp": "Thu Jan 11 11:58:53 2024"
          }
        ],
        [
          "atomName",
          "HG"
        ],
        [
          "atomElementName",
          "H"
        ],
        [
          "atomAverageShift",
          5.5624
        ],
        [
          "atomStdShift",
          1.25989
        ],
        [
          "atomMinShift",
          0.5
        ],
        [
          "atomMaxShift",
          10.6
        ],
        [
          "atomDistributionRefValue",
          0.5
        ],
        [
          "atomDistributionValuePerPoint",
          0.05
        ],
        [
          "atomStatisticalDistribution",
          [
            0,
            0,
            0,
            0,
            0,
            0,
            0,
            0,
            0,
            0,
            0,
            0,
            0.0104712,
            0,
            0,
            0,
            0,
            0,
            0,
            0,
            0,
            0,
            0,
            0,
            0,
            0,
            0,
            0,
            0,
            0,
            0,
            0.0052356,
            0,
            0,
            0,
            0,
            0,
            0,
            0,
            0,
            0,
            0,
            0,
            0,
            0,
            0,
            0,
            0,
            0,
            0.0052356,
            0,
            0,
            0,
            0,
            0,
            0,
            0,
            0,
            0.0104712,
            0,
            0,
            0.0052356,
            0,
            0,
            0.0052356,
            0.0052356,
            0.0104712,
            0,
            0,
            0,
            0.0104712,
            0,
            0.0052356,
            0.0104712,
            0.0104712,
            0,
            0,
            0.0052356,
            0.0052356,
            0,
            0.026178,
            0,
            0.0052356,
            0,
            0.026178,
            0.0209424,
            0.0157068,
            0.0052356,
            0.0418848,
            0.0471204,
            0.026178,
            0.0366492,
            0.0104712,
            0.0209424,
            0.0314136,
            0.0314136,
            0,
            0.0104712,
            0.0209424,
            0.0052356,
            0.0157068,
            0.0366492,
            0.0209424,
            0.026178,
            0.0314136,
            0.0366492,
            0.0209424,
            0.026178,
            0.026178,
            0.0157068,
            0.0209424,
            0.0157068,
            0.0314136,
            0.0209424,
            0.0052356,
            0.0052356,
            0.0209424,
            0,
            0,
            0.0104712,
            0,
            0.0052356,
            0.0104712,
            0,
            0,
            0.0104712,
            0.0104712,
            0.0052356,
            0,
            0.0052356,
            0.0052356,
            0,
            0.0052356,
            0,
            0,
            0,
            0,
            0.0052356,
            0.0104712,
            0,
            0,
            0,
            0,
            0,
            0,
            0.0052356,
            0,
            0,
            0.0052356,
            0,
            0.0052356,
            0,
            0,
            0,
            0,
            0,
            0,
            0,
            0,
            0,
            0.0157068,
            0,
            0,
            0,
            0,
            0,
            0,
            0.0052356,
            0,
            0.0052356,
            0,
            0,
            0,
            0,
            0,
            0,
            0,
            0,
            0,
            0,
            0,
            0,
            0,
            0,
            0,
            0,
            0,
            0,
            0,
            0,
            0,
            0.0104712,
            0,
            0,
            0,
            0,
            0,
            0,
            0,
            0,
            0,
            0
          ]
        ]
      ],
      [
        [
          "_metadata",
          {
            "jsonVersion": 3.0,
            "className": "AtomChemicalShift",
            "classVersion": 1.0,
            "user": "luca",
            "lastPath": "undefined",
            "timestamp": "Thu Jan 11 11:58:53 2024"
          }
        ],
        [
          "atomName",
          "N"
        ],
        [
          "atomElementName",
          "N"
        ],
        [
          "atomAverageShift",
          116.302
        ],
        [
          "atomStdShift",
          3.75595
        ],
        [
          "atomMinShift",
          101.0
        ],
        [
          "atomMaxShift",
          132.0
        ],
        [
          "atomDistributionRefValue",
          101.0
        ],
        [
          "atomDistributionValuePerPoint",
          1.0
        ],
        [
          "atomStatisticalDistribution",
          [
            0,
            0.000441735,
            0.00106016,
            0.000530082,
            0.00220868,
            0.00114851,
            0.00574256,
            0.00989487,
            0.0159025,
            0.0285361,
            0.0469123,
            0.0593692,
            0.0859617,
            0.101334,
            0.12934,
            0.120152,
            0.102306,
            0.0793356,
            0.0579556,
            0.0401979,
            0.0352505,
            0.0278293,
            0.0181995,
            0.0134287,
            0.00795123,
            0.00397562,
            0.00229702,
            0.00141355,
            0.000795123,
            0.000530082,
            0
          ]
        ]
      ]
    ]
  ]
]