[
  [
    "_metadata",
    {
      "jsonVersion": 3,
      "className": "ReferenceChemicalShift",
      "classVersion": 1,
      "user": "CCPN",
      "lastPath": "/Users/luca/Projects/AnalysisV3/resources/referenceChemicalShifts/COPs/THR.json",
      "timestamp": "Thu Jan 11 12:04:10 2024",
      "applicationVersion": 3.2
    }
  ],
  [
    "chemicalShiftName",
    "COPs"
  ],
  [
    "chemicalShiftComment",
    "The COPs-specific ReferenceChemical shifts"
  ],
  [
    "chemicalShiftEntryDate",
    "2006-08-16-14:25:08"
  ],
  [
    "compoundName",
    "Threonine"
  ],
  [
    "compoundShortName",
    "THR"
  ],
  [
    "compoundCcpCode",
    "Thr"
  ],
  [
    "compoundType",
    "Protein"
  ],
  [
    "compoundTypeClassification",
    "Peptide linking"
  ],
  [
    "compoundPrecursorName",
    "Threonine"
  ],
  [
    "loadingLevel",
    1
  ],
  [
    "atoms",
    [
      [
        [
          "_metadata",
          {
            "jsonVersion": 3.0,
            "className": "AtomChemicalShift",
            "classVersion": 1.0,
            "user": "luca",
            "lastPath": "undefined",
            "timestamp": "Thu Jan 11 11:58:53 2024"
          }
        ],
        [
          "atomName",
          "C"
        ],
        [
          "atomElementName",
          "C"
        ],
        [
          "atomAverageShift",
          174.602
        ],
        [
          "atomStdShift",
          1.78159
        ],
        [
          "atomMinShift",
          167.0
        ],
        [
          "atomMaxShift",
          182.0
        ],
        [
          "atomDistributionRefValue",
          167.0
        ],
        [
          "atomDistributionValuePerPoint",
          1.0
        ],
        [
          "atomStatisticalDistribution",
          [
            0.000471772,
            0.00125806,
            0.00456047,
            0.0179273,
            0.0468627,
            0.108822,
            0.17314,
            0.234785,
            0.199402,
            0.12958,
            0.058028,
            0.016512,
            0.00597578,
            0.0022016,
            0.000471772
          ]
        ]
      ],
      [
        [
          "_metadata",
          {
            "jsonVersion": 3.0,
            "className": "AtomChemicalShift",
            "classVersion": 1.0,
            "user": "luca",
            "lastPath": "undefined",
            "timestamp": "Thu Jan 11 11:58:53 2024"
          }
        ],
        [
          "atomName",
          "CA"
        ],
        [
          "atomElementName",
          "C"
        ],
        [
          "atomAverageShift",
          62.1867
        ],
        [
          "atomStdShift",
          2.72453
        ],
        [
          "atomMinShift",
          51.0
        ],
        [
          "atomMaxShift",
          73.0
        ],
        [
          "atomDistributionRefValue",
          51.0
        ],
        [
          "atomDistributionValuePerPoint",
          0.5
        ],
        [
          "atomStatisticalDistribution",
          [
            0.000105319,
            0.000210637,
            0.000210637,
            0.000315956,
            0.000105319,
            0.000210637,
            0.000526593,
            0.000631912,
            0.0011585,
            0.0016851,
            0.00147446,
            0.00463402,
            0.00789889,
            0.014534,
            0.0227488,
            0.0311743,
            0.0500263,
            0.0684571,
            0.0730911,
            0.0709847,
            0.0816219,
            0.118694,
            0.0885729,
            0.056872,
            0.0411796,
            0.0281201,
            0.0255924,
            0.0250658,
            0.0248552,
            0.0248552,
            0.0328594,
            0.035387,
            0.0292786,
            0.0144286,
            0.0107425,
            0.00589784,
            0.00389679,
            0.00105319,
            0.000315956,
            0.000210637,
            0.000210637,
            0.000105319,
            0,
            0
          ]
        ]
      ],
      [
        [
          "_metadata",
          {
            "jsonVersion": 3.0,
            "className": "AtomChemicalShift",
            "classVersion": 1.0,
            "user": "luca",
            "lastPath": "undefined",
            "timestamp": "Thu Jan 11 11:58:53 2024"
          }
        ],
        [
          "atomName",
          "CB"
        ],
        [
          "atomElementName",
          "C"
        ],
        [
          "atomAverageShift",
          45.0
        ],
        [
          "atomStdShift",
          1.85657
        ],
        [
          "atomMinShift",
          44.5
        ],
        [
          "atomMaxShift",
          45.5
        ],
        [
          "atomDistributionRefValue",
          44.5
        ],
        [
          "atomDistributionValuePerPoint",
          0.5
        ],
        [
          "atomStatisticalDistribution",
          [
            0.000822755,
            0.0012929,
            0.00105783,
            0.00199812,
            0.00223319,
            0.00164551,
            0.00317348,
            0.00763987,
            0.0112835,
            0.0181006,
            0.0250353,
            0.0459567,
            0.0881523,
            0.116126,
            0.131406,
            0.156206,
            0.105665,
            0.0729901,
            0.0705219,
            0.0520686,
            0.0377292,
            0.0226845,
            0.0169252,
            0.00458392,
            0.00199812,
            0.0012929,
            0.000117536,
            0.000705219,
            0.000117536,
            0.000470146
          ]
        ]
      ],
      [
        [
          "_metadata",
          {
            "jsonVersion": 3.0,
            "className": "AtomChemicalShift",
            "classVersion": 1.0,
            "user": "luca",
            "lastPath": "undefined",
            "timestamp": "Thu Jan 11 11:58:53 2024"
          }
        ],
        [
          "atomName",
          "CG2"
        ],
        [
          "atomElementName",
          "C"
        ],
        [
          "atomAverageShift",
          21.4897
        ],
        [
          "atomStdShift",
          1.22477
        ],
        [
          "atomMinShift",
          17.0
        ],
        [
          "atomMaxShift",
          27.0
        ],
        [
          "atomDistributionRefValue",
          17.0
        ],
        [
          "atomDistributionValuePerPoint",
          0.5
        ],
        [
          "atomStatisticalDistribution",
          [
            0.0034656,
            0.00381216,
            0.00727777,
            0.0188875,
            0.0291111,
            0.0365621,
            0.0431468,
            0.0817883,
            0.190435,
            0.282273,
            0.164963,
            0.0687922,
            0.0348293,
            0.0150754,
            0.00710449,
            0.00537169,
            0.00155952,
            0.0017328,
            0.00190608,
            0.00190608
          ]
        ]
      ],
      [
        [
          "_metadata",
          {
            "jsonVersion": 3.0,
            "className": "AtomChemicalShift",
            "classVersion": 1.0,
            "user": "luca",
            "lastPath": "undefined",
            "timestamp": "Thu Jan 11 11:58:53 2024"
          }
        ],
        [
          "atomName",
          "H"
        ],
        [
          "atomElementName",
          "H"
        ],
        [
          "atomAverageShift",
          8.24677
        ],
        [
          "atomStdShift",
          0.639989
        ],
        [
          "atomMinShift",
          5.7
        ],
        [
          "atomMaxShift",
          10.85
        ],
        [
          "atomDistributionRefValue",
          5.7
        ],
        [
          "atomDistributionValuePerPoint",
          0.05
        ],
        [
          "atomStatisticalDistribution",
          [
            0.000155364,
            0.000233046,
            0,
            0,
            7.7682e-05,
            7.7682e-05,
            0.000310728,
            0.000233046,
            0.000310728,
            0,
            0.000621456,
            0.000543774,
            0.00077682,
            0.000310728,
            0.000699138,
            0.00132059,
            0.000699138,
            0.000621456,
            0.000932184,
            0.00124291,
            0.00163132,
            0.00186437,
            0.00295191,
            0.00194205,
            0.00264119,
            0.00396178,
            0.00365105,
            0.0055931,
            0.00481628,
            0.00668065,
            0.00870038,
            0.00971025,
            0.0105647,
            0.00978793,
            0.0115746,
            0.0163132,
            0.0172454,
            0.0163909,
            0.0154587,
            0.0197312,
            0.0245475,
            0.0218286,
            0.0242368,
            0.0231492,
            0.0272664,
            0.033947,
            0.030529,
            0.0438126,
            0.0382195,
            0.0496388,
            0.0384526,
            0.0288977,
            0.0389963,
            0.0244698,
            0.0287423,
            0.0235376,
            0.018799,
            0.0272664,
            0.0180999,
            0.0238484,
            0.0236153,
            0.0167793,
            0.0211295,
            0.0173231,
            0.0181776,
            0.0129729,
            0.0128175,
            0.0140604,
            0.0118077,
            0.0121184,
            0.00963256,
            0.00838965,
            0.00807892,
            0.00699138,
            0.00582615,
            0.00481628,
            0.00357337,
            0.00334032,
            0.00256351,
            0.00334032,
            0.00201973,
            0.00132059,
            0.00139828,
            0.000543774,
            0.00147596,
            0.000466092,
            0.000310728,
            0.000621456,
            7.7682e-05,
            0.000310728,
            0.000543774,
            0.000466092,
            0.00077682,
            0.000699138,
            0.000310728,
            0.00038841,
            0.000310728,
            0.000621456,
            0.000621456,
            0.000155364,
            0.000233046,
            0.000233046,
            7.7682e-05
          ]
        ]
      ],
      [
        [
          "_metadata",
          {
            "jsonVersion": 3.0,
            "className": "AtomChemicalShift",
            "classVersion": 1.0,
            "user": "luca",
            "lastPath": "undefined",
            "timestamp": "Thu Jan 11 11:58:53 2024"
          }
        ],
        [
          "atomName",
          "HA"
        ],
        [
          "atomElementName",
          "H"
        ],
        [
          "atomAverageShift",
          4.46995
        ],
        [
          "atomStdShift",
          0.491146
        ],
        [
          "atomMinShift",
          2.5
        ],
        [
          "atomMaxShift",
          6.45
        ],
        [
          "atomDistributionRefValue",
          2.5
        ],
        [
          "atomDistributionValuePerPoint",
          0.05
        ],
        [
          "atomStatisticalDistribution",
          [
            0.000276396,
            9.21319e-05,
            0,
            9.21319e-05,
            0.000184264,
            0.000184264,
            9.21319e-05,
            0.000644924,
            0,
            0.000276396,
            0.000644924,
            0.000644924,
            0.000368528,
            0.000829187,
            0.000552792,
            0.00138198,
            0.00138198,
            0.00156624,
            0.00156624,
            0.00211903,
            0.00479086,
            0.00497512,
            0.0066335,
            0.00810761,
            0.0112401,
            0.0201769,
            0.014649,
            0.0227566,
            0.0204533,
            0.0292058,
            0.032799,
            0.0294822,
            0.0257048,
            0.0336282,
            0.0418279,
            0.0602543,
            0.056569,
            0.0506726,
            0.0487378,
            0.0413672,
            0.0461581,
            0.0336282,
            0.0263497,
            0.0309563,
            0.030035,
            0.0281002,
            0.0234015,
            0.0199005,
            0.0191634,
            0.0186107,
            0.0199926,
            0.0137277,
            0.0120693,
            0.0143726,
            0.0126221,
            0.0122535,
            0.00912106,
            0.0063571,
            0.00626497,
            0.00672563,
            0.00783121,
            0.00580431,
            0.00414594,
            0.00285609,
            0.00322462,
            0.0020269,
            0.00128985,
            0.00119772,
            0.00119772,
            0.000552792,
            0.000276396,
            0.000368528,
            0.000368528,
            0.000276396,
            0.000368528,
            0.000829187,
            0.000552792,
            9.21319e-05,
            0
          ]
        ]
      ],
      [
        [
          "_metadata",
          {
            "jsonVersion": 3.0,
            "className": "AtomChemicalShift",
            "classVersion": 1.0,
            "user": "luca",
            "lastPath": "undefined",
            "timestamp": "Thu Jan 11 11:58:53 2024"
          }
        ],
        [
          "atomName",
          "HB"
        ],
        [
          "atomElementName",
          "H"
        ],
        [
          "atomAverageShift",
          4.16575
        ],
        [
          "atomStdShift",
          0.369451
        ],
        [
          "atomMinShift",
          2.7
        ],
        [
          "atomMaxShift",
          5.7
        ],
        [
          "atomDistributionRefValue",
          2.7
        ],
        [
          "atomDistributionValuePerPoint",
          0.05
        ],
        [
          "atomStatisticalDistribution",
          [
            0.000723813,
            0.000413608,
            0.000723813,
            0.000310206,
            0.000413608,
            0.000723813,
            0.000413608,
            0.000620412,
            0.00124082,
            0.00051701,
            0.00124082,
            0.00206804,
            0.00175783,
            0.00258505,
            0.00206804,
            0.00372247,
            0.00434288,
            0.00723813,
            0.010547,
            0.0136491,
            0.0249199,
            0.029573,
            0.0318478,
            0.0399131,
            0.0385689,
            0.0596629,
            0.0596629,
            0.0541826,
            0.051701,
            0.0728984,
            0.0915107,
            0.0778616,
            0.0594561,
            0.0410506,
            0.0363975,
            0.0374315,
            0.0234722,
            0.0222314,
            0.0130286,
            0.0161307,
            0.0161307,
            0.0129252,
            0.00940958,
            0.00506669,
            0.00506669,
            0.00268845,
            0.00186123,
            0.00144763,
            0.000930617,
            0.000620412,
            0.000723813,
            0.000723813,
            0.000206804,
            0.000413608,
            0.000103402,
            0.00144763,
            0.00165443,
            0.000827215,
            0.000620412,
            0.000310206
          ]
        ]
      ],
      [
        [
          "_metadata",
          {
            "jsonVersion": 3.0,
            "className": "AtomChemicalShift",
            "classVersion": 1.0,
            "user": "luca",
            "lastPath": "undefined",
            "timestamp": "Thu Jan 11 11:58:53 2024"
          }
        ],
        [
          "atomName",
          "HG1"
        ],
        [
          "atomElementName",
          "H"
        ],
        [
          "atomAverageShift",
          5.13871
        ],
        [
          "atomStdShift",
          1.93931
        ],
        [
          "atomMinShift",
          -2.6
        ],
        [
          "atomMaxShift",
          12.95
        ],
        [
          "atomDistributionRefValue",
          -2.6
        ],
        [
          "atomDistributionValuePerPoint",
          0.05
        ],
        [
          "atomStatisticalDistribution",
          [
            0,
            0,
            0,
            0,
            0,
            0,
            0,
            0,
            0,
            0,
            0,
            0,
            0,
            0,
            0,
            0,
            0,
            0,
            0,
            0,
            0,
            0,
            0,
            0,
            0,
            0,
            0,
            0,
            0,
            0,
            0,
            0,
            0,
            0,
            0,
            0,
            0,
            0,
            0,
            0,
            0,
            0,
            0,
            0,
            0,
            0,
            0,
            0,
            0,
            0,
            0,
            0,
            0,
            0,
            0,
            0,
            0,
            0,
            0.00728155,
            0,
            0.00242718,
            0,
            0,
            0,
            0,
            0.00242718,
            0,
            0,
            0.00242718,
            0.00242718,
            0.00485437,
            0.00485437,
            0.00485437,
            0.00970874,
            0.0121359,
            0.0169903,
            0.0169903,
            0.00728155,
            0.00728155,
            0.0169903,
            0.00485437,
            0.00242718,
            0,
            0,
            0.00485437,
            0,
            0,
            0,
            0,
            0,
            0,
            0,
            0,
            0,
            0,
            0,
            0,
            0,
            0,
            0,
            0,
            0.00242718,
            0,
            0,
            0,
            0.00242718,
            0,
            0,
            0,
            0,
            0,
            0,
            0.00242718,
            0,
            0,
            0.00242718,
            0.00242718,
            0,
            0,
            0,
            0,
            0,
            0.00242718,
            0.00485437,
            0,
            0.00728155,
            0,
            0.00485437,
            0,
            0,
            0.00242718,
            0.00728155,
            0.00242718,
            0.00242718,
            0,
            0.00242718,
            0.00728155,
            0,
            0.0121359,
            0,
            0.00728155,
            0.0145631,
            0.00485437,
            0.00485437,
            0.00728155,
            0.00970874,
            0.00728155,
            0.0169903,
            0.0169903,
            0.0242718,
            0.0461165,
            0.026699,
            0.0291262,
            0.00970874,
            0.0145631,
            0.0194175,
            0.00242718,
            0.00728155,
            0.0121359,
            0.0194175,
            0.00970874,
            0.0242718,
            0.00728155,
            0.0169903,
            0.0194175,
            0.0194175,
            0.00970874,
            0.00728155,
            0.0364078,
            0.0169903,
            0.0121359,
            0.00970874,
            0.0218447,
            0.0121359,
            0.00970874,
            0.0218447,
            0.026699,
            0.0121359,
            0.0339806,
            0.0218447,
            0.00485437,
            0.00970874,
            0.00485437,
            0.00728155,
            0.00728155,
            0.00485437,
            0.00970874,
            0.00485437,
            0,
            0.00242718,
            0,
            0.00485437,
            0.00242718,
            0,
            0,
            0,
            0,
            0,
            0.00242718,
            0.00242718,
            0,
            0,
            0,
            0,
            0.00485437,
            0.00242718,
            0,
            0,
            0,
            0,
            0,
            0.00242718,
            0,
            0,
            0,
            0.00485437,
            0.00485437,
            0,
            0.00728155,
            0.00970874,
            0,
            0,
            0,
            0.00485437,
            0.00485437,
            0.00485437,
            0,
            0.00485437,
            0.00485437,
            0,
            0.00485437,
            0,
            0,
            0.00485437,
            0,
            0,
            0.00242718,
            0,
            0,
            0,
            0,
            0.00242718,
            0.00242718,
            0,
            0,
            0.00242718,
            0,
            0,
            0,
            0,
            0,
            0,
            0,
            0,
            0,
            0,
            0,
            0,
            0,
            0,
            0,
            0,
            0,
            0,
            0,
            0,
            0,
            0,
            0,
            0,
            0,
            0,
            0.00242718,
            0,
            0,
            0,
            0,
            0,
            0,
            0,
            0,
            0,
            0,
            0,
            0,
            0,
            0,
            0,
            0,
            0,
            0,
            0,
            0,
            0,
            0,
            0,
            0,
            0,
            0,
            0,
            0,
            0,
            0,
            0,
            0,
            0,
            0,
            0,
            0,
            0,
            0
          ]
        ]
      ],
      [
        [
          "_metadata",
          {
            "jsonVersion": 3.0,
            "className": "AtomChemicalShift",
            "classVersion": 1.0,
            "user": "luca",
            "lastPath": "undefined",
            "timestamp": "Thu Jan 11 11:58:53 2024"
          }
        ],
        [
          "atomName",
          "HG2%"
        ],
        [
          "atomElementName",
          "H"
        ],
        [
          "atomAverageShift",
          1.14506
        ],
        [
          "atomStdShift",
          0.237413
        ],
        [
          "atomMinShift",
          0.2
        ],
        [
          "atomMaxShift",
          2.1
        ],
        [
          "atomDistributionRefValue",
          0.2
        ],
        [
          "atomDistributionValuePerPoint",
          0.05
        ],
        [
          "atomStatisticalDistribution",
          [
            0.00253004,
            0.00221379,
            0.00316256,
            0.00200295,
            0.00316256,
            0.00442758,
            0.00442758,
            0.00621969,
            0.00379507,
            0.00780097,
            0.00643053,
            0.00990934,
            0.0171832,
            0.0218216,
            0.0232975,
            0.0424837,
            0.059456,
            0.0766393,
            0.124499,
            0.117858,
            0.149589,
            0.118701,
            0.0744255,
            0.0507063,
            0.0225596,
            0.0137044,
            0.00917141,
            0.00653595,
            0.00347881,
            0.00137044,
            0.0011596,
            0.00158128,
            0.0011596,
            0.000105419,
            0.00200295,
            0.00147586,
            0.00137044,
            0.00158128
          ]
        ]
      ],
      [
        [
          "_metadata",
          {
            "jsonVersion": 3.0,
            "className": "AtomChemicalShift",
            "classVersion": 1.0,
            "user": "luca",
            "lastPath": "undefined",
            "timestamp": "Thu Jan 11 11:58:53 2024"
          }
        ],
        [
          "atomName",
          "N"
        ],
        [
          "atomElementName",
          "N"
        ],
        [
          "atomAverageShift",
          115.588
        ],
        [
          "atomStdShift",
          4.99657
        ],
        [
          "atomMinShift",
          96.0
        ],
        [
          "atomMaxShift",
          136.0
        ],
        [
          "atomDistributionRefValue",
          96.0
        ],
        [
          "atomDistributionValuePerPoint",
          1.0
        ],
        [
          "atomStatisticalDistribution",
          [
            0,
            9.30579e-05,
            0.000372232,
            0.000279174,
            0.000744463,
            0.00139587,
            0.00335008,
            0.00455984,
            0.00679323,
            0.00958496,
            0.016006,
            0.0245673,
            0.0317327,
            0.0322911,
            0.0361995,
            0.0512749,
            0.0607668,
            0.0759352,
            0.086823,
            0.0929648,
            0.0911967,
            0.0767728,
            0.0719337,
            0.0502513,
            0.0400149,
            0.0339661,
            0.0242881,
            0.0199144,
            0.0184255,
            0.0131212,
            0.0115392,
            0.00567653,
            0.0024195,
            0.00111669,
            0.00111669,
            0.00102364,
            0.00120975,
            9.30579e-05,
            0.000186116,
            0
          ]
        ]
      ]
    ]
  ]
]