[
  [
    "_metadata",
    {
      "jsonVersion": 3,
      "className": "ReferenceChemicalShift",
      "classVersion": 1,
      "user": "CCPN",
      "lastPath": "/Users/luca/Projects/AnalysisV3/resources/referenceChemicalShifts/COPs/TRP.json",
      "timestamp": "Thu Jan 11 12:04:11 2024",
      "applicationVersion": 3.2
    }
  ],
  [
    "chemicalShiftName",
    "COPs"
  ],
  [
    "chemicalShiftComment",
    "The COPs-specific ReferenceChemical shifts"
  ],
  [
    "chemicalShiftEntryDate",
    "2006-08-16-14:25:08"
  ],
  [
    "compoundName",
    "Tryptophan"
  ],
  [
    "compoundShortName",
    "TRP"
  ],
  [
    "compoundCcpCode",
    "Trp"
  ],
  [
    "compoundType",
    "Protein"
  ],
  [
    "compoundTypeClassification",
    "Peptide linking"
  ],
  [
    "compoundPrecursorName",
    "Tryptophan"
  ],
  [
    "loadingLevel",
    1
  ],
  [
    "atoms",
    [
      [
        [
          "_metadata",
          {
            "jsonVersion": 3.0,
            "className": "AtomChemicalShift",
            "classVersion": 1.0,
            "user": "luca",
            "lastPath": "undefined",
            "timestamp": "Thu Jan 11 11:58:53 2024"
          }
        ],
        [
          "atomName",
          "C"
        ],
        [
          "atomElementName",
          "C"
        ],
        [
          "atomAverageShift",
          176.14
        ],
        [
          "atomStdShift",
          1.97264
        ],
        [
          "atomMinShift",
          168.0
        ],
        [
          "atomMaxShift",
          184.0
        ],
        [
          "atomDistributionRefValue",
          168.0
        ],
        [
          "atomDistributionValuePerPoint",
          1.0
        ],
        [
          "atomStatisticalDistribution",
          [
            0.000728863,
            0.00145773,
            0.00364431,
            0.0131195,
            0.0291545,
            0.0976676,
            0.139213,
            0.169825,
            0.212099,
            0.148688,
            0.106414,
            0.0546647,
            0.0204082,
            0.00291545,
            0,
            0
          ]
        ]
      ],
      [
        [
          "_metadata",
          {
            "jsonVersion": 3.0,
            "className": "AtomChemicalShift",
            "classVersion": 1.0,
            "user": "luca",
            "lastPath": "undefined",
            "timestamp": "Thu Jan 11 11:58:53 2024"
          }
        ],
        [
          "atomName",
          "CA"
        ],
        [
          "atomElementName",
          "C"
        ],
        [
          "atomAverageShift",
          57.6309
        ],
        [
          "atomStdShift",
          2.58027
        ],
        [
          "atomMinShift",
          47.0
        ],
        [
          "atomMaxShift",
          68.0
        ],
        [
          "atomDistributionRefValue",
          47.0
        ],
        [
          "atomDistributionValuePerPoint",
          0.5
        ],
        [
          "atomStatisticalDistribution",
          [
            0,
            0.000496771,
            0,
            0.000496771,
            0.000496771,
            0.000496771,
            0.000496771,
            0.00248385,
            0.00248385,
            0.00397417,
            0.00894188,
            0.010929,
            0.017387,
            0.0253353,
            0.0298063,
            0.0392449,
            0.0501739,
            0.0630899,
            0.077993,
            0.0750124,
            0.099851,
            0.0745156,
            0.0670641,
            0.0511674,
            0.0561351,
            0.0471932,
            0.04769,
            0.0367611,
            0.0248385,
            0.0258321,
            0.0223547,
            0.023845,
            0.00596125,
            0.00447094,
            0.000496771,
            0.000993542,
            0.000496771,
            0.000496771,
            0.000496771,
            0,
            0,
            0
          ]
        ]
      ],
      [
        [
          "_metadata",
          {
            "jsonVersion": 3.0,
            "className": "AtomChemicalShift",
            "classVersion": 1.0,
            "user": "luca",
            "lastPath": "undefined",
            "timestamp": "Thu Jan 11 11:58:53 2024"
          }
        ],
        [
          "atomName",
          "CB"
        ],
        [
          "atomElementName",
          "C"
        ],
        [
          "atomAverageShift",
          30.0435
        ],
        [
          "atomStdShift",
          2.07066
        ],
        [
          "atomMinShift",
          22.0
        ],
        [
          "atomMaxShift",
          39.0
        ],
        [
          "atomDistributionRefValue",
          22.0
        ],
        [
          "atomDistributionValuePerPoint",
          0.5
        ],
        [
          "atomStatisticalDistribution",
          [
            0.000544662,
            0,
            0.000544662,
            0.000544662,
            0.00272331,
            0.0043573,
            0.00544662,
            0.00762527,
            0.0119826,
            0.0168845,
            0.0261438,
            0.0462963,
            0.0718954,
            0.0729847,
            0.123638,
            0.141612,
            0.102397,
            0.08878,
            0.0762527,
            0.0413943,
            0.0484749,
            0.0299564,
            0.0305011,
            0.0217865,
            0.0108932,
            0.00490196,
            0.00326797,
            0.00490196,
            0.000544662,
            0.000544662,
            0.000544662,
            0.000544662,
            0,
            0.00108932
          ]
        ]
      ],
      [
        [
          "_metadata",
          {
            "jsonVersion": 3.0,
            "className": "AtomChemicalShift",
            "classVersion": 1.0,
            "user": "luca",
            "lastPath": "undefined",
            "timestamp": "Thu Jan 11 11:58:53 2024"
          }
        ],
        [
          "atomName",
          "CD1"
        ],
        [
          "atomElementName",
          "C"
        ],
        [
          "atomAverageShift",
          126.41
        ],
        [
          "atomStdShift",
          2.21475
        ],
        [
          "atomMinShift",
          118.0
        ],
        [
          "atomMaxShift",
          136.0
        ],
        [
          "atomDistributionRefValue",
          118.0
        ],
        [
          "atomDistributionValuePerPoint",
          0.5
        ],
        [
          "atomStatisticalDistribution",
          [
            0.00520833,
            0.00130208,
            0,
            0.00911458,
            0.00130208,
            0.00651042,
            0.00130208,
            0.00520833,
            0.00260417,
            0.0130208,
            0.015625,
            0.0221354,
            0.0299479,
            0.0703125,
            0.0742188,
            0.0703125,
            0.0885417,
            0.132812,
            0.154948,
            0.106771,
            0.0807292,
            0.0416667,
            0.0260417,
            0.0221354,
            0.0078125,
            0.00260417,
            0.00260417,
            0,
            0.00130208,
            0,
            0,
            0.00130208,
            0,
            0,
            0.00130208,
            0.00130208
          ]
        ]
      ],
      [
        [
          "_metadata",
          {
            "jsonVersion": 3.0,
            "className": "AtomChemicalShift",
            "classVersion": 1.0,
            "user": "luca",
            "lastPath": "undefined",
            "timestamp": "Thu Jan 11 11:58:53 2024"
          }
        ],
        [
          "atomName",
          "CD2"
        ],
        [
          "atomElementName",
          "C"
        ],
        [
          "atomAverageShift",
          127.625
        ],
        [
          "atomStdShift",
          1.14098
        ],
        [
          "atomMinShift",
          123.0
        ],
        [
          "atomMaxShift",
          132.5
        ],
        [
          "atomDistributionRefValue",
          123.0
        ],
        [
          "atomDistributionValuePerPoint",
          0.5
        ],
        [
          "atomStatisticalDistribution",
          [
            0,
            0,
            0,
            0,
            0,
            0.025,
            0.125,
            0.175,
            0.2,
            0.15,
            0.1375,
            0.05,
            0.0125,
            0.075,
            0.025,
            0.0125,
            0.0125,
            0,
            0
          ]
        ]
      ],
      [
        [
          "_metadata",
          {
            "jsonVersion": 3.0,
            "className": "AtomChemicalShift",
            "classVersion": 1.0,
            "user": "luca",
            "lastPath": "undefined",
            "timestamp": "Thu Jan 11 11:58:53 2024"
          }
        ],
        [
          "atomName",
          "CE2"
        ],
        [
          "atomElementName",
          "C"
        ],
        [
          "atomAverageShift",
          136.887
        ],
        [
          "atomStdShift",
          4.48522
        ],
        [
          "atomMinShift",
          119.0
        ],
        [
          "atomMaxShift",
          155.0
        ],
        [
          "atomDistributionRefValue",
          119.0
        ],
        [
          "atomDistributionValuePerPoint",
          0.5
        ],
        [
          "atomStatisticalDistribution",
          [
            0,
            0.011236,
            0,
            0.0224719,
            0,
            0,
            0,
            0,
            0,
            0,
            0,
            0,
            0,
            0,
            0,
            0,
            0,
            0,
            0,
            0.011236,
            0,
            0,
            0,
            0,
            0,
            0,
            0,
            0,
            0,
            0,
            0,
            0.011236,
            0.011236,
            0.0449438,
            0.0561798,
            0.0224719,
            0.0561798,
            0.224719,
            0.146067,
            0.224719,
            0.0898876,
            0.0337079,
            0,
            0,
            0.011236,
            0,
            0,
            0,
            0,
            0,
            0,
            0,
            0,
            0,
            0,
            0,
            0,
            0,
            0,
            0,
            0,
            0,
            0,
            0,
            0,
            0,
            0,
            0,
            0,
            0,
            0,
            0.0224719
          ]
        ]
      ],
      [
        [
          "_metadata",
          {
            "jsonVersion": 3.0,
            "className": "AtomChemicalShift",
            "classVersion": 1.0,
            "user": "luca",
            "lastPath": "undefined",
            "timestamp": "Thu Jan 11 11:58:53 2024"
          }
        ],
        [
          "atomName",
          "CE3"
        ],
        [
          "atomElementName",
          "C"
        ],
        [
          "atomAverageShift",
          120.522
        ],
        [
          "atomStdShift",
          2.27784
        ],
        [
          "atomMinShift",
          111.0
        ],
        [
          "atomMaxShift",
          129.5
        ],
        [
          "atomDistributionRefValue",
          111.0
        ],
        [
          "atomDistributionValuePerPoint",
          0.5
        ],
        [
          "atomStatisticalDistribution",
          [
            0.00476948,
            0.00158983,
            0,
            0,
            0,
            0.00317965,
            0,
            0.00158983,
            0.00317965,
            0,
            0,
            0.0063593,
            0.00953895,
            0.0254372,
            0.0286169,
            0.0524642,
            0.0842607,
            0.138315,
            0.162162,
            0.165342,
            0.116057,
            0.0874404,
            0.0524642,
            0.0174881,
            0.0111288,
            0.00476948,
            0.00476948,
            0.00794913,
            0.00317965,
            0,
            0.00158983,
            0.00158983,
            0.00158983,
            0.00158983,
            0.00158983,
            0,
            0
          ]
        ]
      ],
      [
        [
          "_metadata",
          {
            "jsonVersion": 3.0,
            "className": "AtomChemicalShift",
            "classVersion": 1.0,
            "user": "luca",
            "lastPath": "undefined",
            "timestamp": "Thu Jan 11 11:58:53 2024"
          }
        ],
        [
          "atomName",
          "CG"
        ],
        [
          "atomElementName",
          "C"
        ],
        [
          "atomAverageShift",
          109.807
        ],
        [
          "atomStdShift",
          4.00547
        ],
        [
          "atomMinShift",
          94.0
        ],
        [
          "atomMaxShift",
          126.5
        ],
        [
          "atomDistributionRefValue",
          94.0
        ],
        [
          "atomDistributionValuePerPoint",
          0.5
        ],
        [
          "atomStatisticalDistribution",
          [
            0,
            0,
            0,
            0,
            0,
            0,
            0,
            0,
            0,
            0,
            0,
            0,
            0,
            0,
            0,
            0,
            0,
            0.00917431,
            0,
            0,
            0,
            0.00917431,
            0.00917431,
            0,
            0,
            0,
            0,
            0.0366972,
            0.00917431,
            0.165138,
            0.0275229,
            0.110092,
            0.174312,
            0.0917431,
            0.0550459,
            0.137615,
            0.0550459,
            0.0642202,
            0,
            0.00917431,
            0.00917431,
            0.00917431,
            0,
            0,
            0,
            0.0183486,
            0,
            0,
            0,
            0,
            0,
            0,
            0,
            0,
            0,
            0,
            0,
            0,
            0,
            0,
            0,
            0,
            0,
            0,
            0
          ]
        ]
      ],
      [
        [
          "_metadata",
          {
            "jsonVersion": 3.0,
            "className": "AtomChemicalShift",
            "classVersion": 1.0,
            "user": "luca",
            "lastPath": "undefined",
            "timestamp": "Thu Jan 11 11:58:53 2024"
          }
        ],
        [
          "atomName",
          "CH2"
        ],
        [
          "atomElementName",
          "C"
        ],
        [
          "atomAverageShift",
          123.657
        ],
        [
          "atomStdShift",
          1.77126
        ],
        [
          "atomMinShift",
          117.0
        ],
        [
          "atomMaxShift",
          131.5
        ],
        [
          "atomDistributionRefValue",
          117.0
        ],
        [
          "atomDistributionValuePerPoint",
          0.5
        ],
        [
          "atomStatisticalDistribution",
          [
            0.00452489,
            0,
            0,
            0.00301659,
            0,
            0.0105581,
            0.0135747,
            0.0135747,
            0.0211161,
            0.0241327,
            0.0739065,
            0.0739065,
            0.101056,
            0.179487,
            0.188537,
            0.152338,
            0.0754148,
            0.0241327,
            0.015083,
            0.00603318,
            0.00301659,
            0.0015083,
            0,
            0.0015083,
            0.00452489,
            0.00301659,
            0.00603318,
            0,
            0
          ]
        ]
      ],
      [
        [
          "_metadata",
          {
            "jsonVersion": 3.0,
            "className": "AtomChemicalShift",
            "classVersion": 1.0,
            "user": "luca",
            "lastPath": "undefined",
            "timestamp": "Thu Jan 11 11:58:53 2024"
          }
        ],
        [
          "atomName",
          "CZ2"
        ],
        [
          "atomElementName",
          "C"
        ],
        [
          "atomAverageShift",
          114.354
        ],
        [
          "atomStdShift",
          1.82971
        ],
        [
          "atomMinShift",
          107.0
        ],
        [
          "atomMaxShift",
          122.0
        ],
        [
          "atomDistributionRefValue",
          107.0
        ],
        [
          "atomDistributionValuePerPoint",
          0.5
        ],
        [
          "atomStatisticalDistribution",
          [
            0,
            0,
            0,
            0,
            0,
            0,
            0,
            0.00565771,
            0.0155587,
            0.00990099,
            0.0353607,
            0.0608204,
            0.0848656,
            0.130127,
            0.224894,
            0.227723,
            0.110325,
            0.0509194,
            0.0240453,
            0.00424328,
            0.00282885,
            0.00424328,
            0.00141443,
            0.00282885,
            0.00282885,
            0,
            0,
            0.00141443,
            0,
            0
          ]
        ]
      ],
      [
        [
          "_metadata",
          {
            "jsonVersion": 3.0,
            "className": "AtomChemicalShift",
            "classVersion": 1.0,
            "user": "luca",
            "lastPath": "undefined",
            "timestamp": "Thu Jan 11 11:58:53 2024"
          }
        ],
        [
          "atomName",
          "CZ3"
        ],
        [
          "atomElementName",
          "C"
        ],
        [
          "atomAverageShift",
          121.449
        ],
        [
          "atomStdShift",
          1.85343
        ],
        [
          "atomMinShift",
          114.0
        ],
        [
          "atomMaxShift",
          129.0
        ],
        [
          "atomDistributionRefValue",
          114.0
        ],
        [
          "atomDistributionValuePerPoint",
          0.5
        ],
        [
          "atomStatisticalDistribution",
          [
            0,
            0.00157729,
            0,
            0.00315457,
            0.00157729,
            0.00315457,
            0,
            0.00946372,
            0.00788644,
            0.0157729,
            0.0173502,
            0.0883281,
            0.0804416,
            0.119874,
            0.175079,
            0.18612,
            0.134069,
            0.0536278,
            0.0362776,
            0.0126183,
            0.0268139,
            0.0173502,
            0.00157729,
            0,
            0,
            0.00157729,
            0.00315457,
            0.00157729,
            0.00157729,
            0
          ]
        ]
      ],
      [
        [
          "_metadata",
          {
            "jsonVersion": 3.0,
            "className": "AtomChemicalShift",
            "classVersion": 1.0,
            "user": "luca",
            "lastPath": "undefined",
            "timestamp": "Thu Jan 11 11:58:53 2024"
          }
        ],
        [
          "atomName",
          "H"
        ],
        [
          "atomElementName",
          "H"
        ],
        [
          "atomAverageShift",
          8.27442
        ],
        [
          "atomStdShift",
          0.796632
        ],
        [
          "atomMinShift",
          5.1
        ],
        [
          "atomMaxShift",
          11.5
        ],
        [
          "atomDistributionRefValue",
          5.1
        ],
        [
          "atomDistributionValuePerPoint",
          0.05
        ],
        [
          "atomStatisticalDistribution",
          [
            0,
            0.000343407,
            0,
            0,
            0,
            0,
            0,
            0.000343407,
            0.000343407,
            0,
            0.000343407,
            0.000686813,
            0.000686813,
            0.000686813,
            0.000686813,
            0.000343407,
            0.000686813,
            0.000686813,
            0.00137363,
            0.000343407,
            0.00171703,
            0.000686813,
            0.00206044,
            0.00206044,
            0.000686813,
            0.00137363,
            0.00206044,
            0.00412088,
            0.00274725,
            0.000686813,
            0.00103022,
            0.00343407,
            0.00343407,
            0.00583791,
            0.00274725,
            0.00274725,
            0.00274725,
            0.00309066,
            0.00583791,
            0.00583791,
            0.00789835,
            0.00858516,
            0.00721154,
            0.0154533,
            0.00824176,
            0.00961538,
            0.0133929,
            0.018544,
            0.0144231,
            0.0116758,
            0.0206044,
            0.0157967,
            0.0140797,
            0.0171703,
            0.0257555,
            0.018544,
            0.0274725,
            0.029533,
            0.0336538,
            0.0285027,
            0.0298764,
            0.0315934,
            0.0226648,
            0.0254121,
            0.0223214,
            0.0333104,
            0.029533,
            0.0233516,
            0.0226648,
            0.0254121,
            0.0178571,
            0.0250687,
            0.0151099,
            0.0226648,
            0.0140797,
            0.0137363,
            0.0209478,
            0.0154533,
            0.020261,
            0.0137363,
            0.0140797,
            0.0116758,
            0.00858516,
            0.010989,
            0.0120192,
            0.0130495,
            0.00789835,
            0.00583791,
            0.00652473,
            0.00583791,
            0.00686813,
            0.00995879,
            0.00206044,
            0.00480769,
            0.00377747,
            0.00240385,
            0.00412088,
            0.00240385,
            0.000686813,
            0.00137363,
            0.000686813,
            0.00171703,
            0.00137363,
            0.000343407,
            0,
            0.00137363,
            0.000343407,
            0.000343407,
            0.000343407,
            0.00103022,
            0.000686813,
            0,
            0.00171703,
            0.000686813,
            0,
            0,
            0.000343407,
            0,
            0,
            0.000343407,
            0,
            0,
            0,
            0,
            0,
            0,
            0,
            0
          ]
        ]
      ],
      [
        [
          "_metadata",
          {
            "jsonVersion": 3.0,
            "className": "AtomChemicalShift",
            "classVersion": 1.0,
            "user": "luca",
            "lastPath": "undefined",
            "timestamp": "Thu Jan 11 11:58:53 2024"
          }
        ],
        [
          "atomName",
          "HA"
        ],
        [
          "atomElementName",
          "H"
        ],
        [
          "atomAverageShift",
          4.71669
        ],
        [
          "atomStdShift",
          0.553349
        ],
        [
          "atomMinShift",
          2.5
        ],
        [
          "atomMaxShift",
          6.95
        ],
        [
          "atomDistributionRefValue",
          2.5
        ],
        [
          "atomDistributionValuePerPoint",
          0.05
        ],
        [
          "atomStatisticalDistribution",
          [
            0.00124378,
            0,
            0.000414594,
            0,
            0,
            0,
            0,
            0.00124378,
            0.000414594,
            0,
            0,
            0,
            0.000414594,
            0,
            0.000829187,
            0.000414594,
            0,
            0.000829187,
            0.000414594,
            0.00124378,
            0.00124378,
            0.00207297,
            0.00248756,
            0.00373134,
            0.00870647,
            0.011194,
            0.0066335,
            0.011194,
            0.00787728,
            0.00995025,
            0.0199005,
            0.0186567,
            0.0178275,
            0.024461,
            0.0257048,
            0.0339967,
            0.0323383,
            0.0335821,
            0.0360697,
            0.0352405,
            0.0580431,
            0.0456053,
            0.0447761,
            0.0385572,
            0.0485075,
            0.0360697,
            0.0261194,
            0.0236318,
            0.0269486,
            0.0257048,
            0.0207297,
            0.0207297,
            0.0240464,
            0.0199005,
            0.0211443,
            0.0223881,
            0.0145108,
            0.00829187,
            0.0116086,
            0.0194859,
            0.0149254,
            0.0145108,
            0.0128524,
            0.0066335,
            0.00538972,
            0.00414594,
            0.00414594,
            0.00580431,
            0.00290216,
            0.00165837,
            0.00124378,
            0.00331675,
            0.00248756,
            0.00124378,
            0.00124378,
            0.000414594,
            0,
            0.00124378,
            0,
            0.000414594,
            0.00497512,
            0.00165837,
            0,
            0.000414594,
            0,
            0.000829187,
            0.000414594,
            0,
            0
          ]
        ]
      ],
      [
        [
          "_metadata",
          {
            "jsonVersion": 3.0,
            "className": "AtomChemicalShift",
            "classVersion": 1.0,
            "user": "luca",
            "lastPath": "undefined",
            "timestamp": "Thu Jan 11 11:58:53 2024"
          }
        ],
        [
          "atomName",
          "HB2"
        ],
        [
          "atomElementName",
          "H"
        ],
        [
          "atomAverageShift",
          3.19999
        ],
        [
          "atomStdShift",
          0.347892
        ],
        [
          "atomMinShift",
          1.8
        ],
        [
          "atomMaxShift",
          4.6
        ],
        [
          "atomDistributionRefValue",
          1.8
        ],
        [
          "atomDistributionValuePerPoint",
          0.05
        ],
        [
          "atomStatisticalDistribution",
          [
            0.0031489,
            0.00179937,
            0.00179937,
            0.00179937,
            0.00134953,
            0.00269906,
            0.000899685,
            0.00179937,
            0.00179937,
            0.00179937,
            0.00224921,
            0.00539811,
            0.00269906,
            0.00674764,
            0.00809717,
            0.00539811,
            0.0116959,
            0.00674764,
            0.0157445,
            0.0188934,
            0.0193432,
            0.0373369,
            0.0287899,
            0.0530814,
            0.0512821,
            0.0377868,
            0.0755735,
            0.0521817,
            0.0872695,
            0.0706253,
            0.0508322,
            0.071525,
            0.0463338,
            0.0418354,
            0.0391363,
            0.0220423,
            0.0283401,
            0.0220423,
            0.0161943,
            0.0161943,
            0.00764732,
            0.0062978,
            0.00404858,
            0.00134953,
            0.00269906,
            0.0031489,
            0.000899685,
            0.00134953,
            0,
            0,
            0.000449843,
            0.000899685,
            0,
            0.000449843,
            0.000449843,
            0
          ]
        ]
      ],
      [
        [
          "_metadata",
          {
            "jsonVersion": 3.0,
            "className": "AtomChemicalShift",
            "classVersion": 1.0,
            "user": "luca",
            "lastPath": "undefined",
            "timestamp": "Thu Jan 11 11:58:53 2024"
          }
        ],
        [
          "atomName",
          "HB3"
        ],
        [
          "atomElementName",
          "H"
        ],
        [
          "atomAverageShift",
          3.15185
        ],
        [
          "atomStdShift",
          0.350317
        ],
        [
          "atomMinShift",
          1.8
        ],
        [
          "atomMaxShift",
          4.65
        ],
        [
          "atomDistributionRefValue",
          1.8
        ],
        [
          "atomDistributionValuePerPoint",
          0.05
        ],
        [
          "atomStatisticalDistribution",
          [
            0.00235849,
            0.00188679,
            0.00188679,
            0.000943396,
            0.00235849,
            0.00235849,
            0.00141509,
            0.000943396,
            0.00235849,
            0.00235849,
            0.00518868,
            0.00377358,
            0.00377358,
            0.00707547,
            0.00660377,
            0.00707547,
            0.0165094,
            0.0165094,
            0.0216981,
            0.0273585,
            0.0245283,
            0.040566,
            0.0358491,
            0.0476415,
            0.0481132,
            0.0410377,
            0.0830189,
            0.0566038,
            0.0858491,
            0.0617925,
            0.0537736,
            0.0608491,
            0.0448113,
            0.0386792,
            0.0386792,
            0.0212264,
            0.0231132,
            0.0136792,
            0.0108491,
            0.00990566,
            0.00613208,
            0.00377358,
            0.00283019,
            0.000471698,
            0.000471698,
            0.00188679,
            0.000943396,
            0.000943396,
            0,
            0.00141509,
            0,
            0.000943396,
            0.00141509,
            0.000943396,
            0.00141509,
            0.00141509,
            0
          ]
        ]
      ],
      [
        [
          "_metadata",
          {
            "jsonVersion": 3.0,
            "className": "AtomChemicalShift",
            "classVersion": 1.0,
            "user": "luca",
            "lastPath": "undefined",
            "timestamp": "Thu Jan 11 11:58:53 2024"
          }
        ],
        [
          "atomName",
          "HD1"
        ],
        [
          "atomElementName",
          "H"
        ],
        [
          "atomAverageShift",
          7.15262
        ],
        [
          "atomStdShift",
          0.327648
        ],
        [
          "atomMinShift",
          5.8
        ],
        [
          "atomMaxShift",
          8.45
        ],
        [
          "atomDistributionRefValue",
          5.8
        ],
        [
          "atomDistributionValuePerPoint",
          0.05
        ],
        [
          "atomStatisticalDistribution",
          [
            0.00200602,
            0,
            0.000501505,
            0.00100301,
            0.00401204,
            0.00401204,
            0.00300903,
            0.00100301,
            0.00300903,
            0.00200602,
            0.00401204,
            0.00401204,
            0.00351053,
            0.00351053,
            0.00702106,
            0.0105316,
            0.00702106,
            0.00902708,
            0.0140421,
            0.0250752,
            0.0305918,
            0.0255767,
            0.0381143,
            0.0451354,
            0.0541625,
            0.0682046,
            0.0732197,
            0.0707121,
            0.0977934,
            0.0902708,
            0.0717151,
            0.0461384,
            0.0361083,
            0.0305918,
            0.0310933,
            0.0185557,
            0.0125376,
            0.0115346,
            0.00802407,
            0.00451354,
            0.00401204,
            0.00351053,
            0.00401204,
            0.00100301,
            0.000501505,
            0.00300903,
            0.00351053,
            0.00100301,
            0,
            0.000501505,
            0.00250752,
            0.00100301,
            0.00250752
          ]
        ]
      ],
      [
        [
          "_metadata",
          {
            "jsonVersion": 3.0,
            "className": "AtomChemicalShift",
            "classVersion": 1.0,
            "user": "luca",
            "lastPath": "undefined",
            "timestamp": "Thu Jan 11 11:58:53 2024"
          }
        ],
        [
          "atomName",
          "HE1"
        ],
        [
          "atomElementName",
          "H"
        ],
        [
          "atomAverageShift",
          10.1312
        ],
        [
          "atomStdShift",
          0.545308
        ],
        [
          "atomMinShift",
          7.9
        ],
        [
          "atomMaxShift",
          12.3
        ],
        [
          "atomDistributionRefValue",
          7.9
        ],
        [
          "atomDistributionValuePerPoint",
          0.05
        ],
        [
          "atomStatisticalDistribution",
          [
            0.000479846,
            0,
            0,
            0,
            0,
            0.000479846,
            0.000479846,
            0,
            0,
            0,
            0.000479846,
            0.000959693,
            0.000479846,
            0.00143954,
            0.000959693,
            0.00239923,
            0.00239923,
            0.00143954,
            0.00191939,
            0.00239923,
            0.00479846,
            0.00287908,
            0.00383877,
            0.00767754,
            0.00383877,
            0.00767754,
            0.00287908,
            0.00239923,
            0.012476,
            0.00575816,
            0.0115163,
            0.00815739,
            0.00815739,
            0.0143954,
            0.00863724,
            0.0158349,
            0.018714,
            0.0158349,
            0.0307102,
            0.0263916,
            0.0379079,
            0.0518234,
            0.053263,
            0.0638196,
            0.0508637,
            0.0777351,
            0.065739,
            0.0321497,
            0.053263,
            0.03119,
            0.0460653,
            0.0297505,
            0.0220729,
            0.0196737,
            0.0129559,
            0.0158349,
            0.0105566,
            0.00815739,
            0.0105566,
            0.00335893,
            0.0134357,
            0.00479846,
            0.00287908,
            0.00575816,
            0.00287908,
            0.00479846,
            0.00671785,
            0.000959693,
            0.00287908,
            0.000479846,
            0.00239923,
            0.000959693,
            0.00287908,
            0.00335893,
            0.00335893,
            0.00239923,
            0.00191939,
            0.00143954,
            0.000479846,
            0.000959693,
            0.00287908,
            0.000479846,
            0.00143954,
            0,
            0.00191939,
            0.000479846,
            0.000479846,
            0.000959693
          ]
        ]
      ],
      [
        [
          "_metadata",
          {
            "jsonVersion": 3.0,
            "className": "AtomChemicalShift",
            "classVersion": 1.0,
            "user": "luca",
            "lastPath": "undefined",
            "timestamp": "Thu Jan 11 11:58:53 2024"
          }
        ],
        [
          "atomName",
          "HE3"
        ],
        [
          "atomElementName",
          "H"
        ],
        [
          "atomAverageShift",
          7.33448
        ],
        [
          "atomStdShift",
          0.43587
        ],
        [
          "atomMinShift",
          5.6
        ],
        [
          "atomMaxShift",
          9.1
        ],
        [
          "atomDistributionRefValue",
          5.6
        ],
        [
          "atomDistributionValuePerPoint",
          0.05
        ],
        [
          "atomStatisticalDistribution",
          [
            0.00110742,
            0.00166113,
            0.00166113,
            0.00055371,
            0.00110742,
            0.00221484,
            0.00276855,
            0.00221484,
            0.00055371,
            0.00110742,
            0.00055371,
            0.00442968,
            0.00221484,
            0.00110742,
            0.00221484,
            0.00276855,
            0.00442968,
            0.00276855,
            0.00442968,
            0.00498339,
            0.00498339,
            0.00885936,
            0.0116279,
            0.00941307,
            0.0149502,
            0.0160576,
            0.0243632,
            0.0260244,
            0.0326689,
            0.0321152,
            0.0321152,
            0.0409745,
            0.0548173,
            0.0575858,
            0.0598007,
            0.0603544,
            0.0498339,
            0.0581395,
            0.0658915,
            0.0769657,
            0.055371,
            0.0337763,
            0.0232558,
            0.0238095,
            0.0221484,
            0.0110742,
            0.00941307,
            0.00719823,
            0.00498339,
            0.00387597,
            0.00276855,
            0.00332226,
            0.00110742,
            0.00166113,
            0.00276855,
            0.00110742,
            0.00166113,
            0.00110742,
            0,
            0.00055371,
            0.00166113,
            0,
            0.00055371,
            0.00055371,
            0.00110742,
            0.00166113,
            0,
            0.00055371,
            0,
            0.00055371
          ]
        ]
      ],
      [
        [
          "_metadata",
          {
            "jsonVersion": 3.0,
            "className": "AtomChemicalShift",
            "classVersion": 1.0,
            "user": "luca",
            "lastPath": "undefined",
            "timestamp": "Thu Jan 11 11:58:53 2024"
          }
        ],
        [
          "atomName",
          "HH2"
        ],
        [
          "atomElementName",
          "H"
        ],
        [
          "atomAverageShift",
          6.97528
        ],
        [
          "atomStdShift",
          0.403665
        ],
        [
          "atomMinShift",
          5.4
        ],
        [
          "atomMaxShift",
          8.65
        ],
        [
          "atomDistributionRefValue",
          5.4
        ],
        [
          "atomDistributionValuePerPoint",
          0.05
        ],
        [
          "atomStatisticalDistribution",
          [
            0.00167317,
            0.000557724,
            0.00111545,
            0.0044618,
            0.00334635,
            0.00390407,
            0.00334635,
            0.0022309,
            0.00111545,
            0.0022309,
            0.000557724,
            0.00111545,
            0.0022309,
            0.00278862,
            0.00334635,
            0.0139431,
            0.0044618,
            0.00557724,
            0.00836587,
            0.00780814,
            0.0105968,
            0.0150586,
            0.0122699,
            0.0122699,
            0.0200781,
            0.0284439,
            0.0351366,
            0.0379253,
            0.0306748,
            0.0290017,
            0.0501952,
            0.044618,
            0.0719465,
            0.0808701,
            0.0725042,
            0.11266,
            0.087005,
            0.054657,
            0.0379253,
            0.0200781,
            0.0111545,
            0.016174,
            0.0105968,
            0.0044618,
            0.00278862,
            0.00167317,
            0.00167317,
            0,
            0.00167317,
            0.000557724,
            0.000557724,
            0,
            0.000557724,
            0.000557724,
            0,
            0.00111545,
            0.00167317,
            0.00111545,
            0.00111545,
            0,
            0.000557724,
            0,
            0,
            0.00334635,
            0.000557724
          ]
        ]
      ],
      [
        [
          "_metadata",
          {
            "jsonVersion": 3.0,
            "className": "AtomChemicalShift",
            "classVersion": 1.0,
            "user": "luca",
            "lastPath": "undefined",
            "timestamp": "Thu Jan 11 11:58:53 2024"
          }
        ],
        [
          "atomName",
          "HZ2"
        ],
        [
          "atomElementName",
          "H"
        ],
        [
          "atomAverageShift",
          7.29782
        ],
        [
          "atomStdShift",
          0.339071
        ],
        [
          "atomMinShift",
          5.9
        ],
        [
          "atomMaxShift",
          8.65
        ],
        [
          "atomDistributionRefValue",
          5.9
        ],
        [
          "atomDistributionValuePerPoint",
          0.05
        ],
        [
          "atomStatisticalDistribution",
          [
            0.000521105,
            0.00156331,
            0.00260552,
            0.00260552,
            0.00156331,
            0.00312663,
            0.00208442,
            0.00416884,
            0.00260552,
            0.000521105,
            0.00625326,
            0.00312663,
            0.00625326,
            0.00729547,
            0.00416884,
            0.0156331,
            0.00833768,
            0.015112,
            0.0130276,
            0.0104221,
            0.0270974,
            0.0161542,
            0.0369984,
            0.029703,
            0.0276186,
            0.0489838,
            0.0422095,
            0.0562793,
            0.0708702,
            0.0693069,
            0.136529,
            0.114643,
            0.0750391,
            0.0422095,
            0.0166754,
            0.0234497,
            0.00833768,
            0.0177176,
            0.00573215,
            0.00364773,
            0.00260552,
            0.00260552,
            0.000521105,
            0.00104221,
            0.00156331,
            0.00260552,
            0,
            0.00104221,
            0.00156331,
            0.00104221,
            0.00104221,
            0.00104221,
            0,
            0.00208442,
            0.00104221
          ]
        ]
      ],
      [
        [
          "_metadata",
          {
            "jsonVersion": 3.0,
            "className": "AtomChemicalShift",
            "classVersion": 1.0,
            "user": "luca",
            "lastPath": "undefined",
            "timestamp": "Thu Jan 11 11:58:53 2024"
          }
        ],
        [
          "atomName",
          "HZ3"
        ],
        [
          "atomElementName",
          "H"
        ],
        [
          "atomAverageShift",
          6.86607
        ],
        [
          "atomStdShift",
          0.422801
        ],
        [
          "atomMinShift",
          5.2
        ],
        [
          "atomMaxShift",
          8.6
        ],
        [
          "atomDistributionRefValue",
          5.2
        ],
        [
          "atomDistributionValuePerPoint",
          0.05
        ],
        [
          "atomStatisticalDistribution",
          [
            0.00396601,
            0.00169972,
            0.000566572,
            0,
            0.00113314,
            0.00113314,
            0.00283286,
            0.00283286,
            0.00169972,
            0.00453258,
            0.00169972,
            0.00396601,
            0.00169972,
            0.00113314,
            0.00169972,
            0.00283286,
            0.00226629,
            0.00566572,
            0.00453258,
            0.00736544,
            0.0101983,
            0.0124646,
            0.0130312,
            0.0124646,
            0.0209632,
            0.0226629,
            0.0192635,
            0.0300283,
            0.0232295,
            0.0447592,
            0.0560907,
            0.0345609,
            0.0487252,
            0.0498584,
            0.0487252,
            0.074221,
            0.0640227,
            0.0753541,
            0.0759207,
            0.0623229,
            0.0396601,
            0.027762,
            0.0181303,
            0.0113314,
            0.00679887,
            0.0164306,
            0.00623229,
            0.00283286,
            0.00283286,
            0.00339943,
            0.00113314,
            0.00113314,
            0.00169972,
            0.00226629,
            0.00113314,
            0.000566572,
            0.00113314,
            0.000566572,
            0,
            0.000566572,
            0,
            0,
            0,
            0.000566572,
            0,
            0.000566572,
            0.000566572,
            0.000566572
          ]
        ]
      ],
      [
        [
          "_metadata",
          {
            "jsonVersion": 3.0,
            "className": "AtomChemicalShift",
            "classVersion": 1.0,
            "user": "luca",
            "lastPath": "undefined",
            "timestamp": "Thu Jan 11 11:58:53 2024"
          }
        ],
        [
          "atomName",
          "N"
        ],
        [
          "atomElementName",
          "N"
        ],
        [
          "atomAverageShift",
          121.779
        ],
        [
          "atomStdShift",
          4.48753
        ],
        [
          "atomMinShift",
          104.0
        ],
        [
          "atomMaxShift",
          140.0
        ],
        [
          "atomDistributionRefValue",
          104.0
        ],
        [
          "atomDistributionValuePerPoint",
          1.0
        ],
        [
          "atomStatisticalDistribution",
          [
            0.000436872,
            0,
            0.00131062,
            0.00131062,
            0.00349498,
            0.00393185,
            0.00567934,
            0.00524246,
            0.00873744,
            0.0078637,
            0.0200961,
            0.0218436,
            0.0366972,
            0.0467453,
            0.061599,
            0.09218,
            0.108344,
            0.125819,
            0.102665,
            0.0856269,
            0.0576671,
            0.0384447,
            0.037571,
            0.0262123,
            0.0279598,
            0.030581,
            0.0131062,
            0.013543,
            0.00567934,
            0.00480559,
            0.00436872,
            0,
            0,
            0,
            0.000436872,
            0
          ]
        ]
      ],
      [
        [
          "_metadata",
          {
            "jsonVersion": 3.0,
            "className": "AtomChemicalShift",
            "classVersion": 1.0,
            "user": "luca",
            "lastPath": "undefined",
            "timestamp": "Thu Jan 11 11:58:53 2024"
          }
        ],
        [
          "atomName",
          "NE1"
        ],
        [
          "atomElementName",
          "N"
        ],
        [
          "atomAverageShift",
          129.539
        ],
        [
          "atomStdShift",
          2.11172
        ],
        [
          "atomMinShift",
          121.0
        ],
        [
          "atomMaxShift",
          138.0
        ],
        [
          "atomDistributionRefValue",
          121.0
        ],
        [
          "atomDistributionValuePerPoint",
          1.0
        ],
        [
          "atomStatisticalDistribution",
          [
            0.00297398,
            0.00297398,
            0.00520446,
            0.00446097,
            0.0178439,
            0.0498141,
            0.0840149,
            0.188848,
            0.278067,
            0.191078,
            0.0750929,
            0.0550186,
            0.0178439,
            0.0148699,
            0.00817844,
            0.00148699,
            0.00223048
          ]
        ]
      ]
    ]
  ]
]