{
  "_metadata": {
    "jsonVersion": 3,
    "className": "ReferenceChemicalShift",
    "classVersion": 1,
    "user": "CCPN",
    "lastPath": "",
    "timestamp": "Fri Sep 15 15:17:45 2023",
    "applicationVersion": 3.2
  },
  "chemicalShiftName": "COPs",
  "chemicalShiftComment": "The COPs-specific ReferenceChemical shifts",
  "chemicalShiftEntryDate": "2006-08-16-14:25:08",
  "compoundShortName": "TYR",
  "compoundName": "Tyrosine",
  "compoundCcpCode": "Tyr",
  "compoundType": "Protein",
  "compoundTypeClassification": "Peptide linking",
  "compoundPrecursorName": "Tyrosine",
  "atoms": [
    {
      "atomName": "C",
      "atomElementName": "C",
      "atomAverageShift": 175.474,
      "atomStdShift": 2.01824,
      "atomMinShift": 167,
      "atomMaxShift": 184,
      "atomDistributionRefValue": 167,
      "atomDistributionValuePerPoint": 1,
      "atomStatisticalDistribution": [0, 0.00116313, 0.00290782, 0.0101774, 0.0284967, 0.0642629, 0.118639, 0.174469, 0.196278, 0.179703, 0.110497, 0.0744402, 0.0276243, 0.0104682, 0.000581564, 0.000290782, 0]
    },
    {
      "atomName": "CA",
      "atomElementName": "C",
      "atomAverageShift": 58.1035,
      "atomStdShift": 2.59137,
      "atomMinShift": 48,
      "atomMaxShift": 69,
      "atomDistributionRefValue": 48,
      "atomDistributionValuePerPoint": 0.5,
      "atomStatisticalDistribution": [0, 0.000380373, 0.000760746, 0.000760746, 0.000190186, 0.00171168, 0.000760746, 0.00266261, 0.00380373, 0.00817801, 0.00874857, 0.0140738, 0.0220616, 0.0330924, 0.0486877, 0.0597185, 0.0764549, 0.0846329, 0.0774059, 0.0838722, 0.0730316, 0.0555344, 0.0462153, 0.0391784, 0.041841, 0.0395588, 0.0464055, 0.0431723, 0.0393686, 0.0249144, 0.0136934, 0.00475466, 0.00266261, 0.000950932, 0.000190186, 0.000380373, 0, 0.000190186, 0, 0, 0, 0]
    },
    {
      "atomName": "CB",
      "atomElementName": "C",
      "atomAverageShift": 39.2761,
      "atomStdShift": 2.16397,
      "atomMinShift": 31,
      "atomMaxShift": 48.5,
      "atomDistributionRefValue": 31,
      "atomDistributionValuePerPoint": 0.5,
      "atomStatisticalDistribution": [0.000844773, 0.000211193, 0.00063358, 0.00126716, 0.00211193, 0.00232313, 0.0031679, 0.010982, 0.0135164, 0.0168955, 0.0287223, 0.0340021, 0.0479409, 0.0844773, 0.118057, 0.125238, 0.092925, 0.0737064, 0.0694826, 0.0574446, 0.0527983, 0.0445618, 0.0346357, 0.0302006, 0.0215417, 0.0137276, 0.00675818, 0.00485744, 0.00359029, 0.000422386, 0.00126716, 0.000211193, 0.000422386, 0.00063358, 0.000422386]
    },
    {
      "atomName": "CD1",
      "atomElementName": "C",
      "atomAverageShift": 132.641,
      "atomStdShift": 1.44036,
      "atomMinShift": 127,
      "atomMaxShift": 139,
      "atomDistributionRefValue": 127,
      "atomDistributionValuePerPoint": 0.5,
      "atomStatisticalDistribution": [0.00206505, 0.00103252, 0.00154879, 0.00258131, 0.00361384, 0.00929272, 0.0304595, 0.041301, 0.0526588, 0.0660816, 0.112029, 0.214249, 0.254517, 0.129582, 0.0547238, 0.0113578, 0.00671141, 0.00309757, 0, 0.00103252, 0, 0.00103252, 0.00103252, 0]
    },
    {
      "atomName": "CD2",
      "atomElementName": "C",
      "atomAverageShift": 132.496,
      "atomStdShift": 1.82014,
      "atomMinShift": 125,
      "atomMaxShift": 140,
      "atomDistributionRefValue": 125,
      "atomDistributionValuePerPoint": 0.5,
      "atomStatisticalDistribution": [0, 0, 0, 0, 0.00193611, 0.00193611, 0.00387222, 0.00290416, 0.00387222, 0.00580833, 0.018393, 0.0484027, 0.0561471, 0.0842207, 0.124879, 0.216844, 0.251694, 0.110358, 0.0493708, 0.00774443, 0.00484027, 0.00290416, 0.000968054, 0.000968054, 0, 0.00193611, 0, 0, 0, 0]
    },
    {
      "atomName": "CE1",
      "atomElementName": "C",
      "atomAverageShift": 117.857,
      "atomStdShift": 1.62933,
      "atomMinShift": 111,
      "atomMaxShift": 124.5,
      "atomDistributionRefValue": 111,
      "atomDistributionValuePerPoint": 0.5,
      "atomStatisticalDistribution": [0.000529381, 0.000529381, 0, 0.00105876, 0.00105876, 0.000529381, 0.0026469, 0.00952885, 0.015352, 0.0291159, 0.0423504, 0.0566437, 0.114876, 0.267867, 0.284807, 0.120699, 0.0338804, 0.0105876, 0.00423504, 0.0026469, 0.000529381, 0.000529381, 0, 0, 0, 0, 0]
    },
    {
      "atomName": "CE2",
      "atomElementName": "C",
      "atomAverageShift": 117.862,
      "atomStdShift": 1.57366,
      "atomMinShift": 112,
      "atomMaxShift": 125,
      "atomDistributionRefValue": 112,
      "atomDistributionValuePerPoint": 0.5,
      "atomStatisticalDistribution": [0, 0, 0.000976562, 0, 0, 0.00585938, 0.0107422, 0.0263672, 0.0576172, 0.0722656, 0.12207, 0.27832, 0.264648, 0.105469, 0.0332031, 0.00976562, 0.00488281, 0.00390625, 0.00195312, 0.000976562, 0, 0, 0, 0, 0.000976562, 0]
    },
    {
      "atomName": "CG",
      "atomElementName": "C",
      "atomAverageShift": 129.154,
      "atomStdShift": 2.5297,
      "atomMinShift": 119,
      "atomMaxShift": 139.5,
      "atomDistributionRefValue": 119,
      "atomDistributionValuePerPoint": 0.5,
      "atomStatisticalDistribution": [0, 0, 0, 0.0108696, 0.0217391, 0, 0.0108696, 0, 0, 0.0108696, 0, 0, 0, 0.0108696, 0, 0.0108696, 0.076087, 0.0217391, 0.119565, 0.0978261, 0.152174, 0.152174, 0.0652174, 0.173913, 0.0217391, 0.0108696, 0.0108696, 0, 0, 0, 0, 0, 0, 0, 0, 0, 0, 0, 0, 0.0217391, 0]
    },
    {
      "atomName": "CZ",
      "atomElementName": "C",
      "atomAverageShift": 156.208,
      "atomStdShift": 3.71435,
      "atomMinShift": 141,
      "atomMaxShift": 171,
      "atomDistributionRefValue": 141,
      "atomDistributionValuePerPoint": 0.5,
      "atomStatisticalDistribution": [0, 0, 0, 0, 0, 0, 0, 0, 0, 0, 0, 0, 0, 0, 0, 0, 0, 0, 0.0120482, 0, 0, 0, 0, 0, 0, 0.0120482, 0.120482, 0.0722892, 0.0963855, 0.180723, 0.0722892, 0.144578, 0.060241, 0.0481928, 0.0120482, 0.0120482, 0.0120482, 0.0120482, 0.0481928, 0.0120482, 0, 0.0240964, 0.0120482, 0.0361446, 0, 0, 0, 0, 0, 0, 0, 0, 0, 0, 0, 0, 0, 0, 0, 0]
    },
    {
      "atomName": "H",
      "atomElementName": "H",
      "atomAverageShift": 8.32915,
      "atomStdShift": 0.739338,
      "atomMinShift": 5.4,
      "atomMaxShift": 11.35,
      "atomDistributionRefValue": 5.4,
      "atomDistributionValuePerPoint": 0.05,
      "atomStatisticalDistribution": [0.000133887, 0, 0, 0.000133887, 0.000267773, 0.000133887, 0.000133887, 0.00040166, 0.000133887, 0.000133887, 0.000267773, 0.00040166, 0, 0.00040166, 0.00040166, 0.000267773, 0.000133887, 0.000535547, 0.000669434, 0.00133887, 0.000535547, 0.00120498, 0.00080332, 0.00080332, 0.00174053, 0.00227607, 0.00254385, 0.00321328, 0.00240996, 0.00227607, 0.00294551, 0.00548936, 0.0050877, 0.00522158, 0.00455215, 0.00789932, 0.00615879, 0.0105771, 0.0109787, 0.0091043, 0.0136564, 0.0143259, 0.016602, 0.014192, 0.0124515, 0.027179, 0.0194136, 0.0222252, 0.0235641, 0.0246352, 0.0311956, 0.0279823, 0.0243674, 0.03307, 0.0291873, 0.0370866, 0.0266435, 0.0220913, 0.0277146, 0.020083, 0.0285179, 0.0199491, 0.0191458, 0.0262418, 0.0192797, 0.023698, 0.0203508, 0.0143259, 0.0228946, 0.015397, 0.0218235, 0.0194136, 0.0182086, 0.0167358, 0.0125854, 0.0163342, 0.0156647, 0.0103093, 0.0103093, 0.00977373, 0.0111126, 0.0100415, 0.00696211, 0.00789932, 0.00495381, 0.00642656, 0.00575713, 0.00388272, 0.00361494, 0.00267773, 0.00214219, 0.00174053, 0.00147275, 0.00133887, 0.000937207, 0.00187441, 0.00040166, 0, 0.00040166, 0.00107109, 0.000535547, 0.000937207, 0.000267773, 0.00080332, 0.000669434, 0.000267773, 0.000267773, 0, 0.000133887, 0.000267773, 0, 0, 0.000267773, 0.000535547, 0, 0, 0, 0, 0]
    },
    {
      "atomName": "HA",
      "atomElementName": "H",
      "atomAverageShift": 4.62349,
      "atomStdShift": 0.57316,
      "atomMinShift": 2.3,
      "atomMaxShift": 6.9,
      "atomDistributionRefValue": 2.3,
      "atomDistributionValuePerPoint": 0.05,
      "atomStatisticalDistribution": [0.000157903, 0.000473709, 0.000157903, 0.000473709, 0.000157903, 0.000157903, 0.000157903, 0, 0.000157903, 0.000473709, 0.000947418, 0.00173693, 0.00142113, 0.000947418, 0.000157903, 0.000631612, 0.000631612, 0.000789515, 0.000473709, 0.00173693, 0.000473709, 0.00173693, 0.00300016, 0.00252645, 0.00236855, 0.00473709, 0.00410548, 0.0052108, 0.00631612, 0.00931628, 0.0101058, 0.00884257, 0.0148429, 0.0213169, 0.0186326, 0.0303174, 0.0230538, 0.0336333, 0.0371072, 0.0366335, 0.0393179, 0.0367914, 0.03916, 0.037423, 0.0432654, 0.048792, 0.02937, 0.0312648, 0.0288963, 0.0330017, 0.0367914, 0.0249487, 0.0263698, 0.0252645, 0.0189484, 0.0235276, 0.0127901, 0.0192642, 0.0168956, 0.0150008, 0.0167377, 0.0102637, 0.0104216, 0.0118427, 0.0102637, 0.0110532, 0.00742144, 0.0053687, 0.00836886, 0.00726354, 0.00315806, 0.00284225, 0.00315806, 0.00410548, 0.00221064, 0.00284225, 0.00173693, 0.00157903, 0.00157903, 0.000789515, 0.000631612, 0, 0.000631612, 0.000473709, 0.000473709, 0.000473709, 0.000157903, 0.000473709, 0.000473709, 0, 0, 0]
    },
    {
      "atomName": "HB2",
      "atomElementName": "H",
      "atomAverageShift": 2.90988,
      "atomStdShift": 0.37177,
      "atomMinShift": 1.4,
      "atomMaxShift": 4.4,
      "atomDistributionRefValue": 1.4,
      "atomDistributionValuePerPoint": 0.05,
      "atomStatisticalDistribution": [0.00085955, 0.00051573, 0.00085955, 0.00068764, 0.00103146, 0.00103146, 0.00085955, 0.00137528, 0.00223483, 0.00154719, 0.00120337, 0.00275056, 0.00378202, 0.00464157, 0.00309438, 0.00532921, 0.00653258, 0.0106584, 0.00825168, 0.013409, 0.0175348, 0.017191, 0.0273337, 0.0252708, 0.0336943, 0.0367887, 0.0453842, 0.049682, 0.041946, 0.0608561, 0.0618876, 0.0711707, 0.08011, 0.0543235, 0.0569022, 0.0546674, 0.0458999, 0.040055, 0.0204573, 0.0156438, 0.0166753, 0.0104865, 0.0146123, 0.00481348, 0.00498539, 0.00361011, 0.00275056, 0.00223483, 0.00154719, 0.00103146, 0.00154719, 0.00051573, 0.00103146, 0.00189101, 0.00068764, 0.00068764, 0.00051573, 0.00120337, 0.00034382, 0.00137528]
    },
    {
      "atomName": "HB3",
      "atomElementName": "H",
      "atomAverageShift": 2.87532,
      "atomStdShift": 0.371928,
      "atomMinShift": 1.4,
      "atomMaxShift": 4.4,
      "atomDistributionRefValue": 1.4,
      "atomDistributionValuePerPoint": 0.05,
      "atomStatisticalDistribution": [0.0014301, 0.000893815, 0.000893815, 0.00125134, 0.00107258, 0.00160887, 0.00160887, 0.00250268, 0.0014301, 0.00125134, 0.00250268, 0.00303897, 0.00375402, 0.0033965, 0.00357526, 0.00661423, 0.00858062, 0.0101895, 0.00875939, 0.0151949, 0.0164462, 0.0243118, 0.0332499, 0.0291384, 0.0348588, 0.0405792, 0.0505899, 0.0564891, 0.0491598, 0.0681087, 0.0600644, 0.0631033, 0.0743654, 0.0543439, 0.055774, 0.0466571, 0.0375402, 0.030926, 0.0178763, 0.0169825, 0.0139435, 0.0110833, 0.00983196, 0.0033965, 0.00286021, 0.00286021, 0.00268144, 0.00286021, 0.00160887, 0.00160887, 0.00178763, 0.000536289, 0, 0.00125134, 0.000715052, 0.00125134, 0.000178763, 0.000893815, 0.000178763, 0.000357526]
    },
    {
      "atomName": "HD1",
      "atomElementName": "H",
      "atomAverageShift": 6.93901,
      "atomStdShift": 0.314852,
      "atomMinShift": 5.7,
      "atomMaxShift": 8.25,
      "atomDistributionRefValue": 5.7,
      "atomDistributionValuePerPoint": 0.05,
      "atomStatisticalDistribution": [0.00304878, 0.00133384, 0.00342988, 0.000762195, 0.00209604, 0.00114329, 0.00304878, 0.00209604, 0.00228659, 0.00571646, 0.00628811, 0.00628811, 0.00876524, 0.00609756, 0.0116235, 0.0144817, 0.0173399, 0.0198171, 0.0213415, 0.0285823, 0.0512576, 0.0461128, 0.0524009, 0.0463034, 0.0640244, 0.087843, 0.0880335, 0.0952744, 0.0807927, 0.0649771, 0.0524009, 0.0301067, 0.0249619, 0.0137195, 0.00952744, 0.0074314, 0.00438262, 0.00247713, 0.000762195, 0.00114329, 0.00171494, 0.00228659, 0, 0.000381098, 0, 0.000952744, 0.00190549, 0.000381098, 0.000952744, 0.00152439, 0.000381098]
    },
    {
      "atomName": "HD2",
      "atomElementName": "H",
      "atomAverageShift": 6.94075,
      "atomStdShift": 0.313849,
      "atomMinShift": 5.7,
      "atomMaxShift": 8.25,
      "atomDistributionRefValue": 5.7,
      "atomDistributionValuePerPoint": 0.05,
      "atomStatisticalDistribution": [0.0026974, 0.00147131, 0.00441393, 0.000735655, 0.00196175, 0.00147131, 0.0026974, 0.00196175, 0.00294262, 0.00441393, 0.0053948, 0.00588524, 0.00858264, 0.00613046, 0.01128, 0.0164296, 0.0159392, 0.0203531, 0.0193722, 0.0267288, 0.0537028, 0.0480628, 0.0527219, 0.0478176, 0.0635115, 0.0877881, 0.0843551, 0.0946542, 0.0826385, 0.064002, 0.0524767, 0.0335949, 0.0242766, 0.0129966, 0.00956351, 0.0080922, 0.00367827, 0.00196175, 0.000980873, 0.000980873, 0.00147131, 0.0026974, 0.000245218, 0, 0.000490436, 0.00122609, 0.00122609, 0.000490436, 0.000980873, 0.00196175, 0.000490436]
    },
    {
      "atomName": "HE1",
      "atomElementName": "H",
      "atomAverageShift": 6.71091,
      "atomStdShift": 0.246887,
      "atomMinShift": 5.7,
      "atomMaxShift": 7.7,
      "atomDistributionRefValue": 5.7,
      "atomDistributionValuePerPoint": 0.05,
      "atomStatisticalDistribution": [0.00219124, 0.000996016, 0.00059761, 0.00159363, 0.000996016, 0.00338645, 0.00418327, 0.00378486, 0.00438247, 0.00537849, 0.00976096, 0.00916335, 0.0165339, 0.0169323, 0.0318725, 0.038247, 0.0494024, 0.0567729, 0.0623506, 0.088247, 0.12988, 0.127092, 0.111952, 0.0679283, 0.0440239, 0.0388446, 0.0189243, 0.0163347, 0.00936255, 0.00836653, 0.00517928, 0.00258964, 0.00358566, 0.00179283, 0.00199203, 0.00159363, 0.00119522, 0.000996016, 0.00139442, 0.000199203]
    },
    {
      "atomName": "HE2",
      "atomElementName": "H",
      "atomAverageShift": 6.71162,
      "atomStdShift": 0.249036,
      "atomMinShift": 5.7,
      "atomMaxShift": 7.7,
      "atomDistributionRefValue": 5.7,
      "atomDistributionValuePerPoint": 0.05,
      "atomStatisticalDistribution": [0.00203511, 0.000254388, 0.00101755, 0.00203511, 0.00101755, 0.00254388, 0.0043246, 0.00356143, 0.00381582, 0.00559654, 0.00992114, 0.00915798, 0.017044, 0.0175528, 0.0320529, 0.0412109, 0.0470618, 0.0559654, 0.0597812, 0.0892903, 0.127957, 0.125413, 0.119054, 0.0638514, 0.0422284, 0.0409565, 0.0193335, 0.0167896, 0.0114475, 0.00814042, 0.00483338, 0.00178072, 0.00381582, 0.00152633, 0.00152633, 0.00228949, 0.000508776, 0.000254388, 0.00178072, 0.00127194]
    },
    {
      "atomName": "HH",
      "atomElementName": "H",
      "atomAverageShift": 8.84632,
      "atomStdShift": 1.86958,
      "atomMinShift": 1.4,
      "atomMaxShift": 16.4,
      "atomDistributionRefValue": 1.4,
      "atomDistributionValuePerPoint": 0.05,
      "atomStatisticalDistribution": [0, 0, 0, 0, 0, 0, 0, 0, 0, 0, 0, 0, 0, 0, 0, 0, 0, 0, 0, 0, 0, 0, 0, 0, 0, 0, 0, 0, 0, 0, 0, 0, 0, 0.0136986, 0.00684932, 0, 0, 0, 0, 0, 0, 0, 0, 0, 0, 0, 0, 0, 0, 0, 0, 0, 0, 0, 0, 0, 0, 0, 0, 0, 0, 0, 0, 0, 0, 0, 0, 0, 0, 0, 0, 0, 0, 0, 0, 0, 0, 0, 0.00684932, 0, 0, 0, 0.0136986, 0.00684932, 0, 0, 0.00684932, 0, 0, 0, 0, 0.0205479, 0, 0, 0.00684932, 0, 0.00684932, 0.00684932, 0, 0.00684932, 0.0136986, 0, 0, 0, 0.00684932, 0, 0, 0, 0.0410959, 0.00684932, 0, 0, 0.0205479, 0.00684932, 0, 0, 0, 0, 0.0136986, 0.00684932, 0, 0, 0, 0, 0.00684932, 0.0205479, 0.00684932, 0.00684932, 0.00684932, 0.0136986, 0, 0, 0.0205479, 0, 0, 0, 0, 0, 0, 0, 0, 0.0205479, 0.00684932, 0.0136986, 0.00684932, 0.0136986, 0.00684932, 0, 0.0136986, 0, 0.00684932, 0.00684932, 0.0342466, 0.0273973, 0.0410959, 0.0273973, 0.0342466, 0.0136986, 0.0273973, 0.00684932, 0.00684932, 0.0205479, 0.0205479, 0, 0.00684932, 0.0273973, 0.00684932, 0.0205479, 0.00684932, 0.00684932, 0.0273973, 0.0205479, 0.00684932, 0.0136986, 0.0136986, 0.0205479, 0.0205479, 0.0136986, 0.00684932, 0.0136986, 0.00684932, 0.00684932, 0, 0, 0.00684932, 0, 0, 0, 0.0136986, 0, 0, 0, 0.0136986, 0.00684932, 0, 0.00684932, 0, 0.00684932, 0, 0, 0.00684932, 0, 0, 0, 0, 0, 0, 0, 0, 0, 0, 0, 0, 0, 0, 0, 0, 0, 0, 0, 0, 0, 0, 0, 0, 0.00684932, 0, 0.00684932, 0, 0, 0, 0, 0.00684932, 0, 0, 0, 0, 0, 0, 0, 0, 0, 0, 0, 0, 0, 0.00684932, 0, 0, 0, 0, 0, 0, 0, 0, 0, 0, 0, 0, 0, 0, 0, 0, 0, 0, 0, 0, 0, 0, 0, 0, 0, 0, 0, 0, 0, 0, 0, 0, 0, 0, 0, 0, 0, 0, 0, 0, 0, 0.00684932, 0, 0, 0, 0, 0, 0, 0, 0, 0, 0, 0]
    },
    {
      "atomName": "N",
      "atomElementName": "N",
      "atomAverageShift": 120.733,
      "atomStdShift": 4.46302,
      "atomMinShift": 103,
      "atomMaxShift": 139,
      "atomDistributionRefValue": 103,
      "atomDistributionValuePerPoint": 1,
      "atomStatisticalDistribution": [0.000169062, 0.000169062, 0.000676247, 0.00118343, 0.00202874, 0.00185968, 0.00270499, 0.00473373, 0.0114962, 0.0126796, 0.0211327, 0.027388, 0.0508876, 0.0522401, 0.0645816, 0.0907861, 0.0929839, 0.108876, 0.0897718, 0.0747253, 0.0620456, 0.0534235, 0.0481826, 0.0395604, 0.0277261, 0.0204565, 0.0142012, 0.0111581, 0.00608622, 0.00236686, 0.00185968, 0.00118343, 0.000338123, 0.000169062, 0.000169062, 0]
    }
  ]
}