[
  [
    "_metadata",
    {
      "jsonVersion": 3,
      "className": "ReferenceChemicalShift",
      "classVersion": 1,
      "user": "CCPN",
      "lastPath": "/Users/luca/Projects/AnalysisV3/resources/referenceChemicalShifts/NonStandard/Non-Polymer/1YO.json",
      "timestamp": "Tue Jan  9 15:18:42 2024",
      "applicationVersion": 3.2
    }
  ],
  [
    "chemicalShiftName",
    "Non-Standard Residues / Small Molecules"
  ],
  [
    "chemicalShiftComment",
    "The CCPN Analysis Version 3 ReferenceChemical shifts retrieved from BMRB"
  ],
  [
    "chemicalShiftEntryDate",
    "2023-09-14-14:25:08"
  ],
  [
    "compoundName",
    "3-[(2-methylbenzyl)sulfanyl]-4H-1,2,4-triazol-4-amine"
  ],
  [
    "compoundShortName",
    "1YO"
  ],
  [
    "compoundCcpCode",
    "1YO"
  ],
  [
    "compoundType",
    "Non-Polymer"
  ],
  [
    "compoundTypeClassification",
    "non-polymer"
  ],
  [
    "compoundPrecursorName",
    ""
  ],
  [
    "loadingLevel",
    0
  ],
  [
    "atoms",
    [
      [
        [
          "_metadata",
          {
            "jsonVersion": 3.0,
            "className": "AtomChemicalShift",
            "classVersion": 1.0,
            "user": "luca",
            "lastPath": "undefined",
            "timestamp": "Tue Jan  9 15:18:42 2024"
          }
        ],
        [
          "atomName",
          "HAA"
        ],
        [
          "atomElementName",
          ""
        ],
        [
          "atomAverageShift",
          2.371
        ],
        [
          "atomStdShift",
          null
        ],
        [
          "atomMinShift",
          2.371
        ],
        [
          "atomMaxShift",
          2.371
        ],
        [
          "atomDistributionRefValue",
          2.371
        ],
        [
          "atomDistributionValuePerPoint",
          1.0
        ],
        [
          "atomStatisticalDistribution",
          []
        ]
      ],
      [
        [
          "_metadata",
          {
            "jsonVersion": 3.0,
            "className": "AtomChemicalShift",
            "classVersion": 1.0,
            "user": "luca",
            "lastPath": "undefined",
            "timestamp": "Tue Jan  9 15:18:42 2024"
          }
        ],
        [
          "atomName",
          "HAB"
        ],
        [
          "atomElementName",
          ""
        ],
        [
          "atomAverageShift",
          2.371
        ],
        [
          "atomStdShift",
          null
        ],
        [
          "atomMinShift",
          2.371
        ],
        [
          "atomMaxShift",
          2.371
        ],
        [
          "atomDistributionRefValue",
          2.371
        ],
        [
          "atomDistributionValuePerPoint",
          1.0
        ],
        [
          "atomStatisticalDistribution",
          []
        ]
      ],
      [
        [
          "_metadata",
          {
            "jsonVersion": 3.0,
            "className": "AtomChemicalShift",
            "classVersion": 1.0,
            "user": "luca",
            "lastPath": "undefined",
            "timestamp": "Tue Jan  9 15:18:42 2024"
          }
        ],
        [
          "atomName",
          "HAC"
        ],
        [
          "atomElementName",
          ""
        ],
        [
          "atomAverageShift",
          2.371
        ],
        [
          "atomStdShift",
          null
        ],
        [
          "atomMinShift",
          2.371
        ],
        [
          "atomMaxShift",
          2.371
        ],
        [
          "atomDistributionRefValue",
          2.371
        ],
        [
          "atomDistributionValuePerPoint",
          1.0
        ],
        [
          "atomStatisticalDistribution",
          []
        ]
      ],
      [
        [
          "_metadata",
          {
            "jsonVersion": 3.0,
            "className": "AtomChemicalShift",
            "classVersion": 1.0,
            "user": "luca",
            "lastPath": "undefined",
            "timestamp": "Tue Jan  9 15:18:42 2024"
          }
        ],
        [
          "atomName",
          "HAD"
        ],
        [
          "atomElementName",
          ""
        ],
        [
          "atomAverageShift",
          7.192
        ],
        [
          "atomStdShift",
          null
        ],
        [
          "atomMinShift",
          7.192
        ],
        [
          "atomMaxShift",
          7.192
        ],
        [
          "atomDistributionRefValue",
          7.192
        ],
        [
          "atomDistributionValuePerPoint",
          1.0
        ],
        [
          "atomStatisticalDistribution",
          []
        ]
      ],
      [
        [
          "_metadata",
          {
            "jsonVersion": 3.0,
            "className": "AtomChemicalShift",
            "classVersion": 1.0,
            "user": "luca",
            "lastPath": "undefined",
            "timestamp": "Tue Jan  9 15:18:42 2024"
          }
        ],
        [
          "atomName",
          "HAE"
        ],
        [
          "atomElementName",
          ""
        ],
        [
          "atomAverageShift",
          7.138
        ],
        [
          "atomStdShift",
          null
        ],
        [
          "atomMinShift",
          7.138
        ],
        [
          "atomMaxShift",
          7.138
        ],
        [
          "atomDistributionRefValue",
          7.138
        ],
        [
          "atomDistributionValuePerPoint",
          1.0
        ],
        [
          "atomStatisticalDistribution",
          []
        ]
      ],
      [
        [
          "_metadata",
          {
            "jsonVersion": 3.0,
            "className": "AtomChemicalShift",
            "classVersion": 1.0,
            "user": "luca",
            "lastPath": "undefined",
            "timestamp": "Tue Jan  9 15:18:42 2024"
          }
        ],
        [
          "atomName",
          "HAF"
        ],
        [
          "atomElementName",
          ""
        ],
        [
          "atomAverageShift",
          7.028
        ],
        [
          "atomStdShift",
          null
        ],
        [
          "atomMinShift",
          7.028
        ],
        [
          "atomMaxShift",
          7.028
        ],
        [
          "atomDistributionRefValue",
          7.028
        ],
        [
          "atomDistributionValuePerPoint",
          1.0
        ],
        [
          "atomStatisticalDistribution",
          []
        ]
      ],
      [
        [
          "_metadata",
          {
            "jsonVersion": 3.0,
            "className": "AtomChemicalShift",
            "classVersion": 1.0,
            "user": "luca",
            "lastPath": "undefined",
            "timestamp": "Tue Jan  9 15:18:42 2024"
          }
        ],
        [
          "atomName",
          "HAG"
        ],
        [
          "atomElementName",
          ""
        ],
        [
          "atomAverageShift",
          7.192
        ],
        [
          "atomStdShift",
          null
        ],
        [
          "atomMinShift",
          7.192
        ],
        [
          "atomMaxShift",
          7.192
        ],
        [
          "atomDistributionRefValue",
          7.192
        ],
        [
          "atomDistributionValuePerPoint",
          1.0
        ],
        [
          "atomStatisticalDistribution",
          []
        ]
      ],
      [
        [
          "_metadata",
          {
            "jsonVersion": 3.0,
            "className": "AtomChemicalShift",
            "classVersion": 1.0,
            "user": "luca",
            "lastPath": "undefined",
            "timestamp": "Tue Jan  9 15:18:42 2024"
          }
        ],
        [
          "atomName",
          "HAI"
        ],
        [
          "atomElementName",
          ""
        ],
        [
          "atomAverageShift",
          4.284
        ],
        [
          "atomStdShift",
          null
        ],
        [
          "atomMinShift",
          4.284
        ],
        [
          "atomMaxShift",
          4.284
        ],
        [
          "atomDistributionRefValue",
          4.284
        ],
        [
          "atomDistributionValuePerPoint",
          1.0
        ],
        [
          "atomStatisticalDistribution",
          []
        ]
      ],
      [
        [
          "_metadata",
          {
            "jsonVersion": 3.0,
            "className": "AtomChemicalShift",
            "classVersion": 1.0,
            "user": "luca",
            "lastPath": "undefined",
            "timestamp": "Tue Jan  9 15:18:42 2024"
          }
        ],
        [
          "atomName",
          "HAJ"
        ],
        [
          "atomElementName",
          ""
        ],
        [
          "atomAverageShift",
          4.284
        ],
        [
          "atomStdShift",
          null
        ],
        [
          "atomMinShift",
          4.284
        ],
        [
          "atomMaxShift",
          4.284
        ],
        [
          "atomDistributionRefValue",
          4.284
        ],
        [
          "atomDistributionValuePerPoint",
          1.0
        ],
        [
          "atomStatisticalDistribution",
          []
        ]
      ]
    ]
  ]
]