[
  [
    "_metadata",
    {
      "jsonVersion": 3,
      "className": "ReferenceChemicalShift",
      "classVersion": 1,
      "user": "CCPN",
      "lastPath": "/Users/luca/Projects/AnalysisV3/resources/referenceChemicalShifts/NonStandard/Non-Polymer/48L.json",
      "timestamp": "Tue Jan  9 15:18:39 2024",
      "applicationVersion": 3.2
    }
  ],
  [
    "chemicalShiftName",
    "Non-Standard Residues / Small Molecules"
  ],
  [
    "chemicalShiftComment",
    "The CCPN Analysis Version 3 ReferenceChemical shifts retrieved from BMRB"
  ],
  [
    "chemicalShiftEntryDate",
    "2023-09-14-14:25:08"
  ],
  [
    "compoundName",
    "4-({(4S,5R)-4-(5-bromo-2-fluorophenyl)-5-(4-chlorophenyl)-2-[4-methoxy-2-(propan-2-yloxy)phenyl]-4,5-dihydro-1H-imidazol-1-yl}carbonyl)piperazin-2-one"
  ],
  [
    "compoundShortName",
    "48L"
  ],
  [
    "compoundCcpCode",
    "48L"
  ],
  [
    "compoundType",
    "Non-Polymer"
  ],
  [
    "compoundTypeClassification",
    "non-polymer"
  ],
  [
    "compoundPrecursorName",
    ""
  ],
  [
    "loadingLevel",
    0
  ],
  [
    "atoms",
    [
      [
        [
          "_metadata",
          {
            "jsonVersion": 3.0,
            "className": "AtomChemicalShift",
            "classVersion": 1.0,
            "user": "luca",
            "lastPath": "undefined",
            "timestamp": "Tue Jan  9 15:18:39 2024"
          }
        ],
        [
          "atomName",
          "H1"
        ],
        [
          "atomElementName",
          ""
        ],
        [
          "atomAverageShift",
          7.69
        ],
        [
          "atomStdShift",
          null
        ],
        [
          "atomMinShift",
          7.69
        ],
        [
          "atomMaxShift",
          7.69
        ],
        [
          "atomDistributionRefValue",
          7.69
        ],
        [
          "atomDistributionValuePerPoint",
          1.0
        ],
        [
          "atomStatisticalDistribution",
          []
        ]
      ],
      [
        [
          "_metadata",
          {
            "jsonVersion": 3.0,
            "className": "AtomChemicalShift",
            "classVersion": 1.0,
            "user": "luca",
            "lastPath": "undefined",
            "timestamp": "Tue Jan  9 15:18:39 2024"
          }
        ],
        [
          "atomName",
          "H7"
        ],
        [
          "atomElementName",
          ""
        ],
        [
          "atomAverageShift",
          5.586
        ],
        [
          "atomStdShift",
          null
        ],
        [
          "atomMinShift",
          5.586
        ],
        [
          "atomMaxShift",
          5.586
        ],
        [
          "atomDistributionRefValue",
          5.586
        ],
        [
          "atomDistributionValuePerPoint",
          1.0
        ],
        [
          "atomStatisticalDistribution",
          []
        ]
      ],
      [
        [
          "_metadata",
          {
            "jsonVersion": 3.0,
            "className": "AtomChemicalShift",
            "classVersion": 1.0,
            "user": "luca",
            "lastPath": "undefined",
            "timestamp": "Tue Jan  9 15:18:39 2024"
          }
        ],
        [
          "atomName",
          "H8"
        ],
        [
          "atomElementName",
          ""
        ],
        [
          "atomAverageShift",
          5.852
        ],
        [
          "atomStdShift",
          null
        ],
        [
          "atomMinShift",
          5.852
        ],
        [
          "atomMaxShift",
          5.852
        ],
        [
          "atomDistributionRefValue",
          5.852
        ],
        [
          "atomDistributionValuePerPoint",
          1.0
        ],
        [
          "atomStatisticalDistribution",
          []
        ]
      ],
      [
        [
          "_metadata",
          {
            "jsonVersion": 3.0,
            "className": "AtomChemicalShift",
            "classVersion": 1.0,
            "user": "luca",
            "lastPath": "undefined",
            "timestamp": "Tue Jan  9 15:18:39 2024"
          }
        ],
        [
          "atomName",
          "H9"
        ],
        [
          "atomElementName",
          ""
        ],
        [
          "atomAverageShift",
          4.619
        ],
        [
          "atomStdShift",
          null
        ],
        [
          "atomMinShift",
          4.619
        ],
        [
          "atomMaxShift",
          4.619
        ],
        [
          "atomDistributionRefValue",
          4.619
        ],
        [
          "atomDistributionValuePerPoint",
          1.0
        ],
        [
          "atomStatisticalDistribution",
          []
        ]
      ],
      [
        [
          "_metadata",
          {
            "jsonVersion": 3.0,
            "className": "AtomChemicalShift",
            "classVersion": 1.0,
            "user": "luca",
            "lastPath": "undefined",
            "timestamp": "Tue Jan  9 15:18:39 2024"
          }
        ],
        [
          "atomName",
          "HD1"
        ],
        [
          "atomElementName",
          ""
        ],
        [
          "atomAverageShift",
          6.961
        ],
        [
          "atomStdShift",
          null
        ],
        [
          "atomMinShift",
          6.961
        ],
        [
          "atomMaxShift",
          6.961
        ],
        [
          "atomDistributionRefValue",
          6.961
        ],
        [
          "atomDistributionValuePerPoint",
          1.0
        ],
        [
          "atomStatisticalDistribution",
          []
        ]
      ],
      [
        [
          "_metadata",
          {
            "jsonVersion": 3.0,
            "className": "AtomChemicalShift",
            "classVersion": 1.0,
            "user": "luca",
            "lastPath": "undefined",
            "timestamp": "Tue Jan  9 15:18:39 2024"
          }
        ],
        [
          "atomName",
          "HD4"
        ],
        [
          "atomElementName",
          ""
        ],
        [
          "atomAverageShift",
          7.537
        ],
        [
          "atomStdShift",
          null
        ],
        [
          "atomMinShift",
          7.537
        ],
        [
          "atomMaxShift",
          7.537
        ],
        [
          "atomDistributionRefValue",
          7.537
        ],
        [
          "atomDistributionValuePerPoint",
          1.0
        ],
        [
          "atomStatisticalDistribution",
          []
        ]
      ],
      [
        [
          "_metadata",
          {
            "jsonVersion": 3.0,
            "className": "AtomChemicalShift",
            "classVersion": 1.0,
            "user": "luca",
            "lastPath": "undefined",
            "timestamp": "Tue Jan  9 15:18:39 2024"
          }
        ],
        [
          "atomName",
          "HD5"
        ],
        [
          "atomElementName",
          ""
        ],
        [
          "atomAverageShift",
          7.553
        ],
        [
          "atomStdShift",
          null
        ],
        [
          "atomMinShift",
          7.553
        ],
        [
          "atomMaxShift",
          7.553
        ],
        [
          "atomDistributionRefValue",
          7.553
        ],
        [
          "atomDistributionValuePerPoint",
          1.0
        ],
        [
          "atomStatisticalDistribution",
          []
        ]
      ],
      [
        [
          "_metadata",
          {
            "jsonVersion": 3.0,
            "className": "AtomChemicalShift",
            "classVersion": 1.0,
            "user": "luca",
            "lastPath": "undefined",
            "timestamp": "Tue Jan  9 15:18:39 2024"
          }
        ],
        [
          "atomName",
          "HE1"
        ],
        [
          "atomElementName",
          ""
        ],
        [
          "atomAverageShift",
          7.158
        ],
        [
          "atomStdShift",
          null
        ],
        [
          "atomMinShift",
          7.158
        ],
        [
          "atomMaxShift",
          7.158
        ],
        [
          "atomDistributionRefValue",
          7.158
        ],
        [
          "atomDistributionValuePerPoint",
          1.0
        ],
        [
          "atomStatisticalDistribution",
          []
        ]
      ],
      [
        [
          "_metadata",
          {
            "jsonVersion": 3.0,
            "className": "AtomChemicalShift",
            "classVersion": 1.0,
            "user": "luca",
            "lastPath": "undefined",
            "timestamp": "Tue Jan  9 15:18:39 2024"
          }
        ],
        [
          "atomName",
          "HE3"
        ],
        [
          "atomElementName",
          ""
        ],
        [
          "atomAverageShift",
          7.536
        ],
        [
          "atomStdShift",
          null
        ],
        [
          "atomMinShift",
          7.536
        ],
        [
          "atomMaxShift",
          7.536
        ],
        [
          "atomDistributionRefValue",
          7.536
        ],
        [
          "atomDistributionValuePerPoint",
          1.0
        ],
        [
          "atomStatisticalDistribution",
          []
        ]
      ],
      [
        [
          "_metadata",
          {
            "jsonVersion": 3.0,
            "className": "AtomChemicalShift",
            "classVersion": 1.0,
            "user": "luca",
            "lastPath": "undefined",
            "timestamp": "Tue Jan  9 15:18:39 2024"
          }
        ],
        [
          "atomName",
          "HE5"
        ],
        [
          "atomElementName",
          ""
        ],
        [
          "atomAverageShift",
          6.592
        ],
        [
          "atomStdShift",
          null
        ],
        [
          "atomMinShift",
          6.592
        ],
        [
          "atomMaxShift",
          6.592
        ],
        [
          "atomDistributionRefValue",
          6.592
        ],
        [
          "atomDistributionValuePerPoint",
          1.0
        ],
        [
          "atomStatisticalDistribution",
          []
        ]
      ],
      [
        [
          "_metadata",
          {
            "jsonVersion": 3.0,
            "className": "AtomChemicalShift",
            "classVersion": 1.0,
            "user": "luca",
            "lastPath": "undefined",
            "timestamp": "Tue Jan  9 15:18:39 2024"
          }
        ],
        [
          "atomName",
          "HE6"
        ],
        [
          "atomElementName",
          ""
        ],
        [
          "atomAverageShift",
          6.55
        ],
        [
          "atomStdShift",
          null
        ],
        [
          "atomMinShift",
          6.55
        ],
        [
          "atomMaxShift",
          6.55
        ],
        [
          "atomDistributionRefValue",
          6.55
        ],
        [
          "atomDistributionValuePerPoint",
          1.0
        ],
        [
          "atomStatisticalDistribution",
          []
        ]
      ],
      [
        [
          "_metadata",
          {
            "jsonVersion": 3.0,
            "className": "AtomChemicalShift",
            "classVersion": 1.0,
            "user": "luca",
            "lastPath": "undefined",
            "timestamp": "Tue Jan  9 15:18:39 2024"
          }
        ],
        [
          "atomName",
          "HH2"
        ],
        [
          "atomElementName",
          ""
        ],
        [
          "atomAverageShift",
          2.873
        ],
        [
          "atomStdShift",
          null
        ],
        [
          "atomMinShift",
          2.873
        ],
        [
          "atomMaxShift",
          2.873
        ],
        [
          "atomDistributionRefValue",
          2.873
        ],
        [
          "atomDistributionValuePerPoint",
          1.0
        ],
        [
          "atomStatisticalDistribution",
          []
        ]
      ],
      [
        [
          "_metadata",
          {
            "jsonVersion": 3.0,
            "className": "AtomChemicalShift",
            "classVersion": 1.0,
            "user": "luca",
            "lastPath": "undefined",
            "timestamp": "Tue Jan  9 15:18:39 2024"
          }
        ],
        [
          "atomName",
          "HH3"
        ],
        [
          "atomElementName",
          ""
        ],
        [
          "atomAverageShift",
          3.085
        ],
        [
          "atomStdShift",
          null
        ],
        [
          "atomMinShift",
          3.085
        ],
        [
          "atomMaxShift",
          3.085
        ],
        [
          "atomDistributionRefValue",
          3.085
        ],
        [
          "atomDistributionValuePerPoint",
          1.0
        ],
        [
          "atomStatisticalDistribution",
          []
        ]
      ],
      [
        [
          "_metadata",
          {
            "jsonVersion": 3.0,
            "className": "AtomChemicalShift",
            "classVersion": 1.0,
            "user": "luca",
            "lastPath": "undefined",
            "timestamp": "Tue Jan  9 15:18:39 2024"
          }
        ],
        [
          "atomName",
          "HH4"
        ],
        [
          "atomElementName",
          ""
        ],
        [
          "atomAverageShift",
          3.585
        ],
        [
          "atomStdShift",
          null
        ],
        [
          "atomMinShift",
          3.585
        ],
        [
          "atomMaxShift",
          3.585
        ],
        [
          "atomDistributionRefValue",
          3.585
        ],
        [
          "atomDistributionValuePerPoint",
          1.0
        ],
        [
          "atomStatisticalDistribution",
          []
        ]
      ],
      [
        [
          "_metadata",
          {
            "jsonVersion": 3.0,
            "className": "AtomChemicalShift",
            "classVersion": 1.0,
            "user": "luca",
            "lastPath": "undefined",
            "timestamp": "Tue Jan  9 15:18:39 2024"
          }
        ],
        [
          "atomName",
          "HHM"
        ],
        [
          "atomElementName",
          ""
        ],
        [
          "atomAverageShift",
          1.139
        ],
        [
          "atomStdShift",
          null
        ],
        [
          "atomMinShift",
          1.139
        ],
        [
          "atomMaxShift",
          1.139
        ],
        [
          "atomDistributionRefValue",
          1.139
        ],
        [
          "atomDistributionValuePerPoint",
          1.0
        ],
        [
          "atomStatisticalDistribution",
          []
        ]
      ],
      [
        [
          "_metadata",
          {
            "jsonVersion": 3.0,
            "className": "AtomChemicalShift",
            "classVersion": 1.0,
            "user": "luca",
            "lastPath": "undefined",
            "timestamp": "Tue Jan  9 15:18:39 2024"
          }
        ],
        [
          "atomName",
          "HM11"
        ],
        [
          "atomElementName",
          ""
        ],
        [
          "atomAverageShift",
          3.733
        ],
        [
          "atomStdShift",
          null
        ],
        [
          "atomMinShift",
          3.733
        ],
        [
          "atomMaxShift",
          3.733
        ],
        [
          "atomDistributionRefValue",
          3.733
        ],
        [
          "atomDistributionValuePerPoint",
          1.0
        ],
        [
          "atomStatisticalDistribution",
          []
        ]
      ],
      [
        [
          "_metadata",
          {
            "jsonVersion": 3.0,
            "className": "AtomChemicalShift",
            "classVersion": 1.0,
            "user": "luca",
            "lastPath": "undefined",
            "timestamp": "Tue Jan  9 15:18:39 2024"
          }
        ],
        [
          "atomName",
          "HM12"
        ],
        [
          "atomElementName",
          ""
        ],
        [
          "atomAverageShift",
          3.733
        ],
        [
          "atomStdShift",
          null
        ],
        [
          "atomMinShift",
          3.733
        ],
        [
          "atomMaxShift",
          3.733
        ],
        [
          "atomDistributionRefValue",
          3.733
        ],
        [
          "atomDistributionValuePerPoint",
          1.0
        ],
        [
          "atomStatisticalDistribution",
          []
        ]
      ],
      [
        [
          "_metadata",
          {
            "jsonVersion": 3.0,
            "className": "AtomChemicalShift",
            "classVersion": 1.0,
            "user": "luca",
            "lastPath": "undefined",
            "timestamp": "Tue Jan  9 15:18:39 2024"
          }
        ],
        [
          "atomName",
          "HM13"
        ],
        [
          "atomElementName",
          ""
        ],
        [
          "atomAverageShift",
          3.733
        ],
        [
          "atomStdShift",
          null
        ],
        [
          "atomMinShift",
          3.733
        ],
        [
          "atomMaxShift",
          3.733
        ],
        [
          "atomDistributionRefValue",
          3.733
        ],
        [
          "atomDistributionValuePerPoint",
          1.0
        ],
        [
          "atomStatisticalDistribution",
          []
        ]
      ],
      [
        [
          "_metadata",
          {
            "jsonVersion": 3.0,
            "className": "AtomChemicalShift",
            "classVersion": 1.0,
            "user": "luca",
            "lastPath": "undefined",
            "timestamp": "Tue Jan  9 15:18:39 2024"
          }
        ],
        [
          "atomName",
          "HZ2"
        ],
        [
          "atomElementName",
          ""
        ],
        [
          "atomAverageShift",
          7.649
        ],
        [
          "atomStdShift",
          null
        ],
        [
          "atomMinShift",
          7.649
        ],
        [
          "atomMaxShift",
          7.649
        ],
        [
          "atomDistributionRefValue",
          7.649
        ],
        [
          "atomDistributionValuePerPoint",
          1.0
        ],
        [
          "atomStatisticalDistribution",
          []
        ]
      ]
    ]
  ]
]