[
  [
    "_metadata",
    {
      "jsonVersion": 3,
      "className": "ReferenceChemicalShift",
      "classVersion": 1,
      "user": "CCPN",
      "lastPath": "/Users/luca/Projects/AnalysisV3/resources/referenceChemicalShifts/NonStandard/Non-Polymer/4EM.json",
      "timestamp": "Tue Jan  9 15:18:35 2024",
      "applicationVersion": 3.2
    }
  ],
  [
    "chemicalShiftName",
    "Non-Standard Residues / Small Molecules"
  ],
  [
    "chemicalShiftComment",
    "The CCPN Analysis Version 3 ReferenceChemical shifts retrieved from BMRB"
  ],
  [
    "chemicalShiftEntryDate",
    "2023-09-14-14:25:08"
  ],
  [
    "compoundName",
    "(3R)-3-hydroxy-2,2-dimethyl-4-oxo-4-{[3-oxo-3-({2-[(1H-pyrrol-2-ylcarbonyl)amino]ethyl}amino)propyl]amino}butyl dihydrogen phosphate"
  ],
  [
    "compoundShortName",
    "4EM"
  ],
  [
    "compoundCcpCode",
    "4EM"
  ],
  [
    "compoundType",
    "Non-Polymer"
  ],
  [
    "compoundTypeClassification",
    "non-polymer"
  ],
  [
    "compoundPrecursorName",
    ""
  ],
  [
    "loadingLevel",
    0
  ],
  [
    "atoms",
    [
      [
        [
          "_metadata",
          {
            "jsonVersion": 3.0,
            "className": "AtomChemicalShift",
            "classVersion": 1.0,
            "user": "luca",
            "lastPath": "undefined",
            "timestamp": "Tue Jan  9 15:18:35 2024"
          }
        ],
        [
          "atomName",
          "C28"
        ],
        [
          "atomElementName",
          ""
        ],
        [
          "atomAverageShift",
          73.885
        ],
        [
          "atomStdShift",
          null
        ],
        [
          "atomMinShift",
          73.885
        ],
        [
          "atomMaxShift",
          73.885
        ],
        [
          "atomDistributionRefValue",
          73.885
        ],
        [
          "atomDistributionValuePerPoint",
          1.0
        ],
        [
          "atomStatisticalDistribution",
          []
        ]
      ],
      [
        [
          "_metadata",
          {
            "jsonVersion": 3.0,
            "className": "AtomChemicalShift",
            "classVersion": 1.0,
            "user": "luca",
            "lastPath": "undefined",
            "timestamp": "Tue Jan  9 15:18:35 2024"
          }
        ],
        [
          "atomName",
          "C37"
        ],
        [
          "atomElementName",
          ""
        ],
        [
          "atomAverageShift",
          38.461
        ],
        [
          "atomStdShift",
          null
        ],
        [
          "atomMinShift",
          38.461
        ],
        [
          "atomMaxShift",
          38.461
        ],
        [
          "atomDistributionRefValue",
          38.461
        ],
        [
          "atomDistributionValuePerPoint",
          1.0
        ],
        [
          "atomStatisticalDistribution",
          []
        ]
      ],
      [
        [
          "_metadata",
          {
            "jsonVersion": 3.0,
            "className": "AtomChemicalShift",
            "classVersion": 1.0,
            "user": "luca",
            "lastPath": "undefined",
            "timestamp": "Tue Jan  9 15:18:35 2024"
          }
        ],
        [
          "atomName",
          "H282"
        ],
        [
          "atomElementName",
          ""
        ],
        [
          "atomAverageShift",
          3.395
        ],
        [
          "atomStdShift",
          null
        ],
        [
          "atomMinShift",
          3.395
        ],
        [
          "atomMaxShift",
          3.395
        ],
        [
          "atomDistributionRefValue",
          3.395
        ],
        [
          "atomDistributionValuePerPoint",
          1.0
        ],
        [
          "atomStatisticalDistribution",
          []
        ]
      ],
      [
        [
          "_metadata",
          {
            "jsonVersion": 3.0,
            "className": "AtomChemicalShift",
            "classVersion": 1.0,
            "user": "luca",
            "lastPath": "undefined",
            "timestamp": "Tue Jan  9 15:18:35 2024"
          }
        ],
        [
          "atomName",
          "H283"
        ],
        [
          "atomElementName",
          ""
        ],
        [
          "atomAverageShift",
          3.664
        ],
        [
          "atomStdShift",
          null
        ],
        [
          "atomMinShift",
          3.664
        ],
        [
          "atomMaxShift",
          3.664
        ],
        [
          "atomDistributionRefValue",
          3.664
        ],
        [
          "atomDistributionValuePerPoint",
          1.0
        ],
        [
          "atomStatisticalDistribution",
          []
        ]
      ],
      [
        [
          "_metadata",
          {
            "jsonVersion": 3.0,
            "className": "AtomChemicalShift",
            "classVersion": 1.0,
            "user": "luca",
            "lastPath": "undefined",
            "timestamp": "Tue Jan  9 15:18:35 2024"
          }
        ],
        [
          "atomName",
          "H301"
        ],
        [
          "atomElementName",
          ""
        ],
        [
          "atomAverageShift",
          0.779
        ],
        [
          "atomStdShift",
          null
        ],
        [
          "atomMinShift",
          0.779
        ],
        [
          "atomMaxShift",
          0.779
        ],
        [
          "atomDistributionRefValue",
          0.779
        ],
        [
          "atomDistributionValuePerPoint",
          1.0
        ],
        [
          "atomStatisticalDistribution",
          []
        ]
      ],
      [
        [
          "_metadata",
          {
            "jsonVersion": 3.0,
            "className": "AtomChemicalShift",
            "classVersion": 1.0,
            "user": "luca",
            "lastPath": "undefined",
            "timestamp": "Tue Jan  9 15:18:35 2024"
          }
        ],
        [
          "atomName",
          "H302"
        ],
        [
          "atomElementName",
          ""
        ],
        [
          "atomAverageShift",
          0.779
        ],
        [
          "atomStdShift",
          null
        ],
        [
          "atomMinShift",
          0.779
        ],
        [
          "atomMaxShift",
          0.779
        ],
        [
          "atomDistributionRefValue",
          0.779
        ],
        [
          "atomDistributionValuePerPoint",
          1.0
        ],
        [
          "atomStatisticalDistribution",
          []
        ]
      ],
      [
        [
          "_metadata",
          {
            "jsonVersion": 3.0,
            "className": "AtomChemicalShift",
            "classVersion": 1.0,
            "user": "luca",
            "lastPath": "undefined",
            "timestamp": "Tue Jan  9 15:18:35 2024"
          }
        ],
        [
          "atomName",
          "H303"
        ],
        [
          "atomElementName",
          ""
        ],
        [
          "atomAverageShift",
          0.779
        ],
        [
          "atomStdShift",
          null
        ],
        [
          "atomMinShift",
          0.779
        ],
        [
          "atomMaxShift",
          0.779
        ],
        [
          "atomDistributionRefValue",
          0.779
        ],
        [
          "atomDistributionValuePerPoint",
          1.0
        ],
        [
          "atomStatisticalDistribution",
          []
        ]
      ],
      [
        [
          "_metadata",
          {
            "jsonVersion": 3.0,
            "className": "AtomChemicalShift",
            "classVersion": 1.0,
            "user": "luca",
            "lastPath": "undefined",
            "timestamp": "Tue Jan  9 15:18:35 2024"
          }
        ],
        [
          "atomName",
          "H311"
        ],
        [
          "atomElementName",
          ""
        ],
        [
          "atomAverageShift",
          0.82
        ],
        [
          "atomStdShift",
          null
        ],
        [
          "atomMinShift",
          0.82
        ],
        [
          "atomMaxShift",
          0.82
        ],
        [
          "atomDistributionRefValue",
          0.82
        ],
        [
          "atomDistributionValuePerPoint",
          1.0
        ],
        [
          "atomStatisticalDistribution",
          []
        ]
      ],
      [
        [
          "_metadata",
          {
            "jsonVersion": 3.0,
            "className": "AtomChemicalShift",
            "classVersion": 1.0,
            "user": "luca",
            "lastPath": "undefined",
            "timestamp": "Tue Jan  9 15:18:35 2024"
          }
        ],
        [
          "atomName",
          "H312"
        ],
        [
          "atomElementName",
          ""
        ],
        [
          "atomAverageShift",
          0.82
        ],
        [
          "atomStdShift",
          null
        ],
        [
          "atomMinShift",
          0.82
        ],
        [
          "atomMaxShift",
          0.82
        ],
        [
          "atomDistributionRefValue",
          0.82
        ],
        [
          "atomDistributionValuePerPoint",
          1.0
        ],
        [
          "atomStatisticalDistribution",
          []
        ]
      ],
      [
        [
          "_metadata",
          {
            "jsonVersion": 3.0,
            "className": "AtomChemicalShift",
            "classVersion": 1.0,
            "user": "luca",
            "lastPath": "undefined",
            "timestamp": "Tue Jan  9 15:18:35 2024"
          }
        ],
        [
          "atomName",
          "H313"
        ],
        [
          "atomElementName",
          ""
        ],
        [
          "atomAverageShift",
          0.82
        ],
        [
          "atomStdShift",
          null
        ],
        [
          "atomMinShift",
          0.82
        ],
        [
          "atomMaxShift",
          0.82
        ],
        [
          "atomDistributionRefValue",
          0.82
        ],
        [
          "atomDistributionValuePerPoint",
          1.0
        ],
        [
          "atomStatisticalDistribution",
          []
        ]
      ],
      [
        [
          "_metadata",
          {
            "jsonVersion": 3.0,
            "className": "AtomChemicalShift",
            "classVersion": 1.0,
            "user": "luca",
            "lastPath": "undefined",
            "timestamp": "Tue Jan  9 15:18:35 2024"
          }
        ],
        [
          "atomName",
          "H32"
        ],
        [
          "atomElementName",
          ""
        ],
        [
          "atomAverageShift",
          3.95
        ],
        [
          "atomStdShift",
          null
        ],
        [
          "atomMinShift",
          3.95
        ],
        [
          "atomMaxShift",
          3.95
        ],
        [
          "atomDistributionRefValue",
          3.95
        ],
        [
          "atomDistributionValuePerPoint",
          1.0
        ],
        [
          "atomStatisticalDistribution",
          []
        ]
      ],
      [
        [
          "_metadata",
          {
            "jsonVersion": 3.0,
            "className": "AtomChemicalShift",
            "classVersion": 1.0,
            "user": "luca",
            "lastPath": "undefined",
            "timestamp": "Tue Jan  9 15:18:35 2024"
          }
        ],
        [
          "atomName",
          "H36"
        ],
        [
          "atomElementName",
          ""
        ],
        [
          "atomAverageShift",
          8.013
        ],
        [
          "atomStdShift",
          null
        ],
        [
          "atomMinShift",
          8.013
        ],
        [
          "atomMaxShift",
          8.013
        ],
        [
          "atomDistributionRefValue",
          8.013
        ],
        [
          "atomDistributionValuePerPoint",
          1.0
        ],
        [
          "atomStatisticalDistribution",
          []
        ]
      ],
      [
        [
          "_metadata",
          {
            "jsonVersion": 3.0,
            "className": "AtomChemicalShift",
            "classVersion": 1.0,
            "user": "luca",
            "lastPath": "undefined",
            "timestamp": "Tue Jan  9 15:18:35 2024"
          }
        ],
        [
          "atomName",
          "H372"
        ],
        [
          "atomElementName",
          ""
        ],
        [
          "atomAverageShift",
          3.451
        ],
        [
          "atomStdShift",
          null
        ],
        [
          "atomMinShift",
          3.451
        ],
        [
          "atomMaxShift",
          3.451
        ],
        [
          "atomDistributionRefValue",
          3.451
        ],
        [
          "atomDistributionValuePerPoint",
          1.0
        ],
        [
          "atomStatisticalDistribution",
          []
        ]
      ],
      [
        [
          "_metadata",
          {
            "jsonVersion": 3.0,
            "className": "AtomChemicalShift",
            "classVersion": 1.0,
            "user": "luca",
            "lastPath": "undefined",
            "timestamp": "Tue Jan  9 15:18:35 2024"
          }
        ],
        [
          "atomName",
          "H373"
        ],
        [
          "atomElementName",
          ""
        ],
        [
          "atomAverageShift",
          3.479
        ],
        [
          "atomStdShift",
          null
        ],
        [
          "atomMinShift",
          3.479
        ],
        [
          "atomMaxShift",
          3.479
        ],
        [
          "atomDistributionRefValue",
          3.479
        ],
        [
          "atomDistributionValuePerPoint",
          1.0
        ],
        [
          "atomStatisticalDistribution",
          []
        ]
      ],
      [
        [
          "_metadata",
          {
            "jsonVersion": 3.0,
            "className": "AtomChemicalShift",
            "classVersion": 1.0,
            "user": "luca",
            "lastPath": "undefined",
            "timestamp": "Tue Jan  9 15:18:35 2024"
          }
        ],
        [
          "atomName",
          "H381"
        ],
        [
          "atomElementName",
          ""
        ],
        [
          "atomAverageShift",
          2.465
        ],
        [
          "atomStdShift",
          null
        ],
        [
          "atomMinShift",
          2.465
        ],
        [
          "atomMaxShift",
          2.465
        ],
        [
          "atomDistributionRefValue",
          2.465
        ],
        [
          "atomDistributionValuePerPoint",
          1.0
        ],
        [
          "atomStatisticalDistribution",
          []
        ]
      ],
      [
        [
          "_metadata",
          {
            "jsonVersion": 3.0,
            "className": "AtomChemicalShift",
            "classVersion": 1.0,
            "user": "luca",
            "lastPath": "undefined",
            "timestamp": "Tue Jan  9 15:18:35 2024"
          }
        ],
        [
          "atomName",
          "H382"
        ],
        [
          "atomElementName",
          ""
        ],
        [
          "atomAverageShift",
          2.465
        ],
        [
          "atomStdShift",
          null
        ],
        [
          "atomMinShift",
          2.465
        ],
        [
          "atomMaxShift",
          2.465
        ],
        [
          "atomDistributionRefValue",
          2.465
        ],
        [
          "atomDistributionValuePerPoint",
          1.0
        ],
        [
          "atomStatisticalDistribution",
          []
        ]
      ],
      [
        [
          "_metadata",
          {
            "jsonVersion": 3.0,
            "className": "AtomChemicalShift",
            "classVersion": 1.0,
            "user": "luca",
            "lastPath": "undefined",
            "timestamp": "Tue Jan  9 15:18:35 2024"
          }
        ],
        [
          "atomName",
          "H383"
        ],
        [
          "atomElementName",
          ""
        ],
        [
          "atomAverageShift",
          2.465
        ],
        [
          "atomStdShift",
          null
        ],
        [
          "atomMinShift",
          2.465
        ],
        [
          "atomMaxShift",
          2.465
        ],
        [
          "atomDistributionRefValue",
          2.465
        ],
        [
          "atomDistributionValuePerPoint",
          1.0
        ],
        [
          "atomStatisticalDistribution",
          []
        ]
      ],
      [
        [
          "_metadata",
          {
            "jsonVersion": 3.0,
            "className": "AtomChemicalShift",
            "classVersion": 1.0,
            "user": "luca",
            "lastPath": "undefined",
            "timestamp": "Tue Jan  9 15:18:35 2024"
          }
        ],
        [
          "atomName",
          "H41"
        ],
        [
          "atomElementName",
          ""
        ],
        [
          "atomAverageShift",
          8.169
        ],
        [
          "atomStdShift",
          null
        ],
        [
          "atomMinShift",
          8.169
        ],
        [
          "atomMaxShift",
          8.169
        ],
        [
          "atomDistributionRefValue",
          8.169
        ],
        [
          "atomDistributionValuePerPoint",
          1.0
        ],
        [
          "atomStatisticalDistribution",
          []
        ]
      ],
      [
        [
          "_metadata",
          {
            "jsonVersion": 3.0,
            "className": "AtomChemicalShift",
            "classVersion": 1.0,
            "user": "luca",
            "lastPath": "undefined",
            "timestamp": "Tue Jan  9 15:18:35 2024"
          }
        ],
        [
          "atomName",
          "H421"
        ],
        [
          "atomElementName",
          ""
        ],
        [
          "atomAverageShift",
          3.368
        ],
        [
          "atomStdShift",
          null
        ],
        [
          "atomMinShift",
          3.368
        ],
        [
          "atomMaxShift",
          3.368
        ],
        [
          "atomDistributionRefValue",
          3.368
        ],
        [
          "atomDistributionValuePerPoint",
          1.0
        ],
        [
          "atomStatisticalDistribution",
          []
        ]
      ],
      [
        [
          "_metadata",
          {
            "jsonVersion": 3.0,
            "className": "AtomChemicalShift",
            "classVersion": 1.0,
            "user": "luca",
            "lastPath": "undefined",
            "timestamp": "Tue Jan  9 15:18:35 2024"
          }
        ],
        [
          "atomName",
          "H422"
        ],
        [
          "atomElementName",
          ""
        ],
        [
          "atomAverageShift",
          3.368
        ],
        [
          "atomStdShift",
          null
        ],
        [
          "atomMinShift",
          3.368
        ],
        [
          "atomMaxShift",
          3.368
        ],
        [
          "atomDistributionRefValue",
          3.368
        ],
        [
          "atomDistributionValuePerPoint",
          1.0
        ],
        [
          "atomStatisticalDistribution",
          []
        ]
      ],
      [
        [
          "_metadata",
          {
            "jsonVersion": 3.0,
            "className": "AtomChemicalShift",
            "classVersion": 1.0,
            "user": "luca",
            "lastPath": "undefined",
            "timestamp": "Tue Jan  9 15:18:35 2024"
          }
        ],
        [
          "atomName",
          "H423"
        ],
        [
          "atomElementName",
          ""
        ],
        [
          "atomAverageShift",
          3.368
        ],
        [
          "atomStdShift",
          null
        ],
        [
          "atomMinShift",
          3.368
        ],
        [
          "atomMaxShift",
          3.368
        ],
        [
          "atomDistributionRefValue",
          3.368
        ],
        [
          "atomDistributionValuePerPoint",
          1.0
        ],
        [
          "atomStatisticalDistribution",
          []
        ]
      ],
      [
        [
          "_metadata",
          {
            "jsonVersion": 3.0,
            "className": "AtomChemicalShift",
            "classVersion": 1.0,
            "user": "luca",
            "lastPath": "undefined",
            "timestamp": "Tue Jan  9 15:18:35 2024"
          }
        ],
        [
          "atomName",
          "H431"
        ],
        [
          "atomElementName",
          ""
        ],
        [
          "atomAverageShift",
          3.443
        ],
        [
          "atomStdShift",
          null
        ],
        [
          "atomMinShift",
          3.443
        ],
        [
          "atomMaxShift",
          3.443
        ],
        [
          "atomDistributionRefValue",
          3.443
        ],
        [
          "atomDistributionValuePerPoint",
          1.0
        ],
        [
          "atomStatisticalDistribution",
          []
        ]
      ],
      [
        [
          "_metadata",
          {
            "jsonVersion": 3.0,
            "className": "AtomChemicalShift",
            "classVersion": 1.0,
            "user": "luca",
            "lastPath": "undefined",
            "timestamp": "Tue Jan  9 15:18:35 2024"
          }
        ],
        [
          "atomName",
          "H432"
        ],
        [
          "atomElementName",
          ""
        ],
        [
          "atomAverageShift",
          3.443
        ],
        [
          "atomStdShift",
          null
        ],
        [
          "atomMinShift",
          3.443
        ],
        [
          "atomMaxShift",
          3.443
        ],
        [
          "atomDistributionRefValue",
          3.443
        ],
        [
          "atomDistributionValuePerPoint",
          1.0
        ],
        [
          "atomStatisticalDistribution",
          []
        ]
      ],
      [
        [
          "_metadata",
          {
            "jsonVersion": 3.0,
            "className": "AtomChemicalShift",
            "classVersion": 1.0,
            "user": "luca",
            "lastPath": "undefined",
            "timestamp": "Tue Jan  9 15:18:35 2024"
          }
        ],
        [
          "atomName",
          "H433"
        ],
        [
          "atomElementName",
          ""
        ],
        [
          "atomAverageShift",
          3.443
        ],
        [
          "atomStdShift",
          null
        ],
        [
          "atomMinShift",
          3.443
        ],
        [
          "atomMaxShift",
          3.443
        ],
        [
          "atomDistributionRefValue",
          3.443
        ],
        [
          "atomDistributionValuePerPoint",
          1.0
        ],
        [
          "atomStatisticalDistribution",
          []
        ]
      ],
      [
        [
          "_metadata",
          {
            "jsonVersion": 3.0,
            "className": "AtomChemicalShift",
            "classVersion": 1.0,
            "user": "luca",
            "lastPath": "undefined",
            "timestamp": "Tue Jan  9 15:18:35 2024"
          }
        ],
        [
          "atomName",
          "H44"
        ],
        [
          "atomElementName",
          ""
        ],
        [
          "atomAverageShift",
          8.063
        ],
        [
          "atomStdShift",
          null
        ],
        [
          "atomMinShift",
          8.063
        ],
        [
          "atomMaxShift",
          8.063
        ],
        [
          "atomDistributionRefValue",
          8.063
        ],
        [
          "atomDistributionValuePerPoint",
          1.0
        ],
        [
          "atomStatisticalDistribution",
          []
        ]
      ],
      [
        [
          "_metadata",
          {
            "jsonVersion": 3.0,
            "className": "AtomChemicalShift",
            "classVersion": 1.0,
            "user": "luca",
            "lastPath": "undefined",
            "timestamp": "Tue Jan  9 15:18:35 2024"
          }
        ],
        [
          "atomName",
          "H49"
        ],
        [
          "atomElementName",
          ""
        ],
        [
          "atomAverageShift",
          6.757
        ],
        [
          "atomStdShift",
          null
        ],
        [
          "atomMinShift",
          6.757
        ],
        [
          "atomMaxShift",
          6.757
        ],
        [
          "atomDistributionRefValue",
          6.757
        ],
        [
          "atomDistributionValuePerPoint",
          1.0
        ],
        [
          "atomStatisticalDistribution",
          []
        ]
      ],
      [
        [
          "_metadata",
          {
            "jsonVersion": 3.0,
            "className": "AtomChemicalShift",
            "classVersion": 1.0,
            "user": "luca",
            "lastPath": "undefined",
            "timestamp": "Tue Jan  9 15:18:35 2024"
          }
        ],
        [
          "atomName",
          "H50"
        ],
        [
          "atomElementName",
          ""
        ],
        [
          "atomAverageShift",
          6.928
        ],
        [
          "atomStdShift",
          null
        ],
        [
          "atomMinShift",
          6.928
        ],
        [
          "atomMaxShift",
          6.928
        ],
        [
          "atomDistributionRefValue",
          6.928
        ],
        [
          "atomDistributionValuePerPoint",
          1.0
        ],
        [
          "atomStatisticalDistribution",
          []
        ]
      ],
      [
        [
          "_metadata",
          {
            "jsonVersion": 3.0,
            "className": "AtomChemicalShift",
            "classVersion": 1.0,
            "user": "luca",
            "lastPath": "undefined",
            "timestamp": "Tue Jan  9 15:18:35 2024"
          }
        ],
        [
          "atomName",
          "H51"
        ],
        [
          "atomElementName",
          ""
        ],
        [
          "atomAverageShift",
          6.105
        ],
        [
          "atomStdShift",
          null
        ],
        [
          "atomMinShift",
          6.105
        ],
        [
          "atomMaxShift",
          6.105
        ],
        [
          "atomDistributionRefValue",
          6.105
        ],
        [
          "atomDistributionValuePerPoint",
          1.0
        ],
        [
          "atomStatisticalDistribution",
          []
        ]
      ]
    ]
  ]
]