[
  [
    "_metadata",
    {
      "jsonVersion": 3,
      "className": "ReferenceChemicalShift",
      "classVersion": 1,
      "user": "CCPN",
      "lastPath": "/Users/luca/Projects/AnalysisV3/resources/referenceChemicalShifts/NonStandard/Non-Polymer/4JF.json",
      "timestamp": "Tue Jan  9 15:18:23 2024",
      "applicationVersion": 3.2
    }
  ],
  [
    "chemicalShiftName",
    "Non-Standard Residues / Small Molecules"
  ],
  [
    "chemicalShiftComment",
    "The CCPN Analysis Version 3 ReferenceChemical shifts retrieved from BMRB"
  ],
  [
    "chemicalShiftEntryDate",
    "2023-09-14-14:25:08"
  ],
  [
    "compoundName",
    "(1R,1'R,2S,2'S,3R,3'R,5aR,10aR,11a'S)-2'-[(2,6-dideoxy-3-O-methyl-alpha-L-arabino-hexopyranosyl)oxy]-2,2'-diethyl-11,11\n'-dihydrazinyl-6,6',9,9'-tetrahydroxy-4,4',5,5',10,10'-hexaoxo-1,1'-bis{[2,4,6-trideoxy-4-(dimethylamino)-beta-L-arabino\n-hexopyranosyl]oxy}[2,2',3,3',4,4',5,5',5a,8,10,10',10a,11a'-tetradecahydro-1H,1'H-[3,3'-bibenzo[b]fluorene]]-2-yl 2,6-dideoxy-3-O-methyl-alpha-L-arabino-hexopyranoside"
  ],
  [
    "compoundShortName",
    "4JF"
  ],
  [
    "compoundCcpCode",
    "4JF"
  ],
  [
    "compoundType",
    "Non-Polymer"
  ],
  [
    "compoundTypeClassification",
    "non-polymer"
  ],
  [
    "compoundPrecursorName",
    ""
  ],
  [
    "loadingLevel",
    0
  ],
  [
    "atoms",
    [
      [
        [
          "_metadata",
          {
            "jsonVersion": 3.0,
            "className": "AtomChemicalShift",
            "classVersion": 1.0,
            "user": "luca",
            "lastPath": "undefined",
            "timestamp": "Tue Jan  9 15:18:22 2024"
          }
        ],
        [
          "atomName",
          "H109"
        ],
        [
          "atomElementName",
          ""
        ],
        [
          "atomAverageShift",
          2.51
        ],
        [
          "atomStdShift",
          null
        ],
        [
          "atomMinShift",
          2.51
        ],
        [
          "atomMaxShift",
          2.51
        ],
        [
          "atomDistributionRefValue",
          2.51
        ],
        [
          "atomDistributionValuePerPoint",
          1.0
        ],
        [
          "atomStatisticalDistribution",
          []
        ]
      ],
      [
        [
          "_metadata",
          {
            "jsonVersion": 3.0,
            "className": "AtomChemicalShift",
            "classVersion": 1.0,
            "user": "luca",
            "lastPath": "undefined",
            "timestamp": "Tue Jan  9 15:18:22 2024"
          }
        ],
        [
          "atomName",
          "H110"
        ],
        [
          "atomElementName",
          ""
        ],
        [
          "atomAverageShift",
          2.23
        ],
        [
          "atomStdShift",
          null
        ],
        [
          "atomMinShift",
          2.23
        ],
        [
          "atomMaxShift",
          2.23
        ],
        [
          "atomDistributionRefValue",
          2.23
        ],
        [
          "atomDistributionValuePerPoint",
          1.0
        ],
        [
          "atomStatisticalDistribution",
          []
        ]
      ],
      [
        [
          "_metadata",
          {
            "jsonVersion": 3.0,
            "className": "AtomChemicalShift",
            "classVersion": 1.0,
            "user": "luca",
            "lastPath": "undefined",
            "timestamp": "Tue Jan  9 15:18:22 2024"
          }
        ],
        [
          "atomName",
          "H111"
        ],
        [
          "atomElementName",
          ""
        ],
        [
          "atomAverageShift",
          4.99
        ],
        [
          "atomStdShift",
          null
        ],
        [
          "atomMinShift",
          4.99
        ],
        [
          "atomMaxShift",
          4.99
        ],
        [
          "atomDistributionRefValue",
          4.99
        ],
        [
          "atomDistributionValuePerPoint",
          1.0
        ],
        [
          "atomStatisticalDistribution",
          []
        ]
      ],
      [
        [
          "_metadata",
          {
            "jsonVersion": 3.0,
            "className": "AtomChemicalShift",
            "classVersion": 1.0,
            "user": "luca",
            "lastPath": "undefined",
            "timestamp": "Tue Jan  9 15:18:22 2024"
          }
        ],
        [
          "atomName",
          "H112"
        ],
        [
          "atomElementName",
          ""
        ],
        [
          "atomAverageShift",
          2.98
        ],
        [
          "atomStdShift",
          null
        ],
        [
          "atomMinShift",
          2.98
        ],
        [
          "atomMaxShift",
          2.98
        ],
        [
          "atomDistributionRefValue",
          2.98
        ],
        [
          "atomDistributionValuePerPoint",
          1.0
        ],
        [
          "atomStatisticalDistribution",
          []
        ]
      ],
      [
        [
          "_metadata",
          {
            "jsonVersion": 3.0,
            "className": "AtomChemicalShift",
            "classVersion": 1.0,
            "user": "luca",
            "lastPath": "undefined",
            "timestamp": "Tue Jan  9 15:18:22 2024"
          }
        ],
        [
          "atomName",
          "H113"
        ],
        [
          "atomElementName",
          ""
        ],
        [
          "atomAverageShift",
          4.04
        ],
        [
          "atomStdShift",
          null
        ],
        [
          "atomMinShift",
          4.04
        ],
        [
          "atomMaxShift",
          4.04
        ],
        [
          "atomDistributionRefValue",
          4.04
        ],
        [
          "atomDistributionValuePerPoint",
          1.0
        ],
        [
          "atomStatisticalDistribution",
          []
        ]
      ],
      [
        [
          "_metadata",
          {
            "jsonVersion": 3.0,
            "className": "AtomChemicalShift",
            "classVersion": 1.0,
            "user": "luca",
            "lastPath": "undefined",
            "timestamp": "Tue Jan  9 15:18:22 2024"
          }
        ],
        [
          "atomName",
          "H114"
        ],
        [
          "atomElementName",
          ""
        ],
        [
          "atomAverageShift",
          4.17
        ],
        [
          "atomStdShift",
          null
        ],
        [
          "atomMinShift",
          4.17
        ],
        [
          "atomMaxShift",
          4.17
        ],
        [
          "atomDistributionRefValue",
          4.17
        ],
        [
          "atomDistributionValuePerPoint",
          1.0
        ],
        [
          "atomStatisticalDistribution",
          []
        ]
      ],
      [
        [
          "_metadata",
          {
            "jsonVersion": 3.0,
            "className": "AtomChemicalShift",
            "classVersion": 1.0,
            "user": "luca",
            "lastPath": "undefined",
            "timestamp": "Tue Jan  9 15:18:22 2024"
          }
        ],
        [
          "atomName",
          "H120"
        ],
        [
          "atomElementName",
          ""
        ],
        [
          "atomAverageShift",
          2.98
        ],
        [
          "atomStdShift",
          null
        ],
        [
          "atomMinShift",
          2.98
        ],
        [
          "atomMaxShift",
          2.98
        ],
        [
          "atomDistributionRefValue",
          2.98
        ],
        [
          "atomDistributionValuePerPoint",
          1.0
        ],
        [
          "atomStatisticalDistribution",
          []
        ]
      ],
      [
        [
          "_metadata",
          {
            "jsonVersion": 3.0,
            "className": "AtomChemicalShift",
            "classVersion": 1.0,
            "user": "luca",
            "lastPath": "undefined",
            "timestamp": "Tue Jan  9 15:18:22 2024"
          }
        ],
        [
          "atomName",
          "H121"
        ],
        [
          "atomElementName",
          ""
        ],
        [
          "atomAverageShift",
          2.98
        ],
        [
          "atomStdShift",
          null
        ],
        [
          "atomMinShift",
          2.98
        ],
        [
          "atomMaxShift",
          2.98
        ],
        [
          "atomDistributionRefValue",
          2.98
        ],
        [
          "atomDistributionValuePerPoint",
          1.0
        ],
        [
          "atomStatisticalDistribution",
          []
        ]
      ],
      [
        [
          "_metadata",
          {
            "jsonVersion": 3.0,
            "className": "AtomChemicalShift",
            "classVersion": 1.0,
            "user": "luca",
            "lastPath": "undefined",
            "timestamp": "Tue Jan  9 15:18:22 2024"
          }
        ],
        [
          "atomName",
          "H122"
        ],
        [
          "atomElementName",
          ""
        ],
        [
          "atomAverageShift",
          2.98
        ],
        [
          "atomStdShift",
          null
        ],
        [
          "atomMinShift",
          2.98
        ],
        [
          "atomMaxShift",
          2.98
        ],
        [
          "atomDistributionRefValue",
          2.98
        ],
        [
          "atomDistributionValuePerPoint",
          1.0
        ],
        [
          "atomStatisticalDistribution",
          []
        ]
      ],
      [
        [
          "_metadata",
          {
            "jsonVersion": 3.0,
            "className": "AtomChemicalShift",
            "classVersion": 1.0,
            "user": "luca",
            "lastPath": "undefined",
            "timestamp": "Tue Jan  9 15:18:22 2024"
          }
        ],
        [
          "atomName",
          "H124"
        ],
        [
          "atomElementName",
          ""
        ],
        [
          "atomAverageShift",
          3.1
        ],
        [
          "atomStdShift",
          null
        ],
        [
          "atomMinShift",
          3.1
        ],
        [
          "atomMaxShift",
          3.1
        ],
        [
          "atomDistributionRefValue",
          3.1
        ],
        [
          "atomDistributionValuePerPoint",
          1.0
        ],
        [
          "atomStatisticalDistribution",
          []
        ]
      ],
      [
        [
          "_metadata",
          {
            "jsonVersion": 3.0,
            "className": "AtomChemicalShift",
            "classVersion": 1.0,
            "user": "luca",
            "lastPath": "undefined",
            "timestamp": "Tue Jan  9 15:18:22 2024"
          }
        ],
        [
          "atomName",
          "H125"
        ],
        [
          "atomElementName",
          ""
        ],
        [
          "atomAverageShift",
          3.1
        ],
        [
          "atomStdShift",
          null
        ],
        [
          "atomMinShift",
          3.1
        ],
        [
          "atomMaxShift",
          3.1
        ],
        [
          "atomDistributionRefValue",
          3.1
        ],
        [
          "atomDistributionValuePerPoint",
          1.0
        ],
        [
          "atomStatisticalDistribution",
          []
        ]
      ],
      [
        [
          "_metadata",
          {
            "jsonVersion": 3.0,
            "className": "AtomChemicalShift",
            "classVersion": 1.0,
            "user": "luca",
            "lastPath": "undefined",
            "timestamp": "Tue Jan  9 15:18:22 2024"
          }
        ],
        [
          "atomName",
          "H126"
        ],
        [
          "atomElementName",
          ""
        ],
        [
          "atomAverageShift",
          3.1
        ],
        [
          "atomStdShift",
          null
        ],
        [
          "atomMinShift",
          3.1
        ],
        [
          "atomMaxShift",
          3.1
        ],
        [
          "atomDistributionRefValue",
          3.1
        ],
        [
          "atomDistributionValuePerPoint",
          1.0
        ],
        [
          "atomStatisticalDistribution",
          []
        ]
      ],
      [
        [
          "_metadata",
          {
            "jsonVersion": 3.0,
            "className": "AtomChemicalShift",
            "classVersion": 1.0,
            "user": "luca",
            "lastPath": "undefined",
            "timestamp": "Tue Jan  9 15:18:22 2024"
          }
        ],
        [
          "atomName",
          "H128"
        ],
        [
          "atomElementName",
          ""
        ],
        [
          "atomAverageShift",
          2.09
        ],
        [
          "atomStdShift",
          null
        ],
        [
          "atomMinShift",
          2.09
        ],
        [
          "atomMaxShift",
          2.09
        ],
        [
          "atomDistributionRefValue",
          2.09
        ],
        [
          "atomDistributionValuePerPoint",
          1.0
        ],
        [
          "atomStatisticalDistribution",
          []
        ]
      ],
      [
        [
          "_metadata",
          {
            "jsonVersion": 3.0,
            "className": "AtomChemicalShift",
            "classVersion": 1.0,
            "user": "luca",
            "lastPath": "undefined",
            "timestamp": "Tue Jan  9 15:18:22 2024"
          }
        ],
        [
          "atomName",
          "H129"
        ],
        [
          "atomElementName",
          ""
        ],
        [
          "atomAverageShift",
          2.09
        ],
        [
          "atomStdShift",
          null
        ],
        [
          "atomMinShift",
          2.09
        ],
        [
          "atomMaxShift",
          2.09
        ],
        [
          "atomDistributionRefValue",
          2.09
        ],
        [
          "atomDistributionValuePerPoint",
          1.0
        ],
        [
          "atomStatisticalDistribution",
          []
        ]
      ],
      [
        [
          "_metadata",
          {
            "jsonVersion": 3.0,
            "className": "AtomChemicalShift",
            "classVersion": 1.0,
            "user": "luca",
            "lastPath": "undefined",
            "timestamp": "Tue Jan  9 15:18:22 2024"
          }
        ],
        [
          "atomName",
          "H130"
        ],
        [
          "atomElementName",
          ""
        ],
        [
          "atomAverageShift",
          2.09
        ],
        [
          "atomStdShift",
          null
        ],
        [
          "atomMinShift",
          2.09
        ],
        [
          "atomMaxShift",
          2.09
        ],
        [
          "atomDistributionRefValue",
          2.09
        ],
        [
          "atomDistributionValuePerPoint",
          1.0
        ],
        [
          "atomStatisticalDistribution",
          []
        ]
      ],
      [
        [
          "_metadata",
          {
            "jsonVersion": 3.0,
            "className": "AtomChemicalShift",
            "classVersion": 1.0,
            "user": "luca",
            "lastPath": "undefined",
            "timestamp": "Tue Jan  9 15:18:22 2024"
          }
        ],
        [
          "atomName",
          "H135"
        ],
        [
          "atomElementName",
          ""
        ],
        [
          "atomAverageShift",
          6.02
        ],
        [
          "atomStdShift",
          null
        ],
        [
          "atomMinShift",
          6.02
        ],
        [
          "atomMaxShift",
          6.02
        ],
        [
          "atomDistributionRefValue",
          6.02
        ],
        [
          "atomDistributionValuePerPoint",
          1.0
        ],
        [
          "atomStatisticalDistribution",
          []
        ]
      ],
      [
        [
          "_metadata",
          {
            "jsonVersion": 3.0,
            "className": "AtomChemicalShift",
            "classVersion": 1.0,
            "user": "luca",
            "lastPath": "undefined",
            "timestamp": "Tue Jan  9 15:18:22 2024"
          }
        ],
        [
          "atomName",
          "H137"
        ],
        [
          "atomElementName",
          ""
        ],
        [
          "atomAverageShift",
          2.04
        ],
        [
          "atomStdShift",
          null
        ],
        [
          "atomMinShift",
          2.04
        ],
        [
          "atomMaxShift",
          2.04
        ],
        [
          "atomDistributionRefValue",
          2.04
        ],
        [
          "atomDistributionValuePerPoint",
          1.0
        ],
        [
          "atomStatisticalDistribution",
          []
        ]
      ],
      [
        [
          "_metadata",
          {
            "jsonVersion": 3.0,
            "className": "AtomChemicalShift",
            "classVersion": 1.0,
            "user": "luca",
            "lastPath": "undefined",
            "timestamp": "Tue Jan  9 15:18:22 2024"
          }
        ],
        [
          "atomName",
          "H138"
        ],
        [
          "atomElementName",
          ""
        ],
        [
          "atomAverageShift",
          1.71
        ],
        [
          "atomStdShift",
          null
        ],
        [
          "atomMinShift",
          1.71
        ],
        [
          "atomMaxShift",
          1.71
        ],
        [
          "atomDistributionRefValue",
          1.71
        ],
        [
          "atomDistributionValuePerPoint",
          1.0
        ],
        [
          "atomStatisticalDistribution",
          []
        ]
      ],
      [
        [
          "_metadata",
          {
            "jsonVersion": 3.0,
            "className": "AtomChemicalShift",
            "classVersion": 1.0,
            "user": "luca",
            "lastPath": "undefined",
            "timestamp": "Tue Jan  9 15:18:22 2024"
          }
        ],
        [
          "atomName",
          "H141"
        ],
        [
          "atomElementName",
          ""
        ],
        [
          "atomAverageShift",
          4.04
        ],
        [
          "atomStdShift",
          null
        ],
        [
          "atomMinShift",
          4.04
        ],
        [
          "atomMaxShift",
          4.04
        ],
        [
          "atomDistributionRefValue",
          4.04
        ],
        [
          "atomDistributionValuePerPoint",
          1.0
        ],
        [
          "atomStatisticalDistribution",
          []
        ]
      ],
      [
        [
          "_metadata",
          {
            "jsonVersion": 3.0,
            "className": "AtomChemicalShift",
            "classVersion": 1.0,
            "user": "luca",
            "lastPath": "undefined",
            "timestamp": "Tue Jan  9 15:18:22 2024"
          }
        ],
        [
          "atomName",
          "H142"
        ],
        [
          "atomElementName",
          ""
        ],
        [
          "atomAverageShift",
          4.12
        ],
        [
          "atomStdShift",
          null
        ],
        [
          "atomMinShift",
          4.12
        ],
        [
          "atomMaxShift",
          4.12
        ],
        [
          "atomDistributionRefValue",
          4.12
        ],
        [
          "atomDistributionValuePerPoint",
          1.0
        ],
        [
          "atomStatisticalDistribution",
          []
        ]
      ],
      [
        [
          "_metadata",
          {
            "jsonVersion": 3.0,
            "className": "AtomChemicalShift",
            "classVersion": 1.0,
            "user": "luca",
            "lastPath": "undefined",
            "timestamp": "Tue Jan  9 15:18:22 2024"
          }
        ],
        [
          "atomName",
          "H143"
        ],
        [
          "atomElementName",
          ""
        ],
        [
          "atomAverageShift",
          3.28
        ],
        [
          "atomStdShift",
          null
        ],
        [
          "atomMinShift",
          3.28
        ],
        [
          "atomMaxShift",
          3.28
        ],
        [
          "atomDistributionRefValue",
          3.28
        ],
        [
          "atomDistributionValuePerPoint",
          1.0
        ],
        [
          "atomStatisticalDistribution",
          []
        ]
      ],
      [
        [
          "_metadata",
          {
            "jsonVersion": 3.0,
            "className": "AtomChemicalShift",
            "classVersion": 1.0,
            "user": "luca",
            "lastPath": "undefined",
            "timestamp": "Tue Jan  9 15:18:22 2024"
          }
        ],
        [
          "atomName",
          "H146"
        ],
        [
          "atomElementName",
          ""
        ],
        [
          "atomAverageShift",
          1.31
        ],
        [
          "atomStdShift",
          null
        ],
        [
          "atomMinShift",
          1.31
        ],
        [
          "atomMaxShift",
          1.31
        ],
        [
          "atomDistributionRefValue",
          1.31
        ],
        [
          "atomDistributionValuePerPoint",
          1.0
        ],
        [
          "atomStatisticalDistribution",
          []
        ]
      ],
      [
        [
          "_metadata",
          {
            "jsonVersion": 3.0,
            "className": "AtomChemicalShift",
            "classVersion": 1.0,
            "user": "luca",
            "lastPath": "undefined",
            "timestamp": "Tue Jan  9 15:18:22 2024"
          }
        ],
        [
          "atomName",
          "H147"
        ],
        [
          "atomElementName",
          ""
        ],
        [
          "atomAverageShift",
          1.31
        ],
        [
          "atomStdShift",
          null
        ],
        [
          "atomMinShift",
          1.31
        ],
        [
          "atomMaxShift",
          1.31
        ],
        [
          "atomDistributionRefValue",
          1.31
        ],
        [
          "atomDistributionValuePerPoint",
          1.0
        ],
        [
          "atomStatisticalDistribution",
          []
        ]
      ],
      [
        [
          "_metadata",
          {
            "jsonVersion": 3.0,
            "className": "AtomChemicalShift",
            "classVersion": 1.0,
            "user": "luca",
            "lastPath": "undefined",
            "timestamp": "Tue Jan  9 15:18:22 2024"
          }
        ],
        [
          "atomName",
          "H148"
        ],
        [
          "atomElementName",
          ""
        ],
        [
          "atomAverageShift",
          1.31
        ],
        [
          "atomStdShift",
          null
        ],
        [
          "atomMinShift",
          1.31
        ],
        [
          "atomMaxShift",
          1.31
        ],
        [
          "atomDistributionRefValue",
          1.31
        ],
        [
          "atomDistributionValuePerPoint",
          1.0
        ],
        [
          "atomStatisticalDistribution",
          []
        ]
      ],
      [
        [
          "_metadata",
          {
            "jsonVersion": 3.0,
            "className": "AtomChemicalShift",
            "classVersion": 1.0,
            "user": "luca",
            "lastPath": "undefined",
            "timestamp": "Tue Jan  9 15:18:22 2024"
          }
        ],
        [
          "atomName",
          "H153"
        ],
        [
          "atomElementName",
          ""
        ],
        [
          "atomAverageShift",
          3.73
        ],
        [
          "atomStdShift",
          null
        ],
        [
          "atomMinShift",
          3.73
        ],
        [
          "atomMaxShift",
          3.73
        ],
        [
          "atomDistributionRefValue",
          3.73
        ],
        [
          "atomDistributionValuePerPoint",
          1.0
        ],
        [
          "atomStatisticalDistribution",
          []
        ]
      ],
      [
        [
          "_metadata",
          {
            "jsonVersion": 3.0,
            "className": "AtomChemicalShift",
            "classVersion": 1.0,
            "user": "luca",
            "lastPath": "undefined",
            "timestamp": "Tue Jan  9 15:18:22 2024"
          }
        ],
        [
          "atomName",
          "H154"
        ],
        [
          "atomElementName",
          ""
        ],
        [
          "atomAverageShift",
          3.73
        ],
        [
          "atomStdShift",
          null
        ],
        [
          "atomMinShift",
          3.73
        ],
        [
          "atomMaxShift",
          3.73
        ],
        [
          "atomDistributionRefValue",
          3.73
        ],
        [
          "atomDistributionValuePerPoint",
          1.0
        ],
        [
          "atomStatisticalDistribution",
          []
        ]
      ],
      [
        [
          "_metadata",
          {
            "jsonVersion": 3.0,
            "className": "AtomChemicalShift",
            "classVersion": 1.0,
            "user": "luca",
            "lastPath": "undefined",
            "timestamp": "Tue Jan  9 15:18:22 2024"
          }
        ],
        [
          "atomName",
          "H155"
        ],
        [
          "atomElementName",
          ""
        ],
        [
          "atomAverageShift",
          3.73
        ],
        [
          "atomStdShift",
          null
        ],
        [
          "atomMinShift",
          3.73
        ],
        [
          "atomMaxShift",
          3.73
        ],
        [
          "atomDistributionRefValue",
          3.73
        ],
        [
          "atomDistributionValuePerPoint",
          1.0
        ],
        [
          "atomStatisticalDistribution",
          []
        ]
      ],
      [
        [
          "_metadata",
          {
            "jsonVersion": 3.0,
            "className": "AtomChemicalShift",
            "classVersion": 1.0,
            "user": "luca",
            "lastPath": "undefined",
            "timestamp": "Tue Jan  9 15:18:22 2024"
          }
        ],
        [
          "atomName",
          "H158"
        ],
        [
          "atomElementName",
          ""
        ],
        [
          "atomAverageShift",
          6.02
        ],
        [
          "atomStdShift",
          null
        ],
        [
          "atomMinShift",
          6.02
        ],
        [
          "atomMaxShift",
          6.02
        ],
        [
          "atomDistributionRefValue",
          6.02
        ],
        [
          "atomDistributionValuePerPoint",
          1.0
        ],
        [
          "atomStatisticalDistribution",
          []
        ]
      ],
      [
        [
          "_metadata",
          {
            "jsonVersion": 3.0,
            "className": "AtomChemicalShift",
            "classVersion": 1.0,
            "user": "luca",
            "lastPath": "undefined",
            "timestamp": "Tue Jan  9 15:18:22 2024"
          }
        ],
        [
          "atomName",
          "H16"
        ],
        [
          "atomElementName",
          ""
        ],
        [
          "atomAverageShift",
          12.36
        ],
        [
          "atomStdShift",
          null
        ],
        [
          "atomMinShift",
          12.36
        ],
        [
          "atomMaxShift",
          12.36
        ],
        [
          "atomDistributionRefValue",
          12.36
        ],
        [
          "atomDistributionValuePerPoint",
          1.0
        ],
        [
          "atomStatisticalDistribution",
          []
        ]
      ],
      [
        [
          "_metadata",
          {
            "jsonVersion": 3.0,
            "className": "AtomChemicalShift",
            "classVersion": 1.0,
            "user": "luca",
            "lastPath": "undefined",
            "timestamp": "Tue Jan  9 15:18:22 2024"
          }
        ],
        [
          "atomName",
          "H160"
        ],
        [
          "atomElementName",
          ""
        ],
        [
          "atomAverageShift",
          1.71
        ],
        [
          "atomStdShift",
          null
        ],
        [
          "atomMinShift",
          1.71
        ],
        [
          "atomMaxShift",
          1.71
        ],
        [
          "atomDistributionRefValue",
          1.71
        ],
        [
          "atomDistributionValuePerPoint",
          1.0
        ],
        [
          "atomStatisticalDistribution",
          []
        ]
      ],
      [
        [
          "_metadata",
          {
            "jsonVersion": 3.0,
            "className": "AtomChemicalShift",
            "classVersion": 1.0,
            "user": "luca",
            "lastPath": "undefined",
            "timestamp": "Tue Jan  9 15:18:22 2024"
          }
        ],
        [
          "atomName",
          "H161"
        ],
        [
          "atomElementName",
          ""
        ],
        [
          "atomAverageShift",
          2.04
        ],
        [
          "atomStdShift",
          null
        ],
        [
          "atomMinShift",
          2.04
        ],
        [
          "atomMaxShift",
          2.04
        ],
        [
          "atomDistributionRefValue",
          2.04
        ],
        [
          "atomDistributionValuePerPoint",
          1.0
        ],
        [
          "atomStatisticalDistribution",
          []
        ]
      ],
      [
        [
          "_metadata",
          {
            "jsonVersion": 3.0,
            "className": "AtomChemicalShift",
            "classVersion": 1.0,
            "user": "luca",
            "lastPath": "undefined",
            "timestamp": "Tue Jan  9 15:18:22 2024"
          }
        ],
        [
          "atomName",
          "H164"
        ],
        [
          "atomElementName",
          ""
        ],
        [
          "atomAverageShift",
          4.04
        ],
        [
          "atomStdShift",
          null
        ],
        [
          "atomMinShift",
          4.04
        ],
        [
          "atomMaxShift",
          4.04
        ],
        [
          "atomDistributionRefValue",
          4.04
        ],
        [
          "atomDistributionValuePerPoint",
          1.0
        ],
        [
          "atomStatisticalDistribution",
          []
        ]
      ],
      [
        [
          "_metadata",
          {
            "jsonVersion": 3.0,
            "className": "AtomChemicalShift",
            "classVersion": 1.0,
            "user": "luca",
            "lastPath": "undefined",
            "timestamp": "Tue Jan  9 15:18:22 2024"
          }
        ],
        [
          "atomName",
          "H165"
        ],
        [
          "atomElementName",
          ""
        ],
        [
          "atomAverageShift",
          4.12
        ],
        [
          "atomStdShift",
          null
        ],
        [
          "atomMinShift",
          4.12
        ],
        [
          "atomMaxShift",
          4.12
        ],
        [
          "atomDistributionRefValue",
          4.12
        ],
        [
          "atomDistributionValuePerPoint",
          1.0
        ],
        [
          "atomStatisticalDistribution",
          []
        ]
      ],
      [
        [
          "_metadata",
          {
            "jsonVersion": 3.0,
            "className": "AtomChemicalShift",
            "classVersion": 1.0,
            "user": "luca",
            "lastPath": "undefined",
            "timestamp": "Tue Jan  9 15:18:22 2024"
          }
        ],
        [
          "atomName",
          "H166"
        ],
        [
          "atomElementName",
          ""
        ],
        [
          "atomAverageShift",
          3.28
        ],
        [
          "atomStdShift",
          null
        ],
        [
          "atomMinShift",
          3.28
        ],
        [
          "atomMaxShift",
          3.28
        ],
        [
          "atomDistributionRefValue",
          3.28
        ],
        [
          "atomDistributionValuePerPoint",
          1.0
        ],
        [
          "atomStatisticalDistribution",
          []
        ]
      ],
      [
        [
          "_metadata",
          {
            "jsonVersion": 3.0,
            "className": "AtomChemicalShift",
            "classVersion": 1.0,
            "user": "luca",
            "lastPath": "undefined",
            "timestamp": "Tue Jan  9 15:18:22 2024"
          }
        ],
        [
          "atomName",
          "H172"
        ],
        [
          "atomElementName",
          ""
        ],
        [
          "atomAverageShift",
          3.61
        ],
        [
          "atomStdShift",
          null
        ],
        [
          "atomMinShift",
          3.61
        ],
        [
          "atomMaxShift",
          3.61
        ],
        [
          "atomDistributionRefValue",
          3.61
        ],
        [
          "atomDistributionValuePerPoint",
          1.0
        ],
        [
          "atomStatisticalDistribution",
          []
        ]
      ],
      [
        [
          "_metadata",
          {
            "jsonVersion": 3.0,
            "className": "AtomChemicalShift",
            "classVersion": 1.0,
            "user": "luca",
            "lastPath": "undefined",
            "timestamp": "Tue Jan  9 15:18:22 2024"
          }
        ],
        [
          "atomName",
          "H173"
        ],
        [
          "atomElementName",
          ""
        ],
        [
          "atomAverageShift",
          3.61
        ],
        [
          "atomStdShift",
          null
        ],
        [
          "atomMinShift",
          3.61
        ],
        [
          "atomMaxShift",
          3.61
        ],
        [
          "atomDistributionRefValue",
          3.61
        ],
        [
          "atomDistributionValuePerPoint",
          1.0
        ],
        [
          "atomStatisticalDistribution",
          []
        ]
      ],
      [
        [
          "_metadata",
          {
            "jsonVersion": 3.0,
            "className": "AtomChemicalShift",
            "classVersion": 1.0,
            "user": "luca",
            "lastPath": "undefined",
            "timestamp": "Tue Jan  9 15:18:22 2024"
          }
        ],
        [
          "atomName",
          "H174"
        ],
        [
          "atomElementName",
          ""
        ],
        [
          "atomAverageShift",
          3.61
        ],
        [
          "atomStdShift",
          null
        ],
        [
          "atomMinShift",
          3.61
        ],
        [
          "atomMaxShift",
          3.61
        ],
        [
          "atomDistributionRefValue",
          3.61
        ],
        [
          "atomDistributionValuePerPoint",
          1.0
        ],
        [
          "atomStatisticalDistribution",
          []
        ]
      ],
      [
        [
          "_metadata",
          {
            "jsonVersion": 3.0,
            "className": "AtomChemicalShift",
            "classVersion": 1.0,
            "user": "luca",
            "lastPath": "undefined",
            "timestamp": "Tue Jan  9 15:18:22 2024"
          }
        ],
        [
          "atomName",
          "H176"
        ],
        [
          "atomElementName",
          ""
        ],
        [
          "atomAverageShift",
          1.31
        ],
        [
          "atomStdShift",
          null
        ],
        [
          "atomMinShift",
          1.31
        ],
        [
          "atomMaxShift",
          1.31
        ],
        [
          "atomDistributionRefValue",
          1.31
        ],
        [
          "atomDistributionValuePerPoint",
          1.0
        ],
        [
          "atomStatisticalDistribution",
          []
        ]
      ],
      [
        [
          "_metadata",
          {
            "jsonVersion": 3.0,
            "className": "AtomChemicalShift",
            "classVersion": 1.0,
            "user": "luca",
            "lastPath": "undefined",
            "timestamp": "Tue Jan  9 15:18:22 2024"
          }
        ],
        [
          "atomName",
          "H18"
        ],
        [
          "atomElementName",
          ""
        ],
        [
          "atomAverageShift",
          13.44
        ],
        [
          "atomStdShift",
          null
        ],
        [
          "atomMinShift",
          13.44
        ],
        [
          "atomMaxShift",
          13.44
        ],
        [
          "atomDistributionRefValue",
          13.44
        ],
        [
          "atomDistributionValuePerPoint",
          1.0
        ],
        [
          "atomStatisticalDistribution",
          []
        ]
      ],
      [
        [
          "_metadata",
          {
            "jsonVersion": 3.0,
            "className": "AtomChemicalShift",
            "classVersion": 1.0,
            "user": "luca",
            "lastPath": "undefined",
            "timestamp": "Tue Jan  9 15:18:22 2024"
          }
        ],
        [
          "atomName",
          "H27"
        ],
        [
          "atomElementName",
          ""
        ],
        [
          "atomAverageShift",
          3.85
        ],
        [
          "atomStdShift",
          null
        ],
        [
          "atomMinShift",
          3.85
        ],
        [
          "atomMaxShift",
          3.85
        ],
        [
          "atomDistributionRefValue",
          3.85
        ],
        [
          "atomDistributionValuePerPoint",
          1.0
        ],
        [
          "atomStatisticalDistribution",
          []
        ]
      ],
      [
        [
          "_metadata",
          {
            "jsonVersion": 3.0,
            "className": "AtomChemicalShift",
            "classVersion": 1.0,
            "user": "luca",
            "lastPath": "undefined",
            "timestamp": "Tue Jan  9 15:18:22 2024"
          }
        ],
        [
          "atomName",
          "H30"
        ],
        [
          "atomElementName",
          ""
        ],
        [
          "atomAverageShift",
          5.72
        ],
        [
          "atomStdShift",
          null
        ],
        [
          "atomMinShift",
          5.72
        ],
        [
          "atomMaxShift",
          5.72
        ],
        [
          "atomDistributionRefValue",
          5.72
        ],
        [
          "atomDistributionValuePerPoint",
          1.0
        ],
        [
          "atomStatisticalDistribution",
          []
        ]
      ],
      [
        [
          "_metadata",
          {
            "jsonVersion": 3.0,
            "className": "AtomChemicalShift",
            "classVersion": 1.0,
            "user": "luca",
            "lastPath": "undefined",
            "timestamp": "Tue Jan  9 15:18:22 2024"
          }
        ],
        [
          "atomName",
          "H32"
        ],
        [
          "atomElementName",
          ""
        ],
        [
          "atomAverageShift",
          2.21
        ],
        [
          "atomStdShift",
          null
        ],
        [
          "atomMinShift",
          2.21
        ],
        [
          "atomMaxShift",
          2.21
        ],
        [
          "atomDistributionRefValue",
          2.21
        ],
        [
          "atomDistributionValuePerPoint",
          1.0
        ],
        [
          "atomStatisticalDistribution",
          []
        ]
      ],
      [
        [
          "_metadata",
          {
            "jsonVersion": 3.0,
            "className": "AtomChemicalShift",
            "classVersion": 1.0,
            "user": "luca",
            "lastPath": "undefined",
            "timestamp": "Tue Jan  9 15:18:22 2024"
          }
        ],
        [
          "atomName",
          "H33"
        ],
        [
          "atomElementName",
          ""
        ],
        [
          "atomAverageShift",
          2.04
        ],
        [
          "atomStdShift",
          null
        ],
        [
          "atomMinShift",
          2.04
        ],
        [
          "atomMaxShift",
          2.04
        ],
        [
          "atomDistributionRefValue",
          2.04
        ],
        [
          "atomDistributionValuePerPoint",
          1.0
        ],
        [
          "atomStatisticalDistribution",
          []
        ]
      ],
      [
        [
          "_metadata",
          {
            "jsonVersion": 3.0,
            "className": "AtomChemicalShift",
            "classVersion": 1.0,
            "user": "luca",
            "lastPath": "undefined",
            "timestamp": "Tue Jan  9 15:18:22 2024"
          }
        ],
        [
          "atomName",
          "H35"
        ],
        [
          "atomElementName",
          ""
        ],
        [
          "atomAverageShift",
          1.21
        ],
        [
          "atomStdShift",
          null
        ],
        [
          "atomMinShift",
          1.21
        ],
        [
          "atomMaxShift",
          1.21
        ],
        [
          "atomDistributionRefValue",
          1.21
        ],
        [
          "atomDistributionValuePerPoint",
          1.0
        ],
        [
          "atomStatisticalDistribution",
          []
        ]
      ],
      [
        [
          "_metadata",
          {
            "jsonVersion": 3.0,
            "className": "AtomChemicalShift",
            "classVersion": 1.0,
            "user": "luca",
            "lastPath": "undefined",
            "timestamp": "Tue Jan  9 15:18:22 2024"
          }
        ],
        [
          "atomName",
          "H36"
        ],
        [
          "atomElementName",
          ""
        ],
        [
          "atomAverageShift",
          1.21
        ],
        [
          "atomStdShift",
          null
        ],
        [
          "atomMinShift",
          1.21
        ],
        [
          "atomMaxShift",
          1.21
        ],
        [
          "atomDistributionRefValue",
          1.21
        ],
        [
          "atomDistributionValuePerPoint",
          1.0
        ],
        [
          "atomStatisticalDistribution",
          []
        ]
      ],
      [
        [
          "_metadata",
          {
            "jsonVersion": 3.0,
            "className": "AtomChemicalShift",
            "classVersion": 1.0,
            "user": "luca",
            "lastPath": "undefined",
            "timestamp": "Tue Jan  9 15:18:22 2024"
          }
        ],
        [
          "atomName",
          "H37"
        ],
        [
          "atomElementName",
          ""
        ],
        [
          "atomAverageShift",
          1.21
        ],
        [
          "atomStdShift",
          null
        ],
        [
          "atomMinShift",
          1.21
        ],
        [
          "atomMaxShift",
          1.21
        ],
        [
          "atomDistributionRefValue",
          1.21
        ],
        [
          "atomDistributionValuePerPoint",
          1.0
        ],
        [
          "atomStatisticalDistribution",
          []
        ]
      ],
      [
        [
          "_metadata",
          {
            "jsonVersion": 3.0,
            "className": "AtomChemicalShift",
            "classVersion": 1.0,
            "user": "luca",
            "lastPath": "undefined",
            "timestamp": "Tue Jan  9 15:18:22 2024"
          }
        ],
        [
          "atomName",
          "H40"
        ],
        [
          "atomElementName",
          ""
        ],
        [
          "atomAverageShift",
          3.81
        ],
        [
          "atomStdShift",
          null
        ],
        [
          "atomMinShift",
          3.81
        ],
        [
          "atomMaxShift",
          3.81
        ],
        [
          "atomDistributionRefValue",
          3.81
        ],
        [
          "atomDistributionValuePerPoint",
          1.0
        ],
        [
          "atomStatisticalDistribution",
          []
        ]
      ],
      [
        [
          "_metadata",
          {
            "jsonVersion": 3.0,
            "className": "AtomChemicalShift",
            "classVersion": 1.0,
            "user": "luca",
            "lastPath": "undefined",
            "timestamp": "Tue Jan  9 15:18:22 2024"
          }
        ],
        [
          "atomName",
          "H47"
        ],
        [
          "atomElementName",
          ""
        ],
        [
          "atomAverageShift",
          5.45
        ],
        [
          "atomStdShift",
          null
        ],
        [
          "atomMinShift",
          5.45
        ],
        [
          "atomMaxShift",
          5.45
        ],
        [
          "atomDistributionRefValue",
          5.45
        ],
        [
          "atomDistributionValuePerPoint",
          1.0
        ],
        [
          "atomStatisticalDistribution",
          []
        ]
      ],
      [
        [
          "_metadata",
          {
            "jsonVersion": 3.0,
            "className": "AtomChemicalShift",
            "classVersion": 1.0,
            "user": "luca",
            "lastPath": "undefined",
            "timestamp": "Tue Jan  9 15:18:22 2024"
          }
        ],
        [
          "atomName",
          "H49"
        ],
        [
          "atomElementName",
          ""
        ],
        [
          "atomAverageShift",
          2.11
        ],
        [
          "atomStdShift",
          null
        ],
        [
          "atomMinShift",
          2.11
        ],
        [
          "atomMaxShift",
          2.11
        ],
        [
          "atomDistributionRefValue",
          2.11
        ],
        [
          "atomDistributionValuePerPoint",
          1.0
        ],
        [
          "atomStatisticalDistribution",
          []
        ]
      ],
      [
        [
          "_metadata",
          {
            "jsonVersion": 3.0,
            "className": "AtomChemicalShift",
            "classVersion": 1.0,
            "user": "luca",
            "lastPath": "undefined",
            "timestamp": "Tue Jan  9 15:18:22 2024"
          }
        ],
        [
          "atomName",
          "H50"
        ],
        [
          "atomElementName",
          ""
        ],
        [
          "atomAverageShift",
          1.97
        ],
        [
          "atomStdShift",
          null
        ],
        [
          "atomMinShift",
          1.97
        ],
        [
          "atomMaxShift",
          1.97
        ],
        [
          "atomDistributionRefValue",
          1.97
        ],
        [
          "atomDistributionValuePerPoint",
          1.0
        ],
        [
          "atomStatisticalDistribution",
          []
        ]
      ],
      [
        [
          "_metadata",
          {
            "jsonVersion": 3.0,
            "className": "AtomChemicalShift",
            "classVersion": 1.0,
            "user": "luca",
            "lastPath": "undefined",
            "timestamp": "Tue Jan  9 15:18:22 2024"
          }
        ],
        [
          "atomName",
          "H52"
        ],
        [
          "atomElementName",
          ""
        ],
        [
          "atomAverageShift",
          1.15
        ],
        [
          "atomStdShift",
          null
        ],
        [
          "atomMinShift",
          1.15
        ],
        [
          "atomMaxShift",
          1.15
        ],
        [
          "atomDistributionRefValue",
          1.15
        ],
        [
          "atomDistributionValuePerPoint",
          1.0
        ],
        [
          "atomStatisticalDistribution",
          []
        ]
      ],
      [
        [
          "_metadata",
          {
            "jsonVersion": 3.0,
            "className": "AtomChemicalShift",
            "classVersion": 1.0,
            "user": "luca",
            "lastPath": "undefined",
            "timestamp": "Tue Jan  9 15:18:22 2024"
          }
        ],
        [
          "atomName",
          "H53"
        ],
        [
          "atomElementName",
          ""
        ],
        [
          "atomAverageShift",
          1.15
        ],
        [
          "atomStdShift",
          null
        ],
        [
          "atomMinShift",
          1.15
        ],
        [
          "atomMaxShift",
          1.15
        ],
        [
          "atomDistributionRefValue",
          1.15
        ],
        [
          "atomDistributionValuePerPoint",
          1.0
        ],
        [
          "atomStatisticalDistribution",
          []
        ]
      ],
      [
        [
          "_metadata",
          {
            "jsonVersion": 3.0,
            "className": "AtomChemicalShift",
            "classVersion": 1.0,
            "user": "luca",
            "lastPath": "undefined",
            "timestamp": "Tue Jan  9 15:18:22 2024"
          }
        ],
        [
          "atomName",
          "H54"
        ],
        [
          "atomElementName",
          ""
        ],
        [
          "atomAverageShift",
          1.15
        ],
        [
          "atomStdShift",
          null
        ],
        [
          "atomMinShift",
          1.15
        ],
        [
          "atomMaxShift",
          1.15
        ],
        [
          "atomDistributionRefValue",
          1.15
        ],
        [
          "atomDistributionValuePerPoint",
          1.0
        ],
        [
          "atomStatisticalDistribution",
          []
        ]
      ],
      [
        [
          "_metadata",
          {
            "jsonVersion": 3.0,
            "className": "AtomChemicalShift",
            "classVersion": 1.0,
            "user": "luca",
            "lastPath": "undefined",
            "timestamp": "Tue Jan  9 15:18:22 2024"
          }
        ],
        [
          "atomName",
          "H69"
        ],
        [
          "atomElementName",
          ""
        ],
        [
          "atomAverageShift",
          6.6
        ],
        [
          "atomStdShift",
          null
        ],
        [
          "atomMinShift",
          6.6
        ],
        [
          "atomMaxShift",
          6.6
        ],
        [
          "atomDistributionRefValue",
          6.6
        ],
        [
          "atomDistributionValuePerPoint",
          1.0
        ],
        [
          "atomStatisticalDistribution",
          []
        ]
      ],
      [
        [
          "_metadata",
          {
            "jsonVersion": 3.0,
            "className": "AtomChemicalShift",
            "classVersion": 1.0,
            "user": "luca",
            "lastPath": "undefined",
            "timestamp": "Tue Jan  9 15:18:22 2024"
          }
        ],
        [
          "atomName",
          "H7"
        ],
        [
          "atomElementName",
          ""
        ],
        [
          "atomAverageShift",
          6.65
        ],
        [
          "atomStdShift",
          null
        ],
        [
          "atomMinShift",
          6.65
        ],
        [
          "atomMaxShift",
          6.65
        ],
        [
          "atomDistributionRefValue",
          6.65
        ],
        [
          "atomDistributionValuePerPoint",
          1.0
        ],
        [
          "atomStatisticalDistribution",
          []
        ]
      ],
      [
        [
          "_metadata",
          {
            "jsonVersion": 3.0,
            "className": "AtomChemicalShift",
            "classVersion": 1.0,
            "user": "luca",
            "lastPath": "undefined",
            "timestamp": "Tue Jan  9 15:18:22 2024"
          }
        ],
        [
          "atomName",
          "H70"
        ],
        [
          "atomElementName",
          ""
        ],
        [
          "atomAverageShift",
          5.47
        ],
        [
          "atomStdShift",
          null
        ],
        [
          "atomMinShift",
          5.47
        ],
        [
          "atomMaxShift",
          5.47
        ],
        [
          "atomDistributionRefValue",
          5.47
        ],
        [
          "atomDistributionValuePerPoint",
          1.0
        ],
        [
          "atomStatisticalDistribution",
          []
        ]
      ],
      [
        [
          "_metadata",
          {
            "jsonVersion": 3.0,
            "className": "AtomChemicalShift",
            "classVersion": 1.0,
            "user": "luca",
            "lastPath": "undefined",
            "timestamp": "Tue Jan  9 15:18:22 2024"
          }
        ],
        [
          "atomName",
          "H72"
        ],
        [
          "atomElementName",
          ""
        ],
        [
          "atomAverageShift",
          12.3
        ],
        [
          "atomStdShift",
          null
        ],
        [
          "atomMinShift",
          12.3
        ],
        [
          "atomMaxShift",
          12.3
        ],
        [
          "atomDistributionRefValue",
          12.3
        ],
        [
          "atomDistributionValuePerPoint",
          1.0
        ],
        [
          "atomStatisticalDistribution",
          []
        ]
      ],
      [
        [
          "_metadata",
          {
            "jsonVersion": 3.0,
            "className": "AtomChemicalShift",
            "classVersion": 1.0,
            "user": "luca",
            "lastPath": "undefined",
            "timestamp": "Tue Jan  9 15:18:22 2024"
          }
        ],
        [
          "atomName",
          "H74"
        ],
        [
          "atomElementName",
          ""
        ],
        [
          "atomAverageShift",
          13.9
        ],
        [
          "atomStdShift",
          null
        ],
        [
          "atomMinShift",
          13.9
        ],
        [
          "atomMaxShift",
          13.9
        ],
        [
          "atomDistributionRefValue",
          13.9
        ],
        [
          "atomDistributionValuePerPoint",
          1.0
        ],
        [
          "atomStatisticalDistribution",
          []
        ]
      ],
      [
        [
          "_metadata",
          {
            "jsonVersion": 3.0,
            "className": "AtomChemicalShift",
            "classVersion": 1.0,
            "user": "luca",
            "lastPath": "undefined",
            "timestamp": "Tue Jan  9 15:18:22 2024"
          }
        ],
        [
          "atomName",
          "H8"
        ],
        [
          "atomElementName",
          ""
        ],
        [
          "atomAverageShift",
          5.97
        ],
        [
          "atomStdShift",
          null
        ],
        [
          "atomMinShift",
          5.97
        ],
        [
          "atomMaxShift",
          5.97
        ],
        [
          "atomDistributionRefValue",
          5.97
        ],
        [
          "atomDistributionValuePerPoint",
          1.0
        ],
        [
          "atomStatisticalDistribution",
          []
        ]
      ],
      [
        [
          "_metadata",
          {
            "jsonVersion": 3.0,
            "className": "AtomChemicalShift",
            "classVersion": 1.0,
            "user": "luca",
            "lastPath": "undefined",
            "timestamp": "Tue Jan  9 15:18:22 2024"
          }
        ],
        [
          "atomName",
          "H82"
        ],
        [
          "atomElementName",
          ""
        ],
        [
          "atomAverageShift",
          4.13
        ],
        [
          "atomStdShift",
          null
        ],
        [
          "atomMinShift",
          4.13
        ],
        [
          "atomMaxShift",
          4.13
        ],
        [
          "atomDistributionRefValue",
          4.13
        ],
        [
          "atomDistributionValuePerPoint",
          1.0
        ],
        [
          "atomStatisticalDistribution",
          []
        ]
      ],
      [
        [
          "_metadata",
          {
            "jsonVersion": 3.0,
            "className": "AtomChemicalShift",
            "classVersion": 1.0,
            "user": "luca",
            "lastPath": "undefined",
            "timestamp": "Tue Jan  9 15:18:22 2024"
          }
        ],
        [
          "atomName",
          "H83"
        ],
        [
          "atomElementName",
          ""
        ],
        [
          "atomAverageShift",
          2.52
        ],
        [
          "atomStdShift",
          null
        ],
        [
          "atomMinShift",
          2.52
        ],
        [
          "atomMaxShift",
          2.52
        ],
        [
          "atomDistributionRefValue",
          2.52
        ],
        [
          "atomDistributionValuePerPoint",
          1.0
        ],
        [
          "atomStatisticalDistribution",
          []
        ]
      ],
      [
        [
          "_metadata",
          {
            "jsonVersion": 3.0,
            "className": "AtomChemicalShift",
            "classVersion": 1.0,
            "user": "luca",
            "lastPath": "undefined",
            "timestamp": "Tue Jan  9 15:18:22 2024"
          }
        ],
        [
          "atomName",
          "H84"
        ],
        [
          "atomElementName",
          ""
        ],
        [
          "atomAverageShift",
          2.13
        ],
        [
          "atomStdShift",
          null
        ],
        [
          "atomMinShift",
          2.13
        ],
        [
          "atomMaxShift",
          2.13
        ],
        [
          "atomDistributionRefValue",
          2.13
        ],
        [
          "atomDistributionValuePerPoint",
          1.0
        ],
        [
          "atomStatisticalDistribution",
          []
        ]
      ],
      [
        [
          "_metadata",
          {
            "jsonVersion": 3.0,
            "className": "AtomChemicalShift",
            "classVersion": 1.0,
            "user": "luca",
            "lastPath": "undefined",
            "timestamp": "Tue Jan  9 15:18:22 2024"
          }
        ],
        [
          "atomName",
          "H85"
        ],
        [
          "atomElementName",
          ""
        ],
        [
          "atomAverageShift",
          4.25
        ],
        [
          "atomStdShift",
          null
        ],
        [
          "atomMinShift",
          4.25
        ],
        [
          "atomMaxShift",
          4.25
        ],
        [
          "atomDistributionRefValue",
          4.25
        ],
        [
          "atomDistributionValuePerPoint",
          1.0
        ],
        [
          "atomStatisticalDistribution",
          []
        ]
      ],
      [
        [
          "_metadata",
          {
            "jsonVersion": 3.0,
            "className": "AtomChemicalShift",
            "classVersion": 1.0,
            "user": "luca",
            "lastPath": "undefined",
            "timestamp": "Tue Jan  9 15:18:22 2024"
          }
        ],
        [
          "atomName",
          "H86"
        ],
        [
          "atomElementName",
          ""
        ],
        [
          "atomAverageShift",
          3.13
        ],
        [
          "atomStdShift",
          null
        ],
        [
          "atomMinShift",
          3.13
        ],
        [
          "atomMaxShift",
          3.13
        ],
        [
          "atomDistributionRefValue",
          3.13
        ],
        [
          "atomDistributionValuePerPoint",
          1.0
        ],
        [
          "atomStatisticalDistribution",
          []
        ]
      ],
      [
        [
          "_metadata",
          {
            "jsonVersion": 3.0,
            "className": "AtomChemicalShift",
            "classVersion": 1.0,
            "user": "luca",
            "lastPath": "undefined",
            "timestamp": "Tue Jan  9 15:18:22 2024"
          }
        ],
        [
          "atomName",
          "H87"
        ],
        [
          "atomElementName",
          ""
        ],
        [
          "atomAverageShift",
          5.04
        ],
        [
          "atomStdShift",
          null
        ],
        [
          "atomMinShift",
          5.04
        ],
        [
          "atomMaxShift",
          5.04
        ],
        [
          "atomDistributionRefValue",
          5.04
        ],
        [
          "atomDistributionValuePerPoint",
          1.0
        ],
        [
          "atomStatisticalDistribution",
          []
        ]
      ],
      [
        [
          "_metadata",
          {
            "jsonVersion": 3.0,
            "className": "AtomChemicalShift",
            "classVersion": 1.0,
            "user": "luca",
            "lastPath": "undefined",
            "timestamp": "Tue Jan  9 15:18:22 2024"
          }
        ],
        [
          "atomName",
          "H90"
        ],
        [
          "atomElementName",
          ""
        ],
        [
          "atomAverageShift",
          2.1
        ],
        [
          "atomStdShift",
          null
        ],
        [
          "atomMinShift",
          2.1
        ],
        [
          "atomMaxShift",
          2.1
        ],
        [
          "atomDistributionRefValue",
          2.1
        ],
        [
          "atomDistributionValuePerPoint",
          1.0
        ],
        [
          "atomStatisticalDistribution",
          []
        ]
      ],
      [
        [
          "_metadata",
          {
            "jsonVersion": 3.0,
            "className": "AtomChemicalShift",
            "classVersion": 1.0,
            "user": "luca",
            "lastPath": "undefined",
            "timestamp": "Tue Jan  9 15:18:22 2024"
          }
        ],
        [
          "atomName",
          "H91"
        ],
        [
          "atomElementName",
          ""
        ],
        [
          "atomAverageShift",
          2.1
        ],
        [
          "atomStdShift",
          null
        ],
        [
          "atomMinShift",
          2.1
        ],
        [
          "atomMaxShift",
          2.1
        ],
        [
          "atomDistributionRefValue",
          2.1
        ],
        [
          "atomDistributionValuePerPoint",
          1.0
        ],
        [
          "atomStatisticalDistribution",
          []
        ]
      ],
      [
        [
          "_metadata",
          {
            "jsonVersion": 3.0,
            "className": "AtomChemicalShift",
            "classVersion": 1.0,
            "user": "luca",
            "lastPath": "undefined",
            "timestamp": "Tue Jan  9 15:18:22 2024"
          }
        ],
        [
          "atomName",
          "H92"
        ],
        [
          "atomElementName",
          ""
        ],
        [
          "atomAverageShift",
          2.1
        ],
        [
          "atomStdShift",
          null
        ],
        [
          "atomMinShift",
          2.1
        ],
        [
          "atomMaxShift",
          2.1
        ],
        [
          "atomDistributionRefValue",
          2.1
        ],
        [
          "atomDistributionValuePerPoint",
          1.0
        ],
        [
          "atomStatisticalDistribution",
          []
        ]
      ],
      [
        [
          "_metadata",
          {
            "jsonVersion": 3.0,
            "className": "AtomChemicalShift",
            "classVersion": 1.0,
            "user": "luca",
            "lastPath": "undefined",
            "timestamp": "Tue Jan  9 15:18:22 2024"
          }
        ],
        [
          "atomName",
          "H97"
        ],
        [
          "atomElementName",
          ""
        ],
        [
          "atomAverageShift",
          3.13
        ],
        [
          "atomStdShift",
          null
        ],
        [
          "atomMinShift",
          3.13
        ],
        [
          "atomMaxShift",
          3.13
        ],
        [
          "atomDistributionRefValue",
          3.13
        ],
        [
          "atomDistributionValuePerPoint",
          1.0
        ],
        [
          "atomStatisticalDistribution",
          []
        ]
      ],
      [
        [
          "_metadata",
          {
            "jsonVersion": 3.0,
            "className": "AtomChemicalShift",
            "classVersion": 1.0,
            "user": "luca",
            "lastPath": "undefined",
            "timestamp": "Tue Jan  9 15:18:22 2024"
          }
        ],
        [
          "atomName",
          "H98"
        ],
        [
          "atomElementName",
          ""
        ],
        [
          "atomAverageShift",
          3.13
        ],
        [
          "atomStdShift",
          null
        ],
        [
          "atomMinShift",
          3.13
        ],
        [
          "atomMaxShift",
          3.13
        ],
        [
          "atomDistributionRefValue",
          3.13
        ],
        [
          "atomDistributionValuePerPoint",
          1.0
        ],
        [
          "atomStatisticalDistribution",
          []
        ]
      ],
      [
        [
          "_metadata",
          {
            "jsonVersion": 3.0,
            "className": "AtomChemicalShift",
            "classVersion": 1.0,
            "user": "luca",
            "lastPath": "undefined",
            "timestamp": "Tue Jan  9 15:18:22 2024"
          }
        ],
        [
          "atomName",
          "H99"
        ],
        [
          "atomElementName",
          ""
        ],
        [
          "atomAverageShift",
          3.13
        ],
        [
          "atomStdShift",
          null
        ],
        [
          "atomMinShift",
          3.13
        ],
        [
          "atomMaxShift",
          3.13
        ],
        [
          "atomDistributionRefValue",
          3.13
        ],
        [
          "atomDistributionValuePerPoint",
          1.0
        ],
        [
          "atomStatisticalDistribution",
          []
        ]
      ]
    ]
  ]
]