[
  [
    "_metadata",
    {
      "jsonVersion": 3,
      "className": "ReferenceChemicalShift",
      "classVersion": 1,
      "user": "CCPN",
      "lastPath": "/Users/luca/Projects/AnalysisV3/resources/referenceChemicalShifts/NonStandard/Non-Polymer/66S.json",
      "timestamp": "Tue Jan  9 15:18:20 2024",
      "applicationVersion": 3.2
    }
  ],
  [
    "chemicalShiftName",
    "Non-Standard Residues / Small Molecules"
  ],
  [
    "chemicalShiftComment",
    "The CCPN Analysis Version 3 ReferenceChemical shifts retrieved from BMRB"
  ],
  [
    "chemicalShiftEntryDate",
    "2023-09-14-14:25:08"
  ],
  [
    "compoundName",
    "S-[2-({N-[(2R)-2-hydroxy-3,3-dimethyl-4-(phosphonooxy)butanoyl]-beta-alanyl}amino)ethyl] octanethioate"
  ],
  [
    "compoundShortName",
    "66S"
  ],
  [
    "compoundCcpCode",
    "66S"
  ],
  [
    "compoundType",
    "Non-Polymer"
  ],
  [
    "compoundTypeClassification",
    "non-polymer"
  ],
  [
    "compoundPrecursorName",
    ""
  ],
  [
    "loadingLevel",
    0
  ],
  [
    "atoms",
    [
      [
        [
          "_metadata",
          {
            "jsonVersion": 3.0,
            "className": "AtomChemicalShift",
            "classVersion": 1.0,
            "user": "luca",
            "lastPath": "undefined",
            "timestamp": "Tue Jan  9 15:18:19 2024"
          }
        ],
        [
          "atomName",
          "C2"
        ],
        [
          "atomElementName",
          ""
        ],
        [
          "atomAverageShift",
          46.28
        ],
        [
          "atomStdShift",
          null
        ],
        [
          "atomMinShift",
          46.28
        ],
        [
          "atomMaxShift",
          46.28
        ],
        [
          "atomDistributionRefValue",
          46.28
        ],
        [
          "atomDistributionValuePerPoint",
          1.0
        ],
        [
          "atomStatisticalDistribution",
          []
        ]
      ],
      [
        [
          "_metadata",
          {
            "jsonVersion": 3.0,
            "className": "AtomChemicalShift",
            "classVersion": 1.0,
            "user": "luca",
            "lastPath": "undefined",
            "timestamp": "Tue Jan  9 15:18:19 2024"
          }
        ],
        [
          "atomName",
          "C28"
        ],
        [
          "atomElementName",
          ""
        ],
        [
          "atomAverageShift",
          74.619
        ],
        [
          "atomStdShift",
          null
        ],
        [
          "atomMinShift",
          74.619
        ],
        [
          "atomMaxShift",
          74.619
        ],
        [
          "atomDistributionRefValue",
          74.619
        ],
        [
          "atomDistributionValuePerPoint",
          1.0
        ],
        [
          "atomStatisticalDistribution",
          []
        ]
      ],
      [
        [
          "_metadata",
          {
            "jsonVersion": 3.0,
            "className": "AtomChemicalShift",
            "classVersion": 1.0,
            "user": "luca",
            "lastPath": "undefined",
            "timestamp": "Tue Jan  9 15:18:19 2024"
          }
        ],
        [
          "atomName",
          "C3"
        ],
        [
          "atomElementName",
          ""
        ],
        [
          "atomAverageShift",
          28.146
        ],
        [
          "atomStdShift",
          null
        ],
        [
          "atomMinShift",
          28.146
        ],
        [
          "atomMaxShift",
          28.146
        ],
        [
          "atomDistributionRefValue",
          28.146
        ],
        [
          "atomDistributionValuePerPoint",
          1.0
        ],
        [
          "atomStatisticalDistribution",
          []
        ]
      ],
      [
        [
          "_metadata",
          {
            "jsonVersion": 3.0,
            "className": "AtomChemicalShift",
            "classVersion": 1.0,
            "user": "luca",
            "lastPath": "undefined",
            "timestamp": "Tue Jan  9 15:18:19 2024"
          }
        ],
        [
          "atomName",
          "C37"
        ],
        [
          "atomElementName",
          ""
        ],
        [
          "atomAverageShift",
          38.376
        ],
        [
          "atomStdShift",
          null
        ],
        [
          "atomMinShift",
          38.376
        ],
        [
          "atomMaxShift",
          38.376
        ],
        [
          "atomDistributionRefValue",
          38.376
        ],
        [
          "atomDistributionValuePerPoint",
          1.0
        ],
        [
          "atomStatisticalDistribution",
          []
        ]
      ],
      [
        [
          "_metadata",
          {
            "jsonVersion": 3.0,
            "className": "AtomChemicalShift",
            "classVersion": 1.0,
            "user": "luca",
            "lastPath": "undefined",
            "timestamp": "Tue Jan  9 15:18:19 2024"
          }
        ],
        [
          "atomName",
          "C38"
        ],
        [
          "atomElementName",
          ""
        ],
        [
          "atomAverageShift",
          38.26
        ],
        [
          "atomStdShift",
          null
        ],
        [
          "atomMinShift",
          38.26
        ],
        [
          "atomMaxShift",
          38.26
        ],
        [
          "atomDistributionRefValue",
          38.26
        ],
        [
          "atomDistributionValuePerPoint",
          1.0
        ],
        [
          "atomStatisticalDistribution",
          []
        ]
      ],
      [
        [
          "_metadata",
          {
            "jsonVersion": 3.0,
            "className": "AtomChemicalShift",
            "classVersion": 1.0,
            "user": "luca",
            "lastPath": "undefined",
            "timestamp": "Tue Jan  9 15:18:19 2024"
          }
        ],
        [
          "atomName",
          "C4"
        ],
        [
          "atomElementName",
          ""
        ],
        [
          "atomAverageShift",
          33.718
        ],
        [
          "atomStdShift",
          null
        ],
        [
          "atomMinShift",
          33.718
        ],
        [
          "atomMaxShift",
          33.718
        ],
        [
          "atomDistributionRefValue",
          33.718
        ],
        [
          "atomDistributionValuePerPoint",
          1.0
        ],
        [
          "atomStatisticalDistribution",
          []
        ]
      ],
      [
        [
          "_metadata",
          {
            "jsonVersion": 3.0,
            "className": "AtomChemicalShift",
            "classVersion": 1.0,
            "user": "luca",
            "lastPath": "undefined",
            "timestamp": "Tue Jan  9 15:18:19 2024"
          }
        ],
        [
          "atomName",
          "C42"
        ],
        [
          "atomElementName",
          ""
        ],
        [
          "atomAverageShift",
          41.548
        ],
        [
          "atomStdShift",
          null
        ],
        [
          "atomMinShift",
          41.548
        ],
        [
          "atomMaxShift",
          41.548
        ],
        [
          "atomDistributionRefValue",
          41.548
        ],
        [
          "atomDistributionValuePerPoint",
          1.0
        ],
        [
          "atomStatisticalDistribution",
          []
        ]
      ],
      [
        [
          "_metadata",
          {
            "jsonVersion": 3.0,
            "className": "AtomChemicalShift",
            "classVersion": 1.0,
            "user": "luca",
            "lastPath": "undefined",
            "timestamp": "Tue Jan  9 15:18:19 2024"
          }
        ],
        [
          "atomName",
          "C43"
        ],
        [
          "atomElementName",
          ""
        ],
        [
          "atomAverageShift",
          30.763
        ],
        [
          "atomStdShift",
          null
        ],
        [
          "atomMinShift",
          30.763
        ],
        [
          "atomMaxShift",
          30.763
        ],
        [
          "atomDistributionRefValue",
          30.763
        ],
        [
          "atomDistributionValuePerPoint",
          1.0
        ],
        [
          "atomStatisticalDistribution",
          []
        ]
      ],
      [
        [
          "_metadata",
          {
            "jsonVersion": 3.0,
            "className": "AtomChemicalShift",
            "classVersion": 1.0,
            "user": "luca",
            "lastPath": "undefined",
            "timestamp": "Tue Jan  9 15:18:19 2024"
          }
        ],
        [
          "atomName",
          "C5"
        ],
        [
          "atomElementName",
          ""
        ],
        [
          "atomAverageShift",
          30.864
        ],
        [
          "atomStdShift",
          null
        ],
        [
          "atomMinShift",
          30.864
        ],
        [
          "atomMaxShift",
          30.864
        ],
        [
          "atomDistributionRefValue",
          30.864
        ],
        [
          "atomDistributionValuePerPoint",
          1.0
        ],
        [
          "atomStatisticalDistribution",
          []
        ]
      ],
      [
        [
          "_metadata",
          {
            "jsonVersion": 3.0,
            "className": "AtomChemicalShift",
            "classVersion": 1.0,
            "user": "luca",
            "lastPath": "undefined",
            "timestamp": "Tue Jan  9 15:18:19 2024"
          }
        ],
        [
          "atomName",
          "C6"
        ],
        [
          "atomElementName",
          ""
        ],
        [
          "atomAverageShift",
          30.825
        ],
        [
          "atomStdShift",
          null
        ],
        [
          "atomMinShift",
          30.825
        ],
        [
          "atomMaxShift",
          30.825
        ],
        [
          "atomDistributionRefValue",
          30.825
        ],
        [
          "atomDistributionValuePerPoint",
          1.0
        ],
        [
          "atomStatisticalDistribution",
          []
        ]
      ],
      [
        [
          "_metadata",
          {
            "jsonVersion": 3.0,
            "className": "AtomChemicalShift",
            "classVersion": 1.0,
            "user": "luca",
            "lastPath": "undefined",
            "timestamp": "Tue Jan  9 15:18:19 2024"
          }
        ],
        [
          "atomName",
          "C7"
        ],
        [
          "atomElementName",
          ""
        ],
        [
          "atomAverageShift",
          24.812
        ],
        [
          "atomStdShift",
          null
        ],
        [
          "atomMinShift",
          24.812
        ],
        [
          "atomMaxShift",
          24.812
        ],
        [
          "atomDistributionRefValue",
          24.812
        ],
        [
          "atomDistributionValuePerPoint",
          1.0
        ],
        [
          "atomStatisticalDistribution",
          []
        ]
      ],
      [
        [
          "_metadata",
          {
            "jsonVersion": 3.0,
            "className": "AtomChemicalShift",
            "classVersion": 1.0,
            "user": "luca",
            "lastPath": "undefined",
            "timestamp": "Tue Jan  9 15:18:19 2024"
          }
        ],
        [
          "atomName",
          "C8"
        ],
        [
          "atomElementName",
          ""
        ],
        [
          "atomAverageShift",
          16.062
        ],
        [
          "atomStdShift",
          null
        ],
        [
          "atomMinShift",
          16.062
        ],
        [
          "atomMaxShift",
          16.062
        ],
        [
          "atomDistributionRefValue",
          16.062
        ],
        [
          "atomDistributionValuePerPoint",
          1.0
        ],
        [
          "atomStatisticalDistribution",
          []
        ]
      ],
      [
        [
          "_metadata",
          {
            "jsonVersion": 3.0,
            "className": "AtomChemicalShift",
            "classVersion": 1.0,
            "user": "luca",
            "lastPath": "undefined",
            "timestamp": "Tue Jan  9 15:18:19 2024"
          }
        ],
        [
          "atomName",
          "H2"
        ],
        [
          "atomElementName",
          ""
        ],
        [
          "atomAverageShift",
          2.577
        ],
        [
          "atomStdShift",
          null
        ],
        [
          "atomMinShift",
          2.577
        ],
        [
          "atomMaxShift",
          2.577
        ],
        [
          "atomDistributionRefValue",
          2.577
        ],
        [
          "atomDistributionValuePerPoint",
          1.0
        ],
        [
          "atomStatisticalDistribution",
          []
        ]
      ],
      [
        [
          "_metadata",
          {
            "jsonVersion": 3.0,
            "className": "AtomChemicalShift",
            "classVersion": 1.0,
            "user": "luca",
            "lastPath": "undefined",
            "timestamp": "Tue Jan  9 15:18:19 2024"
          }
        ],
        [
          "atomName",
          "H28"
        ],
        [
          "atomElementName",
          ""
        ],
        [
          "atomAverageShift",
          3.466
        ],
        [
          "atomStdShift",
          null
        ],
        [
          "atomMinShift",
          3.466
        ],
        [
          "atomMaxShift",
          3.466
        ],
        [
          "atomDistributionRefValue",
          3.466
        ],
        [
          "atomDistributionValuePerPoint",
          1.0
        ],
        [
          "atomStatisticalDistribution",
          []
        ]
      ],
      [
        [
          "_metadata",
          {
            "jsonVersion": 3.0,
            "className": "AtomChemicalShift",
            "classVersion": 1.0,
            "user": "luca",
            "lastPath": "undefined",
            "timestamp": "Tue Jan  9 15:18:19 2024"
          }
        ],
        [
          "atomName",
          "H28A"
        ],
        [
          "atomElementName",
          ""
        ],
        [
          "atomAverageShift",
          3.816
        ],
        [
          "atomStdShift",
          null
        ],
        [
          "atomMinShift",
          3.816
        ],
        [
          "atomMaxShift",
          3.816
        ],
        [
          "atomDistributionRefValue",
          3.816
        ],
        [
          "atomDistributionValuePerPoint",
          1.0
        ],
        [
          "atomStatisticalDistribution",
          []
        ]
      ],
      [
        [
          "_metadata",
          {
            "jsonVersion": 3.0,
            "className": "AtomChemicalShift",
            "classVersion": 1.0,
            "user": "luca",
            "lastPath": "undefined",
            "timestamp": "Tue Jan  9 15:18:19 2024"
          }
        ],
        [
          "atomName",
          "H2A"
        ],
        [
          "atomElementName",
          ""
        ],
        [
          "atomAverageShift",
          2.577
        ],
        [
          "atomStdShift",
          null
        ],
        [
          "atomMinShift",
          2.577
        ],
        [
          "atomMaxShift",
          2.577
        ],
        [
          "atomDistributionRefValue",
          2.577
        ],
        [
          "atomDistributionValuePerPoint",
          1.0
        ],
        [
          "atomStatisticalDistribution",
          []
        ]
      ],
      [
        [
          "_metadata",
          {
            "jsonVersion": 3.0,
            "className": "AtomChemicalShift",
            "classVersion": 1.0,
            "user": "luca",
            "lastPath": "undefined",
            "timestamp": "Tue Jan  9 15:18:19 2024"
          }
        ],
        [
          "atomName",
          "H3"
        ],
        [
          "atomElementName",
          ""
        ],
        [
          "atomAverageShift",
          1.571
        ],
        [
          "atomStdShift",
          null
        ],
        [
          "atomMinShift",
          1.571
        ],
        [
          "atomMaxShift",
          1.571
        ],
        [
          "atomDistributionRefValue",
          1.571
        ],
        [
          "atomDistributionValuePerPoint",
          1.0
        ],
        [
          "atomStatisticalDistribution",
          []
        ]
      ],
      [
        [
          "_metadata",
          {
            "jsonVersion": 3.0,
            "className": "AtomChemicalShift",
            "classVersion": 1.0,
            "user": "luca",
            "lastPath": "undefined",
            "timestamp": "Tue Jan  9 15:18:19 2024"
          }
        ],
        [
          "atomName",
          "H37"
        ],
        [
          "atomElementName",
          ""
        ],
        [
          "atomAverageShift",
          3.448
        ],
        [
          "atomStdShift",
          null
        ],
        [
          "atomMinShift",
          3.448
        ],
        [
          "atomMaxShift",
          3.448
        ],
        [
          "atomDistributionRefValue",
          3.448
        ],
        [
          "atomDistributionValuePerPoint",
          1.0
        ],
        [
          "atomStatisticalDistribution",
          []
        ]
      ],
      [
        [
          "_metadata",
          {
            "jsonVersion": 3.0,
            "className": "AtomChemicalShift",
            "classVersion": 1.0,
            "user": "luca",
            "lastPath": "undefined",
            "timestamp": "Tue Jan  9 15:18:19 2024"
          }
        ],
        [
          "atomName",
          "H37A"
        ],
        [
          "atomElementName",
          ""
        ],
        [
          "atomAverageShift",
          3.448
        ],
        [
          "atomStdShift",
          null
        ],
        [
          "atomMinShift",
          3.448
        ],
        [
          "atomMaxShift",
          3.448
        ],
        [
          "atomDistributionRefValue",
          3.448
        ],
        [
          "atomDistributionValuePerPoint",
          1.0
        ],
        [
          "atomStatisticalDistribution",
          []
        ]
      ],
      [
        [
          "_metadata",
          {
            "jsonVersion": 3.0,
            "className": "AtomChemicalShift",
            "classVersion": 1.0,
            "user": "luca",
            "lastPath": "undefined",
            "timestamp": "Tue Jan  9 15:18:19 2024"
          }
        ],
        [
          "atomName",
          "H38"
        ],
        [
          "atomElementName",
          ""
        ],
        [
          "atomAverageShift",
          2.419
        ],
        [
          "atomStdShift",
          null
        ],
        [
          "atomMinShift",
          2.419
        ],
        [
          "atomMaxShift",
          2.419
        ],
        [
          "atomDistributionRefValue",
          2.419
        ],
        [
          "atomDistributionValuePerPoint",
          1.0
        ],
        [
          "atomStatisticalDistribution",
          []
        ]
      ],
      [
        [
          "_metadata",
          {
            "jsonVersion": 3.0,
            "className": "AtomChemicalShift",
            "classVersion": 1.0,
            "user": "luca",
            "lastPath": "undefined",
            "timestamp": "Tue Jan  9 15:18:19 2024"
          }
        ],
        [
          "atomName",
          "H38A"
        ],
        [
          "atomElementName",
          ""
        ],
        [
          "atomAverageShift",
          2.419
        ],
        [
          "atomStdShift",
          null
        ],
        [
          "atomMinShift",
          2.419
        ],
        [
          "atomMaxShift",
          2.419
        ],
        [
          "atomDistributionRefValue",
          2.419
        ],
        [
          "atomDistributionValuePerPoint",
          1.0
        ],
        [
          "atomStatisticalDistribution",
          []
        ]
      ],
      [
        [
          "_metadata",
          {
            "jsonVersion": 3.0,
            "className": "AtomChemicalShift",
            "classVersion": 1.0,
            "user": "luca",
            "lastPath": "undefined",
            "timestamp": "Tue Jan  9 15:18:19 2024"
          }
        ],
        [
          "atomName",
          "H3A"
        ],
        [
          "atomElementName",
          ""
        ],
        [
          "atomAverageShift",
          1.571
        ],
        [
          "atomStdShift",
          null
        ],
        [
          "atomMinShift",
          1.571
        ],
        [
          "atomMaxShift",
          1.571
        ],
        [
          "atomDistributionRefValue",
          1.571
        ],
        [
          "atomDistributionValuePerPoint",
          1.0
        ],
        [
          "atomStatisticalDistribution",
          []
        ]
      ],
      [
        [
          "_metadata",
          {
            "jsonVersion": 3.0,
            "className": "AtomChemicalShift",
            "classVersion": 1.0,
            "user": "luca",
            "lastPath": "undefined",
            "timestamp": "Tue Jan  9 15:18:19 2024"
          }
        ],
        [
          "atomName",
          "H4"
        ],
        [
          "atomElementName",
          ""
        ],
        [
          "atomAverageShift",
          1.214
        ],
        [
          "atomStdShift",
          null
        ],
        [
          "atomMinShift",
          1.214
        ],
        [
          "atomMaxShift",
          1.214
        ],
        [
          "atomDistributionRefValue",
          1.214
        ],
        [
          "atomDistributionValuePerPoint",
          1.0
        ],
        [
          "atomStatisticalDistribution",
          []
        ]
      ],
      [
        [
          "_metadata",
          {
            "jsonVersion": 3.0,
            "className": "AtomChemicalShift",
            "classVersion": 1.0,
            "user": "luca",
            "lastPath": "undefined",
            "timestamp": "Tue Jan  9 15:18:19 2024"
          }
        ],
        [
          "atomName",
          "H42"
        ],
        [
          "atomElementName",
          ""
        ],
        [
          "atomAverageShift",
          3.328
        ],
        [
          "atomStdShift",
          null
        ],
        [
          "atomMinShift",
          3.328
        ],
        [
          "atomMaxShift",
          3.328
        ],
        [
          "atomDistributionRefValue",
          3.328
        ],
        [
          "atomDistributionValuePerPoint",
          1.0
        ],
        [
          "atomStatisticalDistribution",
          []
        ]
      ],
      [
        [
          "_metadata",
          {
            "jsonVersion": 3.0,
            "className": "AtomChemicalShift",
            "classVersion": 1.0,
            "user": "luca",
            "lastPath": "undefined",
            "timestamp": "Tue Jan  9 15:18:19 2024"
          }
        ],
        [
          "atomName",
          "H42A"
        ],
        [
          "atomElementName",
          ""
        ],
        [
          "atomAverageShift",
          3.328
        ],
        [
          "atomStdShift",
          null
        ],
        [
          "atomMinShift",
          3.328
        ],
        [
          "atomMaxShift",
          3.328
        ],
        [
          "atomDistributionRefValue",
          3.328
        ],
        [
          "atomDistributionValuePerPoint",
          1.0
        ],
        [
          "atomStatisticalDistribution",
          []
        ]
      ],
      [
        [
          "_metadata",
          {
            "jsonVersion": 3.0,
            "className": "AtomChemicalShift",
            "classVersion": 1.0,
            "user": "luca",
            "lastPath": "undefined",
            "timestamp": "Tue Jan  9 15:18:19 2024"
          }
        ],
        [
          "atomName",
          "H43"
        ],
        [
          "atomElementName",
          ""
        ],
        [
          "atomAverageShift",
          2.979
        ],
        [
          "atomStdShift",
          null
        ],
        [
          "atomMinShift",
          2.979
        ],
        [
          "atomMaxShift",
          2.979
        ],
        [
          "atomDistributionRefValue",
          2.979
        ],
        [
          "atomDistributionValuePerPoint",
          1.0
        ],
        [
          "atomStatisticalDistribution",
          []
        ]
      ],
      [
        [
          "_metadata",
          {
            "jsonVersion": 3.0,
            "className": "AtomChemicalShift",
            "classVersion": 1.0,
            "user": "luca",
            "lastPath": "undefined",
            "timestamp": "Tue Jan  9 15:18:19 2024"
          }
        ],
        [
          "atomName",
          "H43A"
        ],
        [
          "atomElementName",
          ""
        ],
        [
          "atomAverageShift",
          2.979
        ],
        [
          "atomStdShift",
          null
        ],
        [
          "atomMinShift",
          2.979
        ],
        [
          "atomMaxShift",
          2.979
        ],
        [
          "atomDistributionRefValue",
          2.979
        ],
        [
          "atomDistributionValuePerPoint",
          1.0
        ],
        [
          "atomStatisticalDistribution",
          []
        ]
      ],
      [
        [
          "_metadata",
          {
            "jsonVersion": 3.0,
            "className": "AtomChemicalShift",
            "classVersion": 1.0,
            "user": "luca",
            "lastPath": "undefined",
            "timestamp": "Tue Jan  9 15:18:19 2024"
          }
        ],
        [
          "atomName",
          "H4A"
        ],
        [
          "atomElementName",
          ""
        ],
        [
          "atomAverageShift",
          1.214
        ],
        [
          "atomStdShift",
          null
        ],
        [
          "atomMinShift",
          1.214
        ],
        [
          "atomMaxShift",
          1.214
        ],
        [
          "atomDistributionRefValue",
          1.214
        ],
        [
          "atomDistributionValuePerPoint",
          1.0
        ],
        [
          "atomStatisticalDistribution",
          []
        ]
      ],
      [
        [
          "_metadata",
          {
            "jsonVersion": 3.0,
            "className": "AtomChemicalShift",
            "classVersion": 1.0,
            "user": "luca",
            "lastPath": "undefined",
            "timestamp": "Tue Jan  9 15:18:19 2024"
          }
        ],
        [
          "atomName",
          "H5"
        ],
        [
          "atomElementName",
          ""
        ],
        [
          "atomAverageShift",
          1.216
        ],
        [
          "atomStdShift",
          null
        ],
        [
          "atomMinShift",
          1.216
        ],
        [
          "atomMaxShift",
          1.216
        ],
        [
          "atomDistributionRefValue",
          1.216
        ],
        [
          "atomDistributionValuePerPoint",
          1.0
        ],
        [
          "atomStatisticalDistribution",
          []
        ]
      ],
      [
        [
          "_metadata",
          {
            "jsonVersion": 3.0,
            "className": "AtomChemicalShift",
            "classVersion": 1.0,
            "user": "luca",
            "lastPath": "undefined",
            "timestamp": "Tue Jan  9 15:18:19 2024"
          }
        ],
        [
          "atomName",
          "H5A"
        ],
        [
          "atomElementName",
          ""
        ],
        [
          "atomAverageShift",
          1.216
        ],
        [
          "atomStdShift",
          null
        ],
        [
          "atomMinShift",
          1.216
        ],
        [
          "atomMaxShift",
          1.216
        ],
        [
          "atomDistributionRefValue",
          1.216
        ],
        [
          "atomDistributionValuePerPoint",
          1.0
        ],
        [
          "atomStatisticalDistribution",
          []
        ]
      ],
      [
        [
          "_metadata",
          {
            "jsonVersion": 3.0,
            "className": "AtomChemicalShift",
            "classVersion": 1.0,
            "user": "luca",
            "lastPath": "undefined",
            "timestamp": "Tue Jan  9 15:18:19 2024"
          }
        ],
        [
          "atomName",
          "H6"
        ],
        [
          "atomElementName",
          ""
        ],
        [
          "atomAverageShift",
          1.216
        ],
        [
          "atomStdShift",
          null
        ],
        [
          "atomMinShift",
          1.216
        ],
        [
          "atomMaxShift",
          1.216
        ],
        [
          "atomDistributionRefValue",
          1.216
        ],
        [
          "atomDistributionValuePerPoint",
          1.0
        ],
        [
          "atomStatisticalDistribution",
          []
        ]
      ],
      [
        [
          "_metadata",
          {
            "jsonVersion": 3.0,
            "className": "AtomChemicalShift",
            "classVersion": 1.0,
            "user": "luca",
            "lastPath": "undefined",
            "timestamp": "Tue Jan  9 15:18:19 2024"
          }
        ],
        [
          "atomName",
          "H6A"
        ],
        [
          "atomElementName",
          ""
        ],
        [
          "atomAverageShift",
          1.216
        ],
        [
          "atomStdShift",
          null
        ],
        [
          "atomMinShift",
          1.216
        ],
        [
          "atomMaxShift",
          1.216
        ],
        [
          "atomDistributionRefValue",
          1.216
        ],
        [
          "atomDistributionValuePerPoint",
          1.0
        ],
        [
          "atomStatisticalDistribution",
          []
        ]
      ],
      [
        [
          "_metadata",
          {
            "jsonVersion": 3.0,
            "className": "AtomChemicalShift",
            "classVersion": 1.0,
            "user": "luca",
            "lastPath": "undefined",
            "timestamp": "Tue Jan  9 15:18:19 2024"
          }
        ],
        [
          "atomName",
          "H7"
        ],
        [
          "atomElementName",
          ""
        ],
        [
          "atomAverageShift",
          1.216
        ],
        [
          "atomStdShift",
          null
        ],
        [
          "atomMinShift",
          1.216
        ],
        [
          "atomMaxShift",
          1.216
        ],
        [
          "atomDistributionRefValue",
          1.216
        ],
        [
          "atomDistributionValuePerPoint",
          1.0
        ],
        [
          "atomStatisticalDistribution",
          []
        ]
      ],
      [
        [
          "_metadata",
          {
            "jsonVersion": 3.0,
            "className": "AtomChemicalShift",
            "classVersion": 1.0,
            "user": "luca",
            "lastPath": "undefined",
            "timestamp": "Tue Jan  9 15:18:19 2024"
          }
        ],
        [
          "atomName",
          "H7A"
        ],
        [
          "atomElementName",
          ""
        ],
        [
          "atomAverageShift",
          1.216
        ],
        [
          "atomStdShift",
          null
        ],
        [
          "atomMinShift",
          1.216
        ],
        [
          "atomMaxShift",
          1.216
        ],
        [
          "atomDistributionRefValue",
          1.216
        ],
        [
          "atomDistributionValuePerPoint",
          1.0
        ],
        [
          "atomStatisticalDistribution",
          []
        ]
      ],
      [
        [
          "_metadata",
          {
            "jsonVersion": 3.0,
            "className": "AtomChemicalShift",
            "classVersion": 1.0,
            "user": "luca",
            "lastPath": "undefined",
            "timestamp": "Tue Jan  9 15:18:19 2024"
          }
        ],
        [
          "atomName",
          "H8"
        ],
        [
          "atomElementName",
          ""
        ],
        [
          "atomAverageShift",
          0.818
        ],
        [
          "atomStdShift",
          null
        ],
        [
          "atomMinShift",
          0.818
        ],
        [
          "atomMaxShift",
          0.818
        ],
        [
          "atomDistributionRefValue",
          0.818
        ],
        [
          "atomDistributionValuePerPoint",
          1.0
        ],
        [
          "atomStatisticalDistribution",
          []
        ]
      ],
      [
        [
          "_metadata",
          {
            "jsonVersion": 3.0,
            "className": "AtomChemicalShift",
            "classVersion": 1.0,
            "user": "luca",
            "lastPath": "undefined",
            "timestamp": "Tue Jan  9 15:18:19 2024"
          }
        ],
        [
          "atomName",
          "H8A"
        ],
        [
          "atomElementName",
          ""
        ],
        [
          "atomAverageShift",
          0.818
        ],
        [
          "atomStdShift",
          null
        ],
        [
          "atomMinShift",
          0.818
        ],
        [
          "atomMaxShift",
          0.818
        ],
        [
          "atomDistributionRefValue",
          0.818
        ],
        [
          "atomDistributionValuePerPoint",
          1.0
        ],
        [
          "atomStatisticalDistribution",
          []
        ]
      ],
      [
        [
          "_metadata",
          {
            "jsonVersion": 3.0,
            "className": "AtomChemicalShift",
            "classVersion": 1.0,
            "user": "luca",
            "lastPath": "undefined",
            "timestamp": "Tue Jan  9 15:18:19 2024"
          }
        ],
        [
          "atomName",
          "H8B"
        ],
        [
          "atomElementName",
          ""
        ],
        [
          "atomAverageShift",
          0.818
        ],
        [
          "atomStdShift",
          null
        ],
        [
          "atomMinShift",
          0.818
        ],
        [
          "atomMaxShift",
          0.818
        ],
        [
          "atomDistributionRefValue",
          0.818
        ],
        [
          "atomDistributionValuePerPoint",
          1.0
        ],
        [
          "atomStatisticalDistribution",
          []
        ]
      ],
      [
        [
          "_metadata",
          {
            "jsonVersion": 3.0,
            "className": "AtomChemicalShift",
            "classVersion": 1.0,
            "user": "luca",
            "lastPath": "undefined",
            "timestamp": "Tue Jan  9 15:18:19 2024"
          }
        ],
        [
          "atomName",
          "HN36"
        ],
        [
          "atomElementName",
          ""
        ],
        [
          "atomAverageShift",
          8.103
        ],
        [
          "atomStdShift",
          null
        ],
        [
          "atomMinShift",
          8.103
        ],
        [
          "atomMaxShift",
          8.103
        ],
        [
          "atomDistributionRefValue",
          8.103
        ],
        [
          "atomDistributionValuePerPoint",
          1.0
        ],
        [
          "atomStatisticalDistribution",
          []
        ]
      ],
      [
        [
          "_metadata",
          {
            "jsonVersion": 3.0,
            "className": "AtomChemicalShift",
            "classVersion": 1.0,
            "user": "luca",
            "lastPath": "undefined",
            "timestamp": "Tue Jan  9 15:18:19 2024"
          }
        ],
        [
          "atomName",
          "HN41"
        ],
        [
          "atomElementName",
          ""
        ],
        [
          "atomAverageShift",
          8.278
        ],
        [
          "atomStdShift",
          null
        ],
        [
          "atomMinShift",
          8.278
        ],
        [
          "atomMaxShift",
          8.278
        ],
        [
          "atomDistributionRefValue",
          8.278
        ],
        [
          "atomDistributionValuePerPoint",
          1.0
        ],
        [
          "atomStatisticalDistribution",
          []
        ]
      ]
    ]
  ]
]