[
  [
    "_metadata",
    {
      "jsonVersion": 3,
      "className": "ReferenceChemicalShift",
      "classVersion": 1,
      "user": "CCPN",
      "lastPath": "/Users/luca/Projects/AnalysisV3/resources/referenceChemicalShifts/NonStandard/Non-Polymer/6FS.json",
      "timestamp": "Tue Jan  9 15:18:33 2024",
      "applicationVersion": 3.2
    }
  ],
  [
    "chemicalShiftName",
    "Non-Standard Residues / Small Molecules"
  ],
  [
    "chemicalShiftComment",
    "The CCPN Analysis Version 3 ReferenceChemical shifts retrieved from BMRB"
  ],
  [
    "chemicalShiftEntryDate",
    "2023-09-14-14:25:08"
  ],
  [
    "compoundName",
    "N-[2-methoxy-5-({[(E)-2-(2,4,6-trimethoxyphenyl)ethenyl]sulfonyl}methyl)phenyl]glycine"
  ],
  [
    "compoundShortName",
    "6FS"
  ],
  [
    "compoundCcpCode",
    "6FS"
  ],
  [
    "compoundType",
    "Non-Polymer"
  ],
  [
    "compoundTypeClassification",
    "non-polymer"
  ],
  [
    "compoundPrecursorName",
    "Glycine"
  ],
  [
    "loadingLevel",
    0
  ],
  [
    "atoms",
    [
      [
        [
          "_metadata",
          {
            "jsonVersion": 3.0,
            "className": "AtomChemicalShift",
            "classVersion": 1.0,
            "user": "luca",
            "lastPath": "undefined",
            "timestamp": "Tue Jan  9 15:18:33 2024"
          }
        ],
        [
          "atomName",
          "C1"
        ],
        [
          "atomElementName",
          ""
        ],
        [
          "atomAverageShift",
          93.817
        ],
        [
          "atomStdShift",
          0.0
        ],
        [
          "atomMinShift",
          93.8166
        ],
        [
          "atomMaxShift",
          93.8166
        ],
        [
          "atomDistributionRefValue",
          93.8166
        ],
        [
          "atomDistributionValuePerPoint",
          1.0
        ],
        [
          "atomStatisticalDistribution",
          []
        ]
      ],
      [
        [
          "_metadata",
          {
            "jsonVersion": 3.0,
            "className": "AtomChemicalShift",
            "classVersion": 1.0,
            "user": "luca",
            "lastPath": "undefined",
            "timestamp": "Tue Jan  9 15:18:33 2024"
          }
        ],
        [
          "atomName",
          "C10"
        ],
        [
          "atomElementName",
          ""
        ],
        [
          "atomAverageShift",
          58.605
        ],
        [
          "atomStdShift",
          0.0
        ],
        [
          "atomMinShift",
          58.605
        ],
        [
          "atomMaxShift",
          58.605
        ],
        [
          "atomDistributionRefValue",
          58.605
        ],
        [
          "atomDistributionValuePerPoint",
          1.0
        ],
        [
          "atomStatisticalDistribution",
          []
        ]
      ],
      [
        [
          "_metadata",
          {
            "jsonVersion": 3.0,
            "className": "AtomChemicalShift",
            "classVersion": 1.0,
            "user": "luca",
            "lastPath": "undefined",
            "timestamp": "Tue Jan  9 15:18:33 2024"
          }
        ],
        [
          "atomName",
          "C11"
        ],
        [
          "atomElementName",
          ""
        ],
        [
          "atomAverageShift",
          140.558
        ],
        [
          "atomStdShift",
          0.0
        ],
        [
          "atomMinShift",
          140.558
        ],
        [
          "atomMaxShift",
          140.558
        ],
        [
          "atomDistributionRefValue",
          140.558
        ],
        [
          "atomDistributionValuePerPoint",
          1.0
        ],
        [
          "atomStatisticalDistribution",
          []
        ]
      ],
      [
        [
          "_metadata",
          {
            "jsonVersion": 3.0,
            "className": "AtomChemicalShift",
            "classVersion": 1.0,
            "user": "luca",
            "lastPath": "undefined",
            "timestamp": "Tue Jan  9 15:18:33 2024"
          }
        ],
        [
          "atomName",
          "C12"
        ],
        [
          "atomElementName",
          ""
        ],
        [
          "atomAverageShift",
          63.93
        ],
        [
          "atomStdShift",
          0.0
        ],
        [
          "atomMinShift",
          63.9299
        ],
        [
          "atomMaxShift",
          63.9299
        ],
        [
          "atomDistributionRefValue",
          63.9299
        ],
        [
          "atomDistributionValuePerPoint",
          1.0
        ],
        [
          "atomStatisticalDistribution",
          []
        ]
      ],
      [
        [
          "_metadata",
          {
            "jsonVersion": 3.0,
            "className": "AtomChemicalShift",
            "classVersion": 1.0,
            "user": "luca",
            "lastPath": "undefined",
            "timestamp": "Tue Jan  9 15:18:33 2024"
          }
        ],
        [
          "atomName",
          "C13"
        ],
        [
          "atomElementName",
          ""
        ],
        [
          "atomAverageShift",
          123.604
        ],
        [
          "atomStdShift",
          0.0
        ],
        [
          "atomMinShift",
          123.604
        ],
        [
          "atomMaxShift",
          123.604
        ],
        [
          "atomDistributionRefValue",
          123.604
        ],
        [
          "atomDistributionValuePerPoint",
          1.0
        ],
        [
          "atomStatisticalDistribution",
          []
        ]
      ],
      [
        [
          "_metadata",
          {
            "jsonVersion": 3.0,
            "className": "AtomChemicalShift",
            "classVersion": 1.0,
            "user": "luca",
            "lastPath": "undefined",
            "timestamp": "Tue Jan  9 15:18:33 2024"
          }
        ],
        [
          "atomName",
          "C14"
        ],
        [
          "atomElementName",
          ""
        ],
        [
          "atomAverageShift",
          113.043
        ],
        [
          "atomStdShift",
          0.0
        ],
        [
          "atomMinShift",
          113.043
        ],
        [
          "atomMaxShift",
          113.043
        ],
        [
          "atomDistributionRefValue",
          113.043
        ],
        [
          "atomDistributionValuePerPoint",
          1.0
        ],
        [
          "atomStatisticalDistribution",
          []
        ]
      ],
      [
        [
          "_metadata",
          {
            "jsonVersion": 3.0,
            "className": "AtomChemicalShift",
            "classVersion": 1.0,
            "user": "luca",
            "lastPath": "undefined",
            "timestamp": "Tue Jan  9 15:18:33 2024"
          }
        ],
        [
          "atomName",
          "C17"
        ],
        [
          "atomElementName",
          ""
        ],
        [
          "atomAverageShift",
          116.975
        ],
        [
          "atomStdShift",
          0.0
        ],
        [
          "atomMinShift",
          116.975
        ],
        [
          "atomMaxShift",
          116.975
        ],
        [
          "atomDistributionRefValue",
          116.975
        ],
        [
          "atomDistributionValuePerPoint",
          1.0
        ],
        [
          "atomStatisticalDistribution",
          []
        ]
      ],
      [
        [
          "_metadata",
          {
            "jsonVersion": 3.0,
            "className": "AtomChemicalShift",
            "classVersion": 1.0,
            "user": "luca",
            "lastPath": "undefined",
            "timestamp": "Tue Jan  9 15:18:33 2024"
          }
        ],
        [
          "atomName",
          "C19"
        ],
        [
          "atomElementName",
          ""
        ],
        [
          "atomAverageShift",
          58.465
        ],
        [
          "atomStdShift",
          0.0
        ],
        [
          "atomMinShift",
          58.4648
        ],
        [
          "atomMaxShift",
          58.4648
        ],
        [
          "atomDistributionRefValue",
          58.4648
        ],
        [
          "atomDistributionValuePerPoint",
          1.0
        ],
        [
          "atomStatisticalDistribution",
          []
        ]
      ],
      [
        [
          "_metadata",
          {
            "jsonVersion": 3.0,
            "className": "AtomChemicalShift",
            "classVersion": 1.0,
            "user": "luca",
            "lastPath": "undefined",
            "timestamp": "Tue Jan  9 15:18:33 2024"
          }
        ],
        [
          "atomName",
          "C20"
        ],
        [
          "atomElementName",
          ""
        ],
        [
          "atomAverageShift",
          49.8
        ],
        [
          "atomStdShift",
          0.0
        ],
        [
          "atomMinShift",
          49.8
        ],
        [
          "atomMaxShift",
          49.8
        ],
        [
          "atomDistributionRefValue",
          49.8
        ],
        [
          "atomDistributionValuePerPoint",
          1.0
        ],
        [
          "atomStatisticalDistribution",
          []
        ]
      ],
      [
        [
          "_metadata",
          {
            "jsonVersion": 3.0,
            "className": "AtomChemicalShift",
            "classVersion": 1.0,
            "user": "luca",
            "lastPath": "undefined",
            "timestamp": "Tue Jan  9 15:18:33 2024"
          }
        ],
        [
          "atomName",
          "C5"
        ],
        [
          "atomElementName",
          ""
        ],
        [
          "atomAverageShift",
          93.817
        ],
        [
          "atomStdShift",
          0.0
        ],
        [
          "atomMinShift",
          93.8166
        ],
        [
          "atomMaxShift",
          93.8166
        ],
        [
          "atomDistributionRefValue",
          93.8166
        ],
        [
          "atomDistributionValuePerPoint",
          1.0
        ],
        [
          "atomStatisticalDistribution",
          []
        ]
      ],
      [
        [
          "_metadata",
          {
            "jsonVersion": 3.0,
            "className": "AtomChemicalShift",
            "classVersion": 1.0,
            "user": "luca",
            "lastPath": "undefined",
            "timestamp": "Tue Jan  9 15:18:33 2024"
          }
        ],
        [
          "atomName",
          "C7"
        ],
        [
          "atomElementName",
          ""
        ],
        [
          "atomAverageShift",
          58.465
        ],
        [
          "atomStdShift",
          0.0
        ],
        [
          "atomMinShift",
          58.4648
        ],
        [
          "atomMaxShift",
          58.4648
        ],
        [
          "atomDistributionRefValue",
          58.4648
        ],
        [
          "atomDistributionValuePerPoint",
          1.0
        ],
        [
          "atomStatisticalDistribution",
          []
        ]
      ],
      [
        [
          "_metadata",
          {
            "jsonVersion": 3.0,
            "className": "AtomChemicalShift",
            "classVersion": 1.0,
            "user": "luca",
            "lastPath": "undefined",
            "timestamp": "Tue Jan  9 15:18:33 2024"
          }
        ],
        [
          "atomName",
          "C8"
        ],
        [
          "atomElementName",
          ""
        ],
        [
          "atomAverageShift",
          58.605
        ],
        [
          "atomStdShift",
          0.0
        ],
        [
          "atomMinShift",
          58.605
        ],
        [
          "atomMaxShift",
          58.605
        ],
        [
          "atomDistributionRefValue",
          58.605
        ],
        [
          "atomDistributionValuePerPoint",
          1.0
        ],
        [
          "atomStatisticalDistribution",
          []
        ]
      ],
      [
        [
          "_metadata",
          {
            "jsonVersion": 3.0,
            "className": "AtomChemicalShift",
            "classVersion": 1.0,
            "user": "luca",
            "lastPath": "undefined",
            "timestamp": "Tue Jan  9 15:18:33 2024"
          }
        ],
        [
          "atomName",
          "C9"
        ],
        [
          "atomElementName",
          ""
        ],
        [
          "atomAverageShift",
          121.805
        ],
        [
          "atomStdShift",
          0.0
        ],
        [
          "atomMinShift",
          121.805
        ],
        [
          "atomMaxShift",
          121.805
        ],
        [
          "atomDistributionRefValue",
          121.805
        ],
        [
          "atomDistributionValuePerPoint",
          1.0
        ],
        [
          "atomStatisticalDistribution",
          []
        ]
      ],
      [
        [
          "_metadata",
          {
            "jsonVersion": 3.0,
            "className": "AtomChemicalShift",
            "classVersion": 1.0,
            "user": "luca",
            "lastPath": "undefined",
            "timestamp": "Tue Jan  9 15:18:33 2024"
          }
        ],
        [
          "atomName",
          "H1"
        ],
        [
          "atomElementName",
          ""
        ],
        [
          "atomAverageShift",
          6.254
        ],
        [
          "atomStdShift",
          0.0
        ],
        [
          "atomMinShift",
          6.2541
        ],
        [
          "atomMaxShift",
          6.2541
        ],
        [
          "atomDistributionRefValue",
          6.2541
        ],
        [
          "atomDistributionValuePerPoint",
          1.0
        ],
        [
          "atomStatisticalDistribution",
          []
        ]
      ],
      [
        [
          "_metadata",
          {
            "jsonVersion": 3.0,
            "className": "AtomChemicalShift",
            "classVersion": 1.0,
            "user": "luca",
            "lastPath": "undefined",
            "timestamp": "Tue Jan  9 15:18:33 2024"
          }
        ],
        [
          "atomName",
          "H10"
        ],
        [
          "atomElementName",
          ""
        ],
        [
          "atomAverageShift",
          3.82
        ],
        [
          "atomStdShift",
          0.0
        ],
        [
          "atomMinShift",
          3.8198
        ],
        [
          "atomMaxShift",
          3.8198
        ],
        [
          "atomDistributionRefValue",
          3.8198
        ],
        [
          "atomDistributionValuePerPoint",
          1.0
        ],
        [
          "atomStatisticalDistribution",
          []
        ]
      ],
      [
        [
          "_metadata",
          {
            "jsonVersion": 3.0,
            "className": "AtomChemicalShift",
            "classVersion": 1.0,
            "user": "luca",
            "lastPath": "undefined",
            "timestamp": "Tue Jan  9 15:18:33 2024"
          }
        ],
        [
          "atomName",
          "H11"
        ],
        [
          "atomElementName",
          ""
        ],
        [
          "atomAverageShift",
          7.289
        ],
        [
          "atomStdShift",
          0.0
        ],
        [
          "atomMinShift",
          7.2888
        ],
        [
          "atomMaxShift",
          7.2888
        ],
        [
          "atomDistributionRefValue",
          7.2888
        ],
        [
          "atomDistributionValuePerPoint",
          1.0
        ],
        [
          "atomStatisticalDistribution",
          []
        ]
      ],
      [
        [
          "_metadata",
          {
            "jsonVersion": 3.0,
            "className": "AtomChemicalShift",
            "classVersion": 1.0,
            "user": "luca",
            "lastPath": "undefined",
            "timestamp": "Tue Jan  9 15:18:33 2024"
          }
        ],
        [
          "atomName",
          "H12"
        ],
        [
          "atomElementName",
          ""
        ],
        [
          "atomAverageShift",
          4.365
        ],
        [
          "atomStdShift",
          0.0
        ],
        [
          "atomMinShift",
          4.3651
        ],
        [
          "atomMaxShift",
          4.3651
        ],
        [
          "atomDistributionRefValue",
          4.3651
        ],
        [
          "atomDistributionValuePerPoint",
          1.0
        ],
        [
          "atomStatisticalDistribution",
          []
        ]
      ],
      [
        [
          "_metadata",
          {
            "jsonVersion": 3.0,
            "className": "AtomChemicalShift",
            "classVersion": 1.0,
            "user": "luca",
            "lastPath": "undefined",
            "timestamp": "Tue Jan  9 15:18:33 2024"
          }
        ],
        [
          "atomName",
          "H13"
        ],
        [
          "atomElementName",
          ""
        ],
        [
          "atomAverageShift",
          6.774
        ],
        [
          "atomStdShift",
          0.0
        ],
        [
          "atomMinShift",
          6.7741
        ],
        [
          "atomMaxShift",
          6.7741
        ],
        [
          "atomDistributionRefValue",
          6.7741
        ],
        [
          "atomDistributionValuePerPoint",
          1.0
        ],
        [
          "atomStatisticalDistribution",
          []
        ]
      ],
      [
        [
          "_metadata",
          {
            "jsonVersion": 3.0,
            "className": "AtomChemicalShift",
            "classVersion": 1.0,
            "user": "luca",
            "lastPath": "undefined",
            "timestamp": "Tue Jan  9 15:18:33 2024"
          }
        ],
        [
          "atomName",
          "H14"
        ],
        [
          "atomElementName",
          ""
        ],
        [
          "atomAverageShift",
          6.9
        ],
        [
          "atomStdShift",
          0.0
        ],
        [
          "atomMinShift",
          6.8999
        ],
        [
          "atomMaxShift",
          6.8999
        ],
        [
          "atomDistributionRefValue",
          6.8999
        ],
        [
          "atomDistributionValuePerPoint",
          1.0
        ],
        [
          "atomStatisticalDistribution",
          []
        ]
      ],
      [
        [
          "_metadata",
          {
            "jsonVersion": 3.0,
            "className": "AtomChemicalShift",
            "classVersion": 1.0,
            "user": "luca",
            "lastPath": "undefined",
            "timestamp": "Tue Jan  9 15:18:33 2024"
          }
        ],
        [
          "atomName",
          "H17"
        ],
        [
          "atomElementName",
          ""
        ],
        [
          "atomAverageShift",
          6.442
        ],
        [
          "atomStdShift",
          0.0
        ],
        [
          "atomMinShift",
          6.4416
        ],
        [
          "atomMaxShift",
          6.4416
        ],
        [
          "atomDistributionRefValue",
          6.4416
        ],
        [
          "atomDistributionValuePerPoint",
          1.0
        ],
        [
          "atomStatisticalDistribution",
          []
        ]
      ],
      [
        [
          "_metadata",
          {
            "jsonVersion": 3.0,
            "className": "AtomChemicalShift",
            "classVersion": 1.0,
            "user": "luca",
            "lastPath": "undefined",
            "timestamp": "Tue Jan  9 15:18:33 2024"
          }
        ],
        [
          "atomName",
          "H19"
        ],
        [
          "atomElementName",
          ""
        ],
        [
          "atomAverageShift",
          3.855
        ],
        [
          "atomStdShift",
          0.0
        ],
        [
          "atomMinShift",
          3.8547
        ],
        [
          "atomMaxShift",
          3.8547
        ],
        [
          "atomDistributionRefValue",
          3.8547
        ],
        [
          "atomDistributionValuePerPoint",
          1.0
        ],
        [
          "atomStatisticalDistribution",
          []
        ]
      ],
      [
        [
          "_metadata",
          {
            "jsonVersion": 3.0,
            "className": "AtomChemicalShift",
            "classVersion": 1.0,
            "user": "luca",
            "lastPath": "undefined",
            "timestamp": "Tue Jan  9 15:18:33 2024"
          }
        ],
        [
          "atomName",
          "H20"
        ],
        [
          "atomElementName",
          ""
        ],
        [
          "atomAverageShift",
          3.346
        ],
        [
          "atomStdShift",
          0.0
        ],
        [
          "atomMinShift",
          3.3456
        ],
        [
          "atomMaxShift",
          3.3456
        ],
        [
          "atomDistributionRefValue",
          3.3456
        ],
        [
          "atomDistributionValuePerPoint",
          1.0
        ],
        [
          "atomStatisticalDistribution",
          []
        ]
      ],
      [
        [
          "_metadata",
          {
            "jsonVersion": 3.0,
            "className": "AtomChemicalShift",
            "classVersion": 1.0,
            "user": "luca",
            "lastPath": "undefined",
            "timestamp": "Tue Jan  9 15:18:33 2024"
          }
        ],
        [
          "atomName",
          "H5"
        ],
        [
          "atomElementName",
          ""
        ],
        [
          "atomAverageShift",
          6.254
        ],
        [
          "atomStdShift",
          0.0
        ],
        [
          "atomMinShift",
          6.2541
        ],
        [
          "atomMaxShift",
          6.2541
        ],
        [
          "atomDistributionRefValue",
          6.2541
        ],
        [
          "atomDistributionValuePerPoint",
          1.0
        ],
        [
          "atomStatisticalDistribution",
          []
        ]
      ],
      [
        [
          "_metadata",
          {
            "jsonVersion": 3.0,
            "className": "AtomChemicalShift",
            "classVersion": 1.0,
            "user": "luca",
            "lastPath": "undefined",
            "timestamp": "Tue Jan  9 15:18:33 2024"
          }
        ],
        [
          "atomName",
          "H71"
        ],
        [
          "atomElementName",
          ""
        ],
        [
          "atomAverageShift",
          3.855
        ],
        [
          "atomStdShift",
          0.0
        ],
        [
          "atomMinShift",
          3.8547
        ],
        [
          "atomMaxShift",
          3.8547
        ],
        [
          "atomDistributionRefValue",
          3.8547
        ],
        [
          "atomDistributionValuePerPoint",
          1.0
        ],
        [
          "atomStatisticalDistribution",
          []
        ]
      ],
      [
        [
          "_metadata",
          {
            "jsonVersion": 3.0,
            "className": "AtomChemicalShift",
            "classVersion": 1.0,
            "user": "luca",
            "lastPath": "undefined",
            "timestamp": "Tue Jan  9 15:18:33 2024"
          }
        ],
        [
          "atomName",
          "H81"
        ],
        [
          "atomElementName",
          ""
        ],
        [
          "atomAverageShift",
          3.82
        ],
        [
          "atomStdShift",
          0.0
        ],
        [
          "atomMinShift",
          3.8198
        ],
        [
          "atomMaxShift",
          3.8198
        ],
        [
          "atomDistributionRefValue",
          3.8198
        ],
        [
          "atomDistributionValuePerPoint",
          1.0
        ],
        [
          "atomStatisticalDistribution",
          []
        ]
      ],
      [
        [
          "_metadata",
          {
            "jsonVersion": 3.0,
            "className": "AtomChemicalShift",
            "classVersion": 1.0,
            "user": "luca",
            "lastPath": "undefined",
            "timestamp": "Tue Jan  9 15:18:33 2024"
          }
        ],
        [
          "atomName",
          "H9"
        ],
        [
          "atomElementName",
          ""
        ],
        [
          "atomAverageShift",
          7.063
        ],
        [
          "atomStdShift",
          0.0
        ],
        [
          "atomMinShift",
          7.0634
        ],
        [
          "atomMaxShift",
          7.0634
        ],
        [
          "atomDistributionRefValue",
          7.0634
        ],
        [
          "atomDistributionValuePerPoint",
          1.0
        ],
        [
          "atomStatisticalDistribution",
          []
        ]
      ],
      [
        [
          "_metadata",
          {
            "jsonVersion": 3.0,
            "className": "AtomChemicalShift",
            "classVersion": 1.0,
            "user": "luca",
            "lastPath": "undefined",
            "timestamp": "Tue Jan  9 15:18:33 2024"
          }
        ],
        [
          "atomName",
          "H9N"
        ],
        [
          "atomElementName",
          ""
        ],
        [
          "atomAverageShift",
          4.365
        ],
        [
          "atomStdShift",
          0.0
        ],
        [
          "atomMinShift",
          4.3651
        ],
        [
          "atomMaxShift",
          4.3651
        ],
        [
          "atomDistributionRefValue",
          4.3651
        ],
        [
          "atomDistributionValuePerPoint",
          1.0
        ],
        [
          "atomStatisticalDistribution",
          []
        ]
      ],
      [
        [
          "_metadata",
          {
            "jsonVersion": 3.0,
            "className": "AtomChemicalShift",
            "classVersion": 1.0,
            "user": "luca",
            "lastPath": "undefined",
            "timestamp": "Tue Jan  9 15:18:33 2024"
          }
        ],
        [
          "atomName",
          "H9Q"
        ],
        [
          "atomElementName",
          ""
        ],
        [
          "atomAverageShift",
          3.346
        ],
        [
          "atomStdShift",
          0.0
        ],
        [
          "atomMinShift",
          3.3456
        ],
        [
          "atomMaxShift",
          3.3456
        ],
        [
          "atomDistributionRefValue",
          3.3456
        ],
        [
          "atomDistributionValuePerPoint",
          1.0
        ],
        [
          "atomStatisticalDistribution",
          []
        ]
      ]
    ]
  ]
]