[
  [
    "_metadata",
    {
      "jsonVersion": 3,
      "className": "ReferenceChemicalShift",
      "classVersion": 1,
      "user": "CCPN",
      "lastPath": "/Users/luca/Projects/AnalysisV3/resources/referenceChemicalShifts/NonStandard/Non-Polymer/9U2.json",
      "timestamp": "Tue Jan  9 15:18:15 2024",
      "applicationVersion": 3.2
    }
  ],
  [
    "chemicalShiftName",
    "Non-Standard Residues / Small Molecules"
  ],
  [
    "chemicalShiftComment",
    "The CCPN Analysis Version 3 ReferenceChemical shifts retrieved from BMRB"
  ],
  [
    "chemicalShiftEntryDate",
    "2023-09-14-14:25:08"
  ],
  [
    "compoundName",
    "5-propan-2-yl-1,3-thiazole-4-carbaldehyde"
  ],
  [
    "compoundShortName",
    "9U2"
  ],
  [
    "compoundCcpCode",
    "9U2"
  ],
  [
    "compoundType",
    "Non-Polymer"
  ],
  [
    "compoundTypeClassification",
    "non-polymer"
  ],
  [
    "compoundPrecursorName",
    ""
  ],
  [
    "loadingLevel",
    0
  ],
  [
    "atoms",
    [
      [
        [
          "_metadata",
          {
            "jsonVersion": 3.0,
            "className": "AtomChemicalShift",
            "classVersion": 1.0,
            "user": "luca",
            "lastPath": "undefined",
            "timestamp": "Tue Jan  9 15:18:15 2024"
          }
        ],
        [
          "atomName",
          "C83"
        ],
        [
          "atomElementName",
          ""
        ],
        [
          "atomAverageShift",
          151.886
        ],
        [
          "atomStdShift",
          null
        ],
        [
          "atomMinShift",
          151.886
        ],
        [
          "atomMaxShift",
          151.886
        ],
        [
          "atomDistributionRefValue",
          151.886
        ],
        [
          "atomDistributionValuePerPoint",
          1.0
        ],
        [
          "atomStatisticalDistribution",
          []
        ]
      ],
      [
        [
          "_metadata",
          {
            "jsonVersion": 3.0,
            "className": "AtomChemicalShift",
            "classVersion": 1.0,
            "user": "luca",
            "lastPath": "undefined",
            "timestamp": "Tue Jan  9 15:18:15 2024"
          }
        ],
        [
          "atomName",
          "C85"
        ],
        [
          "atomElementName",
          ""
        ],
        [
          "atomAverageShift",
          27.604
        ],
        [
          "atomStdShift",
          null
        ],
        [
          "atomMinShift",
          27.604
        ],
        [
          "atomMaxShift",
          27.604
        ],
        [
          "atomDistributionRefValue",
          27.604
        ],
        [
          "atomDistributionValuePerPoint",
          1.0
        ],
        [
          "atomStatisticalDistribution",
          []
        ]
      ],
      [
        [
          "_metadata",
          {
            "jsonVersion": 3.0,
            "className": "AtomChemicalShift",
            "classVersion": 1.0,
            "user": "luca",
            "lastPath": "undefined",
            "timestamp": "Tue Jan  9 15:18:15 2024"
          }
        ],
        [
          "atomName",
          "CM8"
        ],
        [
          "atomElementName",
          ""
        ],
        [
          "atomAverageShift",
          25.154
        ],
        [
          "atomStdShift",
          null
        ],
        [
          "atomMinShift",
          25.154
        ],
        [
          "atomMaxShift",
          25.154
        ],
        [
          "atomDistributionRefValue",
          25.154
        ],
        [
          "atomDistributionValuePerPoint",
          1.0
        ],
        [
          "atomStatisticalDistribution",
          []
        ]
      ],
      [
        [
          "_metadata",
          {
            "jsonVersion": 3.0,
            "className": "AtomChemicalShift",
            "classVersion": 1.0,
            "user": "luca",
            "lastPath": "undefined",
            "timestamp": "Tue Jan  9 15:18:15 2024"
          }
        ],
        [
          "atomName",
          "CM9"
        ],
        [
          "atomElementName",
          ""
        ],
        [
          "atomAverageShift",
          24.496
        ],
        [
          "atomStdShift",
          null
        ],
        [
          "atomMinShift",
          24.496
        ],
        [
          "atomMaxShift",
          24.496
        ],
        [
          "atomDistributionRefValue",
          24.496
        ],
        [
          "atomDistributionValuePerPoint",
          1.0
        ],
        [
          "atomStatisticalDistribution",
          []
        ]
      ],
      [
        [
          "_metadata",
          {
            "jsonVersion": 3.0,
            "className": "AtomChemicalShift",
            "classVersion": 1.0,
            "user": "luca",
            "lastPath": "undefined",
            "timestamp": "Tue Jan  9 15:18:15 2024"
          }
        ],
        [
          "atomName",
          "H83"
        ],
        [
          "atomElementName",
          ""
        ],
        [
          "atomAverageShift",
          8.864
        ],
        [
          "atomStdShift",
          0.006
        ],
        [
          "atomMinShift",
          8.859
        ],
        [
          "atomMaxShift",
          8.868
        ],
        [
          "atomDistributionRefValue",
          8.859
        ],
        [
          "atomDistributionValuePerPoint",
          1.0
        ],
        [
          "atomStatisticalDistribution",
          []
        ]
      ],
      [
        [
          "_metadata",
          {
            "jsonVersion": 3.0,
            "className": "AtomChemicalShift",
            "classVersion": 1.0,
            "user": "luca",
            "lastPath": "undefined",
            "timestamp": "Tue Jan  9 15:18:15 2024"
          }
        ],
        [
          "atomName",
          "H85"
        ],
        [
          "atomElementName",
          ""
        ],
        [
          "atomAverageShift",
          4.141
        ],
        [
          "atomStdShift",
          0.004
        ],
        [
          "atomMinShift",
          4.138
        ],
        [
          "atomMaxShift",
          4.143
        ],
        [
          "atomDistributionRefValue",
          4.138
        ],
        [
          "atomDistributionValuePerPoint",
          1.0
        ],
        [
          "atomStatisticalDistribution",
          []
        ]
      ],
      [
        [
          "_metadata",
          {
            "jsonVersion": 3.0,
            "className": "AtomChemicalShift",
            "classVersion": 1.0,
            "user": "luca",
            "lastPath": "undefined",
            "timestamp": "Tue Jan  9 15:18:15 2024"
          }
        ],
        [
          "atomName",
          "H881"
        ],
        [
          "atomElementName",
          ""
        ],
        [
          "atomAverageShift",
          1.289
        ],
        [
          "atomStdShift",
          0.002
        ],
        [
          "atomMinShift",
          1.287
        ],
        [
          "atomMaxShift",
          1.29
        ],
        [
          "atomDistributionRefValue",
          1.287
        ],
        [
          "atomDistributionValuePerPoint",
          1.0
        ],
        [
          "atomStatisticalDistribution",
          []
        ]
      ],
      [
        [
          "_metadata",
          {
            "jsonVersion": 3.0,
            "className": "AtomChemicalShift",
            "classVersion": 1.0,
            "user": "luca",
            "lastPath": "undefined",
            "timestamp": "Tue Jan  9 15:18:15 2024"
          }
        ],
        [
          "atomName",
          "H991"
        ],
        [
          "atomElementName",
          ""
        ],
        [
          "atomAverageShift",
          1.533
        ],
        [
          "atomStdShift",
          0.003
        ],
        [
          "atomMinShift",
          1.531
        ],
        [
          "atomMaxShift",
          1.535
        ],
        [
          "atomDistributionRefValue",
          1.531
        ],
        [
          "atomDistributionValuePerPoint",
          1.0
        ],
        [
          "atomStatisticalDistribution",
          []
        ]
      ]
    ]
  ]
]