[
  [
    "_metadata",
    {
      "jsonVersion": 3,
      "className": "ReferenceChemicalShift",
      "classVersion": 1,
      "user": "CCPN",
      "lastPath": "/Users/luca/Projects/AnalysisV3/resources/referenceChemicalShifts/NonStandard/Non-Polymer/AAC.json",
      "timestamp": "Tue Jan  9 15:18:39 2024",
      "applicationVersion": 3.2
    }
  ],
  [
    "chemicalShiftName",
    "Non-Standard Residues / Small Molecules"
  ],
  [
    "chemicalShiftComment",
    "The CCPN Analysis Version 3 ReferenceChemical shifts retrieved from BMRB"
  ],
  [
    "chemicalShiftEntryDate",
    "2023-09-14-14:25:08"
  ],
  [
    "compoundName",
    "ACETYLAMINO-ACETIC ACID"
  ],
  [
    "compoundShortName",
    "AAC"
  ],
  [
    "compoundCcpCode",
    "AAC"
  ],
  [
    "compoundType",
    "Non-Polymer"
  ],
  [
    "compoundTypeClassification",
    "non-polymer"
  ],
  [
    "compoundPrecursorName",
    "Glycine"
  ],
  [
    "loadingLevel",
    0
  ],
  [
    "atoms",
    [
      [
        [
          "_metadata",
          {
            "jsonVersion": 3.0,
            "className": "AtomChemicalShift",
            "classVersion": 1.0,
            "user": "luca",
            "lastPath": "undefined",
            "timestamp": "Tue Jan  9 15:18:39 2024"
          }
        ],
        [
          "atomName",
          "C2"
        ],
        [
          "atomElementName",
          ""
        ],
        [
          "atomAverageShift",
          43.2
        ],
        [
          "atomStdShift",
          null
        ],
        [
          "atomMinShift",
          43.2
        ],
        [
          "atomMaxShift",
          43.2
        ],
        [
          "atomDistributionRefValue",
          43.2
        ],
        [
          "atomDistributionValuePerPoint",
          1.0
        ],
        [
          "atomStatisticalDistribution",
          []
        ]
      ],
      [
        [
          "_metadata",
          {
            "jsonVersion": 3.0,
            "className": "AtomChemicalShift",
            "classVersion": 1.0,
            "user": "luca",
            "lastPath": "undefined",
            "timestamp": "Tue Jan  9 15:18:39 2024"
          }
        ],
        [
          "atomName",
          "C4"
        ],
        [
          "atomElementName",
          ""
        ],
        [
          "atomAverageShift",
          23.1
        ],
        [
          "atomStdShift",
          null
        ],
        [
          "atomMinShift",
          23.1
        ],
        [
          "atomMaxShift",
          23.1
        ],
        [
          "atomDistributionRefValue",
          23.1
        ],
        [
          "atomDistributionValuePerPoint",
          1.0
        ],
        [
          "atomStatisticalDistribution",
          []
        ]
      ],
      [
        [
          "_metadata",
          {
            "jsonVersion": 3.0,
            "className": "AtomChemicalShift",
            "classVersion": 1.0,
            "user": "luca",
            "lastPath": "undefined",
            "timestamp": "Tue Jan  9 15:18:39 2024"
          }
        ],
        [
          "atomName",
          "HC41"
        ],
        [
          "atomElementName",
          ""
        ],
        [
          "atomAverageShift",
          2.02
        ],
        [
          "atomStdShift",
          0.071
        ],
        [
          "atomMinShift",
          1.97
        ],
        [
          "atomMaxShift",
          2.07
        ],
        [
          "atomDistributionRefValue",
          1.97
        ],
        [
          "atomDistributionValuePerPoint",
          1.0
        ],
        [
          "atomStatisticalDistribution",
          []
        ]
      ],
      [
        [
          "_metadata",
          {
            "jsonVersion": 3.0,
            "className": "AtomChemicalShift",
            "classVersion": 1.0,
            "user": "luca",
            "lastPath": "undefined",
            "timestamp": "Tue Jan  9 15:18:39 2024"
          }
        ],
        [
          "atomName",
          "HC42"
        ],
        [
          "atomElementName",
          ""
        ],
        [
          "atomAverageShift",
          2.02
        ],
        [
          "atomStdShift",
          0.071
        ],
        [
          "atomMinShift",
          1.97
        ],
        [
          "atomMaxShift",
          2.07
        ],
        [
          "atomDistributionRefValue",
          1.97
        ],
        [
          "atomDistributionValuePerPoint",
          1.0
        ],
        [
          "atomStatisticalDistribution",
          []
        ]
      ],
      [
        [
          "_metadata",
          {
            "jsonVersion": 3.0,
            "className": "AtomChemicalShift",
            "classVersion": 1.0,
            "user": "luca",
            "lastPath": "undefined",
            "timestamp": "Tue Jan  9 15:18:39 2024"
          }
        ],
        [
          "atomName",
          "HC43"
        ],
        [
          "atomElementName",
          ""
        ],
        [
          "atomAverageShift",
          2.02
        ],
        [
          "atomStdShift",
          0.071
        ],
        [
          "atomMinShift",
          1.97
        ],
        [
          "atomMaxShift",
          2.07
        ],
        [
          "atomDistributionRefValue",
          1.97
        ],
        [
          "atomDistributionValuePerPoint",
          1.0
        ],
        [
          "atomStatisticalDistribution",
          []
        ]
      ]
    ]
  ]
]