[
  [
    "_metadata",
    {
      "jsonVersion": 3,
      "className": "ReferenceChemicalShift",
      "classVersion": 1,
      "user": "CCPN",
      "lastPath": "/Users/luca/Projects/AnalysisV3/resources/referenceChemicalShifts/NonStandard/Non-Polymer/ACD.json",
      "timestamp": "Tue Jan  9 15:18:41 2024",
      "applicationVersion": 3.2
    }
  ],
  [
    "chemicalShiftName",
    "Non-Standard Residues / Small Molecules"
  ],
  [
    "chemicalShiftComment",
    "The CCPN Analysis Version 3 ReferenceChemical shifts retrieved from BMRB"
  ],
  [
    "chemicalShiftEntryDate",
    "2023-09-14-14:25:08"
  ],
  [
    "compoundName",
    "ARACHIDONIC ACID"
  ],
  [
    "compoundShortName",
    "ACD"
  ],
  [
    "compoundCcpCode",
    "ACD"
  ],
  [
    "compoundType",
    "Non-Polymer"
  ],
  [
    "compoundTypeClassification",
    "non-polymer"
  ],
  [
    "compoundPrecursorName",
    ""
  ],
  [
    "loadingLevel",
    0
  ],
  [
    "atoms",
    [
      [
        [
          "_metadata",
          {
            "jsonVersion": 3.0,
            "className": "AtomChemicalShift",
            "classVersion": 1.0,
            "user": "luca",
            "lastPath": "undefined",
            "timestamp": "Tue Jan  9 15:18:41 2024"
          }
        ],
        [
          "atomName",
          "H101"
        ],
        [
          "atomElementName",
          ""
        ],
        [
          "atomAverageShift",
          2.173
        ],
        [
          "atomStdShift",
          null
        ],
        [
          "atomMinShift",
          2.173
        ],
        [
          "atomMaxShift",
          2.173
        ],
        [
          "atomDistributionRefValue",
          2.173
        ],
        [
          "atomDistributionValuePerPoint",
          1.0
        ],
        [
          "atomStatisticalDistribution",
          []
        ]
      ],
      [
        [
          "_metadata",
          {
            "jsonVersion": 3.0,
            "className": "AtomChemicalShift",
            "classVersion": 1.0,
            "user": "luca",
            "lastPath": "undefined",
            "timestamp": "Tue Jan  9 15:18:41 2024"
          }
        ],
        [
          "atomName",
          "H102"
        ],
        [
          "atomElementName",
          ""
        ],
        [
          "atomAverageShift",
          3.126
        ],
        [
          "atomStdShift",
          null
        ],
        [
          "atomMinShift",
          3.126
        ],
        [
          "atomMaxShift",
          3.126
        ],
        [
          "atomDistributionRefValue",
          3.126
        ],
        [
          "atomDistributionValuePerPoint",
          1.0
        ],
        [
          "atomStatisticalDistribution",
          []
        ]
      ],
      [
        [
          "_metadata",
          {
            "jsonVersion": 3.0,
            "className": "AtomChemicalShift",
            "classVersion": 1.0,
            "user": "luca",
            "lastPath": "undefined",
            "timestamp": "Tue Jan  9 15:18:41 2024"
          }
        ],
        [
          "atomName",
          "H11"
        ],
        [
          "atomElementName",
          ""
        ],
        [
          "atomAverageShift",
          5.585
        ],
        [
          "atomStdShift",
          null
        ],
        [
          "atomMinShift",
          5.585
        ],
        [
          "atomMaxShift",
          5.585
        ],
        [
          "atomDistributionRefValue",
          5.585
        ],
        [
          "atomDistributionValuePerPoint",
          1.0
        ],
        [
          "atomStatisticalDistribution",
          []
        ]
      ],
      [
        [
          "_metadata",
          {
            "jsonVersion": 3.0,
            "className": "AtomChemicalShift",
            "classVersion": 1.0,
            "user": "luca",
            "lastPath": "undefined",
            "timestamp": "Tue Jan  9 15:18:41 2024"
          }
        ],
        [
          "atomName",
          "H12"
        ],
        [
          "atomElementName",
          ""
        ],
        [
          "atomAverageShift",
          4.923
        ],
        [
          "atomStdShift",
          null
        ],
        [
          "atomMinShift",
          4.923
        ],
        [
          "atomMaxShift",
          4.923
        ],
        [
          "atomDistributionRefValue",
          4.923
        ],
        [
          "atomDistributionValuePerPoint",
          1.0
        ],
        [
          "atomStatisticalDistribution",
          []
        ]
      ],
      [
        [
          "_metadata",
          {
            "jsonVersion": 3.0,
            "className": "AtomChemicalShift",
            "classVersion": 1.0,
            "user": "luca",
            "lastPath": "undefined",
            "timestamp": "Tue Jan  9 15:18:41 2024"
          }
        ],
        [
          "atomName",
          "H131"
        ],
        [
          "atomElementName",
          ""
        ],
        [
          "atomAverageShift",
          2.098
        ],
        [
          "atomStdShift",
          null
        ],
        [
          "atomMinShift",
          2.098
        ],
        [
          "atomMaxShift",
          2.098
        ],
        [
          "atomDistributionRefValue",
          2.098
        ],
        [
          "atomDistributionValuePerPoint",
          1.0
        ],
        [
          "atomStatisticalDistribution",
          []
        ]
      ],
      [
        [
          "_metadata",
          {
            "jsonVersion": 3.0,
            "className": "AtomChemicalShift",
            "classVersion": 1.0,
            "user": "luca",
            "lastPath": "undefined",
            "timestamp": "Tue Jan  9 15:18:41 2024"
          }
        ],
        [
          "atomName",
          "H132"
        ],
        [
          "atomElementName",
          ""
        ],
        [
          "atomAverageShift",
          2.318
        ],
        [
          "atomStdShift",
          null
        ],
        [
          "atomMinShift",
          2.318
        ],
        [
          "atomMaxShift",
          2.318
        ],
        [
          "atomDistributionRefValue",
          2.318
        ],
        [
          "atomDistributionValuePerPoint",
          1.0
        ],
        [
          "atomStatisticalDistribution",
          []
        ]
      ],
      [
        [
          "_metadata",
          {
            "jsonVersion": 3.0,
            "className": "AtomChemicalShift",
            "classVersion": 1.0,
            "user": "luca",
            "lastPath": "undefined",
            "timestamp": "Tue Jan  9 15:18:41 2024"
          }
        ],
        [
          "atomName",
          "H14"
        ],
        [
          "atomElementName",
          ""
        ],
        [
          "atomAverageShift",
          5.365
        ],
        [
          "atomStdShift",
          null
        ],
        [
          "atomMinShift",
          5.365
        ],
        [
          "atomMaxShift",
          5.365
        ],
        [
          "atomDistributionRefValue",
          5.365
        ],
        [
          "atomDistributionValuePerPoint",
          1.0
        ],
        [
          "atomStatisticalDistribution",
          []
        ]
      ],
      [
        [
          "_metadata",
          {
            "jsonVersion": 3.0,
            "className": "AtomChemicalShift",
            "classVersion": 1.0,
            "user": "luca",
            "lastPath": "undefined",
            "timestamp": "Tue Jan  9 15:18:41 2024"
          }
        ],
        [
          "atomName",
          "H15"
        ],
        [
          "atomElementName",
          ""
        ],
        [
          "atomAverageShift",
          5.667
        ],
        [
          "atomStdShift",
          null
        ],
        [
          "atomMinShift",
          5.667
        ],
        [
          "atomMaxShift",
          5.667
        ],
        [
          "atomDistributionRefValue",
          5.667
        ],
        [
          "atomDistributionValuePerPoint",
          1.0
        ],
        [
          "atomStatisticalDistribution",
          []
        ]
      ],
      [
        [
          "_metadata",
          {
            "jsonVersion": 3.0,
            "className": "AtomChemicalShift",
            "classVersion": 1.0,
            "user": "luca",
            "lastPath": "undefined",
            "timestamp": "Tue Jan  9 15:18:41 2024"
          }
        ],
        [
          "atomName",
          "H161"
        ],
        [
          "atomElementName",
          ""
        ],
        [
          "atomAverageShift",
          1.342
        ],
        [
          "atomStdShift",
          null
        ],
        [
          "atomMinShift",
          1.342
        ],
        [
          "atomMaxShift",
          1.342
        ],
        [
          "atomDistributionRefValue",
          1.342
        ],
        [
          "atomDistributionValuePerPoint",
          1.0
        ],
        [
          "atomStatisticalDistribution",
          []
        ]
      ],
      [
        [
          "_metadata",
          {
            "jsonVersion": 3.0,
            "className": "AtomChemicalShift",
            "classVersion": 1.0,
            "user": "luca",
            "lastPath": "undefined",
            "timestamp": "Tue Jan  9 15:18:41 2024"
          }
        ],
        [
          "atomName",
          "H162"
        ],
        [
          "atomElementName",
          ""
        ],
        [
          "atomAverageShift",
          1.787
        ],
        [
          "atomStdShift",
          null
        ],
        [
          "atomMinShift",
          1.787
        ],
        [
          "atomMaxShift",
          1.787
        ],
        [
          "atomDistributionRefValue",
          1.787
        ],
        [
          "atomDistributionValuePerPoint",
          1.0
        ],
        [
          "atomStatisticalDistribution",
          []
        ]
      ],
      [
        [
          "_metadata",
          {
            "jsonVersion": 3.0,
            "className": "AtomChemicalShift",
            "classVersion": 1.0,
            "user": "luca",
            "lastPath": "undefined",
            "timestamp": "Tue Jan  9 15:18:41 2024"
          }
        ],
        [
          "atomName",
          "H171"
        ],
        [
          "atomElementName",
          ""
        ],
        [
          "atomAverageShift",
          0.946
        ],
        [
          "atomStdShift",
          null
        ],
        [
          "atomMinShift",
          0.946
        ],
        [
          "atomMaxShift",
          0.946
        ],
        [
          "atomDistributionRefValue",
          0.946
        ],
        [
          "atomDistributionValuePerPoint",
          1.0
        ],
        [
          "atomStatisticalDistribution",
          []
        ]
      ],
      [
        [
          "_metadata",
          {
            "jsonVersion": 3.0,
            "className": "AtomChemicalShift",
            "classVersion": 1.0,
            "user": "luca",
            "lastPath": "undefined",
            "timestamp": "Tue Jan  9 15:18:41 2024"
          }
        ],
        [
          "atomName",
          "H172"
        ],
        [
          "atomElementName",
          ""
        ],
        [
          "atomAverageShift",
          1.212
        ],
        [
          "atomStdShift",
          null
        ],
        [
          "atomMinShift",
          1.212
        ],
        [
          "atomMaxShift",
          1.212
        ],
        [
          "atomDistributionRefValue",
          1.212
        ],
        [
          "atomDistributionValuePerPoint",
          1.0
        ],
        [
          "atomStatisticalDistribution",
          []
        ]
      ],
      [
        [
          "_metadata",
          {
            "jsonVersion": 3.0,
            "className": "AtomChemicalShift",
            "classVersion": 1.0,
            "user": "luca",
            "lastPath": "undefined",
            "timestamp": "Tue Jan  9 15:18:41 2024"
          }
        ],
        [
          "atomName",
          "H181"
        ],
        [
          "atomElementName",
          ""
        ],
        [
          "atomAverageShift",
          0.885
        ],
        [
          "atomStdShift",
          null
        ],
        [
          "atomMinShift",
          0.885
        ],
        [
          "atomMaxShift",
          0.885
        ],
        [
          "atomDistributionRefValue",
          0.885
        ],
        [
          "atomDistributionValuePerPoint",
          1.0
        ],
        [
          "atomStatisticalDistribution",
          []
        ]
      ],
      [
        [
          "_metadata",
          {
            "jsonVersion": 3.0,
            "className": "AtomChemicalShift",
            "classVersion": 1.0,
            "user": "luca",
            "lastPath": "undefined",
            "timestamp": "Tue Jan  9 15:18:41 2024"
          }
        ],
        [
          "atomName",
          "H182"
        ],
        [
          "atomElementName",
          ""
        ],
        [
          "atomAverageShift",
          1.161
        ],
        [
          "atomStdShift",
          null
        ],
        [
          "atomMinShift",
          1.161
        ],
        [
          "atomMaxShift",
          1.161
        ],
        [
          "atomDistributionRefValue",
          1.161
        ],
        [
          "atomDistributionValuePerPoint",
          1.0
        ],
        [
          "atomStatisticalDistribution",
          []
        ]
      ],
      [
        [
          "_metadata",
          {
            "jsonVersion": 3.0,
            "className": "AtomChemicalShift",
            "classVersion": 1.0,
            "user": "luca",
            "lastPath": "undefined",
            "timestamp": "Tue Jan  9 15:18:41 2024"
          }
        ],
        [
          "atomName",
          "H191"
        ],
        [
          "atomElementName",
          ""
        ],
        [
          "atomAverageShift",
          0.977
        ],
        [
          "atomStdShift",
          null
        ],
        [
          "atomMinShift",
          0.977
        ],
        [
          "atomMaxShift",
          0.977
        ],
        [
          "atomDistributionRefValue",
          0.977
        ],
        [
          "atomDistributionValuePerPoint",
          1.0
        ],
        [
          "atomStatisticalDistribution",
          []
        ]
      ],
      [
        [
          "_metadata",
          {
            "jsonVersion": 3.0,
            "className": "AtomChemicalShift",
            "classVersion": 1.0,
            "user": "luca",
            "lastPath": "undefined",
            "timestamp": "Tue Jan  9 15:18:41 2024"
          }
        ],
        [
          "atomName",
          "H192"
        ],
        [
          "atomElementName",
          ""
        ],
        [
          "atomAverageShift",
          1.177
        ],
        [
          "atomStdShift",
          null
        ],
        [
          "atomMinShift",
          1.177
        ],
        [
          "atomMaxShift",
          1.177
        ],
        [
          "atomDistributionRefValue",
          1.177
        ],
        [
          "atomDistributionValuePerPoint",
          1.0
        ],
        [
          "atomStatisticalDistribution",
          []
        ]
      ],
      [
        [
          "_metadata",
          {
            "jsonVersion": 3.0,
            "className": "AtomChemicalShift",
            "classVersion": 1.0,
            "user": "luca",
            "lastPath": "undefined",
            "timestamp": "Tue Jan  9 15:18:41 2024"
          }
        ],
        [
          "atomName",
          "H201"
        ],
        [
          "atomElementName",
          ""
        ],
        [
          "atomAverageShift",
          0.683
        ],
        [
          "atomStdShift",
          null
        ],
        [
          "atomMinShift",
          0.683
        ],
        [
          "atomMaxShift",
          0.683
        ],
        [
          "atomDistributionRefValue",
          0.683
        ],
        [
          "atomDistributionValuePerPoint",
          1.0
        ],
        [
          "atomStatisticalDistribution",
          []
        ]
      ],
      [
        [
          "_metadata",
          {
            "jsonVersion": 3.0,
            "className": "AtomChemicalShift",
            "classVersion": 1.0,
            "user": "luca",
            "lastPath": "undefined",
            "timestamp": "Tue Jan  9 15:18:41 2024"
          }
        ],
        [
          "atomName",
          "H202"
        ],
        [
          "atomElementName",
          ""
        ],
        [
          "atomAverageShift",
          0.683
        ],
        [
          "atomStdShift",
          null
        ],
        [
          "atomMinShift",
          0.683
        ],
        [
          "atomMaxShift",
          0.683
        ],
        [
          "atomDistributionRefValue",
          0.683
        ],
        [
          "atomDistributionValuePerPoint",
          1.0
        ],
        [
          "atomStatisticalDistribution",
          []
        ]
      ],
      [
        [
          "_metadata",
          {
            "jsonVersion": 3.0,
            "className": "AtomChemicalShift",
            "classVersion": 1.0,
            "user": "luca",
            "lastPath": "undefined",
            "timestamp": "Tue Jan  9 15:18:41 2024"
          }
        ],
        [
          "atomName",
          "H203"
        ],
        [
          "atomElementName",
          ""
        ],
        [
          "atomAverageShift",
          0.683
        ],
        [
          "atomStdShift",
          null
        ],
        [
          "atomMinShift",
          0.683
        ],
        [
          "atomMaxShift",
          0.683
        ],
        [
          "atomDistributionRefValue",
          0.683
        ],
        [
          "atomDistributionValuePerPoint",
          1.0
        ],
        [
          "atomStatisticalDistribution",
          []
        ]
      ],
      [
        [
          "_metadata",
          {
            "jsonVersion": 3.0,
            "className": "AtomChemicalShift",
            "classVersion": 1.0,
            "user": "luca",
            "lastPath": "undefined",
            "timestamp": "Tue Jan  9 15:18:41 2024"
          }
        ],
        [
          "atomName",
          "H21"
        ],
        [
          "atomElementName",
          ""
        ],
        [
          "atomAverageShift",
          2.052
        ],
        [
          "atomStdShift",
          null
        ],
        [
          "atomMinShift",
          2.052
        ],
        [
          "atomMaxShift",
          2.052
        ],
        [
          "atomDistributionRefValue",
          2.052
        ],
        [
          "atomDistributionValuePerPoint",
          1.0
        ],
        [
          "atomStatisticalDistribution",
          []
        ]
      ],
      [
        [
          "_metadata",
          {
            "jsonVersion": 3.0,
            "className": "AtomChemicalShift",
            "classVersion": 1.0,
            "user": "luca",
            "lastPath": "undefined",
            "timestamp": "Tue Jan  9 15:18:41 2024"
          }
        ],
        [
          "atomName",
          "H22"
        ],
        [
          "atomElementName",
          ""
        ],
        [
          "atomAverageShift",
          2.052
        ],
        [
          "atomStdShift",
          null
        ],
        [
          "atomMinShift",
          2.052
        ],
        [
          "atomMaxShift",
          2.052
        ],
        [
          "atomDistributionRefValue",
          2.052
        ],
        [
          "atomDistributionValuePerPoint",
          1.0
        ],
        [
          "atomStatisticalDistribution",
          []
        ]
      ],
      [
        [
          "_metadata",
          {
            "jsonVersion": 3.0,
            "className": "AtomChemicalShift",
            "classVersion": 1.0,
            "user": "luca",
            "lastPath": "undefined",
            "timestamp": "Tue Jan  9 15:18:41 2024"
          }
        ],
        [
          "atomName",
          "H31"
        ],
        [
          "atomElementName",
          ""
        ],
        [
          "atomAverageShift",
          1.198
        ],
        [
          "atomStdShift",
          null
        ],
        [
          "atomMinShift",
          1.198
        ],
        [
          "atomMaxShift",
          1.198
        ],
        [
          "atomDistributionRefValue",
          1.198
        ],
        [
          "atomDistributionValuePerPoint",
          1.0
        ],
        [
          "atomStatisticalDistribution",
          []
        ]
      ],
      [
        [
          "_metadata",
          {
            "jsonVersion": 3.0,
            "className": "AtomChemicalShift",
            "classVersion": 1.0,
            "user": "luca",
            "lastPath": "undefined",
            "timestamp": "Tue Jan  9 15:18:41 2024"
          }
        ],
        [
          "atomName",
          "H32"
        ],
        [
          "atomElementName",
          ""
        ],
        [
          "atomAverageShift",
          1.379
        ],
        [
          "atomStdShift",
          null
        ],
        [
          "atomMinShift",
          1.379
        ],
        [
          "atomMaxShift",
          1.379
        ],
        [
          "atomDistributionRefValue",
          1.379
        ],
        [
          "atomDistributionValuePerPoint",
          1.0
        ],
        [
          "atomStatisticalDistribution",
          []
        ]
      ],
      [
        [
          "_metadata",
          {
            "jsonVersion": 3.0,
            "className": "AtomChemicalShift",
            "classVersion": 1.0,
            "user": "luca",
            "lastPath": "undefined",
            "timestamp": "Tue Jan  9 15:18:41 2024"
          }
        ],
        [
          "atomName",
          "H41"
        ],
        [
          "atomElementName",
          ""
        ],
        [
          "atomAverageShift",
          1.811
        ],
        [
          "atomStdShift",
          null
        ],
        [
          "atomMinShift",
          1.811
        ],
        [
          "atomMaxShift",
          1.811
        ],
        [
          "atomDistributionRefValue",
          1.811
        ],
        [
          "atomDistributionValuePerPoint",
          1.0
        ],
        [
          "atomStatisticalDistribution",
          []
        ]
      ],
      [
        [
          "_metadata",
          {
            "jsonVersion": 3.0,
            "className": "AtomChemicalShift",
            "classVersion": 1.0,
            "user": "luca",
            "lastPath": "undefined",
            "timestamp": "Tue Jan  9 15:18:41 2024"
          }
        ],
        [
          "atomName",
          "H42"
        ],
        [
          "atomElementName",
          ""
        ],
        [
          "atomAverageShift",
          1.364
        ],
        [
          "atomStdShift",
          null
        ],
        [
          "atomMinShift",
          1.364
        ],
        [
          "atomMaxShift",
          1.364
        ],
        [
          "atomDistributionRefValue",
          1.364
        ],
        [
          "atomDistributionValuePerPoint",
          1.0
        ],
        [
          "atomStatisticalDistribution",
          []
        ]
      ],
      [
        [
          "_metadata",
          {
            "jsonVersion": 3.0,
            "className": "AtomChemicalShift",
            "classVersion": 1.0,
            "user": "luca",
            "lastPath": "undefined",
            "timestamp": "Tue Jan  9 15:18:41 2024"
          }
        ],
        [
          "atomName",
          "H5"
        ],
        [
          "atomElementName",
          ""
        ],
        [
          "atomAverageShift",
          4.998
        ],
        [
          "atomStdShift",
          null
        ],
        [
          "atomMinShift",
          4.998
        ],
        [
          "atomMaxShift",
          4.998
        ],
        [
          "atomDistributionRefValue",
          4.998
        ],
        [
          "atomDistributionValuePerPoint",
          1.0
        ],
        [
          "atomStatisticalDistribution",
          []
        ]
      ],
      [
        [
          "_metadata",
          {
            "jsonVersion": 3.0,
            "className": "AtomChemicalShift",
            "classVersion": 1.0,
            "user": "luca",
            "lastPath": "undefined",
            "timestamp": "Tue Jan  9 15:18:41 2024"
          }
        ],
        [
          "atomName",
          "H6"
        ],
        [
          "atomElementName",
          ""
        ],
        [
          "atomAverageShift",
          5.12
        ],
        [
          "atomStdShift",
          null
        ],
        [
          "atomMinShift",
          5.12
        ],
        [
          "atomMaxShift",
          5.12
        ],
        [
          "atomDistributionRefValue",
          5.12
        ],
        [
          "atomDistributionValuePerPoint",
          1.0
        ],
        [
          "atomStatisticalDistribution",
          []
        ]
      ],
      [
        [
          "_metadata",
          {
            "jsonVersion": 3.0,
            "className": "AtomChemicalShift",
            "classVersion": 1.0,
            "user": "luca",
            "lastPath": "undefined",
            "timestamp": "Tue Jan  9 15:18:41 2024"
          }
        ],
        [
          "atomName",
          "H71"
        ],
        [
          "atomElementName",
          ""
        ],
        [
          "atomAverageShift",
          2.761
        ],
        [
          "atomStdShift",
          null
        ],
        [
          "atomMinShift",
          2.761
        ],
        [
          "atomMaxShift",
          2.761
        ],
        [
          "atomDistributionRefValue",
          2.761
        ],
        [
          "atomDistributionValuePerPoint",
          1.0
        ],
        [
          "atomStatisticalDistribution",
          []
        ]
      ],
      [
        [
          "_metadata",
          {
            "jsonVersion": 3.0,
            "className": "AtomChemicalShift",
            "classVersion": 1.0,
            "user": "luca",
            "lastPath": "undefined",
            "timestamp": "Tue Jan  9 15:18:41 2024"
          }
        ],
        [
          "atomName",
          "H72"
        ],
        [
          "atomElementName",
          ""
        ],
        [
          "atomAverageShift",
          2.896
        ],
        [
          "atomStdShift",
          null
        ],
        [
          "atomMinShift",
          2.896
        ],
        [
          "atomMaxShift",
          2.896
        ],
        [
          "atomDistributionRefValue",
          2.896
        ],
        [
          "atomDistributionValuePerPoint",
          1.0
        ],
        [
          "atomStatisticalDistribution",
          []
        ]
      ],
      [
        [
          "_metadata",
          {
            "jsonVersion": 3.0,
            "className": "AtomChemicalShift",
            "classVersion": 1.0,
            "user": "luca",
            "lastPath": "undefined",
            "timestamp": "Tue Jan  9 15:18:41 2024"
          }
        ],
        [
          "atomName",
          "H8"
        ],
        [
          "atomElementName",
          ""
        ],
        [
          "atomAverageShift",
          5.38
        ],
        [
          "atomStdShift",
          null
        ],
        [
          "atomMinShift",
          5.38
        ],
        [
          "atomMaxShift",
          5.38
        ],
        [
          "atomDistributionRefValue",
          5.38
        ],
        [
          "atomDistributionValuePerPoint",
          1.0
        ],
        [
          "atomStatisticalDistribution",
          []
        ]
      ],
      [
        [
          "_metadata",
          {
            "jsonVersion": 3.0,
            "className": "AtomChemicalShift",
            "classVersion": 1.0,
            "user": "luca",
            "lastPath": "undefined",
            "timestamp": "Tue Jan  9 15:18:41 2024"
          }
        ],
        [
          "atomName",
          "H9"
        ],
        [
          "atomElementName",
          ""
        ],
        [
          "atomAverageShift",
          5.544
        ],
        [
          "atomStdShift",
          null
        ],
        [
          "atomMinShift",
          5.544
        ],
        [
          "atomMaxShift",
          5.544
        ],
        [
          "atomDistributionRefValue",
          5.544
        ],
        [
          "atomDistributionValuePerPoint",
          1.0
        ],
        [
          "atomStatisticalDistribution",
          []
        ]
      ]
    ]
  ]
]