[
  [
    "_metadata",
    {
      "jsonVersion": 3,
      "className": "ReferenceChemicalShift",
      "classVersion": 1,
      "user": "CCPN",
      "lastPath": "/Users/luca/Projects/AnalysisV3/resources/referenceChemicalShifts/NonStandard/Non-Polymer/ACE.json",
      "timestamp": "Tue Jan  9 15:18:45 2024",
      "applicationVersion": 3.2
    }
  ],
  [
    "chemicalShiftName",
    "Non-Standard Residues / Small Molecules"
  ],
  [
    "chemicalShiftComment",
    "The CCPN Analysis Version 3 ReferenceChemical shifts retrieved from BMRB"
  ],
  [
    "chemicalShiftEntryDate",
    "2023-09-14-14:25:08"
  ],
  [
    "compoundName",
    "ACETYL GROUP"
  ],
  [
    "compoundShortName",
    "ACE"
  ],
  [
    "compoundCcpCode",
    "ACE"
  ],
  [
    "compoundType",
    "Non-Polymer"
  ],
  [
    "compoundTypeClassification",
    "non-polymer"
  ],
  [
    "compoundPrecursorName",
    ""
  ],
  [
    "loadingLevel",
    0
  ],
  [
    "atoms",
    [
      [
        [
          "_metadata",
          {
            "jsonVersion": 3.0,
            "className": "AtomChemicalShift",
            "classVersion": 1.0,
            "user": "luca",
            "lastPath": "undefined",
            "timestamp": "Tue Jan  9 15:18:45 2024"
          }
        ],
        [
          "atomName",
          "C"
        ],
        [
          "atomElementName",
          ""
        ],
        [
          "atomAverageShift",
          148.757
        ],
        [
          "atomStdShift",
          61.618
        ],
        [
          "atomMinShift",
          24.123
        ],
        [
          "atomMaxShift",
          177.63
        ],
        [
          "atomDistributionRefValue",
          24.123
        ],
        [
          "atomDistributionValuePerPoint",
          1.0
        ],
        [
          "atomStatisticalDistribution",
          []
        ]
      ],
      [
        [
          "_metadata",
          {
            "jsonVersion": 3.0,
            "className": "AtomChemicalShift",
            "classVersion": 1.0,
            "user": "luca",
            "lastPath": "undefined",
            "timestamp": "Tue Jan  9 15:18:45 2024"
          }
        ],
        [
          "atomName",
          "C1"
        ],
        [
          "atomElementName",
          ""
        ],
        [
          "atomAverageShift",
          176.04
        ],
        [
          "atomStdShift",
          null
        ],
        [
          "atomMinShift",
          176.04
        ],
        [
          "atomMaxShift",
          176.04
        ],
        [
          "atomDistributionRefValue",
          176.04
        ],
        [
          "atomDistributionValuePerPoint",
          1.0
        ],
        [
          "atomStatisticalDistribution",
          []
        ]
      ],
      [
        [
          "_metadata",
          {
            "jsonVersion": 3.0,
            "className": "AtomChemicalShift",
            "classVersion": 1.0,
            "user": "luca",
            "lastPath": "undefined",
            "timestamp": "Tue Jan  9 15:18:45 2024"
          }
        ],
        [
          "atomName",
          "C2"
        ],
        [
          "atomElementName",
          ""
        ],
        [
          "atomAverageShift",
          23.87
        ],
        [
          "atomStdShift",
          null
        ],
        [
          "atomMinShift",
          23.87
        ],
        [
          "atomMaxShift",
          23.87
        ],
        [
          "atomDistributionRefValue",
          23.87
        ],
        [
          "atomDistributionValuePerPoint",
          1.0
        ],
        [
          "atomStatisticalDistribution",
          []
        ]
      ],
      [
        [
          "_metadata",
          {
            "jsonVersion": 3.0,
            "className": "AtomChemicalShift",
            "classVersion": 1.0,
            "user": "luca",
            "lastPath": "undefined",
            "timestamp": "Tue Jan  9 15:18:45 2024"
          }
        ],
        [
          "atomName",
          "CH3"
        ],
        [
          "atomElementName",
          ""
        ],
        [
          "atomAverageShift",
          26.018
        ],
        [
          "atomStdShift",
          7.82
        ],
        [
          "atomMinShift",
          21.444
        ],
        [
          "atomMaxShift",
          69.68
        ],
        [
          "atomDistributionRefValue",
          21.444
        ],
        [
          "atomDistributionValuePerPoint",
          1.0
        ],
        [
          "atomStatisticalDistribution",
          []
        ]
      ],
      [
        [
          "_metadata",
          {
            "jsonVersion": 3.0,
            "className": "AtomChemicalShift",
            "classVersion": 1.0,
            "user": "luca",
            "lastPath": "undefined",
            "timestamp": "Tue Jan  9 15:18:45 2024"
          }
        ],
        [
          "atomName",
          "CM"
        ],
        [
          "atomElementName",
          ""
        ],
        [
          "atomAverageShift",
          24.2
        ],
        [
          "atomStdShift",
          null
        ],
        [
          "atomMinShift",
          24.2
        ],
        [
          "atomMaxShift",
          24.2
        ],
        [
          "atomDistributionRefValue",
          24.2
        ],
        [
          "atomDistributionValuePerPoint",
          1.0
        ],
        [
          "atomStatisticalDistribution",
          []
        ]
      ],
      [
        [
          "_metadata",
          {
            "jsonVersion": 3.0,
            "className": "AtomChemicalShift",
            "classVersion": 1.0,
            "user": "luca",
            "lastPath": "undefined",
            "timestamp": "Tue Jan  9 15:18:45 2024"
          }
        ],
        [
          "atomName",
          "H"
        ],
        [
          "atomElementName",
          ""
        ],
        [
          "atomAverageShift",
          2.058
        ],
        [
          "atomStdShift",
          0.035
        ],
        [
          "atomMinShift",
          1.98
        ],
        [
          "atomMaxShift",
          2.077
        ],
        [
          "atomDistributionRefValue",
          1.98
        ],
        [
          "atomDistributionValuePerPoint",
          1.0
        ],
        [
          "atomStatisticalDistribution",
          []
        ]
      ],
      [
        [
          "_metadata",
          {
            "jsonVersion": 3.0,
            "className": "AtomChemicalShift",
            "classVersion": 1.0,
            "user": "luca",
            "lastPath": "undefined",
            "timestamp": "Tue Jan  9 15:18:45 2024"
          }
        ],
        [
          "atomName",
          "H1"
        ],
        [
          "atomElementName",
          ""
        ],
        [
          "atomAverageShift",
          2.078
        ],
        [
          "atomStdShift",
          0.222
        ],
        [
          "atomMinShift",
          1.776
        ],
        [
          "atomMaxShift",
          3.58
        ],
        [
          "atomDistributionRefValue",
          1.776
        ],
        [
          "atomDistributionValuePerPoint",
          1.0
        ],
        [
          "atomStatisticalDistribution",
          []
        ]
      ],
      [
        [
          "_metadata",
          {
            "jsonVersion": 3.0,
            "className": "AtomChemicalShift",
            "classVersion": 1.0,
            "user": "luca",
            "lastPath": "undefined",
            "timestamp": "Tue Jan  9 15:18:45 2024"
          }
        ],
        [
          "atomName",
          "H2"
        ],
        [
          "atomElementName",
          ""
        ],
        [
          "atomAverageShift",
          2.073
        ],
        [
          "atomStdShift",
          0.231
        ],
        [
          "atomMinShift",
          1.776
        ],
        [
          "atomMaxShift",
          3.58
        ],
        [
          "atomDistributionRefValue",
          1.776
        ],
        [
          "atomDistributionValuePerPoint",
          1.0
        ],
        [
          "atomStatisticalDistribution",
          []
        ]
      ],
      [
        [
          "_metadata",
          {
            "jsonVersion": 3.0,
            "className": "AtomChemicalShift",
            "classVersion": 1.0,
            "user": "luca",
            "lastPath": "undefined",
            "timestamp": "Tue Jan  9 15:18:45 2024"
          }
        ],
        [
          "atomName",
          "H21"
        ],
        [
          "atomElementName",
          ""
        ],
        [
          "atomAverageShift",
          2.053
        ],
        [
          "atomStdShift",
          0.006
        ],
        [
          "atomMinShift",
          2.05
        ],
        [
          "atomMaxShift",
          2.06
        ],
        [
          "atomDistributionRefValue",
          2.05
        ],
        [
          "atomDistributionValuePerPoint",
          1.0
        ],
        [
          "atomStatisticalDistribution",
          []
        ]
      ],
      [
        [
          "_metadata",
          {
            "jsonVersion": 3.0,
            "className": "AtomChemicalShift",
            "classVersion": 1.0,
            "user": "luca",
            "lastPath": "undefined",
            "timestamp": "Tue Jan  9 15:18:45 2024"
          }
        ],
        [
          "atomName",
          "H22"
        ],
        [
          "atomElementName",
          ""
        ],
        [
          "atomAverageShift",
          2.05
        ],
        [
          "atomStdShift",
          0.0
        ],
        [
          "atomMinShift",
          2.05
        ],
        [
          "atomMaxShift",
          2.05
        ],
        [
          "atomDistributionRefValue",
          2.05
        ],
        [
          "atomDistributionValuePerPoint",
          1.0
        ],
        [
          "atomStatisticalDistribution",
          []
        ]
      ],
      [
        [
          "_metadata",
          {
            "jsonVersion": 3.0,
            "className": "AtomChemicalShift",
            "classVersion": 1.0,
            "user": "luca",
            "lastPath": "undefined",
            "timestamp": "Tue Jan  9 15:18:45 2024"
          }
        ],
        [
          "atomName",
          "H23"
        ],
        [
          "atomElementName",
          ""
        ],
        [
          "atomAverageShift",
          2.05
        ],
        [
          "atomStdShift",
          0.0
        ],
        [
          "atomMinShift",
          2.05
        ],
        [
          "atomMaxShift",
          2.05
        ],
        [
          "atomDistributionRefValue",
          2.05
        ],
        [
          "atomDistributionValuePerPoint",
          1.0
        ],
        [
          "atomStatisticalDistribution",
          []
        ]
      ],
      [
        [
          "_metadata",
          {
            "jsonVersion": 3.0,
            "className": "AtomChemicalShift",
            "classVersion": 1.0,
            "user": "luca",
            "lastPath": "undefined",
            "timestamp": "Tue Jan  9 15:18:45 2024"
          }
        ],
        [
          "atomName",
          "H3"
        ],
        [
          "atomElementName",
          ""
        ],
        [
          "atomAverageShift",
          2.061
        ],
        [
          "atomStdShift",
          0.188
        ],
        [
          "atomMinShift",
          1.776
        ],
        [
          "atomMaxShift",
          3.58
        ],
        [
          "atomDistributionRefValue",
          1.776
        ],
        [
          "atomDistributionValuePerPoint",
          1.0
        ],
        [
          "atomStatisticalDistribution",
          []
        ]
      ],
      [
        [
          "_metadata",
          {
            "jsonVersion": 3.0,
            "className": "AtomChemicalShift",
            "classVersion": 1.0,
            "user": "luca",
            "lastPath": "undefined",
            "timestamp": "Tue Jan  9 15:18:45 2024"
          }
        ],
        [
          "atomName",
          "HA"
        ],
        [
          "atomElementName",
          ""
        ],
        [
          "atomAverageShift",
          2.362
        ],
        [
          "atomStdShift",
          null
        ],
        [
          "atomMinShift",
          2.362
        ],
        [
          "atomMaxShift",
          2.362
        ],
        [
          "atomDistributionRefValue",
          2.362
        ],
        [
          "atomDistributionValuePerPoint",
          1.0
        ],
        [
          "atomStatisticalDistribution",
          []
        ]
      ],
      [
        [
          "_metadata",
          {
            "jsonVersion": 3.0,
            "className": "AtomChemicalShift",
            "classVersion": 1.0,
            "user": "luca",
            "lastPath": "undefined",
            "timestamp": "Tue Jan  9 15:18:45 2024"
          }
        ],
        [
          "atomName",
          "QA"
        ],
        [
          "atomElementName",
          ""
        ],
        [
          "atomAverageShift",
          1.981
        ],
        [
          "atomStdShift",
          null
        ],
        [
          "atomMinShift",
          1.981
        ],
        [
          "atomMaxShift",
          1.981
        ],
        [
          "atomDistributionRefValue",
          1.981
        ],
        [
          "atomDistributionValuePerPoint",
          1.0
        ],
        [
          "atomStatisticalDistribution",
          []
        ]
      ]
    ]
  ]
]