[
  [
    "_metadata",
    {
      "jsonVersion": 3,
      "className": "ReferenceChemicalShift",
      "classVersion": 1,
      "user": "CCPN",
      "lastPath": "/Users/luca/Projects/AnalysisV3/resources/referenceChemicalShifts/NonStandard/Non-Polymer/AFN.json",
      "timestamp": "Tue Jan  9 15:18:44 2024",
      "applicationVersion": 3.2
    }
  ],
  [
    "chemicalShiftName",
    "Non-Standard Residues / Small Molecules"
  ],
  [
    "chemicalShiftComment",
    "The CCPN Analysis Version 3 ReferenceChemical shifts retrieved from BMRB"
  ],
  [
    "chemicalShiftEntryDate",
    "2023-09-14-14:25:08"
  ],
  [
    "compoundName",
    "8,9-DIHYDRO-9-HYDROXY-AFLATOXIN B1"
  ],
  [
    "compoundShortName",
    "AFN"
  ],
  [
    "compoundCcpCode",
    "AFN"
  ],
  [
    "compoundType",
    "Non-Polymer"
  ],
  [
    "compoundTypeClassification",
    "non-polymer"
  ],
  [
    "compoundPrecursorName",
    ""
  ],
  [
    "loadingLevel",
    0
  ],
  [
    "atoms",
    [
      [
        [
          "_metadata",
          {
            "jsonVersion": 3.0,
            "className": "AtomChemicalShift",
            "classVersion": 1.0,
            "user": "luca",
            "lastPath": "undefined",
            "timestamp": "Tue Jan  9 15:18:44 2024"
          }
        ],
        [
          "atomName",
          "H2A1"
        ],
        [
          "atomElementName",
          ""
        ],
        [
          "atomAverageShift",
          1.59
        ],
        [
          "atomStdShift",
          null
        ],
        [
          "atomMinShift",
          1.59
        ],
        [
          "atomMaxShift",
          1.59
        ],
        [
          "atomDistributionRefValue",
          1.59
        ],
        [
          "atomDistributionValuePerPoint",
          1.0
        ],
        [
          "atomStatisticalDistribution",
          []
        ]
      ],
      [
        [
          "_metadata",
          {
            "jsonVersion": 3.0,
            "className": "AtomChemicalShift",
            "classVersion": 1.0,
            "user": "luca",
            "lastPath": "undefined",
            "timestamp": "Tue Jan  9 15:18:44 2024"
          }
        ],
        [
          "atomName",
          "H2A2"
        ],
        [
          "atomElementName",
          ""
        ],
        [
          "atomAverageShift",
          2.05
        ],
        [
          "atomStdShift",
          null
        ],
        [
          "atomMinShift",
          2.05
        ],
        [
          "atomMaxShift",
          2.05
        ],
        [
          "atomDistributionRefValue",
          2.05
        ],
        [
          "atomDistributionValuePerPoint",
          1.0
        ],
        [
          "atomStatisticalDistribution",
          []
        ]
      ],
      [
        [
          "_metadata",
          {
            "jsonVersion": 3.0,
            "className": "AtomChemicalShift",
            "classVersion": 1.0,
            "user": "luca",
            "lastPath": "undefined",
            "timestamp": "Tue Jan  9 15:18:44 2024"
          }
        ],
        [
          "atomName",
          "H31"
        ],
        [
          "atomElementName",
          ""
        ],
        [
          "atomAverageShift",
          2.33
        ],
        [
          "atomStdShift",
          null
        ],
        [
          "atomMinShift",
          2.33
        ],
        [
          "atomMaxShift",
          2.33
        ],
        [
          "atomDistributionRefValue",
          2.33
        ],
        [
          "atomDistributionValuePerPoint",
          1.0
        ],
        [
          "atomStatisticalDistribution",
          []
        ]
      ],
      [
        [
          "_metadata",
          {
            "jsonVersion": 3.0,
            "className": "AtomChemicalShift",
            "classVersion": 1.0,
            "user": "luca",
            "lastPath": "undefined",
            "timestamp": "Tue Jan  9 15:18:44 2024"
          }
        ],
        [
          "atomName",
          "H32"
        ],
        [
          "atomElementName",
          ""
        ],
        [
          "atomAverageShift",
          2.45
        ],
        [
          "atomStdShift",
          null
        ],
        [
          "atomMinShift",
          2.45
        ],
        [
          "atomMaxShift",
          2.45
        ],
        [
          "atomDistributionRefValue",
          2.45
        ],
        [
          "atomDistributionValuePerPoint",
          1.0
        ],
        [
          "atomStatisticalDistribution",
          []
        ]
      ],
      [
        [
          "_metadata",
          {
            "jsonVersion": 3.0,
            "className": "AtomChemicalShift",
            "classVersion": 1.0,
            "user": "luca",
            "lastPath": "undefined",
            "timestamp": "Tue Jan  9 15:18:44 2024"
          }
        ],
        [
          "atomName",
          "H5B"
        ],
        [
          "atomElementName",
          ""
        ],
        [
          "atomAverageShift",
          6.06
        ],
        [
          "atomStdShift",
          null
        ],
        [
          "atomMinShift",
          6.06
        ],
        [
          "atomMaxShift",
          6.06
        ],
        [
          "atomDistributionRefValue",
          6.06
        ],
        [
          "atomDistributionValuePerPoint",
          1.0
        ],
        [
          "atomStatisticalDistribution",
          []
        ]
      ],
      [
        [
          "_metadata",
          {
            "jsonVersion": 3.0,
            "className": "AtomChemicalShift",
            "classVersion": 1.0,
            "user": "luca",
            "lastPath": "undefined",
            "timestamp": "Tue Jan  9 15:18:44 2024"
          }
        ],
        [
          "atomName",
          "H6A"
        ],
        [
          "atomElementName",
          ""
        ],
        [
          "atomAverageShift",
          6.63
        ],
        [
          "atomStdShift",
          null
        ],
        [
          "atomMinShift",
          6.63
        ],
        [
          "atomMaxShift",
          6.63
        ],
        [
          "atomDistributionRefValue",
          6.63
        ],
        [
          "atomDistributionValuePerPoint",
          1.0
        ],
        [
          "atomStatisticalDistribution",
          []
        ]
      ],
      [
        [
          "_metadata",
          {
            "jsonVersion": 3.0,
            "className": "AtomChemicalShift",
            "classVersion": 1.0,
            "user": "luca",
            "lastPath": "undefined",
            "timestamp": "Tue Jan  9 15:18:44 2024"
          }
        ],
        [
          "atomName",
          "H8A"
        ],
        [
          "atomElementName",
          ""
        ],
        [
          "atomAverageShift",
          6.26
        ],
        [
          "atomStdShift",
          null
        ],
        [
          "atomMinShift",
          6.26
        ],
        [
          "atomMaxShift",
          6.26
        ],
        [
          "atomDistributionRefValue",
          6.26
        ],
        [
          "atomDistributionValuePerPoint",
          1.0
        ],
        [
          "atomStatisticalDistribution",
          []
        ]
      ],
      [
        [
          "_metadata",
          {
            "jsonVersion": 3.0,
            "className": "AtomChemicalShift",
            "classVersion": 1.0,
            "user": "luca",
            "lastPath": "undefined",
            "timestamp": "Tue Jan  9 15:18:44 2024"
          }
        ],
        [
          "atomName",
          "H9"
        ],
        [
          "atomElementName",
          ""
        ],
        [
          "atomAverageShift",
          5.91
        ],
        [
          "atomStdShift",
          null
        ],
        [
          "atomMinShift",
          5.91
        ],
        [
          "atomMaxShift",
          5.91
        ],
        [
          "atomDistributionRefValue",
          5.91
        ],
        [
          "atomDistributionValuePerPoint",
          1.0
        ],
        [
          "atomStatisticalDistribution",
          []
        ]
      ],
      [
        [
          "_metadata",
          {
            "jsonVersion": 3.0,
            "className": "AtomChemicalShift",
            "classVersion": 1.0,
            "user": "luca",
            "lastPath": "undefined",
            "timestamp": "Tue Jan  9 15:18:44 2024"
          }
        ],
        [
          "atomName",
          "H9A"
        ],
        [
          "atomElementName",
          ""
        ],
        [
          "atomAverageShift",
          3.93
        ],
        [
          "atomStdShift",
          null
        ],
        [
          "atomMinShift",
          3.93
        ],
        [
          "atomMaxShift",
          3.93
        ],
        [
          "atomDistributionRefValue",
          3.93
        ],
        [
          "atomDistributionValuePerPoint",
          1.0
        ],
        [
          "atomStatisticalDistribution",
          []
        ]
      ],
      [
        [
          "_metadata",
          {
            "jsonVersion": 3.0,
            "className": "AtomChemicalShift",
            "classVersion": 1.0,
            "user": "luca",
            "lastPath": "undefined",
            "timestamp": "Tue Jan  9 15:18:44 2024"
          }
        ],
        [
          "atomName",
          "HM1"
        ],
        [
          "atomElementName",
          ""
        ],
        [
          "atomAverageShift",
          3.63
        ],
        [
          "atomStdShift",
          null
        ],
        [
          "atomMinShift",
          3.63
        ],
        [
          "atomMaxShift",
          3.63
        ],
        [
          "atomDistributionRefValue",
          3.63
        ],
        [
          "atomDistributionValuePerPoint",
          1.0
        ],
        [
          "atomStatisticalDistribution",
          []
        ]
      ],
      [
        [
          "_metadata",
          {
            "jsonVersion": 3.0,
            "className": "AtomChemicalShift",
            "classVersion": 1.0,
            "user": "luca",
            "lastPath": "undefined",
            "timestamp": "Tue Jan  9 15:18:44 2024"
          }
        ],
        [
          "atomName",
          "HM2"
        ],
        [
          "atomElementName",
          ""
        ],
        [
          "atomAverageShift",
          3.63
        ],
        [
          "atomStdShift",
          null
        ],
        [
          "atomMinShift",
          3.63
        ],
        [
          "atomMaxShift",
          3.63
        ],
        [
          "atomDistributionRefValue",
          3.63
        ],
        [
          "atomDistributionValuePerPoint",
          1.0
        ],
        [
          "atomStatisticalDistribution",
          []
        ]
      ],
      [
        [
          "_metadata",
          {
            "jsonVersion": 3.0,
            "className": "AtomChemicalShift",
            "classVersion": 1.0,
            "user": "luca",
            "lastPath": "undefined",
            "timestamp": "Tue Jan  9 15:18:44 2024"
          }
        ],
        [
          "atomName",
          "HM3"
        ],
        [
          "atomElementName",
          ""
        ],
        [
          "atomAverageShift",
          3.63
        ],
        [
          "atomStdShift",
          null
        ],
        [
          "atomMinShift",
          3.63
        ],
        [
          "atomMaxShift",
          3.63
        ],
        [
          "atomDistributionRefValue",
          3.63
        ],
        [
          "atomDistributionValuePerPoint",
          1.0
        ],
        [
          "atomStatisticalDistribution",
          []
        ]
      ]
    ]
  ]
]