[
  [
    "_metadata",
    {
      "jsonVersion": 3,
      "className": "ReferenceChemicalShift",
      "classVersion": 1,
      "user": "CCPN",
      "lastPath": "/Users/luca/Projects/AnalysisV3/resources/referenceChemicalShifts/NonStandard/Non-Polymer/AUZ.json",
      "timestamp": "Tue Jan  9 15:18:17 2024",
      "applicationVersion": 3.2
    }
  ],
  [
    "chemicalShiftName",
    "Non-Standard Residues / Small Molecules"
  ],
  [
    "chemicalShiftComment",
    "The CCPN Analysis Version 3 ReferenceChemical shifts retrieved from BMRB"
  ],
  [
    "chemicalShiftEntryDate",
    "2023-09-14-14:25:08"
  ],
  [
    "compoundName",
    "bis(m2-Oxo)-bis(2-methyl-2,2'-bipyridine)-di-gold(iii)"
  ],
  [
    "compoundShortName",
    "AUZ"
  ],
  [
    "compoundCcpCode",
    "AUZ"
  ],
  [
    "compoundType",
    "Non-Polymer"
  ],
  [
    "compoundTypeClassification",
    "non-polymer"
  ],
  [
    "compoundPrecursorName",
    ""
  ],
  [
    "loadingLevel",
    0
  ],
  [
    "atoms",
    [
      [
        [
          "_metadata",
          {
            "jsonVersion": 3.0,
            "className": "AtomChemicalShift",
            "classVersion": 1.0,
            "user": "luca",
            "lastPath": "undefined",
            "timestamp": "Tue Jan  9 15:18:17 2024"
          }
        ],
        [
          "atomName",
          "H21"
        ],
        [
          "atomElementName",
          ""
        ],
        [
          "atomAverageShift",
          6.99
        ],
        [
          "atomStdShift",
          null
        ],
        [
          "atomMinShift",
          6.99
        ],
        [
          "atomMaxShift",
          6.99
        ],
        [
          "atomDistributionRefValue",
          6.99
        ],
        [
          "atomDistributionValuePerPoint",
          1.0
        ],
        [
          "atomStatisticalDistribution",
          []
        ]
      ],
      [
        [
          "_metadata",
          {
            "jsonVersion": 3.0,
            "className": "AtomChemicalShift",
            "classVersion": 1.0,
            "user": "luca",
            "lastPath": "undefined",
            "timestamp": "Tue Jan  9 15:18:17 2024"
          }
        ],
        [
          "atomName",
          "H22"
        ],
        [
          "atomElementName",
          ""
        ],
        [
          "atomAverageShift",
          7.0
        ],
        [
          "atomStdShift",
          null
        ],
        [
          "atomMinShift",
          7.0
        ],
        [
          "atomMaxShift",
          7.0
        ],
        [
          "atomDistributionRefValue",
          7.0
        ],
        [
          "atomDistributionValuePerPoint",
          1.0
        ],
        [
          "atomStatisticalDistribution",
          []
        ]
      ],
      [
        [
          "_metadata",
          {
            "jsonVersion": 3.0,
            "className": "AtomChemicalShift",
            "classVersion": 1.0,
            "user": "luca",
            "lastPath": "undefined",
            "timestamp": "Tue Jan  9 15:18:17 2024"
          }
        ],
        [
          "atomName",
          "H23"
        ],
        [
          "atomElementName",
          ""
        ],
        [
          "atomAverageShift",
          7.0
        ],
        [
          "atomStdShift",
          null
        ],
        [
          "atomMinShift",
          7.0
        ],
        [
          "atomMaxShift",
          7.0
        ],
        [
          "atomDistributionRefValue",
          7.0
        ],
        [
          "atomDistributionValuePerPoint",
          1.0
        ],
        [
          "atomStatisticalDistribution",
          []
        ]
      ],
      [
        [
          "_metadata",
          {
            "jsonVersion": 3.0,
            "className": "AtomChemicalShift",
            "classVersion": 1.0,
            "user": "luca",
            "lastPath": "undefined",
            "timestamp": "Tue Jan  9 15:18:17 2024"
          }
        ],
        [
          "atomName",
          "H24"
        ],
        [
          "atomElementName",
          ""
        ],
        [
          "atomAverageShift",
          6.99
        ],
        [
          "atomStdShift",
          null
        ],
        [
          "atomMinShift",
          6.99
        ],
        [
          "atomMaxShift",
          6.99
        ],
        [
          "atomDistributionRefValue",
          6.99
        ],
        [
          "atomDistributionValuePerPoint",
          1.0
        ],
        [
          "atomStatisticalDistribution",
          []
        ]
      ],
      [
        [
          "_metadata",
          {
            "jsonVersion": 3.0,
            "className": "AtomChemicalShift",
            "classVersion": 1.0,
            "user": "luca",
            "lastPath": "undefined",
            "timestamp": "Tue Jan  9 15:18:17 2024"
          }
        ],
        [
          "atomName",
          "H31"
        ],
        [
          "atomElementName",
          ""
        ],
        [
          "atomAverageShift",
          8.01
        ],
        [
          "atomStdShift",
          null
        ],
        [
          "atomMinShift",
          8.01
        ],
        [
          "atomMaxShift",
          8.01
        ],
        [
          "atomDistributionRefValue",
          8.01
        ],
        [
          "atomDistributionValuePerPoint",
          1.0
        ],
        [
          "atomStatisticalDistribution",
          []
        ]
      ],
      [
        [
          "_metadata",
          {
            "jsonVersion": 3.0,
            "className": "AtomChemicalShift",
            "classVersion": 1.0,
            "user": "luca",
            "lastPath": "undefined",
            "timestamp": "Tue Jan  9 15:18:17 2024"
          }
        ],
        [
          "atomName",
          "H32"
        ],
        [
          "atomElementName",
          ""
        ],
        [
          "atomAverageShift",
          7.91
        ],
        [
          "atomStdShift",
          null
        ],
        [
          "atomMinShift",
          7.91
        ],
        [
          "atomMaxShift",
          7.91
        ],
        [
          "atomDistributionRefValue",
          7.91
        ],
        [
          "atomDistributionValuePerPoint",
          1.0
        ],
        [
          "atomStatisticalDistribution",
          []
        ]
      ],
      [
        [
          "_metadata",
          {
            "jsonVersion": 3.0,
            "className": "AtomChemicalShift",
            "classVersion": 1.0,
            "user": "luca",
            "lastPath": "undefined",
            "timestamp": "Tue Jan  9 15:18:17 2024"
          }
        ],
        [
          "atomName",
          "H33"
        ],
        [
          "atomElementName",
          ""
        ],
        [
          "atomAverageShift",
          7.91
        ],
        [
          "atomStdShift",
          null
        ],
        [
          "atomMinShift",
          7.91
        ],
        [
          "atomMaxShift",
          7.91
        ],
        [
          "atomDistributionRefValue",
          7.91
        ],
        [
          "atomDistributionValuePerPoint",
          1.0
        ],
        [
          "atomStatisticalDistribution",
          []
        ]
      ],
      [
        [
          "_metadata",
          {
            "jsonVersion": 3.0,
            "className": "AtomChemicalShift",
            "classVersion": 1.0,
            "user": "luca",
            "lastPath": "undefined",
            "timestamp": "Tue Jan  9 15:18:17 2024"
          }
        ],
        [
          "atomName",
          "H34"
        ],
        [
          "atomElementName",
          ""
        ],
        [
          "atomAverageShift",
          8.01
        ],
        [
          "atomStdShift",
          null
        ],
        [
          "atomMinShift",
          8.01
        ],
        [
          "atomMaxShift",
          8.01
        ],
        [
          "atomDistributionRefValue",
          8.01
        ],
        [
          "atomDistributionValuePerPoint",
          1.0
        ],
        [
          "atomStatisticalDistribution",
          []
        ]
      ],
      [
        [
          "_metadata",
          {
            "jsonVersion": 3.0,
            "className": "AtomChemicalShift",
            "classVersion": 1.0,
            "user": "luca",
            "lastPath": "undefined",
            "timestamp": "Tue Jan  9 15:18:17 2024"
          }
        ],
        [
          "atomName",
          "H41"
        ],
        [
          "atomElementName",
          ""
        ],
        [
          "atomAverageShift",
          7.83
        ],
        [
          "atomStdShift",
          null
        ],
        [
          "atomMinShift",
          7.83
        ],
        [
          "atomMaxShift",
          7.83
        ],
        [
          "atomDistributionRefValue",
          7.83
        ],
        [
          "atomDistributionValuePerPoint",
          1.0
        ],
        [
          "atomStatisticalDistribution",
          []
        ]
      ],
      [
        [
          "_metadata",
          {
            "jsonVersion": 3.0,
            "className": "AtomChemicalShift",
            "classVersion": 1.0,
            "user": "luca",
            "lastPath": "undefined",
            "timestamp": "Tue Jan  9 15:18:17 2024"
          }
        ],
        [
          "atomName",
          "H42"
        ],
        [
          "atomElementName",
          ""
        ],
        [
          "atomAverageShift",
          7.83
        ],
        [
          "atomStdShift",
          null
        ],
        [
          "atomMinShift",
          7.83
        ],
        [
          "atomMaxShift",
          7.83
        ],
        [
          "atomDistributionRefValue",
          7.83
        ],
        [
          "atomDistributionValuePerPoint",
          1.0
        ],
        [
          "atomStatisticalDistribution",
          []
        ]
      ],
      [
        [
          "_metadata",
          {
            "jsonVersion": 3.0,
            "className": "AtomChemicalShift",
            "classVersion": 1.0,
            "user": "luca",
            "lastPath": "undefined",
            "timestamp": "Tue Jan  9 15:18:17 2024"
          }
        ],
        [
          "atomName",
          "H43"
        ],
        [
          "atomElementName",
          ""
        ],
        [
          "atomAverageShift",
          7.83
        ],
        [
          "atomStdShift",
          null
        ],
        [
          "atomMinShift",
          7.83
        ],
        [
          "atomMaxShift",
          7.83
        ],
        [
          "atomDistributionRefValue",
          7.83
        ],
        [
          "atomDistributionValuePerPoint",
          1.0
        ],
        [
          "atomStatisticalDistribution",
          []
        ]
      ],
      [
        [
          "_metadata",
          {
            "jsonVersion": 3.0,
            "className": "AtomChemicalShift",
            "classVersion": 1.0,
            "user": "luca",
            "lastPath": "undefined",
            "timestamp": "Tue Jan  9 15:18:17 2024"
          }
        ],
        [
          "atomName",
          "H44"
        ],
        [
          "atomElementName",
          ""
        ],
        [
          "atomAverageShift",
          7.83
        ],
        [
          "atomStdShift",
          null
        ],
        [
          "atomMinShift",
          7.83
        ],
        [
          "atomMaxShift",
          7.83
        ],
        [
          "atomDistributionRefValue",
          7.83
        ],
        [
          "atomDistributionValuePerPoint",
          1.0
        ],
        [
          "atomStatisticalDistribution",
          []
        ]
      ],
      [
        [
          "_metadata",
          {
            "jsonVersion": 3.0,
            "className": "AtomChemicalShift",
            "classVersion": 1.0,
            "user": "luca",
            "lastPath": "undefined",
            "timestamp": "Tue Jan  9 15:18:17 2024"
          }
        ],
        [
          "atomName",
          "H611"
        ],
        [
          "atomElementName",
          ""
        ],
        [
          "atomAverageShift",
          1.94
        ],
        [
          "atomStdShift",
          null
        ],
        [
          "atomMinShift",
          1.94
        ],
        [
          "atomMaxShift",
          1.94
        ],
        [
          "atomDistributionRefValue",
          1.94
        ],
        [
          "atomDistributionValuePerPoint",
          1.0
        ],
        [
          "atomStatisticalDistribution",
          []
        ]
      ],
      [
        [
          "_metadata",
          {
            "jsonVersion": 3.0,
            "className": "AtomChemicalShift",
            "classVersion": 1.0,
            "user": "luca",
            "lastPath": "undefined",
            "timestamp": "Tue Jan  9 15:18:17 2024"
          }
        ],
        [
          "atomName",
          "H612"
        ],
        [
          "atomElementName",
          ""
        ],
        [
          "atomAverageShift",
          1.94
        ],
        [
          "atomStdShift",
          null
        ],
        [
          "atomMinShift",
          1.94
        ],
        [
          "atomMaxShift",
          1.94
        ],
        [
          "atomDistributionRefValue",
          1.94
        ],
        [
          "atomDistributionValuePerPoint",
          1.0
        ],
        [
          "atomStatisticalDistribution",
          []
        ]
      ],
      [
        [
          "_metadata",
          {
            "jsonVersion": 3.0,
            "className": "AtomChemicalShift",
            "classVersion": 1.0,
            "user": "luca",
            "lastPath": "undefined",
            "timestamp": "Tue Jan  9 15:18:17 2024"
          }
        ],
        [
          "atomName",
          "H613"
        ],
        [
          "atomElementName",
          ""
        ],
        [
          "atomAverageShift",
          1.94
        ],
        [
          "atomStdShift",
          null
        ],
        [
          "atomMinShift",
          1.94
        ],
        [
          "atomMaxShift",
          1.94
        ],
        [
          "atomDistributionRefValue",
          1.94
        ],
        [
          "atomDistributionValuePerPoint",
          1.0
        ],
        [
          "atomStatisticalDistribution",
          []
        ]
      ],
      [
        [
          "_metadata",
          {
            "jsonVersion": 3.0,
            "className": "AtomChemicalShift",
            "classVersion": 1.0,
            "user": "luca",
            "lastPath": "undefined",
            "timestamp": "Tue Jan  9 15:18:17 2024"
          }
        ],
        [
          "atomName",
          "H621"
        ],
        [
          "atomElementName",
          ""
        ],
        [
          "atomAverageShift",
          2.2
        ],
        [
          "atomStdShift",
          null
        ],
        [
          "atomMinShift",
          2.2
        ],
        [
          "atomMaxShift",
          2.2
        ],
        [
          "atomDistributionRefValue",
          2.2
        ],
        [
          "atomDistributionValuePerPoint",
          1.0
        ],
        [
          "atomStatisticalDistribution",
          []
        ]
      ],
      [
        [
          "_metadata",
          {
            "jsonVersion": 3.0,
            "className": "AtomChemicalShift",
            "classVersion": 1.0,
            "user": "luca",
            "lastPath": "undefined",
            "timestamp": "Tue Jan  9 15:18:17 2024"
          }
        ],
        [
          "atomName",
          "H622"
        ],
        [
          "atomElementName",
          ""
        ],
        [
          "atomAverageShift",
          2.2
        ],
        [
          "atomStdShift",
          null
        ],
        [
          "atomMinShift",
          2.2
        ],
        [
          "atomMaxShift",
          2.2
        ],
        [
          "atomDistributionRefValue",
          2.2
        ],
        [
          "atomDistributionValuePerPoint",
          1.0
        ],
        [
          "atomStatisticalDistribution",
          []
        ]
      ],
      [
        [
          "_metadata",
          {
            "jsonVersion": 3.0,
            "className": "AtomChemicalShift",
            "classVersion": 1.0,
            "user": "luca",
            "lastPath": "undefined",
            "timestamp": "Tue Jan  9 15:18:17 2024"
          }
        ],
        [
          "atomName",
          "H623"
        ],
        [
          "atomElementName",
          ""
        ],
        [
          "atomAverageShift",
          2.2
        ],
        [
          "atomStdShift",
          null
        ],
        [
          "atomMinShift",
          2.2
        ],
        [
          "atomMaxShift",
          2.2
        ],
        [
          "atomDistributionRefValue",
          2.2
        ],
        [
          "atomDistributionValuePerPoint",
          1.0
        ],
        [
          "atomStatisticalDistribution",
          []
        ]
      ],
      [
        [
          "_metadata",
          {
            "jsonVersion": 3.0,
            "className": "AtomChemicalShift",
            "classVersion": 1.0,
            "user": "luca",
            "lastPath": "undefined",
            "timestamp": "Tue Jan  9 15:18:17 2024"
          }
        ],
        [
          "atomName",
          "H631"
        ],
        [
          "atomElementName",
          ""
        ],
        [
          "atomAverageShift",
          2.2
        ],
        [
          "atomStdShift",
          null
        ],
        [
          "atomMinShift",
          2.2
        ],
        [
          "atomMaxShift",
          2.2
        ],
        [
          "atomDistributionRefValue",
          2.2
        ],
        [
          "atomDistributionValuePerPoint",
          1.0
        ],
        [
          "atomStatisticalDistribution",
          []
        ]
      ],
      [
        [
          "_metadata",
          {
            "jsonVersion": 3.0,
            "className": "AtomChemicalShift",
            "classVersion": 1.0,
            "user": "luca",
            "lastPath": "undefined",
            "timestamp": "Tue Jan  9 15:18:17 2024"
          }
        ],
        [
          "atomName",
          "H632"
        ],
        [
          "atomElementName",
          ""
        ],
        [
          "atomAverageShift",
          2.2
        ],
        [
          "atomStdShift",
          null
        ],
        [
          "atomMinShift",
          2.2
        ],
        [
          "atomMaxShift",
          2.2
        ],
        [
          "atomDistributionRefValue",
          2.2
        ],
        [
          "atomDistributionValuePerPoint",
          1.0
        ],
        [
          "atomStatisticalDistribution",
          []
        ]
      ],
      [
        [
          "_metadata",
          {
            "jsonVersion": 3.0,
            "className": "AtomChemicalShift",
            "classVersion": 1.0,
            "user": "luca",
            "lastPath": "undefined",
            "timestamp": "Tue Jan  9 15:18:17 2024"
          }
        ],
        [
          "atomName",
          "H633"
        ],
        [
          "atomElementName",
          ""
        ],
        [
          "atomAverageShift",
          2.2
        ],
        [
          "atomStdShift",
          null
        ],
        [
          "atomMinShift",
          2.2
        ],
        [
          "atomMaxShift",
          2.2
        ],
        [
          "atomDistributionRefValue",
          2.2
        ],
        [
          "atomDistributionValuePerPoint",
          1.0
        ],
        [
          "atomStatisticalDistribution",
          []
        ]
      ],
      [
        [
          "_metadata",
          {
            "jsonVersion": 3.0,
            "className": "AtomChemicalShift",
            "classVersion": 1.0,
            "user": "luca",
            "lastPath": "undefined",
            "timestamp": "Tue Jan  9 15:18:17 2024"
          }
        ],
        [
          "atomName",
          "H641"
        ],
        [
          "atomElementName",
          ""
        ],
        [
          "atomAverageShift",
          1.94
        ],
        [
          "atomStdShift",
          null
        ],
        [
          "atomMinShift",
          1.94
        ],
        [
          "atomMaxShift",
          1.94
        ],
        [
          "atomDistributionRefValue",
          1.94
        ],
        [
          "atomDistributionValuePerPoint",
          1.0
        ],
        [
          "atomStatisticalDistribution",
          []
        ]
      ],
      [
        [
          "_metadata",
          {
            "jsonVersion": 3.0,
            "className": "AtomChemicalShift",
            "classVersion": 1.0,
            "user": "luca",
            "lastPath": "undefined",
            "timestamp": "Tue Jan  9 15:18:17 2024"
          }
        ],
        [
          "atomName",
          "H642"
        ],
        [
          "atomElementName",
          ""
        ],
        [
          "atomAverageShift",
          1.94
        ],
        [
          "atomStdShift",
          null
        ],
        [
          "atomMinShift",
          1.94
        ],
        [
          "atomMaxShift",
          1.94
        ],
        [
          "atomDistributionRefValue",
          1.94
        ],
        [
          "atomDistributionValuePerPoint",
          1.0
        ],
        [
          "atomStatisticalDistribution",
          []
        ]
      ],
      [
        [
          "_metadata",
          {
            "jsonVersion": 3.0,
            "className": "AtomChemicalShift",
            "classVersion": 1.0,
            "user": "luca",
            "lastPath": "undefined",
            "timestamp": "Tue Jan  9 15:18:17 2024"
          }
        ],
        [
          "atomName",
          "H643"
        ],
        [
          "atomElementName",
          ""
        ],
        [
          "atomAverageShift",
          1.94
        ],
        [
          "atomStdShift",
          null
        ],
        [
          "atomMinShift",
          1.94
        ],
        [
          "atomMaxShift",
          1.94
        ],
        [
          "atomDistributionRefValue",
          1.94
        ],
        [
          "atomDistributionValuePerPoint",
          1.0
        ],
        [
          "atomStatisticalDistribution",
          []
        ]
      ]
    ]
  ]
]