[
  [
    "_metadata",
    {
      "jsonVersion": 3,
      "className": "ReferenceChemicalShift",
      "classVersion": 1,
      "user": "CCPN",
      "lastPath": "/Users/luca/Projects/AnalysisV3/resources/referenceChemicalShifts/NonStandard/Non-Polymer/AZW.json",
      "timestamp": "Tue Jan  9 15:18:33 2024",
      "applicationVersion": 3.2
    }
  ],
  [
    "chemicalShiftName",
    "Non-Standard Residues / Small Molecules"
  ],
  [
    "chemicalShiftComment",
    "The CCPN Analysis Version 3 ReferenceChemical shifts retrieved from BMRB"
  ],
  [
    "chemicalShiftEntryDate",
    "2023-09-14-14:25:08"
  ],
  [
    "compoundName",
    "4-{(E)-[4-(hydroxymethyl)phenyl]diazenyl}benzyl dihydrogen phosphate"
  ],
  [
    "compoundShortName",
    "AZW"
  ],
  [
    "compoundCcpCode",
    "AZW"
  ],
  [
    "compoundType",
    "Non-Polymer"
  ],
  [
    "compoundTypeClassification",
    "non-polymer"
  ],
  [
    "compoundPrecursorName",
    ""
  ],
  [
    "loadingLevel",
    0
  ],
  [
    "atoms",
    [
      [
        [
          "_metadata",
          {
            "jsonVersion": 3.0,
            "className": "AtomChemicalShift",
            "classVersion": 1.0,
            "user": "luca",
            "lastPath": "undefined",
            "timestamp": "Tue Jan  9 15:18:33 2024"
          }
        ],
        [
          "atomName",
          "C2A"
        ],
        [
          "atomElementName",
          ""
        ],
        [
          "atomAverageShift",
          126.5
        ],
        [
          "atomStdShift",
          null
        ],
        [
          "atomMinShift",
          126.5
        ],
        [
          "atomMaxShift",
          126.5
        ],
        [
          "atomDistributionRefValue",
          126.5
        ],
        [
          "atomDistributionValuePerPoint",
          1.0
        ],
        [
          "atomStatisticalDistribution",
          []
        ]
      ],
      [
        [
          "_metadata",
          {
            "jsonVersion": 3.0,
            "className": "AtomChemicalShift",
            "classVersion": 1.0,
            "user": "luca",
            "lastPath": "undefined",
            "timestamp": "Tue Jan  9 15:18:33 2024"
          }
        ],
        [
          "atomName",
          "C2B"
        ],
        [
          "atomElementName",
          ""
        ],
        [
          "atomAverageShift",
          126.98
        ],
        [
          "atomStdShift",
          null
        ],
        [
          "atomMinShift",
          126.98
        ],
        [
          "atomMaxShift",
          126.98
        ],
        [
          "atomDistributionRefValue",
          126.98
        ],
        [
          "atomDistributionValuePerPoint",
          1.0
        ],
        [
          "atomStatisticalDistribution",
          []
        ]
      ],
      [
        [
          "_metadata",
          {
            "jsonVersion": 3.0,
            "className": "AtomChemicalShift",
            "classVersion": 1.0,
            "user": "luca",
            "lastPath": "undefined",
            "timestamp": "Tue Jan  9 15:18:33 2024"
          }
        ],
        [
          "atomName",
          "C3'"
        ],
        [
          "atomElementName",
          ""
        ],
        [
          "atomAverageShift",
          66.19
        ],
        [
          "atomStdShift",
          null
        ],
        [
          "atomMinShift",
          66.19
        ],
        [
          "atomMaxShift",
          66.19
        ],
        [
          "atomDistributionRefValue",
          66.19
        ],
        [
          "atomDistributionValuePerPoint",
          1.0
        ],
        [
          "atomStatisticalDistribution",
          []
        ]
      ],
      [
        [
          "_metadata",
          {
            "jsonVersion": 3.0,
            "className": "AtomChemicalShift",
            "classVersion": 1.0,
            "user": "luca",
            "lastPath": "undefined",
            "timestamp": "Tue Jan  9 15:18:33 2024"
          }
        ],
        [
          "atomName",
          "C3A"
        ],
        [
          "atomElementName",
          ""
        ],
        [
          "atomAverageShift",
          122.64
        ],
        [
          "atomStdShift",
          null
        ],
        [
          "atomMinShift",
          122.64
        ],
        [
          "atomMaxShift",
          122.64
        ],
        [
          "atomDistributionRefValue",
          122.64
        ],
        [
          "atomDistributionValuePerPoint",
          1.0
        ],
        [
          "atomStatisticalDistribution",
          []
        ]
      ],
      [
        [
          "_metadata",
          {
            "jsonVersion": 3.0,
            "className": "AtomChemicalShift",
            "classVersion": 1.0,
            "user": "luca",
            "lastPath": "undefined",
            "timestamp": "Tue Jan  9 15:18:33 2024"
          }
        ],
        [
          "atomName",
          "C3B"
        ],
        [
          "atomElementName",
          ""
        ],
        [
          "atomAverageShift",
          121.67
        ],
        [
          "atomStdShift",
          null
        ],
        [
          "atomMinShift",
          121.67
        ],
        [
          "atomMaxShift",
          121.67
        ],
        [
          "atomDistributionRefValue",
          121.67
        ],
        [
          "atomDistributionValuePerPoint",
          1.0
        ],
        [
          "atomStatisticalDistribution",
          []
        ]
      ],
      [
        [
          "_metadata",
          {
            "jsonVersion": 3.0,
            "className": "AtomChemicalShift",
            "classVersion": 1.0,
            "user": "luca",
            "lastPath": "undefined",
            "timestamp": "Tue Jan  9 15:18:33 2024"
          }
        ],
        [
          "atomName",
          "C5'"
        ],
        [
          "atomElementName",
          ""
        ],
        [
          "atomAverageShift",
          66.54
        ],
        [
          "atomStdShift",
          null
        ],
        [
          "atomMinShift",
          66.54
        ],
        [
          "atomMaxShift",
          66.54
        ],
        [
          "atomDistributionRefValue",
          66.54
        ],
        [
          "atomDistributionValuePerPoint",
          1.0
        ],
        [
          "atomStatisticalDistribution",
          []
        ]
      ],
      [
        [
          "_metadata",
          {
            "jsonVersion": 3.0,
            "className": "AtomChemicalShift",
            "classVersion": 1.0,
            "user": "luca",
            "lastPath": "undefined",
            "timestamp": "Tue Jan  9 15:18:33 2024"
          }
        ],
        [
          "atomName",
          "C5A"
        ],
        [
          "atomElementName",
          ""
        ],
        [
          "atomAverageShift",
          122.64
        ],
        [
          "atomStdShift",
          null
        ],
        [
          "atomMinShift",
          122.64
        ],
        [
          "atomMaxShift",
          122.64
        ],
        [
          "atomDistributionRefValue",
          122.64
        ],
        [
          "atomDistributionValuePerPoint",
          1.0
        ],
        [
          "atomStatisticalDistribution",
          []
        ]
      ],
      [
        [
          "_metadata",
          {
            "jsonVersion": 3.0,
            "className": "AtomChemicalShift",
            "classVersion": 1.0,
            "user": "luca",
            "lastPath": "undefined",
            "timestamp": "Tue Jan  9 15:18:33 2024"
          }
        ],
        [
          "atomName",
          "C5B"
        ],
        [
          "atomElementName",
          ""
        ],
        [
          "atomAverageShift",
          121.67
        ],
        [
          "atomStdShift",
          null
        ],
        [
          "atomMinShift",
          121.67
        ],
        [
          "atomMaxShift",
          121.67
        ],
        [
          "atomDistributionRefValue",
          121.67
        ],
        [
          "atomDistributionValuePerPoint",
          1.0
        ],
        [
          "atomStatisticalDistribution",
          []
        ]
      ],
      [
        [
          "_metadata",
          {
            "jsonVersion": 3.0,
            "className": "AtomChemicalShift",
            "classVersion": 1.0,
            "user": "luca",
            "lastPath": "undefined",
            "timestamp": "Tue Jan  9 15:18:33 2024"
          }
        ],
        [
          "atomName",
          "C6A"
        ],
        [
          "atomElementName",
          ""
        ],
        [
          "atomAverageShift",
          126.5
        ],
        [
          "atomStdShift",
          null
        ],
        [
          "atomMinShift",
          126.5
        ],
        [
          "atomMaxShift",
          126.5
        ],
        [
          "atomDistributionRefValue",
          126.5
        ],
        [
          "atomDistributionValuePerPoint",
          1.0
        ],
        [
          "atomStatisticalDistribution",
          []
        ]
      ],
      [
        [
          "_metadata",
          {
            "jsonVersion": 3.0,
            "className": "AtomChemicalShift",
            "classVersion": 1.0,
            "user": "luca",
            "lastPath": "undefined",
            "timestamp": "Tue Jan  9 15:18:33 2024"
          }
        ],
        [
          "atomName",
          "C6B"
        ],
        [
          "atomElementName",
          ""
        ],
        [
          "atomAverageShift",
          126.98
        ],
        [
          "atomStdShift",
          null
        ],
        [
          "atomMinShift",
          126.98
        ],
        [
          "atomMaxShift",
          126.98
        ],
        [
          "atomDistributionRefValue",
          126.98
        ],
        [
          "atomDistributionValuePerPoint",
          1.0
        ],
        [
          "atomStatisticalDistribution",
          []
        ]
      ],
      [
        [
          "_metadata",
          {
            "jsonVersion": 3.0,
            "className": "AtomChemicalShift",
            "classVersion": 1.0,
            "user": "luca",
            "lastPath": "undefined",
            "timestamp": "Tue Jan  9 15:18:33 2024"
          }
        ],
        [
          "atomName",
          "H2A"
        ],
        [
          "atomElementName",
          ""
        ],
        [
          "atomAverageShift",
          7.46
        ],
        [
          "atomStdShift",
          null
        ],
        [
          "atomMinShift",
          7.46
        ],
        [
          "atomMaxShift",
          7.46
        ],
        [
          "atomDistributionRefValue",
          7.46
        ],
        [
          "atomDistributionValuePerPoint",
          1.0
        ],
        [
          "atomStatisticalDistribution",
          []
        ]
      ],
      [
        [
          "_metadata",
          {
            "jsonVersion": 3.0,
            "className": "AtomChemicalShift",
            "classVersion": 1.0,
            "user": "luca",
            "lastPath": "undefined",
            "timestamp": "Tue Jan  9 15:18:33 2024"
          }
        ],
        [
          "atomName",
          "H2B"
        ],
        [
          "atomElementName",
          ""
        ],
        [
          "atomAverageShift",
          7.06
        ],
        [
          "atomStdShift",
          null
        ],
        [
          "atomMinShift",
          7.06
        ],
        [
          "atomMaxShift",
          7.06
        ],
        [
          "atomDistributionRefValue",
          7.06
        ],
        [
          "atomDistributionValuePerPoint",
          1.0
        ],
        [
          "atomStatisticalDistribution",
          []
        ]
      ],
      [
        [
          "_metadata",
          {
            "jsonVersion": 3.0,
            "className": "AtomChemicalShift",
            "classVersion": 1.0,
            "user": "luca",
            "lastPath": "undefined",
            "timestamp": "Tue Jan  9 15:18:33 2024"
          }
        ],
        [
          "atomName",
          "H3'"
        ],
        [
          "atomElementName",
          ""
        ],
        [
          "atomAverageShift",
          4.97
        ],
        [
          "atomStdShift",
          null
        ],
        [
          "atomMinShift",
          4.97
        ],
        [
          "atomMaxShift",
          4.97
        ],
        [
          "atomDistributionRefValue",
          4.97
        ],
        [
          "atomDistributionValuePerPoint",
          1.0
        ],
        [
          "atomStatisticalDistribution",
          []
        ]
      ],
      [
        [
          "_metadata",
          {
            "jsonVersion": 3.0,
            "className": "AtomChemicalShift",
            "classVersion": 1.0,
            "user": "luca",
            "lastPath": "undefined",
            "timestamp": "Tue Jan  9 15:18:33 2024"
          }
        ],
        [
          "atomName",
          "H3''"
        ],
        [
          "atomElementName",
          ""
        ],
        [
          "atomAverageShift",
          4.64
        ],
        [
          "atomStdShift",
          null
        ],
        [
          "atomMinShift",
          4.64
        ],
        [
          "atomMaxShift",
          4.64
        ],
        [
          "atomDistributionRefValue",
          4.64
        ],
        [
          "atomDistributionValuePerPoint",
          1.0
        ],
        [
          "atomStatisticalDistribution",
          []
        ]
      ],
      [
        [
          "_metadata",
          {
            "jsonVersion": 3.0,
            "className": "AtomChemicalShift",
            "classVersion": 1.0,
            "user": "luca",
            "lastPath": "undefined",
            "timestamp": "Tue Jan  9 15:18:33 2024"
          }
        ],
        [
          "atomName",
          "H3A"
        ],
        [
          "atomElementName",
          ""
        ],
        [
          "atomAverageShift",
          7.57
        ],
        [
          "atomStdShift",
          null
        ],
        [
          "atomMinShift",
          7.57
        ],
        [
          "atomMaxShift",
          7.57
        ],
        [
          "atomDistributionRefValue",
          7.57
        ],
        [
          "atomDistributionValuePerPoint",
          1.0
        ],
        [
          "atomStatisticalDistribution",
          []
        ]
      ],
      [
        [
          "_metadata",
          {
            "jsonVersion": 3.0,
            "className": "AtomChemicalShift",
            "classVersion": 1.0,
            "user": "luca",
            "lastPath": "undefined",
            "timestamp": "Tue Jan  9 15:18:33 2024"
          }
        ],
        [
          "atomName",
          "H3B"
        ],
        [
          "atomElementName",
          ""
        ],
        [
          "atomAverageShift",
          7.24
        ],
        [
          "atomStdShift",
          null
        ],
        [
          "atomMinShift",
          7.24
        ],
        [
          "atomMaxShift",
          7.24
        ],
        [
          "atomDistributionRefValue",
          7.24
        ],
        [
          "atomDistributionValuePerPoint",
          1.0
        ],
        [
          "atomStatisticalDistribution",
          []
        ]
      ],
      [
        [
          "_metadata",
          {
            "jsonVersion": 3.0,
            "className": "AtomChemicalShift",
            "classVersion": 1.0,
            "user": "luca",
            "lastPath": "undefined",
            "timestamp": "Tue Jan  9 15:18:33 2024"
          }
        ],
        [
          "atomName",
          "H5'"
        ],
        [
          "atomElementName",
          ""
        ],
        [
          "atomAverageShift",
          5.25
        ],
        [
          "atomStdShift",
          null
        ],
        [
          "atomMinShift",
          5.25
        ],
        [
          "atomMaxShift",
          5.25
        ],
        [
          "atomDistributionRefValue",
          5.25
        ],
        [
          "atomDistributionValuePerPoint",
          1.0
        ],
        [
          "atomStatisticalDistribution",
          []
        ]
      ],
      [
        [
          "_metadata",
          {
            "jsonVersion": 3.0,
            "className": "AtomChemicalShift",
            "classVersion": 1.0,
            "user": "luca",
            "lastPath": "undefined",
            "timestamp": "Tue Jan  9 15:18:33 2024"
          }
        ],
        [
          "atomName",
          "H5''"
        ],
        [
          "atomElementName",
          ""
        ],
        [
          "atomAverageShift",
          5.07
        ],
        [
          "atomStdShift",
          null
        ],
        [
          "atomMinShift",
          5.07
        ],
        [
          "atomMaxShift",
          5.07
        ],
        [
          "atomDistributionRefValue",
          5.07
        ],
        [
          "atomDistributionValuePerPoint",
          1.0
        ],
        [
          "atomStatisticalDistribution",
          []
        ]
      ],
      [
        [
          "_metadata",
          {
            "jsonVersion": 3.0,
            "className": "AtomChemicalShift",
            "classVersion": 1.0,
            "user": "luca",
            "lastPath": "undefined",
            "timestamp": "Tue Jan  9 15:18:33 2024"
          }
        ],
        [
          "atomName",
          "H5A"
        ],
        [
          "atomElementName",
          ""
        ],
        [
          "atomAverageShift",
          7.57
        ],
        [
          "atomStdShift",
          null
        ],
        [
          "atomMinShift",
          7.57
        ],
        [
          "atomMaxShift",
          7.57
        ],
        [
          "atomDistributionRefValue",
          7.57
        ],
        [
          "atomDistributionValuePerPoint",
          1.0
        ],
        [
          "atomStatisticalDistribution",
          []
        ]
      ],
      [
        [
          "_metadata",
          {
            "jsonVersion": 3.0,
            "className": "AtomChemicalShift",
            "classVersion": 1.0,
            "user": "luca",
            "lastPath": "undefined",
            "timestamp": "Tue Jan  9 15:18:33 2024"
          }
        ],
        [
          "atomName",
          "H5B"
        ],
        [
          "atomElementName",
          ""
        ],
        [
          "atomAverageShift",
          7.24
        ],
        [
          "atomStdShift",
          null
        ],
        [
          "atomMinShift",
          7.24
        ],
        [
          "atomMaxShift",
          7.24
        ],
        [
          "atomDistributionRefValue",
          7.24
        ],
        [
          "atomDistributionValuePerPoint",
          1.0
        ],
        [
          "atomStatisticalDistribution",
          []
        ]
      ],
      [
        [
          "_metadata",
          {
            "jsonVersion": 3.0,
            "className": "AtomChemicalShift",
            "classVersion": 1.0,
            "user": "luca",
            "lastPath": "undefined",
            "timestamp": "Tue Jan  9 15:18:33 2024"
          }
        ],
        [
          "atomName",
          "H6A"
        ],
        [
          "atomElementName",
          ""
        ],
        [
          "atomAverageShift",
          7.46
        ],
        [
          "atomStdShift",
          null
        ],
        [
          "atomMinShift",
          7.46
        ],
        [
          "atomMaxShift",
          7.46
        ],
        [
          "atomDistributionRefValue",
          7.46
        ],
        [
          "atomDistributionValuePerPoint",
          1.0
        ],
        [
          "atomStatisticalDistribution",
          []
        ]
      ],
      [
        [
          "_metadata",
          {
            "jsonVersion": 3.0,
            "className": "AtomChemicalShift",
            "classVersion": 1.0,
            "user": "luca",
            "lastPath": "undefined",
            "timestamp": "Tue Jan  9 15:18:33 2024"
          }
        ],
        [
          "atomName",
          "H6B"
        ],
        [
          "atomElementName",
          ""
        ],
        [
          "atomAverageShift",
          7.06
        ],
        [
          "atomStdShift",
          null
        ],
        [
          "atomMinShift",
          7.06
        ],
        [
          "atomMaxShift",
          7.06
        ],
        [
          "atomDistributionRefValue",
          7.06
        ],
        [
          "atomDistributionValuePerPoint",
          1.0
        ],
        [
          "atomStatisticalDistribution",
          []
        ]
      ]
    ]
  ]
]