[
  [
    "_metadata",
    {
      "jsonVersion": 3,
      "className": "ReferenceChemicalShift",
      "classVersion": 1,
      "user": "CCPN",
      "lastPath": "/Users/luca/Projects/AnalysisV3/resources/referenceChemicalShifts/NonStandard/Non-Polymer/BEF.json",
      "timestamp": "Tue Jan  9 15:18:34 2024",
      "applicationVersion": 3.2
    }
  ],
  [
    "chemicalShiftName",
    "Non-Standard Residues / Small Molecules"
  ],
  [
    "chemicalShiftComment",
    "The CCPN Analysis Version 3 ReferenceChemical shifts retrieved from BMRB"
  ],
  [
    "chemicalShiftEntryDate",
    "2023-09-14-14:25:08"
  ],
  [
    "compoundName",
    "BERYLLIUM TRIFLUORIDE ION"
  ],
  [
    "compoundShortName",
    "BEF"
  ],
  [
    "compoundCcpCode",
    "BEF"
  ],
  [
    "compoundType",
    "Non-Polymer"
  ],
  [
    "compoundTypeClassification",
    "non-polymer"
  ],
  [
    "compoundPrecursorName",
    ""
  ],
  [
    "loadingLevel",
    0
  ],
  [
    "atoms",
    [
      [
        [
          "_metadata",
          {
            "jsonVersion": 3.0,
            "className": "AtomChemicalShift",
            "classVersion": 1.0,
            "user": "luca",
            "lastPath": "undefined",
            "timestamp": "Tue Jan  9 15:18:34 2024"
          }
        ],
        [
          "atomName",
          "F1"
        ],
        [
          "atomElementName",
          ""
        ],
        [
          "atomAverageShift",
          -150.205
        ],
        [
          "atomStdShift",
          0.007
        ],
        [
          "atomMinShift",
          -150.21
        ],
        [
          "atomMaxShift",
          -150.2
        ],
        [
          "atomDistributionRefValue",
          -150.21
        ],
        [
          "atomDistributionValuePerPoint",
          1.0
        ],
        [
          "atomStatisticalDistribution",
          []
        ]
      ],
      [
        [
          "_metadata",
          {
            "jsonVersion": 3.0,
            "className": "AtomChemicalShift",
            "classVersion": 1.0,
            "user": "luca",
            "lastPath": "undefined",
            "timestamp": "Tue Jan  9 15:18:34 2024"
          }
        ],
        [
          "atomName",
          "F2"
        ],
        [
          "atomElementName",
          ""
        ],
        [
          "atomAverageShift",
          -151.08
        ],
        [
          "atomStdShift",
          0.679
        ],
        [
          "atomMinShift",
          -151.56
        ],
        [
          "atomMaxShift",
          -150.6
        ],
        [
          "atomDistributionRefValue",
          -151.56
        ],
        [
          "atomDistributionValuePerPoint",
          1.0
        ],
        [
          "atomStatisticalDistribution",
          []
        ]
      ],
      [
        [
          "_metadata",
          {
            "jsonVersion": 3.0,
            "className": "AtomChemicalShift",
            "classVersion": 1.0,
            "user": "luca",
            "lastPath": "undefined",
            "timestamp": "Tue Jan  9 15:18:34 2024"
          }
        ],
        [
          "atomName",
          "F3"
        ],
        [
          "atomElementName",
          ""
        ],
        [
          "atomAverageShift",
          -178.7
        ],
        [
          "atomStdShift",
          null
        ],
        [
          "atomMinShift",
          -178.7
        ],
        [
          "atomMaxShift",
          -178.7
        ],
        [
          "atomDistributionRefValue",
          -178.7
        ],
        [
          "atomDistributionValuePerPoint",
          1.0
        ],
        [
          "atomStatisticalDistribution",
          []
        ]
      ]
    ]
  ]
]