[
  [
    "_metadata",
    {
      "jsonVersion": 3,
      "className": "ReferenceChemicalShift",
      "classVersion": 1,
      "user": "CCPN",
      "lastPath": "/Users/luca/Projects/AnalysisV3/resources/referenceChemicalShifts/NonStandard/Non-Polymer/BLM.json",
      "timestamp": "Tue Jan  9 15:18:29 2024",
      "applicationVersion": 3.2
    }
  ],
  [
    "chemicalShiftName",
    "Non-Standard Residues / Small Molecules"
  ],
  [
    "chemicalShiftComment",
    "The CCPN Analysis Version 3 ReferenceChemical shifts retrieved from BMRB"
  ],
  [
    "chemicalShiftEntryDate",
    "2023-09-14-14:25:08"
  ],
  [
    "compoundName",
    "BLEOMYCIN A2"
  ],
  [
    "compoundShortName",
    "BLM"
  ],
  [
    "compoundCcpCode",
    "BLM"
  ],
  [
    "compoundType",
    "Non-Polymer"
  ],
  [
    "compoundTypeClassification",
    "non-polymer"
  ],
  [
    "compoundPrecursorName",
    ""
  ],
  [
    "loadingLevel",
    0
  ],
  [
    "atoms",
    [
      [
        [
          "_metadata",
          {
            "jsonVersion": 3.0,
            "className": "AtomChemicalShift",
            "classVersion": 1.0,
            "user": "luca",
            "lastPath": "undefined",
            "timestamp": "Tue Jan  9 15:18:28 2024"
          }
        ],
        [
          "atomName",
          "1H50"
        ],
        [
          "atomElementName",
          ""
        ],
        [
          "atomAverageShift",
          3.59
        ],
        [
          "atomStdShift",
          null
        ],
        [
          "atomMinShift",
          3.59
        ],
        [
          "atomMaxShift",
          3.59
        ],
        [
          "atomDistributionRefValue",
          3.59
        ],
        [
          "atomDistributionValuePerPoint",
          1.0
        ],
        [
          "atomStatisticalDistribution",
          []
        ]
      ],
      [
        [
          "_metadata",
          {
            "jsonVersion": 3.0,
            "className": "AtomChemicalShift",
            "classVersion": 1.0,
            "user": "luca",
            "lastPath": "undefined",
            "timestamp": "Tue Jan  9 15:18:28 2024"
          }
        ],
        [
          "atomName",
          "1H51"
        ],
        [
          "atomElementName",
          ""
        ],
        [
          "atomAverageShift",
          2.15
        ],
        [
          "atomStdShift",
          null
        ],
        [
          "atomMinShift",
          2.15
        ],
        [
          "atomMaxShift",
          2.15
        ],
        [
          "atomDistributionRefValue",
          2.15
        ],
        [
          "atomDistributionValuePerPoint",
          1.0
        ],
        [
          "atomStatisticalDistribution",
          []
        ]
      ],
      [
        [
          "_metadata",
          {
            "jsonVersion": 3.0,
            "className": "AtomChemicalShift",
            "classVersion": 1.0,
            "user": "luca",
            "lastPath": "undefined",
            "timestamp": "Tue Jan  9 15:18:28 2024"
          }
        ],
        [
          "atomName",
          "1H52"
        ],
        [
          "atomElementName",
          ""
        ],
        [
          "atomAverageShift",
          3.42
        ],
        [
          "atomStdShift",
          null
        ],
        [
          "atomMinShift",
          3.42
        ],
        [
          "atomMaxShift",
          3.42
        ],
        [
          "atomDistributionRefValue",
          3.42
        ],
        [
          "atomDistributionValuePerPoint",
          1.0
        ],
        [
          "atomStatisticalDistribution",
          []
        ]
      ],
      [
        [
          "_metadata",
          {
            "jsonVersion": 3.0,
            "className": "AtomChemicalShift",
            "classVersion": 1.0,
            "user": "luca",
            "lastPath": "undefined",
            "timestamp": "Tue Jan  9 15:18:28 2024"
          }
        ],
        [
          "atomName",
          "1H55"
        ],
        [
          "atomElementName",
          ""
        ],
        [
          "atomAverageShift",
          2.86
        ],
        [
          "atomStdShift",
          null
        ],
        [
          "atomMinShift",
          2.86
        ],
        [
          "atomMaxShift",
          2.86
        ],
        [
          "atomDistributionRefValue",
          2.86
        ],
        [
          "atomDistributionValuePerPoint",
          1.0
        ],
        [
          "atomStatisticalDistribution",
          []
        ]
      ],
      [
        [
          "_metadata",
          {
            "jsonVersion": 3.0,
            "className": "AtomChemicalShift",
            "classVersion": 1.0,
            "user": "luca",
            "lastPath": "undefined",
            "timestamp": "Tue Jan  9 15:18:28 2024"
          }
        ],
        [
          "atomName",
          "1H61"
        ],
        [
          "atomElementName",
          ""
        ],
        [
          "atomAverageShift",
          3.49
        ],
        [
          "atomStdShift",
          null
        ],
        [
          "atomMinShift",
          3.49
        ],
        [
          "atomMaxShift",
          3.49
        ],
        [
          "atomDistributionRefValue",
          3.49
        ],
        [
          "atomDistributionValuePerPoint",
          1.0
        ],
        [
          "atomStatisticalDistribution",
          []
        ]
      ],
      [
        [
          "_metadata",
          {
            "jsonVersion": 3.0,
            "className": "AtomChemicalShift",
            "classVersion": 1.0,
            "user": "luca",
            "lastPath": "undefined",
            "timestamp": "Tue Jan  9 15:18:28 2024"
          }
        ],
        [
          "atomName",
          "1H66"
        ],
        [
          "atomElementName",
          ""
        ],
        [
          "atomAverageShift",
          3.86
        ],
        [
          "atomStdShift",
          null
        ],
        [
          "atomMinShift",
          3.86
        ],
        [
          "atomMaxShift",
          3.86
        ],
        [
          "atomDistributionRefValue",
          3.86
        ],
        [
          "atomDistributionValuePerPoint",
          1.0
        ],
        [
          "atomStatisticalDistribution",
          []
        ]
      ],
      [
        [
          "_metadata",
          {
            "jsonVersion": 3.0,
            "className": "AtomChemicalShift",
            "classVersion": 1.0,
            "user": "luca",
            "lastPath": "undefined",
            "timestamp": "Tue Jan  9 15:18:28 2024"
          }
        ],
        [
          "atomName",
          "1HNQ"
        ],
        [
          "atomElementName",
          ""
        ],
        [
          "atomAverageShift",
          6.39
        ],
        [
          "atomStdShift",
          null
        ],
        [
          "atomMinShift",
          6.39
        ],
        [
          "atomMaxShift",
          6.39
        ],
        [
          "atomDistributionRefValue",
          6.39
        ],
        [
          "atomDistributionValuePerPoint",
          1.0
        ],
        [
          "atomStatisticalDistribution",
          []
        ]
      ],
      [
        [
          "_metadata",
          {
            "jsonVersion": 3.0,
            "className": "AtomChemicalShift",
            "classVersion": 1.0,
            "user": "luca",
            "lastPath": "undefined",
            "timestamp": "Tue Jan  9 15:18:28 2024"
          }
        ],
        [
          "atomName",
          "2H50"
        ],
        [
          "atomElementName",
          ""
        ],
        [
          "atomAverageShift",
          3.59
        ],
        [
          "atomStdShift",
          null
        ],
        [
          "atomMinShift",
          3.59
        ],
        [
          "atomMaxShift",
          3.59
        ],
        [
          "atomDistributionRefValue",
          3.59
        ],
        [
          "atomDistributionValuePerPoint",
          1.0
        ],
        [
          "atomStatisticalDistribution",
          []
        ]
      ],
      [
        [
          "_metadata",
          {
            "jsonVersion": 3.0,
            "className": "AtomChemicalShift",
            "classVersion": 1.0,
            "user": "luca",
            "lastPath": "undefined",
            "timestamp": "Tue Jan  9 15:18:28 2024"
          }
        ],
        [
          "atomName",
          "2H51"
        ],
        [
          "atomElementName",
          ""
        ],
        [
          "atomAverageShift",
          2.15
        ],
        [
          "atomStdShift",
          null
        ],
        [
          "atomMinShift",
          2.15
        ],
        [
          "atomMaxShift",
          2.15
        ],
        [
          "atomDistributionRefValue",
          2.15
        ],
        [
          "atomDistributionValuePerPoint",
          1.0
        ],
        [
          "atomStatisticalDistribution",
          []
        ]
      ],
      [
        [
          "_metadata",
          {
            "jsonVersion": 3.0,
            "className": "AtomChemicalShift",
            "classVersion": 1.0,
            "user": "luca",
            "lastPath": "undefined",
            "timestamp": "Tue Jan  9 15:18:28 2024"
          }
        ],
        [
          "atomName",
          "2H52"
        ],
        [
          "atomElementName",
          ""
        ],
        [
          "atomAverageShift",
          3.42
        ],
        [
          "atomStdShift",
          null
        ],
        [
          "atomMinShift",
          3.42
        ],
        [
          "atomMaxShift",
          3.42
        ],
        [
          "atomDistributionRefValue",
          3.42
        ],
        [
          "atomDistributionValuePerPoint",
          1.0
        ],
        [
          "atomStatisticalDistribution",
          []
        ]
      ],
      [
        [
          "_metadata",
          {
            "jsonVersion": 3.0,
            "className": "AtomChemicalShift",
            "classVersion": 1.0,
            "user": "luca",
            "lastPath": "undefined",
            "timestamp": "Tue Jan  9 15:18:28 2024"
          }
        ],
        [
          "atomName",
          "2H55"
        ],
        [
          "atomElementName",
          ""
        ],
        [
          "atomAverageShift",
          2.86
        ],
        [
          "atomStdShift",
          null
        ],
        [
          "atomMinShift",
          2.86
        ],
        [
          "atomMaxShift",
          2.86
        ],
        [
          "atomDistributionRefValue",
          2.86
        ],
        [
          "atomDistributionValuePerPoint",
          1.0
        ],
        [
          "atomStatisticalDistribution",
          []
        ]
      ],
      [
        [
          "_metadata",
          {
            "jsonVersion": 3.0,
            "className": "AtomChemicalShift",
            "classVersion": 1.0,
            "user": "luca",
            "lastPath": "undefined",
            "timestamp": "Tue Jan  9 15:18:28 2024"
          }
        ],
        [
          "atomName",
          "2H61"
        ],
        [
          "atomElementName",
          ""
        ],
        [
          "atomAverageShift",
          3.39
        ],
        [
          "atomStdShift",
          null
        ],
        [
          "atomMinShift",
          3.39
        ],
        [
          "atomMaxShift",
          3.39
        ],
        [
          "atomDistributionRefValue",
          3.39
        ],
        [
          "atomDistributionValuePerPoint",
          1.0
        ],
        [
          "atomStatisticalDistribution",
          []
        ]
      ],
      [
        [
          "_metadata",
          {
            "jsonVersion": 3.0,
            "className": "AtomChemicalShift",
            "classVersion": 1.0,
            "user": "luca",
            "lastPath": "undefined",
            "timestamp": "Tue Jan  9 15:18:28 2024"
          }
        ],
        [
          "atomName",
          "2H66"
        ],
        [
          "atomElementName",
          ""
        ],
        [
          "atomAverageShift",
          3.7
        ],
        [
          "atomStdShift",
          null
        ],
        [
          "atomMinShift",
          3.7
        ],
        [
          "atomMaxShift",
          3.7
        ],
        [
          "atomDistributionRefValue",
          3.7
        ],
        [
          "atomDistributionValuePerPoint",
          1.0
        ],
        [
          "atomStatisticalDistribution",
          []
        ]
      ],
      [
        [
          "_metadata",
          {
            "jsonVersion": 3.0,
            "className": "AtomChemicalShift",
            "classVersion": 1.0,
            "user": "luca",
            "lastPath": "undefined",
            "timestamp": "Tue Jan  9 15:18:28 2024"
          }
        ],
        [
          "atomName",
          "2HNQ"
        ],
        [
          "atomElementName",
          ""
        ],
        [
          "atomAverageShift",
          6.09
        ],
        [
          "atomStdShift",
          null
        ],
        [
          "atomMinShift",
          6.09
        ],
        [
          "atomMaxShift",
          6.09
        ],
        [
          "atomDistributionRefValue",
          6.09
        ],
        [
          "atomDistributionValuePerPoint",
          1.0
        ],
        [
          "atomStatisticalDistribution",
          []
        ]
      ],
      [
        [
          "_metadata",
          {
            "jsonVersion": 3.0,
            "className": "AtomChemicalShift",
            "classVersion": 1.0,
            "user": "luca",
            "lastPath": "undefined",
            "timestamp": "Tue Jan  9 15:18:28 2024"
          }
        ],
        [
          "atomName",
          "3H55"
        ],
        [
          "atomElementName",
          ""
        ],
        [
          "atomAverageShift",
          2.86
        ],
        [
          "atomStdShift",
          null
        ],
        [
          "atomMinShift",
          2.86
        ],
        [
          "atomMaxShift",
          2.86
        ],
        [
          "atomDistributionRefValue",
          2.86
        ],
        [
          "atomDistributionValuePerPoint",
          1.0
        ],
        [
          "atomStatisticalDistribution",
          []
        ]
      ],
      [
        [
          "_metadata",
          {
            "jsonVersion": 3.0,
            "className": "AtomChemicalShift",
            "classVersion": 1.0,
            "user": "luca",
            "lastPath": "undefined",
            "timestamp": "Tue Jan  9 15:18:28 2024"
          }
        ],
        [
          "atomName",
          "H13"
        ],
        [
          "atomElementName",
          ""
        ],
        [
          "atomAverageShift",
          4.95
        ],
        [
          "atomStdShift",
          null
        ],
        [
          "atomMinShift",
          4.95
        ],
        [
          "atomMaxShift",
          4.95
        ],
        [
          "atomDistributionRefValue",
          4.95
        ],
        [
          "atomDistributionValuePerPoint",
          1.0
        ],
        [
          "atomStatisticalDistribution",
          []
        ]
      ],
      [
        [
          "_metadata",
          {
            "jsonVersion": 3.0,
            "className": "AtomChemicalShift",
            "classVersion": 1.0,
            "user": "luca",
            "lastPath": "undefined",
            "timestamp": "Tue Jan  9 15:18:28 2024"
          }
        ],
        [
          "atomName",
          "H14"
        ],
        [
          "atomElementName",
          ""
        ],
        [
          "atomAverageShift",
          5.22
        ],
        [
          "atomStdShift",
          null
        ],
        [
          "atomMinShift",
          5.22
        ],
        [
          "atomMaxShift",
          5.22
        ],
        [
          "atomDistributionRefValue",
          5.22
        ],
        [
          "atomDistributionValuePerPoint",
          1.0
        ],
        [
          "atomStatisticalDistribution",
          []
        ]
      ],
      [
        [
          "_metadata",
          {
            "jsonVersion": 3.0,
            "className": "AtomChemicalShift",
            "classVersion": 1.0,
            "user": "luca",
            "lastPath": "undefined",
            "timestamp": "Tue Jan  9 15:18:28 2024"
          }
        ],
        [
          "atomName",
          "H1E"
        ],
        [
          "atomElementName",
          ""
        ],
        [
          "atomAverageShift",
          3.54
        ],
        [
          "atomStdShift",
          null
        ],
        [
          "atomMinShift",
          3.54
        ],
        [
          "atomMaxShift",
          3.54
        ],
        [
          "atomDistributionRefValue",
          3.54
        ],
        [
          "atomDistributionValuePerPoint",
          1.0
        ],
        [
          "atomStatisticalDistribution",
          []
        ]
      ],
      [
        [
          "_metadata",
          {
            "jsonVersion": 3.0,
            "className": "AtomChemicalShift",
            "classVersion": 1.0,
            "user": "luca",
            "lastPath": "undefined",
            "timestamp": "Tue Jan  9 15:18:28 2024"
          }
        ],
        [
          "atomName",
          "H1X"
        ],
        [
          "atomElementName",
          ""
        ],
        [
          "atomAverageShift",
          3.54
        ],
        [
          "atomStdShift",
          null
        ],
        [
          "atomMinShift",
          3.54
        ],
        [
          "atomMaxShift",
          3.54
        ],
        [
          "atomDistributionRefValue",
          3.54
        ],
        [
          "atomDistributionValuePerPoint",
          1.0
        ],
        [
          "atomStatisticalDistribution",
          []
        ]
      ],
      [
        [
          "_metadata",
          {
            "jsonVersion": 3.0,
            "className": "AtomChemicalShift",
            "classVersion": 1.0,
            "user": "luca",
            "lastPath": "undefined",
            "timestamp": "Tue Jan  9 15:18:28 2024"
          }
        ],
        [
          "atomName",
          "H2"
        ],
        [
          "atomElementName",
          ""
        ],
        [
          "atomAverageShift",
          3.98
        ],
        [
          "atomStdShift",
          null
        ],
        [
          "atomMinShift",
          3.98
        ],
        [
          "atomMaxShift",
          3.98
        ],
        [
          "atomDistributionRefValue",
          3.98
        ],
        [
          "atomDistributionValuePerPoint",
          1.0
        ],
        [
          "atomStatisticalDistribution",
          []
        ]
      ],
      [
        [
          "_metadata",
          {
            "jsonVersion": 3.0,
            "className": "AtomChemicalShift",
            "classVersion": 1.0,
            "user": "luca",
            "lastPath": "undefined",
            "timestamp": "Tue Jan  9 15:18:28 2024"
          }
        ],
        [
          "atomName",
          "H28"
        ],
        [
          "atomElementName",
          ""
        ],
        [
          "atomAverageShift",
          7.25
        ],
        [
          "atomStdShift",
          null
        ],
        [
          "atomMinShift",
          7.25
        ],
        [
          "atomMaxShift",
          7.25
        ],
        [
          "atomDistributionRefValue",
          7.25
        ],
        [
          "atomDistributionValuePerPoint",
          1.0
        ],
        [
          "atomStatisticalDistribution",
          []
        ]
      ],
      [
        [
          "_metadata",
          {
            "jsonVersion": 3.0,
            "className": "AtomChemicalShift",
            "classVersion": 1.0,
            "user": "luca",
            "lastPath": "undefined",
            "timestamp": "Tue Jan  9 15:18:28 2024"
          }
        ],
        [
          "atomName",
          "H29"
        ],
        [
          "atomElementName",
          ""
        ],
        [
          "atomAverageShift",
          7.85
        ],
        [
          "atomStdShift",
          null
        ],
        [
          "atomMinShift",
          7.85
        ],
        [
          "atomMaxShift",
          7.85
        ],
        [
          "atomDistributionRefValue",
          7.85
        ],
        [
          "atomDistributionValuePerPoint",
          1.0
        ],
        [
          "atomStatisticalDistribution",
          []
        ]
      ],
      [
        [
          "_metadata",
          {
            "jsonVersion": 3.0,
            "className": "AtomChemicalShift",
            "classVersion": 1.0,
            "user": "luca",
            "lastPath": "undefined",
            "timestamp": "Tue Jan  9 15:18:28 2024"
          }
        ],
        [
          "atomName",
          "H2E"
        ],
        [
          "atomElementName",
          ""
        ],
        [
          "atomAverageShift",
          3.17
        ],
        [
          "atomStdShift",
          null
        ],
        [
          "atomMinShift",
          3.17
        ],
        [
          "atomMaxShift",
          3.17
        ],
        [
          "atomDistributionRefValue",
          3.17
        ],
        [
          "atomDistributionValuePerPoint",
          1.0
        ],
        [
          "atomStatisticalDistribution",
          []
        ]
      ],
      [
        [
          "_metadata",
          {
            "jsonVersion": 3.0,
            "className": "AtomChemicalShift",
            "classVersion": 1.0,
            "user": "luca",
            "lastPath": "undefined",
            "timestamp": "Tue Jan  9 15:18:28 2024"
          }
        ],
        [
          "atomName",
          "H2X"
        ],
        [
          "atomElementName",
          ""
        ],
        [
          "atomAverageShift",
          3.17
        ],
        [
          "atomStdShift",
          null
        ],
        [
          "atomMinShift",
          3.17
        ],
        [
          "atomMaxShift",
          3.17
        ],
        [
          "atomDistributionRefValue",
          3.17
        ],
        [
          "atomDistributionValuePerPoint",
          1.0
        ],
        [
          "atomStatisticalDistribution",
          []
        ]
      ],
      [
        [
          "_metadata",
          {
            "jsonVersion": 3.0,
            "className": "AtomChemicalShift",
            "classVersion": 1.0,
            "user": "luca",
            "lastPath": "undefined",
            "timestamp": "Tue Jan  9 15:18:28 2024"
          }
        ],
        [
          "atomName",
          "H31"
        ],
        [
          "atomElementName",
          ""
        ],
        [
          "atomAverageShift",
          3.77
        ],
        [
          "atomStdShift",
          null
        ],
        [
          "atomMinShift",
          3.77
        ],
        [
          "atomMaxShift",
          3.77
        ],
        [
          "atomDistributionRefValue",
          3.77
        ],
        [
          "atomDistributionValuePerPoint",
          1.0
        ],
        [
          "atomStatisticalDistribution",
          []
        ]
      ],
      [
        [
          "_metadata",
          {
            "jsonVersion": 3.0,
            "className": "AtomChemicalShift",
            "classVersion": 1.0,
            "user": "luca",
            "lastPath": "undefined",
            "timestamp": "Tue Jan  9 15:18:28 2024"
          }
        ],
        [
          "atomName",
          "H33"
        ],
        [
          "atomElementName",
          ""
        ],
        [
          "atomAverageShift",
          3.68
        ],
        [
          "atomStdShift",
          null
        ],
        [
          "atomMinShift",
          3.68
        ],
        [
          "atomMaxShift",
          3.68
        ],
        [
          "atomDistributionRefValue",
          3.68
        ],
        [
          "atomDistributionValuePerPoint",
          1.0
        ],
        [
          "atomStatisticalDistribution",
          []
        ]
      ],
      [
        [
          "_metadata",
          {
            "jsonVersion": 3.0,
            "className": "AtomChemicalShift",
            "classVersion": 1.0,
            "user": "luca",
            "lastPath": "undefined",
            "timestamp": "Tue Jan  9 15:18:28 2024"
          }
        ],
        [
          "atomName",
          "H34"
        ],
        [
          "atomElementName",
          ""
        ],
        [
          "atomAverageShift",
          2.37
        ],
        [
          "atomStdShift",
          null
        ],
        [
          "atomMinShift",
          2.37
        ],
        [
          "atomMaxShift",
          2.37
        ],
        [
          "atomDistributionRefValue",
          2.37
        ],
        [
          "atomDistributionValuePerPoint",
          1.0
        ],
        [
          "atomStatisticalDistribution",
          []
        ]
      ],
      [
        [
          "_metadata",
          {
            "jsonVersion": 3.0,
            "className": "AtomChemicalShift",
            "classVersion": 1.0,
            "user": "luca",
            "lastPath": "undefined",
            "timestamp": "Tue Jan  9 15:18:28 2024"
          }
        ],
        [
          "atomName",
          "H37"
        ],
        [
          "atomElementName",
          ""
        ],
        [
          "atomAverageShift",
          4.13
        ],
        [
          "atomStdShift",
          null
        ],
        [
          "atomMinShift",
          4.13
        ],
        [
          "atomMaxShift",
          4.13
        ],
        [
          "atomDistributionRefValue",
          4.13
        ],
        [
          "atomDistributionValuePerPoint",
          1.0
        ],
        [
          "atomStatisticalDistribution",
          []
        ]
      ],
      [
        [
          "_metadata",
          {
            "jsonVersion": 3.0,
            "className": "AtomChemicalShift",
            "classVersion": 1.0,
            "user": "luca",
            "lastPath": "undefined",
            "timestamp": "Tue Jan  9 15:18:28 2024"
          }
        ],
        [
          "atomName",
          "H38"
        ],
        [
          "atomElementName",
          ""
        ],
        [
          "atomAverageShift",
          4.0
        ],
        [
          "atomStdShift",
          null
        ],
        [
          "atomMinShift",
          4.0
        ],
        [
          "atomMaxShift",
          4.0
        ],
        [
          "atomDistributionRefValue",
          4.0
        ],
        [
          "atomDistributionValuePerPoint",
          1.0
        ],
        [
          "atomStatisticalDistribution",
          []
        ]
      ],
      [
        [
          "_metadata",
          {
            "jsonVersion": 3.0,
            "className": "AtomChemicalShift",
            "classVersion": 1.0,
            "user": "luca",
            "lastPath": "undefined",
            "timestamp": "Tue Jan  9 15:18:28 2024"
          }
        ],
        [
          "atomName",
          "H3E"
        ],
        [
          "atomElementName",
          ""
        ],
        [
          "atomAverageShift",
          3.09
        ],
        [
          "atomStdShift",
          null
        ],
        [
          "atomMinShift",
          3.09
        ],
        [
          "atomMaxShift",
          3.09
        ],
        [
          "atomDistributionRefValue",
          3.09
        ],
        [
          "atomDistributionValuePerPoint",
          1.0
        ],
        [
          "atomStatisticalDistribution",
          []
        ]
      ],
      [
        [
          "_metadata",
          {
            "jsonVersion": 3.0,
            "className": "AtomChemicalShift",
            "classVersion": 1.0,
            "user": "luca",
            "lastPath": "undefined",
            "timestamp": "Tue Jan  9 15:18:28 2024"
          }
        ],
        [
          "atomName",
          "H3X"
        ],
        [
          "atomElementName",
          ""
        ],
        [
          "atomAverageShift",
          2.51
        ],
        [
          "atomStdShift",
          null
        ],
        [
          "atomMinShift",
          2.51
        ],
        [
          "atomMaxShift",
          2.51
        ],
        [
          "atomDistributionRefValue",
          2.51
        ],
        [
          "atomDistributionValuePerPoint",
          1.0
        ],
        [
          "atomStatisticalDistribution",
          []
        ]
      ],
      [
        [
          "_metadata",
          {
            "jsonVersion": 3.0,
            "className": "AtomChemicalShift",
            "classVersion": 1.0,
            "user": "luca",
            "lastPath": "undefined",
            "timestamp": "Tue Jan  9 15:18:28 2024"
          }
        ],
        [
          "atomName",
          "H44"
        ],
        [
          "atomElementName",
          ""
        ],
        [
          "atomAverageShift",
          8.11
        ],
        [
          "atomStdShift",
          null
        ],
        [
          "atomMinShift",
          8.11
        ],
        [
          "atomMaxShift",
          8.11
        ],
        [
          "atomDistributionRefValue",
          8.11
        ],
        [
          "atomDistributionValuePerPoint",
          1.0
        ],
        [
          "atomStatisticalDistribution",
          []
        ]
      ],
      [
        [
          "_metadata",
          {
            "jsonVersion": 3.0,
            "className": "AtomChemicalShift",
            "classVersion": 1.0,
            "user": "luca",
            "lastPath": "undefined",
            "timestamp": "Tue Jan  9 15:18:28 2024"
          }
        ],
        [
          "atomName",
          "H47"
        ],
        [
          "atomElementName",
          ""
        ],
        [
          "atomAverageShift",
          7.88
        ],
        [
          "atomStdShift",
          null
        ],
        [
          "atomMinShift",
          7.88
        ],
        [
          "atomMaxShift",
          7.88
        ],
        [
          "atomDistributionRefValue",
          7.88
        ],
        [
          "atomDistributionValuePerPoint",
          1.0
        ],
        [
          "atomStatisticalDistribution",
          []
        ]
      ],
      [
        [
          "_metadata",
          {
            "jsonVersion": 3.0,
            "className": "AtomChemicalShift",
            "classVersion": 1.0,
            "user": "luca",
            "lastPath": "undefined",
            "timestamp": "Tue Jan  9 15:18:28 2024"
          }
        ],
        [
          "atomName",
          "H57"
        ],
        [
          "atomElementName",
          ""
        ],
        [
          "atomAverageShift",
          3.96
        ],
        [
          "atomStdShift",
          null
        ],
        [
          "atomMinShift",
          3.96
        ],
        [
          "atomMaxShift",
          3.96
        ],
        [
          "atomDistributionRefValue",
          3.96
        ],
        [
          "atomDistributionValuePerPoint",
          1.0
        ],
        [
          "atomStatisticalDistribution",
          []
        ]
      ],
      [
        [
          "_metadata",
          {
            "jsonVersion": 3.0,
            "className": "AtomChemicalShift",
            "classVersion": 1.0,
            "user": "luca",
            "lastPath": "undefined",
            "timestamp": "Tue Jan  9 15:18:28 2024"
          }
        ],
        [
          "atomName",
          "H58"
        ],
        [
          "atomElementName",
          ""
        ],
        [
          "atomAverageShift",
          4.05
        ],
        [
          "atomStdShift",
          null
        ],
        [
          "atomMinShift",
          4.05
        ],
        [
          "atomMaxShift",
          4.05
        ],
        [
          "atomDistributionRefValue",
          4.05
        ],
        [
          "atomDistributionValuePerPoint",
          1.0
        ],
        [
          "atomStatisticalDistribution",
          []
        ]
      ],
      [
        [
          "_metadata",
          {
            "jsonVersion": 3.0,
            "className": "AtomChemicalShift",
            "classVersion": 1.0,
            "user": "luca",
            "lastPath": "undefined",
            "timestamp": "Tue Jan  9 15:18:28 2024"
          }
        ],
        [
          "atomName",
          "H59"
        ],
        [
          "atomElementName",
          ""
        ],
        [
          "atomAverageShift",
          3.76
        ],
        [
          "atomStdShift",
          null
        ],
        [
          "atomMinShift",
          3.76
        ],
        [
          "atomMaxShift",
          3.76
        ],
        [
          "atomDistributionRefValue",
          3.76
        ],
        [
          "atomDistributionValuePerPoint",
          1.0
        ],
        [
          "atomStatisticalDistribution",
          []
        ]
      ],
      [
        [
          "_metadata",
          {
            "jsonVersion": 3.0,
            "className": "AtomChemicalShift",
            "classVersion": 1.0,
            "user": "luca",
            "lastPath": "undefined",
            "timestamp": "Tue Jan  9 15:18:28 2024"
          }
        ],
        [
          "atomName",
          "H5E"
        ],
        [
          "atomElementName",
          ""
        ],
        [
          "atomAverageShift",
          2.77
        ],
        [
          "atomStdShift",
          null
        ],
        [
          "atomMinShift",
          2.77
        ],
        [
          "atomMaxShift",
          2.77
        ],
        [
          "atomDistributionRefValue",
          2.77
        ],
        [
          "atomDistributionValuePerPoint",
          1.0
        ],
        [
          "atomStatisticalDistribution",
          []
        ]
      ],
      [
        [
          "_metadata",
          {
            "jsonVersion": 3.0,
            "className": "AtomChemicalShift",
            "classVersion": 1.0,
            "user": "luca",
            "lastPath": "undefined",
            "timestamp": "Tue Jan  9 15:18:28 2024"
          }
        ],
        [
          "atomName",
          "H5X"
        ],
        [
          "atomElementName",
          ""
        ],
        [
          "atomAverageShift",
          2.61
        ],
        [
          "atomStdShift",
          null
        ],
        [
          "atomMinShift",
          2.61
        ],
        [
          "atomMaxShift",
          2.61
        ],
        [
          "atomDistributionRefValue",
          2.61
        ],
        [
          "atomDistributionValuePerPoint",
          1.0
        ],
        [
          "atomStatisticalDistribution",
          []
        ]
      ],
      [
        [
          "_metadata",
          {
            "jsonVersion": 3.0,
            "className": "AtomChemicalShift",
            "classVersion": 1.0,
            "user": "luca",
            "lastPath": "undefined",
            "timestamp": "Tue Jan  9 15:18:28 2024"
          }
        ],
        [
          "atomName",
          "H6"
        ],
        [
          "atomElementName",
          ""
        ],
        [
          "atomAverageShift",
          4.08
        ],
        [
          "atomStdShift",
          null
        ],
        [
          "atomMinShift",
          4.08
        ],
        [
          "atomMaxShift",
          4.08
        ],
        [
          "atomDistributionRefValue",
          4.08
        ],
        [
          "atomDistributionValuePerPoint",
          1.0
        ],
        [
          "atomStatisticalDistribution",
          []
        ]
      ],
      [
        [
          "_metadata",
          {
            "jsonVersion": 3.0,
            "className": "AtomChemicalShift",
            "classVersion": 1.0,
            "user": "luca",
            "lastPath": "undefined",
            "timestamp": "Tue Jan  9 15:18:28 2024"
          }
        ],
        [
          "atomName",
          "H60"
        ],
        [
          "atomElementName",
          ""
        ],
        [
          "atomAverageShift",
          3.99
        ],
        [
          "atomStdShift",
          null
        ],
        [
          "atomMinShift",
          3.99
        ],
        [
          "atomMaxShift",
          3.99
        ],
        [
          "atomDistributionRefValue",
          3.99
        ],
        [
          "atomDistributionValuePerPoint",
          1.0
        ],
        [
          "atomStatisticalDistribution",
          []
        ]
      ],
      [
        [
          "_metadata",
          {
            "jsonVersion": 3.0,
            "className": "AtomChemicalShift",
            "classVersion": 1.0,
            "user": "luca",
            "lastPath": "undefined",
            "timestamp": "Tue Jan  9 15:18:28 2024"
          }
        ],
        [
          "atomName",
          "H63"
        ],
        [
          "atomElementName",
          ""
        ],
        [
          "atomAverageShift",
          5.2
        ],
        [
          "atomStdShift",
          null
        ],
        [
          "atomMinShift",
          5.2
        ],
        [
          "atomMaxShift",
          5.2
        ],
        [
          "atomDistributionRefValue",
          5.2
        ],
        [
          "atomDistributionValuePerPoint",
          1.0
        ],
        [
          "atomStatisticalDistribution",
          []
        ]
      ],
      [
        [
          "_metadata",
          {
            "jsonVersion": 3.0,
            "className": "AtomChemicalShift",
            "classVersion": 1.0,
            "user": "luca",
            "lastPath": "undefined",
            "timestamp": "Tue Jan  9 15:18:28 2024"
          }
        ],
        [
          "atomName",
          "H64"
        ],
        [
          "atomElementName",
          ""
        ],
        [
          "atomAverageShift",
          4.96
        ],
        [
          "atomStdShift",
          null
        ],
        [
          "atomMinShift",
          4.96
        ],
        [
          "atomMaxShift",
          4.96
        ],
        [
          "atomDistributionRefValue",
          4.96
        ],
        [
          "atomDistributionValuePerPoint",
          1.0
        ],
        [
          "atomStatisticalDistribution",
          []
        ]
      ],
      [
        [
          "_metadata",
          {
            "jsonVersion": 3.0,
            "className": "AtomChemicalShift",
            "classVersion": 1.0,
            "user": "luca",
            "lastPath": "undefined",
            "timestamp": "Tue Jan  9 15:18:28 2024"
          }
        ],
        [
          "atomName",
          "H65"
        ],
        [
          "atomElementName",
          ""
        ],
        [
          "atomAverageShift",
          3.69
        ],
        [
          "atomStdShift",
          null
        ],
        [
          "atomMinShift",
          3.69
        ],
        [
          "atomMaxShift",
          3.69
        ],
        [
          "atomDistributionRefValue",
          3.69
        ],
        [
          "atomDistributionValuePerPoint",
          1.0
        ],
        [
          "atomStatisticalDistribution",
          []
        ]
      ],
      [
        [
          "_metadata",
          {
            "jsonVersion": 3.0,
            "className": "AtomChemicalShift",
            "classVersion": 1.0,
            "user": "luca",
            "lastPath": "undefined",
            "timestamp": "Tue Jan  9 15:18:28 2024"
          }
        ],
        [
          "atomName",
          "H67"
        ],
        [
          "atomElementName",
          ""
        ],
        [
          "atomAverageShift",
          3.68
        ],
        [
          "atomStdShift",
          null
        ],
        [
          "atomMinShift",
          3.68
        ],
        [
          "atomMaxShift",
          3.68
        ],
        [
          "atomDistributionRefValue",
          3.68
        ],
        [
          "atomDistributionValuePerPoint",
          1.0
        ],
        [
          "atomStatisticalDistribution",
          []
        ]
      ],
      [
        [
          "_metadata",
          {
            "jsonVersion": 3.0,
            "className": "AtomChemicalShift",
            "classVersion": 1.0,
            "user": "luca",
            "lastPath": "undefined",
            "timestamp": "Tue Jan  9 15:18:28 2024"
          }
        ],
        [
          "atomName",
          "H68"
        ],
        [
          "atomElementName",
          ""
        ],
        [
          "atomAverageShift",
          4.51
        ],
        [
          "atomStdShift",
          null
        ],
        [
          "atomMinShift",
          4.51
        ],
        [
          "atomMaxShift",
          4.51
        ],
        [
          "atomDistributionRefValue",
          4.51
        ],
        [
          "atomDistributionValuePerPoint",
          1.0
        ],
        [
          "atomStatisticalDistribution",
          []
        ]
      ],
      [
        [
          "_metadata",
          {
            "jsonVersion": 3.0,
            "className": "AtomChemicalShift",
            "classVersion": 1.0,
            "user": "luca",
            "lastPath": "undefined",
            "timestamp": "Tue Jan  9 15:18:28 2024"
          }
        ],
        [
          "atomName",
          "H69"
        ],
        [
          "atomElementName",
          ""
        ],
        [
          "atomAverageShift",
          3.87
        ],
        [
          "atomStdShift",
          null
        ],
        [
          "atomMinShift",
          3.87
        ],
        [
          "atomMaxShift",
          3.87
        ],
        [
          "atomDistributionRefValue",
          3.87
        ],
        [
          "atomDistributionValuePerPoint",
          1.0
        ],
        [
          "atomStatisticalDistribution",
          []
        ]
      ],
      [
        [
          "_metadata",
          {
            "jsonVersion": 3.0,
            "className": "AtomChemicalShift",
            "classVersion": 1.0,
            "user": "luca",
            "lastPath": "undefined",
            "timestamp": "Tue Jan  9 15:18:28 2024"
          }
        ],
        [
          "atomName",
          "HA1"
        ],
        [
          "atomElementName",
          ""
        ],
        [
          "atomAverageShift",
          7.18
        ],
        [
          "atomStdShift",
          null
        ],
        [
          "atomMinShift",
          7.18
        ],
        [
          "atomMaxShift",
          7.18
        ],
        [
          "atomDistributionRefValue",
          7.18
        ],
        [
          "atomDistributionValuePerPoint",
          1.0
        ],
        [
          "atomStatisticalDistribution",
          []
        ]
      ],
      [
        [
          "_metadata",
          {
            "jsonVersion": 3.0,
            "className": "AtomChemicalShift",
            "classVersion": 1.0,
            "user": "luca",
            "lastPath": "undefined",
            "timestamp": "Tue Jan  9 15:18:28 2024"
          }
        ],
        [
          "atomName",
          "HA2"
        ],
        [
          "atomElementName",
          ""
        ],
        [
          "atomAverageShift",
          7.91
        ],
        [
          "atomStdShift",
          null
        ],
        [
          "atomMinShift",
          7.91
        ],
        [
          "atomMaxShift",
          7.91
        ],
        [
          "atomDistributionRefValue",
          7.91
        ],
        [
          "atomDistributionValuePerPoint",
          1.0
        ],
        [
          "atomStatisticalDistribution",
          []
        ]
      ],
      [
        [
          "_metadata",
          {
            "jsonVersion": 3.0,
            "className": "AtomChemicalShift",
            "classVersion": 1.0,
            "user": "luca",
            "lastPath": "undefined",
            "timestamp": "Tue Jan  9 15:18:28 2024"
          }
        ],
        [
          "atomName",
          "HAA"
        ],
        [
          "atomElementName",
          ""
        ],
        [
          "atomAverageShift",
          1.97
        ],
        [
          "atomStdShift",
          null
        ],
        [
          "atomMinShift",
          1.97
        ],
        [
          "atomMaxShift",
          1.97
        ],
        [
          "atomDistributionRefValue",
          1.97
        ],
        [
          "atomDistributionValuePerPoint",
          1.0
        ],
        [
          "atomStatisticalDistribution",
          []
        ]
      ],
      [
        [
          "_metadata",
          {
            "jsonVersion": 3.0,
            "className": "AtomChemicalShift",
            "classVersion": 1.0,
            "user": "luca",
            "lastPath": "undefined",
            "timestamp": "Tue Jan  9 15:18:28 2024"
          }
        ],
        [
          "atomName",
          "HAB"
        ],
        [
          "atomElementName",
          ""
        ],
        [
          "atomAverageShift",
          1.97
        ],
        [
          "atomStdShift",
          null
        ],
        [
          "atomMinShift",
          1.97
        ],
        [
          "atomMaxShift",
          1.97
        ],
        [
          "atomDistributionRefValue",
          1.97
        ],
        [
          "atomDistributionValuePerPoint",
          1.0
        ],
        [
          "atomStatisticalDistribution",
          []
        ]
      ],
      [
        [
          "_metadata",
          {
            "jsonVersion": 3.0,
            "className": "AtomChemicalShift",
            "classVersion": 1.0,
            "user": "luca",
            "lastPath": "undefined",
            "timestamp": "Tue Jan  9 15:18:28 2024"
          }
        ],
        [
          "atomName",
          "HAC"
        ],
        [
          "atomElementName",
          ""
        ],
        [
          "atomAverageShift",
          1.97
        ],
        [
          "atomStdShift",
          null
        ],
        [
          "atomMinShift",
          1.97
        ],
        [
          "atomMaxShift",
          1.97
        ],
        [
          "atomDistributionRefValue",
          1.97
        ],
        [
          "atomDistributionValuePerPoint",
          1.0
        ],
        [
          "atomStatisticalDistribution",
          []
        ]
      ],
      [
        [
          "_metadata",
          {
            "jsonVersion": 3.0,
            "className": "AtomChemicalShift",
            "classVersion": 1.0,
            "user": "luca",
            "lastPath": "undefined",
            "timestamp": "Tue Jan  9 15:18:28 2024"
          }
        ],
        [
          "atomName",
          "HB1"
        ],
        [
          "atomElementName",
          ""
        ],
        [
          "atomAverageShift",
          6.81
        ],
        [
          "atomStdShift",
          null
        ],
        [
          "atomMinShift",
          6.81
        ],
        [
          "atomMaxShift",
          6.81
        ],
        [
          "atomDistributionRefValue",
          6.81
        ],
        [
          "atomDistributionValuePerPoint",
          1.0
        ],
        [
          "atomStatisticalDistribution",
          []
        ]
      ],
      [
        [
          "_metadata",
          {
            "jsonVersion": 3.0,
            "className": "AtomChemicalShift",
            "classVersion": 1.0,
            "user": "luca",
            "lastPath": "undefined",
            "timestamp": "Tue Jan  9 15:18:28 2024"
          }
        ],
        [
          "atomName",
          "HB2"
        ],
        [
          "atomElementName",
          ""
        ],
        [
          "atomAverageShift",
          6.38
        ],
        [
          "atomStdShift",
          null
        ],
        [
          "atomMinShift",
          6.38
        ],
        [
          "atomMaxShift",
          6.38
        ],
        [
          "atomDistributionRefValue",
          6.38
        ],
        [
          "atomDistributionValuePerPoint",
          1.0
        ],
        [
          "atomStatisticalDistribution",
          []
        ]
      ],
      [
        [
          "_metadata",
          {
            "jsonVersion": 3.0,
            "className": "AtomChemicalShift",
            "classVersion": 1.0,
            "user": "luca",
            "lastPath": "undefined",
            "timestamp": "Tue Jan  9 15:18:28 2024"
          }
        ],
        [
          "atomName",
          "HBA"
        ],
        [
          "atomElementName",
          ""
        ],
        [
          "atomAverageShift",
          1.04
        ],
        [
          "atomStdShift",
          null
        ],
        [
          "atomMinShift",
          1.04
        ],
        [
          "atomMaxShift",
          1.04
        ],
        [
          "atomDistributionRefValue",
          1.04
        ],
        [
          "atomDistributionValuePerPoint",
          1.0
        ],
        [
          "atomStatisticalDistribution",
          []
        ]
      ],
      [
        [
          "_metadata",
          {
            "jsonVersion": 3.0,
            "className": "AtomChemicalShift",
            "classVersion": 1.0,
            "user": "luca",
            "lastPath": "undefined",
            "timestamp": "Tue Jan  9 15:18:28 2024"
          }
        ],
        [
          "atomName",
          "HBB"
        ],
        [
          "atomElementName",
          ""
        ],
        [
          "atomAverageShift",
          1.04
        ],
        [
          "atomStdShift",
          null
        ],
        [
          "atomMinShift",
          1.04
        ],
        [
          "atomMaxShift",
          1.04
        ],
        [
          "atomDistributionRefValue",
          1.04
        ],
        [
          "atomDistributionValuePerPoint",
          1.0
        ],
        [
          "atomStatisticalDistribution",
          []
        ]
      ],
      [
        [
          "_metadata",
          {
            "jsonVersion": 3.0,
            "className": "AtomChemicalShift",
            "classVersion": 1.0,
            "user": "luca",
            "lastPath": "undefined",
            "timestamp": "Tue Jan  9 15:18:28 2024"
          }
        ],
        [
          "atomName",
          "HBC"
        ],
        [
          "atomElementName",
          ""
        ],
        [
          "atomAverageShift",
          1.04
        ],
        [
          "atomStdShift",
          null
        ],
        [
          "atomMinShift",
          1.04
        ],
        [
          "atomMaxShift",
          1.04
        ],
        [
          "atomDistributionRefValue",
          1.04
        ],
        [
          "atomDistributionValuePerPoint",
          1.0
        ],
        [
          "atomStatisticalDistribution",
          []
        ]
      ],
      [
        [
          "_metadata",
          {
            "jsonVersion": 3.0,
            "className": "AtomChemicalShift",
            "classVersion": 1.0,
            "user": "luca",
            "lastPath": "undefined",
            "timestamp": "Tue Jan  9 15:18:28 2024"
          }
        ],
        [
          "atomName",
          "HCA"
        ],
        [
          "atomElementName",
          ""
        ],
        [
          "atomAverageShift",
          1.04
        ],
        [
          "atomStdShift",
          null
        ],
        [
          "atomMinShift",
          1.04
        ],
        [
          "atomMaxShift",
          1.04
        ],
        [
          "atomDistributionRefValue",
          1.04
        ],
        [
          "atomDistributionValuePerPoint",
          1.0
        ],
        [
          "atomStatisticalDistribution",
          []
        ]
      ],
      [
        [
          "_metadata",
          {
            "jsonVersion": 3.0,
            "className": "AtomChemicalShift",
            "classVersion": 1.0,
            "user": "luca",
            "lastPath": "undefined",
            "timestamp": "Tue Jan  9 15:18:28 2024"
          }
        ],
        [
          "atomName",
          "HCB"
        ],
        [
          "atomElementName",
          ""
        ],
        [
          "atomAverageShift",
          1.04
        ],
        [
          "atomStdShift",
          null
        ],
        [
          "atomMinShift",
          1.04
        ],
        [
          "atomMaxShift",
          1.04
        ],
        [
          "atomDistributionRefValue",
          1.04
        ],
        [
          "atomDistributionValuePerPoint",
          1.0
        ],
        [
          "atomStatisticalDistribution",
          []
        ]
      ],
      [
        [
          "_metadata",
          {
            "jsonVersion": 3.0,
            "className": "AtomChemicalShift",
            "classVersion": 1.0,
            "user": "luca",
            "lastPath": "undefined",
            "timestamp": "Tue Jan  9 15:18:28 2024"
          }
        ],
        [
          "atomName",
          "HCC"
        ],
        [
          "atomElementName",
          ""
        ],
        [
          "atomAverageShift",
          1.04
        ],
        [
          "atomStdShift",
          null
        ],
        [
          "atomMinShift",
          1.04
        ],
        [
          "atomMaxShift",
          1.04
        ],
        [
          "atomDistributionRefValue",
          1.04
        ],
        [
          "atomDistributionValuePerPoint",
          1.0
        ],
        [
          "atomStatisticalDistribution",
          []
        ]
      ],
      [
        [
          "_metadata",
          {
            "jsonVersion": 3.0,
            "className": "AtomChemicalShift",
            "classVersion": 1.0,
            "user": "luca",
            "lastPath": "undefined",
            "timestamp": "Tue Jan  9 15:18:28 2024"
          }
        ],
        [
          "atomName",
          "HD1"
        ],
        [
          "atomElementName",
          ""
        ],
        [
          "atomAverageShift",
          7.0
        ],
        [
          "atomStdShift",
          null
        ],
        [
          "atomMinShift",
          7.0
        ],
        [
          "atomMaxShift",
          7.0
        ],
        [
          "atomDistributionRefValue",
          7.0
        ],
        [
          "atomDistributionValuePerPoint",
          1.0
        ],
        [
          "atomStatisticalDistribution",
          []
        ]
      ],
      [
        [
          "_metadata",
          {
            "jsonVersion": 3.0,
            "className": "AtomChemicalShift",
            "classVersion": 1.0,
            "user": "luca",
            "lastPath": "undefined",
            "timestamp": "Tue Jan  9 15:18:28 2024"
          }
        ],
        [
          "atomName",
          "HD2"
        ],
        [
          "atomElementName",
          ""
        ],
        [
          "atomAverageShift",
          7.79
        ],
        [
          "atomStdShift",
          null
        ],
        [
          "atomMinShift",
          7.79
        ],
        [
          "atomMaxShift",
          7.79
        ],
        [
          "atomDistributionRefValue",
          7.79
        ],
        [
          "atomDistributionValuePerPoint",
          1.0
        ],
        [
          "atomStatisticalDistribution",
          []
        ]
      ],
      [
        [
          "_metadata",
          {
            "jsonVersion": 3.0,
            "className": "AtomChemicalShift",
            "classVersion": 1.0,
            "user": "luca",
            "lastPath": "undefined",
            "timestamp": "Tue Jan  9 15:18:28 2024"
          }
        ],
        [
          "atomName",
          "HDA"
        ],
        [
          "atomElementName",
          ""
        ],
        [
          "atomAverageShift",
          1.03
        ],
        [
          "atomStdShift",
          null
        ],
        [
          "atomMinShift",
          1.03
        ],
        [
          "atomMaxShift",
          1.03
        ],
        [
          "atomDistributionRefValue",
          1.03
        ],
        [
          "atomDistributionValuePerPoint",
          1.0
        ],
        [
          "atomStatisticalDistribution",
          []
        ]
      ],
      [
        [
          "_metadata",
          {
            "jsonVersion": 3.0,
            "className": "AtomChemicalShift",
            "classVersion": 1.0,
            "user": "luca",
            "lastPath": "undefined",
            "timestamp": "Tue Jan  9 15:18:28 2024"
          }
        ],
        [
          "atomName",
          "HDB"
        ],
        [
          "atomElementName",
          ""
        ],
        [
          "atomAverageShift",
          1.03
        ],
        [
          "atomStdShift",
          null
        ],
        [
          "atomMinShift",
          1.03
        ],
        [
          "atomMaxShift",
          1.03
        ],
        [
          "atomDistributionRefValue",
          1.03
        ],
        [
          "atomDistributionValuePerPoint",
          1.0
        ],
        [
          "atomStatisticalDistribution",
          []
        ]
      ],
      [
        [
          "_metadata",
          {
            "jsonVersion": 3.0,
            "className": "AtomChemicalShift",
            "classVersion": 1.0,
            "user": "luca",
            "lastPath": "undefined",
            "timestamp": "Tue Jan  9 15:18:28 2024"
          }
        ],
        [
          "atomName",
          "HDC"
        ],
        [
          "atomElementName",
          ""
        ],
        [
          "atomAverageShift",
          1.03
        ],
        [
          "atomStdShift",
          null
        ],
        [
          "atomMinShift",
          1.03
        ],
        [
          "atomMaxShift",
          1.03
        ],
        [
          "atomDistributionRefValue",
          1.03
        ],
        [
          "atomDistributionValuePerPoint",
          1.0
        ],
        [
          "atomStatisticalDistribution",
          []
        ]
      ],
      [
        [
          "_metadata",
          {
            "jsonVersion": 3.0,
            "className": "AtomChemicalShift",
            "classVersion": 1.0,
            "user": "luca",
            "lastPath": "undefined",
            "timestamp": "Tue Jan  9 15:18:28 2024"
          }
        ],
        [
          "atomName",
          "HF1"
        ],
        [
          "atomElementName",
          ""
        ],
        [
          "atomAverageShift",
          6.77
        ],
        [
          "atomStdShift",
          null
        ],
        [
          "atomMinShift",
          6.77
        ],
        [
          "atomMaxShift",
          6.77
        ],
        [
          "atomDistributionRefValue",
          6.77
        ],
        [
          "atomDistributionValuePerPoint",
          1.0
        ],
        [
          "atomStatisticalDistribution",
          []
        ]
      ],
      [
        [
          "_metadata",
          {
            "jsonVersion": 3.0,
            "className": "AtomChemicalShift",
            "classVersion": 1.0,
            "user": "luca",
            "lastPath": "undefined",
            "timestamp": "Tue Jan  9 15:18:28 2024"
          }
        ],
        [
          "atomName",
          "HF2"
        ],
        [
          "atomElementName",
          ""
        ],
        [
          "atomAverageShift",
          6.77
        ],
        [
          "atomStdShift",
          null
        ],
        [
          "atomMinShift",
          6.77
        ],
        [
          "atomMaxShift",
          6.77
        ],
        [
          "atomDistributionRefValue",
          6.77
        ],
        [
          "atomDistributionValuePerPoint",
          1.0
        ],
        [
          "atomStatisticalDistribution",
          []
        ]
      ],
      [
        [
          "_metadata",
          {
            "jsonVersion": 3.0,
            "className": "AtomChemicalShift",
            "classVersion": 1.0,
            "user": "luca",
            "lastPath": "undefined",
            "timestamp": "Tue Jan  9 15:18:28 2024"
          }
        ],
        [
          "atomName",
          "HNH"
        ],
        [
          "atomElementName",
          ""
        ],
        [
          "atomAverageShift",
          9.41
        ],
        [
          "atomStdShift",
          null
        ],
        [
          "atomMinShift",
          9.41
        ],
        [
          "atomMaxShift",
          9.41
        ],
        [
          "atomDistributionRefValue",
          9.41
        ],
        [
          "atomDistributionValuePerPoint",
          1.0
        ],
        [
          "atomStatisticalDistribution",
          []
        ]
      ],
      [
        [
          "_metadata",
          {
            "jsonVersion": 3.0,
            "className": "AtomChemicalShift",
            "classVersion": 1.0,
            "user": "luca",
            "lastPath": "undefined",
            "timestamp": "Tue Jan  9 15:18:28 2024"
          }
        ],
        [
          "atomName",
          "HNK"
        ],
        [
          "atomElementName",
          ""
        ],
        [
          "atomAverageShift",
          8.23
        ],
        [
          "atomStdShift",
          null
        ],
        [
          "atomMinShift",
          8.23
        ],
        [
          "atomMaxShift",
          8.23
        ],
        [
          "atomDistributionRefValue",
          8.23
        ],
        [
          "atomDistributionValuePerPoint",
          1.0
        ],
        [
          "atomStatisticalDistribution",
          []
        ]
      ],
      [
        [
          "_metadata",
          {
            "jsonVersion": 3.0,
            "className": "AtomChemicalShift",
            "classVersion": 1.0,
            "user": "luca",
            "lastPath": "undefined",
            "timestamp": "Tue Jan  9 15:18:28 2024"
          }
        ],
        [
          "atomName",
          "HNL"
        ],
        [
          "atomElementName",
          ""
        ],
        [
          "atomAverageShift",
          8.06
        ],
        [
          "atomStdShift",
          null
        ],
        [
          "atomMinShift",
          8.06
        ],
        [
          "atomMaxShift",
          8.06
        ],
        [
          "atomDistributionRefValue",
          8.06
        ],
        [
          "atomDistributionValuePerPoint",
          1.0
        ],
        [
          "atomStatisticalDistribution",
          []
        ]
      ],
      [
        [
          "_metadata",
          {
            "jsonVersion": 3.0,
            "className": "AtomChemicalShift",
            "classVersion": 1.0,
            "user": "luca",
            "lastPath": "undefined",
            "timestamp": "Tue Jan  9 15:18:28 2024"
          }
        ],
        [
          "atomName",
          "HNM"
        ],
        [
          "atomElementName",
          ""
        ],
        [
          "atomAverageShift",
          8.35
        ],
        [
          "atomStdShift",
          null
        ],
        [
          "atomMinShift",
          8.35
        ],
        [
          "atomMaxShift",
          8.35
        ],
        [
          "atomDistributionRefValue",
          8.35
        ],
        [
          "atomDistributionValuePerPoint",
          1.0
        ],
        [
          "atomStatisticalDistribution",
          []
        ]
      ]
    ]
  ]
]