[
  [
    "_metadata",
    {
      "jsonVersion": 3,
      "className": "ReferenceChemicalShift",
      "classVersion": 1,
      "user": "CCPN",
      "lastPath": "/Users/luca/Projects/AnalysisV3/resources/referenceChemicalShifts/NonStandard/Non-Polymer/BQ6.json",
      "timestamp": "Tue Jan  9 15:18:25 2024",
      "applicationVersion": 3.2
    }
  ],
  [
    "chemicalShiftName",
    "Non-Standard Residues / Small Molecules"
  ],
  [
    "chemicalShiftComment",
    "The CCPN Analysis Version 3 ReferenceChemical shifts retrieved from BMRB"
  ],
  [
    "chemicalShiftEntryDate",
    "2023-09-14-14:25:08"
  ],
  [
    "compoundName",
    "4-(3-cyano-3-methylazetidine-1-carbonyl)-N-[(3S)-7-fluoro-6-methyl-3,4-dihydro-2H-1-benzopyran-3-yl]-5-methyl-1H-pyrrole-2-sulfonamide"
  ],
  [
    "compoundShortName",
    "BQ6"
  ],
  [
    "compoundCcpCode",
    "BQ6"
  ],
  [
    "compoundType",
    "Non-Polymer"
  ],
  [
    "compoundTypeClassification",
    "non-polymer"
  ],
  [
    "compoundPrecursorName",
    ""
  ],
  [
    "loadingLevel",
    0
  ],
  [
    "atoms",
    [
      [
        [
          "_metadata",
          {
            "jsonVersion": 3.0,
            "className": "AtomChemicalShift",
            "classVersion": 1.0,
            "user": "luca",
            "lastPath": "undefined",
            "timestamp": "Tue Jan  9 15:18:24 2024"
          }
        ],
        [
          "atomName",
          "H"
        ],
        [
          "atomElementName",
          ""
        ],
        [
          "atomAverageShift",
          6.711
        ],
        [
          "atomStdShift",
          null
        ],
        [
          "atomMinShift",
          6.711
        ],
        [
          "atomMaxShift",
          6.711
        ],
        [
          "atomDistributionRefValue",
          6.711
        ],
        [
          "atomDistributionValuePerPoint",
          1.0
        ],
        [
          "atomStatisticalDistribution",
          []
        ]
      ],
      [
        [
          "_metadata",
          {
            "jsonVersion": 3.0,
            "className": "AtomChemicalShift",
            "classVersion": 1.0,
            "user": "luca",
            "lastPath": "undefined",
            "timestamp": "Tue Jan  9 15:18:24 2024"
          }
        ],
        [
          "atomName",
          "H04"
        ],
        [
          "atomElementName",
          ""
        ],
        [
          "atomAverageShift",
          7.206
        ],
        [
          "atomStdShift",
          0.025
        ],
        [
          "atomMinShift",
          7.188
        ],
        [
          "atomMaxShift",
          7.223
        ],
        [
          "atomDistributionRefValue",
          7.188
        ],
        [
          "atomDistributionValuePerPoint",
          1.0
        ],
        [
          "atomStatisticalDistribution",
          []
        ]
      ],
      [
        [
          "_metadata",
          {
            "jsonVersion": 3.0,
            "className": "AtomChemicalShift",
            "classVersion": 1.0,
            "user": "luca",
            "lastPath": "undefined",
            "timestamp": "Tue Jan  9 15:18:24 2024"
          }
        ],
        [
          "atomName",
          "H10"
        ],
        [
          "atomElementName",
          ""
        ],
        [
          "atomAverageShift",
          6.857
        ],
        [
          "atomStdShift",
          0.028
        ],
        [
          "atomMinShift",
          6.837
        ],
        [
          "atomMaxShift",
          6.876
        ],
        [
          "atomDistributionRefValue",
          6.837
        ],
        [
          "atomDistributionValuePerPoint",
          1.0
        ],
        [
          "atomStatisticalDistribution",
          []
        ]
      ],
      [
        [
          "_metadata",
          {
            "jsonVersion": 3.0,
            "className": "AtomChemicalShift",
            "classVersion": 1.0,
            "user": "luca",
            "lastPath": "undefined",
            "timestamp": "Tue Jan  9 15:18:24 2024"
          }
        ],
        [
          "atomName",
          "H11"
        ],
        [
          "atomElementName",
          ""
        ],
        [
          "atomAverageShift",
          2.373
        ],
        [
          "atomStdShift",
          null
        ],
        [
          "atomMinShift",
          2.373
        ],
        [
          "atomMaxShift",
          2.373
        ],
        [
          "atomDistributionRefValue",
          2.373
        ],
        [
          "atomDistributionValuePerPoint",
          1.0
        ],
        [
          "atomStatisticalDistribution",
          []
        ]
      ],
      [
        [
          "_metadata",
          {
            "jsonVersion": 3.0,
            "className": "AtomChemicalShift",
            "classVersion": 1.0,
            "user": "luca",
            "lastPath": "undefined",
            "timestamp": "Tue Jan  9 15:18:24 2024"
          }
        ],
        [
          "atomName",
          "H16"
        ],
        [
          "atomElementName",
          ""
        ],
        [
          "atomAverageShift",
          4.602
        ],
        [
          "atomStdShift",
          0.001
        ],
        [
          "atomMinShift",
          4.601
        ],
        [
          "atomMaxShift",
          4.602
        ],
        [
          "atomDistributionRefValue",
          4.601
        ],
        [
          "atomDistributionValuePerPoint",
          1.0
        ],
        [
          "atomStatisticalDistribution",
          []
        ]
      ],
      [
        [
          "_metadata",
          {
            "jsonVersion": 3.0,
            "className": "AtomChemicalShift",
            "classVersion": 1.0,
            "user": "luca",
            "lastPath": "undefined",
            "timestamp": "Tue Jan  9 15:18:24 2024"
          }
        ],
        [
          "atomName",
          "H17"
        ],
        [
          "atomElementName",
          ""
        ],
        [
          "atomAverageShift",
          4.449
        ],
        [
          "atomStdShift",
          0.002
        ],
        [
          "atomMinShift",
          4.447
        ],
        [
          "atomMaxShift",
          4.45
        ],
        [
          "atomDistributionRefValue",
          4.447
        ],
        [
          "atomDistributionValuePerPoint",
          1.0
        ],
        [
          "atomStatisticalDistribution",
          []
        ]
      ],
      [
        [
          "_metadata",
          {
            "jsonVersion": 3.0,
            "className": "AtomChemicalShift",
            "classVersion": 1.0,
            "user": "luca",
            "lastPath": "undefined",
            "timestamp": "Tue Jan  9 15:18:24 2024"
          }
        ],
        [
          "atomName",
          "H20"
        ],
        [
          "atomElementName",
          ""
        ],
        [
          "atomAverageShift",
          1.644
        ],
        [
          "atomStdShift",
          null
        ],
        [
          "atomMinShift",
          1.644
        ],
        [
          "atomMaxShift",
          1.644
        ],
        [
          "atomDistributionRefValue",
          1.644
        ],
        [
          "atomDistributionValuePerPoint",
          1.0
        ],
        [
          "atomStatisticalDistribution",
          []
        ]
      ],
      [
        [
          "_metadata",
          {
            "jsonVersion": 3.0,
            "className": "AtomChemicalShift",
            "classVersion": 1.0,
            "user": "luca",
            "lastPath": "undefined",
            "timestamp": "Tue Jan  9 15:18:24 2024"
          }
        ],
        [
          "atomName",
          "H24"
        ],
        [
          "atomElementName",
          ""
        ],
        [
          "atomAverageShift",
          4.137
        ],
        [
          "atomStdShift",
          0.004
        ],
        [
          "atomMinShift",
          4.134
        ],
        [
          "atomMaxShift",
          4.139
        ],
        [
          "atomDistributionRefValue",
          4.134
        ],
        [
          "atomDistributionValuePerPoint",
          1.0
        ],
        [
          "atomStatisticalDistribution",
          []
        ]
      ],
      [
        [
          "_metadata",
          {
            "jsonVersion": 3.0,
            "className": "AtomChemicalShift",
            "classVersion": 1.0,
            "user": "luca",
            "lastPath": "undefined",
            "timestamp": "Tue Jan  9 15:18:24 2024"
          }
        ],
        [
          "atomName",
          "H25"
        ],
        [
          "atomElementName",
          ""
        ],
        [
          "atomAverageShift",
          3.897
        ],
        [
          "atomStdShift",
          0.003
        ],
        [
          "atomMinShift",
          3.895
        ],
        [
          "atomMaxShift",
          3.899
        ],
        [
          "atomDistributionRefValue",
          3.895
        ],
        [
          "atomDistributionValuePerPoint",
          1.0
        ],
        [
          "atomStatisticalDistribution",
          []
        ]
      ],
      [
        [
          "_metadata",
          {
            "jsonVersion": 3.0,
            "className": "AtomChemicalShift",
            "classVersion": 1.0,
            "user": "luca",
            "lastPath": "undefined",
            "timestamp": "Tue Jan  9 15:18:24 2024"
          }
        ],
        [
          "atomName",
          "H33"
        ],
        [
          "atomElementName",
          ""
        ],
        [
          "atomAverageShift",
          3.099
        ],
        [
          "atomStdShift",
          0.011
        ],
        [
          "atomMinShift",
          3.091
        ],
        [
          "atomMaxShift",
          3.106
        ],
        [
          "atomDistributionRefValue",
          3.091
        ],
        [
          "atomDistributionValuePerPoint",
          1.0
        ],
        [
          "atomStatisticalDistribution",
          []
        ]
      ],
      [
        [
          "_metadata",
          {
            "jsonVersion": 3.0,
            "className": "AtomChemicalShift",
            "classVersion": 1.0,
            "user": "luca",
            "lastPath": "undefined",
            "timestamp": "Tue Jan  9 15:18:24 2024"
          }
        ],
        [
          "atomName",
          "H44"
        ],
        [
          "atomElementName",
          ""
        ],
        [
          "atomAverageShift",
          2.377
        ],
        [
          "atomStdShift",
          0.004
        ],
        [
          "atomMinShift",
          2.374
        ],
        [
          "atomMaxShift",
          2.379
        ],
        [
          "atomDistributionRefValue",
          2.374
        ],
        [
          "atomDistributionValuePerPoint",
          1.0
        ],
        [
          "atomStatisticalDistribution",
          []
        ]
      ],
      [
        [
          "_metadata",
          {
            "jsonVersion": 3.0,
            "className": "AtomChemicalShift",
            "classVersion": 1.0,
            "user": "luca",
            "lastPath": "undefined",
            "timestamp": "Tue Jan  9 15:18:24 2024"
          }
        ],
        [
          "atomName",
          "H45"
        ],
        [
          "atomElementName",
          ""
        ],
        [
          "atomAverageShift",
          2.566
        ],
        [
          "atomStdShift",
          0.014
        ],
        [
          "atomMinShift",
          2.556
        ],
        [
          "atomMaxShift",
          2.576
        ],
        [
          "atomDistributionRefValue",
          2.556
        ],
        [
          "atomDistributionValuePerPoint",
          1.0
        ],
        [
          "atomStatisticalDistribution",
          []
        ]
      ],
      [
        [
          "_metadata",
          {
            "jsonVersion": 3.0,
            "className": "AtomChemicalShift",
            "classVersion": 1.0,
            "user": "luca",
            "lastPath": "undefined",
            "timestamp": "Tue Jan  9 15:18:24 2024"
          }
        ],
        [
          "atomName",
          "H51"
        ],
        [
          "atomElementName",
          ""
        ],
        [
          "atomAverageShift",
          4.026
        ],
        [
          "atomStdShift",
          0.529
        ],
        [
          "atomMinShift",
          3.652
        ],
        [
          "atomMaxShift",
          4.4
        ],
        [
          "atomDistributionRefValue",
          3.652
        ],
        [
          "atomDistributionValuePerPoint",
          1.0
        ],
        [
          "atomStatisticalDistribution",
          []
        ]
      ],
      [
        [
          "_metadata",
          {
            "jsonVersion": 3.0,
            "className": "AtomChemicalShift",
            "classVersion": 1.0,
            "user": "luca",
            "lastPath": "undefined",
            "timestamp": "Tue Jan  9 15:18:24 2024"
          }
        ],
        [
          "atomName",
          "H52"
        ],
        [
          "atomElementName",
          ""
        ],
        [
          "atomAverageShift",
          4.021
        ],
        [
          "atomStdShift",
          0.521
        ],
        [
          "atomMinShift",
          3.652
        ],
        [
          "atomMaxShift",
          4.389
        ],
        [
          "atomDistributionRefValue",
          3.652
        ],
        [
          "atomDistributionValuePerPoint",
          1.0
        ],
        [
          "atomStatisticalDistribution",
          []
        ]
      ],
      [
        [
          "_metadata",
          {
            "jsonVersion": 3.0,
            "className": "AtomChemicalShift",
            "classVersion": 1.0,
            "user": "luca",
            "lastPath": "undefined",
            "timestamp": "Tue Jan  9 15:18:24 2024"
          }
        ],
        [
          "atomName",
          "H7"
        ],
        [
          "atomElementName",
          ""
        ],
        [
          "atomAverageShift",
          6.655
        ],
        [
          "atomStdShift",
          null
        ],
        [
          "atomMinShift",
          6.655
        ],
        [
          "atomMaxShift",
          6.655
        ],
        [
          "atomDistributionRefValue",
          6.655
        ],
        [
          "atomDistributionValuePerPoint",
          1.0
        ],
        [
          "atomStatisticalDistribution",
          []
        ]
      ],
      [
        [
          "_metadata",
          {
            "jsonVersion": 3.0,
            "className": "AtomChemicalShift",
            "classVersion": 1.0,
            "user": "luca",
            "lastPath": "undefined",
            "timestamp": "Tue Jan  9 15:18:24 2024"
          }
        ],
        [
          "atomName",
          "Q10"
        ],
        [
          "atomElementName",
          ""
        ],
        [
          "atomAverageShift",
          2.396
        ],
        [
          "atomStdShift",
          null
        ],
        [
          "atomMinShift",
          2.396
        ],
        [
          "atomMaxShift",
          2.396
        ],
        [
          "atomDistributionRefValue",
          2.396
        ],
        [
          "atomDistributionValuePerPoint",
          1.0
        ],
        [
          "atomStatisticalDistribution",
          []
        ]
      ],
      [
        [
          "_metadata",
          {
            "jsonVersion": 3.0,
            "className": "AtomChemicalShift",
            "classVersion": 1.0,
            "user": "luca",
            "lastPath": "undefined",
            "timestamp": "Tue Jan  9 15:18:24 2024"
          }
        ],
        [
          "atomName",
          "Q20"
        ],
        [
          "atomElementName",
          ""
        ],
        [
          "atomAverageShift",
          1.667
        ],
        [
          "atomStdShift",
          null
        ],
        [
          "atomMinShift",
          1.667
        ],
        [
          "atomMaxShift",
          1.667
        ],
        [
          "atomDistributionRefValue",
          1.667
        ],
        [
          "atomDistributionValuePerPoint",
          1.0
        ],
        [
          "atomStatisticalDistribution",
          []
        ]
      ]
    ]
  ]
]