[
  [
    "_metadata",
    {
      "jsonVersion": 3,
      "className": "ReferenceChemicalShift",
      "classVersion": 1,
      "user": "CCPN",
      "lastPath": "/Users/luca/Projects/AnalysisV3/resources/referenceChemicalShifts/NonStandard/Non-Polymer/CM7.json",
      "timestamp": "Tue Jan  9 15:18:36 2024",
      "applicationVersion": 3.2
    }
  ],
  [
    "chemicalShiftName",
    "Non-Standard Residues / Small Molecules"
  ],
  [
    "chemicalShiftComment",
    "The CCPN Analysis Version 3 ReferenceChemical shifts retrieved from BMRB"
  ],
  [
    "chemicalShiftEntryDate",
    "2023-09-14-14:25:08"
  ],
  [
    "compoundName",
    "N-[(1S,2R)-1-benzyl-2-hydroxy-3-{[3-(trifluoromethyl)benzyl]amino}propyl]-7-ethyl-1-methyl-3,4-dihydro-1H-[1,2,5]thiadiazepino[3,4,5-hi]indole-9-carboxamide 2,2-dioxide"
  ],
  [
    "compoundShortName",
    "CM7"
  ],
  [
    "compoundCcpCode",
    "CM7"
  ],
  [
    "compoundType",
    "Non-Polymer"
  ],
  [
    "compoundTypeClassification",
    "non-polymer"
  ],
  [
    "compoundPrecursorName",
    ""
  ],
  [
    "loadingLevel",
    0
  ],
  [
    "atoms",
    [
      [
        [
          "_metadata",
          {
            "jsonVersion": 3.0,
            "className": "AtomChemicalShift",
            "classVersion": 1.0,
            "user": "luca",
            "lastPath": "undefined",
            "timestamp": "Tue Jan  9 15:18:35 2024"
          }
        ],
        [
          "atomName",
          "H1"
        ],
        [
          "atomElementName",
          ""
        ],
        [
          "atomAverageShift",
          7.77
        ],
        [
          "atomStdShift",
          null
        ],
        [
          "atomMinShift",
          7.77
        ],
        [
          "atomMaxShift",
          7.77
        ],
        [
          "atomDistributionRefValue",
          7.77
        ],
        [
          "atomDistributionValuePerPoint",
          1.0
        ],
        [
          "atomStatisticalDistribution",
          []
        ]
      ],
      [
        [
          "_metadata",
          {
            "jsonVersion": 3.0,
            "className": "AtomChemicalShift",
            "classVersion": 1.0,
            "user": "luca",
            "lastPath": "undefined",
            "timestamp": "Tue Jan  9 15:18:35 2024"
          }
        ],
        [
          "atomName",
          "H7"
        ],
        [
          "atomElementName",
          ""
        ],
        [
          "atomAverageShift",
          5.739
        ],
        [
          "atomStdShift",
          null
        ],
        [
          "atomMinShift",
          5.739
        ],
        [
          "atomMaxShift",
          5.739
        ],
        [
          "atomDistributionRefValue",
          5.739
        ],
        [
          "atomDistributionValuePerPoint",
          1.0
        ],
        [
          "atomStatisticalDistribution",
          []
        ]
      ],
      [
        [
          "_metadata",
          {
            "jsonVersion": 3.0,
            "className": "AtomChemicalShift",
            "classVersion": 1.0,
            "user": "luca",
            "lastPath": "undefined",
            "timestamp": "Tue Jan  9 15:18:35 2024"
          }
        ],
        [
          "atomName",
          "H8"
        ],
        [
          "atomElementName",
          ""
        ],
        [
          "atomAverageShift",
          5.644
        ],
        [
          "atomStdShift",
          null
        ],
        [
          "atomMinShift",
          5.644
        ],
        [
          "atomMaxShift",
          5.644
        ],
        [
          "atomDistributionRefValue",
          5.644
        ],
        [
          "atomDistributionValuePerPoint",
          1.0
        ],
        [
          "atomStatisticalDistribution",
          []
        ]
      ],
      [
        [
          "_metadata",
          {
            "jsonVersion": 3.0,
            "className": "AtomChemicalShift",
            "classVersion": 1.0,
            "user": "luca",
            "lastPath": "undefined",
            "timestamp": "Tue Jan  9 15:18:35 2024"
          }
        ],
        [
          "atomName",
          "H9"
        ],
        [
          "atomElementName",
          ""
        ],
        [
          "atomAverageShift",
          4.789
        ],
        [
          "atomStdShift",
          null
        ],
        [
          "atomMinShift",
          4.789
        ],
        [
          "atomMaxShift",
          4.789
        ],
        [
          "atomDistributionRefValue",
          4.789
        ],
        [
          "atomDistributionValuePerPoint",
          1.0
        ],
        [
          "atomStatisticalDistribution",
          []
        ]
      ],
      [
        [
          "_metadata",
          {
            "jsonVersion": 3.0,
            "className": "AtomChemicalShift",
            "classVersion": 1.0,
            "user": "luca",
            "lastPath": "undefined",
            "timestamp": "Tue Jan  9 15:18:35 2024"
          }
        ],
        [
          "atomName",
          "HD1"
        ],
        [
          "atomElementName",
          ""
        ],
        [
          "atomAverageShift",
          6.961
        ],
        [
          "atomStdShift",
          null
        ],
        [
          "atomMinShift",
          6.961
        ],
        [
          "atomMaxShift",
          6.961
        ],
        [
          "atomDistributionRefValue",
          6.961
        ],
        [
          "atomDistributionValuePerPoint",
          1.0
        ],
        [
          "atomStatisticalDistribution",
          []
        ]
      ],
      [
        [
          "_metadata",
          {
            "jsonVersion": 3.0,
            "className": "AtomChemicalShift",
            "classVersion": 1.0,
            "user": "luca",
            "lastPath": "undefined",
            "timestamp": "Tue Jan  9 15:18:36 2024"
          }
        ],
        [
          "atomName",
          "HD4"
        ],
        [
          "atomElementName",
          ""
        ],
        [
          "atomAverageShift",
          7.192
        ],
        [
          "atomStdShift",
          null
        ],
        [
          "atomMinShift",
          7.192
        ],
        [
          "atomMaxShift",
          7.192
        ],
        [
          "atomDistributionRefValue",
          7.192
        ],
        [
          "atomDistributionValuePerPoint",
          1.0
        ],
        [
          "atomStatisticalDistribution",
          []
        ]
      ],
      [
        [
          "_metadata",
          {
            "jsonVersion": 3.0,
            "className": "AtomChemicalShift",
            "classVersion": 1.0,
            "user": "luca",
            "lastPath": "undefined",
            "timestamp": "Tue Jan  9 15:18:36 2024"
          }
        ],
        [
          "atomName",
          "HD5"
        ],
        [
          "atomElementName",
          ""
        ],
        [
          "atomAverageShift",
          6.718
        ],
        [
          "atomStdShift",
          null
        ],
        [
          "atomMinShift",
          6.718
        ],
        [
          "atomMaxShift",
          6.718
        ],
        [
          "atomDistributionRefValue",
          6.718
        ],
        [
          "atomDistributionValuePerPoint",
          1.0
        ],
        [
          "atomStatisticalDistribution",
          []
        ]
      ],
      [
        [
          "_metadata",
          {
            "jsonVersion": 3.0,
            "className": "AtomChemicalShift",
            "classVersion": 1.0,
            "user": "luca",
            "lastPath": "undefined",
            "timestamp": "Tue Jan  9 15:18:36 2024"
          }
        ],
        [
          "atomName",
          "HE1"
        ],
        [
          "atomElementName",
          ""
        ],
        [
          "atomAverageShift",
          7.169
        ],
        [
          "atomStdShift",
          null
        ],
        [
          "atomMinShift",
          7.169
        ],
        [
          "atomMaxShift",
          7.169
        ],
        [
          "atomDistributionRefValue",
          7.169
        ],
        [
          "atomDistributionValuePerPoint",
          1.0
        ],
        [
          "atomStatisticalDistribution",
          []
        ]
      ],
      [
        [
          "_metadata",
          {
            "jsonVersion": 3.0,
            "className": "AtomChemicalShift",
            "classVersion": 1.0,
            "user": "luca",
            "lastPath": "undefined",
            "timestamp": "Tue Jan  9 15:18:36 2024"
          }
        ],
        [
          "atomName",
          "HE5"
        ],
        [
          "atomElementName",
          ""
        ],
        [
          "atomAverageShift",
          6.938
        ],
        [
          "atomStdShift",
          null
        ],
        [
          "atomMinShift",
          6.938
        ],
        [
          "atomMaxShift",
          6.938
        ],
        [
          "atomDistributionRefValue",
          6.938
        ],
        [
          "atomDistributionValuePerPoint",
          1.0
        ],
        [
          "atomStatisticalDistribution",
          []
        ]
      ],
      [
        [
          "_metadata",
          {
            "jsonVersion": 3.0,
            "className": "AtomChemicalShift",
            "classVersion": 1.0,
            "user": "luca",
            "lastPath": "undefined",
            "timestamp": "Tue Jan  9 15:18:36 2024"
          }
        ],
        [
          "atomName",
          "HE6"
        ],
        [
          "atomElementName",
          ""
        ],
        [
          "atomAverageShift",
          7.377
        ],
        [
          "atomStdShift",
          null
        ],
        [
          "atomMinShift",
          7.377
        ],
        [
          "atomMaxShift",
          7.377
        ],
        [
          "atomDistributionRefValue",
          7.377
        ],
        [
          "atomDistributionValuePerPoint",
          1.0
        ],
        [
          "atomStatisticalDistribution",
          []
        ]
      ],
      [
        [
          "_metadata",
          {
            "jsonVersion": 3.0,
            "className": "AtomChemicalShift",
            "classVersion": 1.0,
            "user": "luca",
            "lastPath": "undefined",
            "timestamp": "Tue Jan  9 15:18:36 2024"
          }
        ],
        [
          "atomName",
          "HH2"
        ],
        [
          "atomElementName",
          ""
        ],
        [
          "atomAverageShift",
          2.858
        ],
        [
          "atomStdShift",
          null
        ],
        [
          "atomMinShift",
          2.858
        ],
        [
          "atomMaxShift",
          2.858
        ],
        [
          "atomDistributionRefValue",
          2.858
        ],
        [
          "atomDistributionValuePerPoint",
          1.0
        ],
        [
          "atomStatisticalDistribution",
          []
        ]
      ],
      [
        [
          "_metadata",
          {
            "jsonVersion": 3.0,
            "className": "AtomChemicalShift",
            "classVersion": 1.0,
            "user": "luca",
            "lastPath": "undefined",
            "timestamp": "Tue Jan  9 15:18:36 2024"
          }
        ],
        [
          "atomName",
          "HH3"
        ],
        [
          "atomElementName",
          ""
        ],
        [
          "atomAverageShift",
          3.07
        ],
        [
          "atomStdShift",
          null
        ],
        [
          "atomMinShift",
          3.07
        ],
        [
          "atomMaxShift",
          3.07
        ],
        [
          "atomDistributionRefValue",
          3.07
        ],
        [
          "atomDistributionValuePerPoint",
          1.0
        ],
        [
          "atomStatisticalDistribution",
          []
        ]
      ],
      [
        [
          "_metadata",
          {
            "jsonVersion": 3.0,
            "className": "AtomChemicalShift",
            "classVersion": 1.0,
            "user": "luca",
            "lastPath": "undefined",
            "timestamp": "Tue Jan  9 15:18:36 2024"
          }
        ],
        [
          "atomName",
          "HH4"
        ],
        [
          "atomElementName",
          ""
        ],
        [
          "atomAverageShift",
          3.576
        ],
        [
          "atomStdShift",
          null
        ],
        [
          "atomMinShift",
          3.576
        ],
        [
          "atomMaxShift",
          3.576
        ],
        [
          "atomDistributionRefValue",
          3.576
        ],
        [
          "atomDistributionValuePerPoint",
          1.0
        ],
        [
          "atomStatisticalDistribution",
          []
        ]
      ],
      [
        [
          "_metadata",
          {
            "jsonVersion": 3.0,
            "className": "AtomChemicalShift",
            "classVersion": 1.0,
            "user": "luca",
            "lastPath": "undefined",
            "timestamp": "Tue Jan  9 15:18:36 2024"
          }
        ],
        [
          "atomName",
          "HHM"
        ],
        [
          "atomElementName",
          ""
        ],
        [
          "atomAverageShift",
          1.172
        ],
        [
          "atomStdShift",
          null
        ],
        [
          "atomMinShift",
          1.172
        ],
        [
          "atomMaxShift",
          1.172
        ],
        [
          "atomDistributionRefValue",
          1.172
        ],
        [
          "atomDistributionValuePerPoint",
          1.0
        ],
        [
          "atomStatisticalDistribution",
          []
        ]
      ],
      [
        [
          "_metadata",
          {
            "jsonVersion": 3.0,
            "className": "AtomChemicalShift",
            "classVersion": 1.0,
            "user": "luca",
            "lastPath": "undefined",
            "timestamp": "Tue Jan  9 15:18:36 2024"
          }
        ],
        [
          "atomName",
          "HZ2"
        ],
        [
          "atomElementName",
          ""
        ],
        [
          "atomAverageShift",
          7.745
        ],
        [
          "atomStdShift",
          null
        ],
        [
          "atomMinShift",
          7.745
        ],
        [
          "atomMaxShift",
          7.745
        ],
        [
          "atomDistributionRefValue",
          7.745
        ],
        [
          "atomDistributionValuePerPoint",
          1.0
        ],
        [
          "atomStatisticalDistribution",
          []
        ]
      ]
    ]
  ]
]