[
  [
    "_metadata",
    {
      "jsonVersion": 3,
      "className": "ReferenceChemicalShift",
      "classVersion": 1,
      "user": "CCPN",
      "lastPath": "/Users/luca/Projects/AnalysisV3/resources/referenceChemicalShifts/NonStandard/Non-Polymer/CMF.json",
      "timestamp": "Tue Jan  9 15:18:43 2024",
      "applicationVersion": 3.2
    }
  ],
  [
    "chemicalShiftName",
    "Non-Standard Residues / Small Molecules"
  ],
  [
    "chemicalShiftComment",
    "The CCPN Analysis Version 3 ReferenceChemical shifts retrieved from BMRB"
  ],
  [
    "chemicalShiftEntryDate",
    "2023-09-14-14:25:08"
  ],
  [
    "compoundName",
    "3-CYCLOHEXYL-1-(2-MORPHOLIN-4-YL-2-OXOETHYL)-2-PHENYL-1H-INDOLE-6-CARBOXYLIC ACID"
  ],
  [
    "compoundShortName",
    "CMF"
  ],
  [
    "compoundCcpCode",
    "CMF"
  ],
  [
    "compoundType",
    "Non-Polymer"
  ],
  [
    "compoundTypeClassification",
    "non-polymer"
  ],
  [
    "compoundPrecursorName",
    ""
  ],
  [
    "loadingLevel",
    0
  ],
  [
    "atoms",
    [
      [
        [
          "_metadata",
          {
            "jsonVersion": 3.0,
            "className": "AtomChemicalShift",
            "classVersion": 1.0,
            "user": "luca",
            "lastPath": "undefined",
            "timestamp": "Tue Jan  9 15:18:43 2024"
          }
        ],
        [
          "atomName",
          "HD"
        ],
        [
          "atomElementName",
          ""
        ],
        [
          "atomAverageShift",
          7.206
        ],
        [
          "atomStdShift",
          null
        ],
        [
          "atomMinShift",
          7.206
        ],
        [
          "atomMaxShift",
          7.206
        ],
        [
          "atomDistributionRefValue",
          7.206
        ],
        [
          "atomDistributionValuePerPoint",
          1.0
        ],
        [
          "atomStatisticalDistribution",
          []
        ]
      ],
      [
        [
          "_metadata",
          {
            "jsonVersion": 3.0,
            "className": "AtomChemicalShift",
            "classVersion": 1.0,
            "user": "luca",
            "lastPath": "undefined",
            "timestamp": "Tue Jan  9 15:18:43 2024"
          }
        ],
        [
          "atomName",
          "HE"
        ],
        [
          "atomElementName",
          ""
        ],
        [
          "atomAverageShift",
          7.165
        ],
        [
          "atomStdShift",
          null
        ],
        [
          "atomMinShift",
          7.165
        ],
        [
          "atomMaxShift",
          7.165
        ],
        [
          "atomDistributionRefValue",
          7.165
        ],
        [
          "atomDistributionValuePerPoint",
          1.0
        ],
        [
          "atomStatisticalDistribution",
          []
        ]
      ]
    ]
  ]
]