[
  [
    "_metadata",
    {
      "jsonVersion": 3,
      "className": "ReferenceChemicalShift",
      "classVersion": 1,
      "user": "CCPN",
      "lastPath": "/Users/luca/Projects/AnalysisV3/resources/referenceChemicalShifts/NonStandard/Non-Polymer/CYC.json",
      "timestamp": "Tue Jan  9 15:18:43 2024",
      "applicationVersion": 3.2
    }
  ],
  [
    "chemicalShiftName",
    "Non-Standard Residues / Small Molecules"
  ],
  [
    "chemicalShiftComment",
    "The CCPN Analysis Version 3 ReferenceChemical shifts retrieved from BMRB"
  ],
  [
    "chemicalShiftEntryDate",
    "2023-09-14-14:25:08"
  ],
  [
    "compoundName",
    "PHYCOCYANOBILIN"
  ],
  [
    "compoundShortName",
    "CYC"
  ],
  [
    "compoundCcpCode",
    "CYC"
  ],
  [
    "compoundType",
    "Non-Polymer"
  ],
  [
    "compoundTypeClassification",
    "non-polymer"
  ],
  [
    "compoundPrecursorName",
    ""
  ],
  [
    "loadingLevel",
    0
  ],
  [
    "atoms",
    [
      [
        [
          "_metadata",
          {
            "jsonVersion": 3.0,
            "className": "AtomChemicalShift",
            "classVersion": 1.0,
            "user": "luca",
            "lastPath": "undefined",
            "timestamp": "Tue Jan  9 15:18:42 2024"
          }
        ],
        [
          "atomName",
          "C"
        ],
        [
          "atomElementName",
          ""
        ],
        [
          "atomAverageShift",
          177.356
        ],
        [
          "atomStdShift",
          0.0
        ],
        [
          "atomMinShift",
          177.356
        ],
        [
          "atomMaxShift",
          177.356
        ],
        [
          "atomDistributionRefValue",
          177.356
        ],
        [
          "atomDistributionValuePerPoint",
          1.0
        ],
        [
          "atomStatisticalDistribution",
          []
        ]
      ],
      [
        [
          "_metadata",
          {
            "jsonVersion": 3.0,
            "className": "AtomChemicalShift",
            "classVersion": 1.0,
            "user": "luca",
            "lastPath": "undefined",
            "timestamp": "Tue Jan  9 15:18:42 2024"
          }
        ],
        [
          "atomName",
          "C1B"
        ],
        [
          "atomElementName",
          ""
        ],
        [
          "atomAverageShift",
          148.246
        ],
        [
          "atomStdShift",
          null
        ],
        [
          "atomMinShift",
          148.246
        ],
        [
          "atomMaxShift",
          148.246
        ],
        [
          "atomDistributionRefValue",
          148.246
        ],
        [
          "atomDistributionValuePerPoint",
          1.0
        ],
        [
          "atomStatisticalDistribution",
          []
        ]
      ],
      [
        [
          "_metadata",
          {
            "jsonVersion": 3.0,
            "className": "AtomChemicalShift",
            "classVersion": 1.0,
            "user": "luca",
            "lastPath": "undefined",
            "timestamp": "Tue Jan  9 15:18:42 2024"
          }
        ],
        [
          "atomName",
          "C2C"
        ],
        [
          "atomElementName",
          ""
        ],
        [
          "atomAverageShift",
          41.296
        ],
        [
          "atomStdShift",
          2.69
        ],
        [
          "atomMinShift",
          39.394
        ],
        [
          "atomMaxShift",
          43.198
        ],
        [
          "atomDistributionRefValue",
          39.394
        ],
        [
          "atomDistributionValuePerPoint",
          1.0
        ],
        [
          "atomStatisticalDistribution",
          []
        ]
      ],
      [
        [
          "_metadata",
          {
            "jsonVersion": 3.0,
            "className": "AtomChemicalShift",
            "classVersion": 1.0,
            "user": "luca",
            "lastPath": "undefined",
            "timestamp": "Tue Jan  9 15:18:42 2024"
          }
        ],
        [
          "atomName",
          "C3C"
        ],
        [
          "atomElementName",
          ""
        ],
        [
          "atomAverageShift",
          56.121
        ],
        [
          "atomStdShift",
          3.143
        ],
        [
          "atomMinShift",
          53.898
        ],
        [
          "atomMaxShift",
          58.343
        ],
        [
          "atomDistributionRefValue",
          53.898
        ],
        [
          "atomDistributionValuePerPoint",
          1.0
        ],
        [
          "atomStatisticalDistribution",
          []
        ]
      ],
      [
        [
          "_metadata",
          {
            "jsonVersion": 3.0,
            "className": "AtomChemicalShift",
            "classVersion": 1.0,
            "user": "luca",
            "lastPath": "undefined",
            "timestamp": "Tue Jan  9 15:18:42 2024"
          }
        ],
        [
          "atomName",
          "C4B"
        ],
        [
          "atomElementName",
          ""
        ],
        [
          "atomAverageShift",
          173.929
        ],
        [
          "atomStdShift",
          null
        ],
        [
          "atomMinShift",
          173.929
        ],
        [
          "atomMaxShift",
          173.929
        ],
        [
          "atomDistributionRefValue",
          173.929
        ],
        [
          "atomDistributionValuePerPoint",
          1.0
        ],
        [
          "atomStatisticalDistribution",
          []
        ]
      ],
      [
        [
          "_metadata",
          {
            "jsonVersion": 3.0,
            "className": "AtomChemicalShift",
            "classVersion": 1.0,
            "user": "luca",
            "lastPath": "undefined",
            "timestamp": "Tue Jan  9 15:18:42 2024"
          }
        ],
        [
          "atomName",
          "CA"
        ],
        [
          "atomElementName",
          ""
        ],
        [
          "atomAverageShift",
          58.566
        ],
        [
          "atomStdShift",
          0.0
        ],
        [
          "atomMinShift",
          58.566
        ],
        [
          "atomMaxShift",
          58.566
        ],
        [
          "atomDistributionRefValue",
          58.566
        ],
        [
          "atomDistributionValuePerPoint",
          1.0
        ],
        [
          "atomStatisticalDistribution",
          []
        ]
      ],
      [
        [
          "_metadata",
          {
            "jsonVersion": 3.0,
            "className": "AtomChemicalShift",
            "classVersion": 1.0,
            "user": "luca",
            "lastPath": "undefined",
            "timestamp": "Tue Jan  9 15:18:42 2024"
          }
        ],
        [
          "atomName",
          "CAB"
        ],
        [
          "atomElementName",
          ""
        ],
        [
          "atomAverageShift",
          19.699
        ],
        [
          "atomStdShift",
          0.571
        ],
        [
          "atomMinShift",
          19.295
        ],
        [
          "atomMaxShift",
          20.102
        ],
        [
          "atomDistributionRefValue",
          19.295
        ],
        [
          "atomDistributionValuePerPoint",
          1.0
        ],
        [
          "atomStatisticalDistribution",
          []
        ]
      ],
      [
        [
          "_metadata",
          {
            "jsonVersion": 3.0,
            "className": "AtomChemicalShift",
            "classVersion": 1.0,
            "user": "luca",
            "lastPath": "undefined",
            "timestamp": "Tue Jan  9 15:18:42 2024"
          }
        ],
        [
          "atomName",
          "CAC"
        ],
        [
          "atomElementName",
          ""
        ],
        [
          "atomAverageShift",
          45.921
        ],
        [
          "atomStdShift",
          0.217
        ],
        [
          "atomMinShift",
          45.767
        ],
        [
          "atomMaxShift",
          46.074
        ],
        [
          "atomDistributionRefValue",
          45.767
        ],
        [
          "atomDistributionValuePerPoint",
          1.0
        ],
        [
          "atomStatisticalDistribution",
          []
        ]
      ],
      [
        [
          "_metadata",
          {
            "jsonVersion": 3.0,
            "className": "AtomChemicalShift",
            "classVersion": 1.0,
            "user": "luca",
            "lastPath": "undefined",
            "timestamp": "Tue Jan  9 15:18:42 2024"
          }
        ],
        [
          "atomName",
          "CAD"
        ],
        [
          "atomElementName",
          ""
        ],
        [
          "atomAverageShift",
          23.928
        ],
        [
          "atomStdShift",
          null
        ],
        [
          "atomMinShift",
          23.928
        ],
        [
          "atomMaxShift",
          23.928
        ],
        [
          "atomDistributionRefValue",
          23.928
        ],
        [
          "atomDistributionValuePerPoint",
          1.0
        ],
        [
          "atomStatisticalDistribution",
          []
        ]
      ],
      [
        [
          "_metadata",
          {
            "jsonVersion": 3.0,
            "className": "AtomChemicalShift",
            "classVersion": 1.0,
            "user": "luca",
            "lastPath": "undefined",
            "timestamp": "Tue Jan  9 15:18:42 2024"
          }
        ],
        [
          "atomName",
          "CB"
        ],
        [
          "atomElementName",
          ""
        ],
        [
          "atomAverageShift",
          35.352
        ],
        [
          "atomStdShift",
          0.0
        ],
        [
          "atomMinShift",
          35.352
        ],
        [
          "atomMaxShift",
          35.352
        ],
        [
          "atomDistributionRefValue",
          35.352
        ],
        [
          "atomDistributionValuePerPoint",
          1.0
        ],
        [
          "atomStatisticalDistribution",
          []
        ]
      ],
      [
        [
          "_metadata",
          {
            "jsonVersion": 3.0,
            "className": "AtomChemicalShift",
            "classVersion": 1.0,
            "user": "luca",
            "lastPath": "undefined",
            "timestamp": "Tue Jan  9 15:18:42 2024"
          }
        ],
        [
          "atomName",
          "CBA"
        ],
        [
          "atomElementName",
          ""
        ],
        [
          "atomAverageShift",
          42.738
        ],
        [
          "atomStdShift",
          null
        ],
        [
          "atomMinShift",
          42.738
        ],
        [
          "atomMaxShift",
          42.738
        ],
        [
          "atomDistributionRefValue",
          42.738
        ],
        [
          "atomDistributionValuePerPoint",
          1.0
        ],
        [
          "atomStatisticalDistribution",
          []
        ]
      ],
      [
        [
          "_metadata",
          {
            "jsonVersion": 3.0,
            "className": "AtomChemicalShift",
            "classVersion": 1.0,
            "user": "luca",
            "lastPath": "undefined",
            "timestamp": "Tue Jan  9 15:18:42 2024"
          }
        ],
        [
          "atomName",
          "CBB"
        ],
        [
          "atomElementName",
          ""
        ],
        [
          "atomAverageShift",
          15.12
        ],
        [
          "atomStdShift",
          1.173
        ],
        [
          "atomMinShift",
          14.29
        ],
        [
          "atomMaxShift",
          15.949
        ],
        [
          "atomDistributionRefValue",
          14.29
        ],
        [
          "atomDistributionValuePerPoint",
          1.0
        ],
        [
          "atomStatisticalDistribution",
          []
        ]
      ],
      [
        [
          "_metadata",
          {
            "jsonVersion": 3.0,
            "className": "AtomChemicalShift",
            "classVersion": 1.0,
            "user": "luca",
            "lastPath": "undefined",
            "timestamp": "Tue Jan  9 15:18:42 2024"
          }
        ],
        [
          "atomName",
          "CBC"
        ],
        [
          "atomElementName",
          ""
        ],
        [
          "atomAverageShift",
          20.301
        ],
        [
          "atomStdShift",
          9.841
        ],
        [
          "atomMinShift",
          13.342
        ],
        [
          "atomMaxShift",
          27.259
        ],
        [
          "atomDistributionRefValue",
          13.342
        ],
        [
          "atomDistributionValuePerPoint",
          1.0
        ],
        [
          "atomStatisticalDistribution",
          []
        ]
      ],
      [
        [
          "_metadata",
          {
            "jsonVersion": 3.0,
            "className": "AtomChemicalShift",
            "classVersion": 1.0,
            "user": "luca",
            "lastPath": "undefined",
            "timestamp": "Tue Jan  9 15:18:42 2024"
          }
        ],
        [
          "atomName",
          "CBD"
        ],
        [
          "atomElementName",
          ""
        ],
        [
          "atomAverageShift",
          43.89
        ],
        [
          "atomStdShift",
          null
        ],
        [
          "atomMinShift",
          43.89
        ],
        [
          "atomMaxShift",
          43.89
        ],
        [
          "atomDistributionRefValue",
          43.89
        ],
        [
          "atomDistributionValuePerPoint",
          1.0
        ],
        [
          "atomStatisticalDistribution",
          []
        ]
      ],
      [
        [
          "_metadata",
          {
            "jsonVersion": 3.0,
            "className": "AtomChemicalShift",
            "classVersion": 1.0,
            "user": "luca",
            "lastPath": "undefined",
            "timestamp": "Tue Jan  9 15:18:42 2024"
          }
        ],
        [
          "atomName",
          "CHA"
        ],
        [
          "atomElementName",
          ""
        ],
        [
          "atomAverageShift",
          116.71
        ],
        [
          "atomStdShift",
          null
        ],
        [
          "atomMinShift",
          116.71
        ],
        [
          "atomMaxShift",
          116.71
        ],
        [
          "atomDistributionRefValue",
          116.71
        ],
        [
          "atomDistributionValuePerPoint",
          1.0
        ],
        [
          "atomStatisticalDistribution",
          []
        ]
      ],
      [
        [
          "_metadata",
          {
            "jsonVersion": 3.0,
            "className": "AtomChemicalShift",
            "classVersion": 1.0,
            "user": "luca",
            "lastPath": "undefined",
            "timestamp": "Tue Jan  9 15:18:42 2024"
          }
        ],
        [
          "atomName",
          "CHB"
        ],
        [
          "atomElementName",
          ""
        ],
        [
          "atomAverageShift",
          98.847
        ],
        [
          "atomStdShift",
          1.723
        ],
        [
          "atomMinShift",
          97.629
        ],
        [
          "atomMaxShift",
          100.065
        ],
        [
          "atomDistributionRefValue",
          97.629
        ],
        [
          "atomDistributionValuePerPoint",
          1.0
        ],
        [
          "atomStatisticalDistribution",
          []
        ]
      ],
      [
        [
          "_metadata",
          {
            "jsonVersion": 3.0,
            "className": "AtomChemicalShift",
            "classVersion": 1.0,
            "user": "luca",
            "lastPath": "undefined",
            "timestamp": "Tue Jan  9 15:18:42 2024"
          }
        ],
        [
          "atomName",
          "CHD"
        ],
        [
          "atomElementName",
          ""
        ],
        [
          "atomAverageShift",
          94.54
        ],
        [
          "atomStdShift",
          3.177
        ],
        [
          "atomMinShift",
          92.293
        ],
        [
          "atomMaxShift",
          96.786
        ],
        [
          "atomDistributionRefValue",
          92.293
        ],
        [
          "atomDistributionValuePerPoint",
          1.0
        ],
        [
          "atomStatisticalDistribution",
          []
        ]
      ],
      [
        [
          "_metadata",
          {
            "jsonVersion": 3.0,
            "className": "AtomChemicalShift",
            "classVersion": 1.0,
            "user": "luca",
            "lastPath": "undefined",
            "timestamp": "Tue Jan  9 15:18:42 2024"
          }
        ],
        [
          "atomName",
          "CMA"
        ],
        [
          "atomElementName",
          ""
        ],
        [
          "atomAverageShift",
          11.722
        ],
        [
          "atomStdShift",
          2.086
        ],
        [
          "atomMinShift",
          10.247
        ],
        [
          "atomMaxShift",
          13.197
        ],
        [
          "atomDistributionRefValue",
          10.247
        ],
        [
          "atomDistributionValuePerPoint",
          1.0
        ],
        [
          "atomStatisticalDistribution",
          []
        ]
      ],
      [
        [
          "_metadata",
          {
            "jsonVersion": 3.0,
            "className": "AtomChemicalShift",
            "classVersion": 1.0,
            "user": "luca",
            "lastPath": "undefined",
            "timestamp": "Tue Jan  9 15:18:42 2024"
          }
        ],
        [
          "atomName",
          "CMB"
        ],
        [
          "atomElementName",
          ""
        ],
        [
          "atomAverageShift",
          11.879
        ],
        [
          "atomStdShift",
          3.482
        ],
        [
          "atomMinShift",
          9.417
        ],
        [
          "atomMaxShift",
          14.341
        ],
        [
          "atomDistributionRefValue",
          9.417
        ],
        [
          "atomDistributionValuePerPoint",
          1.0
        ],
        [
          "atomStatisticalDistribution",
          []
        ]
      ],
      [
        [
          "_metadata",
          {
            "jsonVersion": 3.0,
            "className": "AtomChemicalShift",
            "classVersion": 1.0,
            "user": "luca",
            "lastPath": "undefined",
            "timestamp": "Tue Jan  9 15:18:42 2024"
          }
        ],
        [
          "atomName",
          "CMC"
        ],
        [
          "atomElementName",
          ""
        ],
        [
          "atomAverageShift",
          17.524
        ],
        [
          "atomStdShift",
          2.918
        ],
        [
          "atomMinShift",
          15.461
        ],
        [
          "atomMaxShift",
          19.587
        ],
        [
          "atomDistributionRefValue",
          15.461
        ],
        [
          "atomDistributionValuePerPoint",
          1.0
        ],
        [
          "atomStatisticalDistribution",
          []
        ]
      ],
      [
        [
          "_metadata",
          {
            "jsonVersion": 3.0,
            "className": "AtomChemicalShift",
            "classVersion": 1.0,
            "user": "luca",
            "lastPath": "undefined",
            "timestamp": "Tue Jan  9 15:18:42 2024"
          }
        ],
        [
          "atomName",
          "CMD"
        ],
        [
          "atomElementName",
          ""
        ],
        [
          "atomAverageShift",
          11.488
        ],
        [
          "atomStdShift",
          0.306
        ],
        [
          "atomMinShift",
          11.271
        ],
        [
          "atomMaxShift",
          11.704
        ],
        [
          "atomDistributionRefValue",
          11.271
        ],
        [
          "atomDistributionValuePerPoint",
          1.0
        ],
        [
          "atomStatisticalDistribution",
          []
        ]
      ],
      [
        [
          "_metadata",
          {
            "jsonVersion": 3.0,
            "className": "AtomChemicalShift",
            "classVersion": 1.0,
            "user": "luca",
            "lastPath": "undefined",
            "timestamp": "Tue Jan  9 15:18:42 2024"
          }
        ],
        [
          "atomName",
          "H"
        ],
        [
          "atomElementName",
          ""
        ],
        [
          "atomAverageShift",
          9.261
        ],
        [
          "atomStdShift",
          0.0
        ],
        [
          "atomMinShift",
          9.261
        ],
        [
          "atomMaxShift",
          9.261
        ],
        [
          "atomDistributionRefValue",
          9.261
        ],
        [
          "atomDistributionValuePerPoint",
          1.0
        ],
        [
          "atomStatisticalDistribution",
          []
        ]
      ],
      [
        [
          "_metadata",
          {
            "jsonVersion": 3.0,
            "className": "AtomChemicalShift",
            "classVersion": 1.0,
            "user": "luca",
            "lastPath": "undefined",
            "timestamp": "Tue Jan  9 15:18:42 2024"
          }
        ],
        [
          "atomName",
          "H2C"
        ],
        [
          "atomElementName",
          ""
        ],
        [
          "atomAverageShift",
          2.696
        ],
        [
          "atomStdShift",
          0.051
        ],
        [
          "atomMinShift",
          2.66
        ],
        [
          "atomMaxShift",
          2.732
        ],
        [
          "atomDistributionRefValue",
          2.66
        ],
        [
          "atomDistributionValuePerPoint",
          1.0
        ],
        [
          "atomStatisticalDistribution",
          []
        ]
      ],
      [
        [
          "_metadata",
          {
            "jsonVersion": 3.0,
            "className": "AtomChemicalShift",
            "classVersion": 1.0,
            "user": "luca",
            "lastPath": "undefined",
            "timestamp": "Tue Jan  9 15:18:42 2024"
          }
        ],
        [
          "atomName",
          "H3C"
        ],
        [
          "atomElementName",
          ""
        ],
        [
          "atomAverageShift",
          3.179
        ],
        [
          "atomStdShift",
          0.491
        ],
        [
          "atomMinShift",
          2.831
        ],
        [
          "atomMaxShift",
          3.526
        ],
        [
          "atomDistributionRefValue",
          2.831
        ],
        [
          "atomDistributionValuePerPoint",
          1.0
        ],
        [
          "atomStatisticalDistribution",
          []
        ]
      ],
      [
        [
          "_metadata",
          {
            "jsonVersion": 3.0,
            "className": "AtomChemicalShift",
            "classVersion": 1.0,
            "user": "luca",
            "lastPath": "undefined",
            "timestamp": "Tue Jan  9 15:18:42 2024"
          }
        ],
        [
          "atomName",
          "HA"
        ],
        [
          "atomElementName",
          ""
        ],
        [
          "atomAverageShift",
          7.817
        ],
        [
          "atomStdShift",
          4.218
        ],
        [
          "atomMinShift",
          4.18
        ],
        [
          "atomMaxShift",
          11.941
        ],
        [
          "atomDistributionRefValue",
          4.18
        ],
        [
          "atomDistributionValuePerPoint",
          1.0
        ],
        [
          "atomStatisticalDistribution",
          []
        ]
      ],
      [
        [
          "_metadata",
          {
            "jsonVersion": 3.0,
            "className": "AtomChemicalShift",
            "classVersion": 1.0,
            "user": "luca",
            "lastPath": "undefined",
            "timestamp": "Tue Jan  9 15:18:42 2024"
          }
        ],
        [
          "atomName",
          "HAB1"
        ],
        [
          "atomElementName",
          ""
        ],
        [
          "atomAverageShift",
          1.322
        ],
        [
          "atomStdShift",
          0.667
        ],
        [
          "atomMinShift",
          0.85
        ],
        [
          "atomMaxShift",
          1.793
        ],
        [
          "atomDistributionRefValue",
          0.85
        ],
        [
          "atomDistributionValuePerPoint",
          1.0
        ],
        [
          "atomStatisticalDistribution",
          []
        ]
      ],
      [
        [
          "_metadata",
          {
            "jsonVersion": 3.0,
            "className": "AtomChemicalShift",
            "classVersion": 1.0,
            "user": "luca",
            "lastPath": "undefined",
            "timestamp": "Tue Jan  9 15:18:42 2024"
          }
        ],
        [
          "atomName",
          "HAB2"
        ],
        [
          "atomElementName",
          ""
        ],
        [
          "atomAverageShift",
          2.133
        ],
        [
          "atomStdShift",
          0.005
        ],
        [
          "atomMinShift",
          2.129
        ],
        [
          "atomMaxShift",
          2.136
        ],
        [
          "atomDistributionRefValue",
          2.129
        ],
        [
          "atomDistributionValuePerPoint",
          1.0
        ],
        [
          "atomStatisticalDistribution",
          []
        ]
      ],
      [
        [
          "_metadata",
          {
            "jsonVersion": 3.0,
            "className": "AtomChemicalShift",
            "classVersion": 1.0,
            "user": "luca",
            "lastPath": "undefined",
            "timestamp": "Tue Jan  9 15:18:42 2024"
          }
        ],
        [
          "atomName",
          "HAC"
        ],
        [
          "atomElementName",
          ""
        ],
        [
          "atomAverageShift",
          3.292
        ],
        [
          "atomStdShift",
          0.13
        ],
        [
          "atomMinShift",
          3.2
        ],
        [
          "atomMaxShift",
          3.384
        ],
        [
          "atomDistributionRefValue",
          3.2
        ],
        [
          "atomDistributionValuePerPoint",
          1.0
        ],
        [
          "atomStatisticalDistribution",
          []
        ]
      ],
      [
        [
          "_metadata",
          {
            "jsonVersion": 3.0,
            "className": "AtomChemicalShift",
            "classVersion": 1.0,
            "user": "luca",
            "lastPath": "undefined",
            "timestamp": "Tue Jan  9 15:18:42 2024"
          }
        ],
        [
          "atomName",
          "HAD1"
        ],
        [
          "atomElementName",
          ""
        ],
        [
          "atomAverageShift",
          2.164
        ],
        [
          "atomStdShift",
          null
        ],
        [
          "atomMinShift",
          2.164
        ],
        [
          "atomMaxShift",
          2.164
        ],
        [
          "atomDistributionRefValue",
          2.164
        ],
        [
          "atomDistributionValuePerPoint",
          1.0
        ],
        [
          "atomStatisticalDistribution",
          []
        ]
      ],
      [
        [
          "_metadata",
          {
            "jsonVersion": 3.0,
            "className": "AtomChemicalShift",
            "classVersion": 1.0,
            "user": "luca",
            "lastPath": "undefined",
            "timestamp": "Tue Jan  9 15:18:42 2024"
          }
        ],
        [
          "atomName",
          "HAD2"
        ],
        [
          "atomElementName",
          ""
        ],
        [
          "atomAverageShift",
          2.822
        ],
        [
          "atomStdShift",
          null
        ],
        [
          "atomMinShift",
          2.822
        ],
        [
          "atomMaxShift",
          2.822
        ],
        [
          "atomDistributionRefValue",
          2.822
        ],
        [
          "atomDistributionValuePerPoint",
          1.0
        ],
        [
          "atomStatisticalDistribution",
          []
        ]
      ],
      [
        [
          "_metadata",
          {
            "jsonVersion": 3.0,
            "className": "AtomChemicalShift",
            "classVersion": 1.0,
            "user": "luca",
            "lastPath": "undefined",
            "timestamp": "Tue Jan  9 15:18:42 2024"
          }
        ],
        [
          "atomName",
          "HB"
        ],
        [
          "atomElementName",
          ""
        ],
        [
          "atomAverageShift",
          10.692
        ],
        [
          "atomStdShift",
          1.026
        ],
        [
          "atomMinShift",
          9.966
        ],
        [
          "atomMaxShift",
          11.417
        ],
        [
          "atomDistributionRefValue",
          9.966
        ],
        [
          "atomDistributionValuePerPoint",
          1.0
        ],
        [
          "atomStatisticalDistribution",
          []
        ]
      ],
      [
        [
          "_metadata",
          {
            "jsonVersion": 3.0,
            "className": "AtomChemicalShift",
            "classVersion": 1.0,
            "user": "luca",
            "lastPath": "undefined",
            "timestamp": "Tue Jan  9 15:18:42 2024"
          }
        ],
        [
          "atomName",
          "HB2"
        ],
        [
          "atomElementName",
          ""
        ],
        [
          "atomAverageShift",
          3.397
        ],
        [
          "atomStdShift",
          0.0
        ],
        [
          "atomMinShift",
          3.397
        ],
        [
          "atomMaxShift",
          3.397
        ],
        [
          "atomDistributionRefValue",
          3.397
        ],
        [
          "atomDistributionValuePerPoint",
          1.0
        ],
        [
          "atomStatisticalDistribution",
          []
        ]
      ],
      [
        [
          "_metadata",
          {
            "jsonVersion": 3.0,
            "className": "AtomChemicalShift",
            "classVersion": 1.0,
            "user": "luca",
            "lastPath": "undefined",
            "timestamp": "Tue Jan  9 15:18:42 2024"
          }
        ],
        [
          "atomName",
          "HB3"
        ],
        [
          "atomElementName",
          ""
        ],
        [
          "atomAverageShift",
          2.84
        ],
        [
          "atomStdShift",
          0.0
        ],
        [
          "atomMinShift",
          2.84
        ],
        [
          "atomMaxShift",
          2.84
        ],
        [
          "atomDistributionRefValue",
          2.84
        ],
        [
          "atomDistributionValuePerPoint",
          1.0
        ],
        [
          "atomStatisticalDistribution",
          []
        ]
      ],
      [
        [
          "_metadata",
          {
            "jsonVersion": 3.0,
            "className": "AtomChemicalShift",
            "classVersion": 1.0,
            "user": "luca",
            "lastPath": "undefined",
            "timestamp": "Tue Jan  9 15:18:42 2024"
          }
        ],
        [
          "atomName",
          "HBA1"
        ],
        [
          "atomElementName",
          ""
        ],
        [
          "atomAverageShift",
          2.0
        ],
        [
          "atomStdShift",
          null
        ],
        [
          "atomMinShift",
          2.0
        ],
        [
          "atomMaxShift",
          2.0
        ],
        [
          "atomDistributionRefValue",
          2.0
        ],
        [
          "atomDistributionValuePerPoint",
          1.0
        ],
        [
          "atomStatisticalDistribution",
          []
        ]
      ],
      [
        [
          "_metadata",
          {
            "jsonVersion": 3.0,
            "className": "AtomChemicalShift",
            "classVersion": 1.0,
            "user": "luca",
            "lastPath": "undefined",
            "timestamp": "Tue Jan  9 15:18:42 2024"
          }
        ],
        [
          "atomName",
          "HBA2"
        ],
        [
          "atomElementName",
          ""
        ],
        [
          "atomAverageShift",
          2.646
        ],
        [
          "atomStdShift",
          null
        ],
        [
          "atomMinShift",
          2.646
        ],
        [
          "atomMaxShift",
          2.646
        ],
        [
          "atomDistributionRefValue",
          2.646
        ],
        [
          "atomDistributionValuePerPoint",
          1.0
        ],
        [
          "atomStatisticalDistribution",
          []
        ]
      ],
      [
        [
          "_metadata",
          {
            "jsonVersion": 3.0,
            "className": "AtomChemicalShift",
            "classVersion": 1.0,
            "user": "luca",
            "lastPath": "undefined",
            "timestamp": "Tue Jan  9 15:18:42 2024"
          }
        ],
        [
          "atomName",
          "HBB1"
        ],
        [
          "atomElementName",
          ""
        ],
        [
          "atomAverageShift",
          0.397
        ],
        [
          "atomStdShift",
          0.107
        ],
        [
          "atomMinShift",
          0.321
        ],
        [
          "atomMaxShift",
          0.472
        ],
        [
          "atomDistributionRefValue",
          0.321
        ],
        [
          "atomDistributionValuePerPoint",
          1.0
        ],
        [
          "atomStatisticalDistribution",
          []
        ]
      ],
      [
        [
          "_metadata",
          {
            "jsonVersion": 3.0,
            "className": "AtomChemicalShift",
            "classVersion": 1.0,
            "user": "luca",
            "lastPath": "undefined",
            "timestamp": "Tue Jan  9 15:18:42 2024"
          }
        ],
        [
          "atomName",
          "HBB2"
        ],
        [
          "atomElementName",
          ""
        ],
        [
          "atomAverageShift",
          0.397
        ],
        [
          "atomStdShift",
          0.107
        ],
        [
          "atomMinShift",
          0.321
        ],
        [
          "atomMaxShift",
          0.472
        ],
        [
          "atomDistributionRefValue",
          0.321
        ],
        [
          "atomDistributionValuePerPoint",
          1.0
        ],
        [
          "atomStatisticalDistribution",
          []
        ]
      ],
      [
        [
          "_metadata",
          {
            "jsonVersion": 3.0,
            "className": "AtomChemicalShift",
            "classVersion": 1.0,
            "user": "luca",
            "lastPath": "undefined",
            "timestamp": "Tue Jan  9 15:18:42 2024"
          }
        ],
        [
          "atomName",
          "HBB3"
        ],
        [
          "atomElementName",
          ""
        ],
        [
          "atomAverageShift",
          0.397
        ],
        [
          "atomStdShift",
          0.107
        ],
        [
          "atomMinShift",
          0.321
        ],
        [
          "atomMaxShift",
          0.472
        ],
        [
          "atomDistributionRefValue",
          0.321
        ],
        [
          "atomDistributionValuePerPoint",
          1.0
        ],
        [
          "atomStatisticalDistribution",
          []
        ]
      ],
      [
        [
          "_metadata",
          {
            "jsonVersion": 3.0,
            "className": "AtomChemicalShift",
            "classVersion": 1.0,
            "user": "luca",
            "lastPath": "undefined",
            "timestamp": "Tue Jan  9 15:18:42 2024"
          }
        ],
        [
          "atomName",
          "HBC1"
        ],
        [
          "atomElementName",
          ""
        ],
        [
          "atomAverageShift",
          1.435
        ],
        [
          "atomStdShift",
          0.637
        ],
        [
          "atomMinShift",
          0.984
        ],
        [
          "atomMaxShift",
          1.885
        ],
        [
          "atomDistributionRefValue",
          0.984
        ],
        [
          "atomDistributionValuePerPoint",
          1.0
        ],
        [
          "atomStatisticalDistribution",
          []
        ]
      ],
      [
        [
          "_metadata",
          {
            "jsonVersion": 3.0,
            "className": "AtomChemicalShift",
            "classVersion": 1.0,
            "user": "luca",
            "lastPath": "undefined",
            "timestamp": "Tue Jan  9 15:18:42 2024"
          }
        ],
        [
          "atomName",
          "HBC2"
        ],
        [
          "atomElementName",
          ""
        ],
        [
          "atomAverageShift",
          1.435
        ],
        [
          "atomStdShift",
          0.637
        ],
        [
          "atomMinShift",
          0.984
        ],
        [
          "atomMaxShift",
          1.885
        ],
        [
          "atomDistributionRefValue",
          0.984
        ],
        [
          "atomDistributionValuePerPoint",
          1.0
        ],
        [
          "atomStatisticalDistribution",
          []
        ]
      ],
      [
        [
          "_metadata",
          {
            "jsonVersion": 3.0,
            "className": "AtomChemicalShift",
            "classVersion": 1.0,
            "user": "luca",
            "lastPath": "undefined",
            "timestamp": "Tue Jan  9 15:18:42 2024"
          }
        ],
        [
          "atomName",
          "HBC3"
        ],
        [
          "atomElementName",
          ""
        ],
        [
          "atomAverageShift",
          1.435
        ],
        [
          "atomStdShift",
          0.637
        ],
        [
          "atomMinShift",
          0.984
        ],
        [
          "atomMaxShift",
          1.885
        ],
        [
          "atomDistributionRefValue",
          0.984
        ],
        [
          "atomDistributionValuePerPoint",
          1.0
        ],
        [
          "atomStatisticalDistribution",
          []
        ]
      ],
      [
        [
          "_metadata",
          {
            "jsonVersion": 3.0,
            "className": "AtomChemicalShift",
            "classVersion": 1.0,
            "user": "luca",
            "lastPath": "undefined",
            "timestamp": "Tue Jan  9 15:18:42 2024"
          }
        ],
        [
          "atomName",
          "HBD1"
        ],
        [
          "atomElementName",
          ""
        ],
        [
          "atomAverageShift",
          2.146
        ],
        [
          "atomStdShift",
          null
        ],
        [
          "atomMinShift",
          2.146
        ],
        [
          "atomMaxShift",
          2.146
        ],
        [
          "atomDistributionRefValue",
          2.146
        ],
        [
          "atomDistributionValuePerPoint",
          1.0
        ],
        [
          "atomStatisticalDistribution",
          []
        ]
      ],
      [
        [
          "_metadata",
          {
            "jsonVersion": 3.0,
            "className": "AtomChemicalShift",
            "classVersion": 1.0,
            "user": "luca",
            "lastPath": "undefined",
            "timestamp": "Tue Jan  9 15:18:42 2024"
          }
        ],
        [
          "atomName",
          "HBD2"
        ],
        [
          "atomElementName",
          ""
        ],
        [
          "atomAverageShift",
          2.872
        ],
        [
          "atomStdShift",
          null
        ],
        [
          "atomMinShift",
          2.872
        ],
        [
          "atomMaxShift",
          2.872
        ],
        [
          "atomDistributionRefValue",
          2.872
        ],
        [
          "atomDistributionValuePerPoint",
          1.0
        ],
        [
          "atomStatisticalDistribution",
          []
        ]
      ],
      [
        [
          "_metadata",
          {
            "jsonVersion": 3.0,
            "className": "AtomChemicalShift",
            "classVersion": 1.0,
            "user": "luca",
            "lastPath": "undefined",
            "timestamp": "Tue Jan  9 15:18:42 2024"
          }
        ],
        [
          "atomName",
          "HC"
        ],
        [
          "atomElementName",
          ""
        ],
        [
          "atomAverageShift",
          11.195
        ],
        [
          "atomStdShift",
          null
        ],
        [
          "atomMinShift",
          11.195
        ],
        [
          "atomMaxShift",
          11.195
        ],
        [
          "atomDistributionRefValue",
          11.195
        ],
        [
          "atomDistributionValuePerPoint",
          1.0
        ],
        [
          "atomStatisticalDistribution",
          []
        ]
      ],
      [
        [
          "_metadata",
          {
            "jsonVersion": 3.0,
            "className": "AtomChemicalShift",
            "classVersion": 1.0,
            "user": "luca",
            "lastPath": "undefined",
            "timestamp": "Tue Jan  9 15:18:42 2024"
          }
        ],
        [
          "atomName",
          "HD"
        ],
        [
          "atomElementName",
          ""
        ],
        [
          "atomAverageShift",
          12.716
        ],
        [
          "atomStdShift",
          null
        ],
        [
          "atomMinShift",
          12.716
        ],
        [
          "atomMaxShift",
          12.716
        ],
        [
          "atomDistributionRefValue",
          12.716
        ],
        [
          "atomDistributionValuePerPoint",
          1.0
        ],
        [
          "atomStatisticalDistribution",
          []
        ]
      ],
      [
        [
          "_metadata",
          {
            "jsonVersion": 3.0,
            "className": "AtomChemicalShift",
            "classVersion": 1.0,
            "user": "luca",
            "lastPath": "undefined",
            "timestamp": "Tue Jan  9 15:18:42 2024"
          }
        ],
        [
          "atomName",
          "HHA"
        ],
        [
          "atomElementName",
          ""
        ],
        [
          "atomAverageShift",
          6.84
        ],
        [
          "atomStdShift",
          0.559
        ],
        [
          "atomMinShift",
          6.444
        ],
        [
          "atomMaxShift",
          7.235
        ],
        [
          "atomDistributionRefValue",
          6.444
        ],
        [
          "atomDistributionValuePerPoint",
          1.0
        ],
        [
          "atomStatisticalDistribution",
          []
        ]
      ],
      [
        [
          "_metadata",
          {
            "jsonVersion": 3.0,
            "className": "AtomChemicalShift",
            "classVersion": 1.0,
            "user": "luca",
            "lastPath": "undefined",
            "timestamp": "Tue Jan  9 15:18:42 2024"
          }
        ],
        [
          "atomName",
          "HHB"
        ],
        [
          "atomElementName",
          ""
        ],
        [
          "atomAverageShift",
          5.323
        ],
        [
          "atomStdShift",
          1.312
        ],
        [
          "atomMinShift",
          4.395
        ],
        [
          "atomMaxShift",
          6.251
        ],
        [
          "atomDistributionRefValue",
          4.395
        ],
        [
          "atomDistributionValuePerPoint",
          1.0
        ],
        [
          "atomStatisticalDistribution",
          []
        ]
      ],
      [
        [
          "_metadata",
          {
            "jsonVersion": 3.0,
            "className": "AtomChemicalShift",
            "classVersion": 1.0,
            "user": "luca",
            "lastPath": "undefined",
            "timestamp": "Tue Jan  9 15:18:42 2024"
          }
        ],
        [
          "atomName",
          "HHD"
        ],
        [
          "atomElementName",
          ""
        ],
        [
          "atomAverageShift",
          5.72
        ],
        [
          "atomStdShift",
          0.221
        ],
        [
          "atomMinShift",
          5.563
        ],
        [
          "atomMaxShift",
          5.876
        ],
        [
          "atomDistributionRefValue",
          5.563
        ],
        [
          "atomDistributionValuePerPoint",
          1.0
        ],
        [
          "atomStatisticalDistribution",
          []
        ]
      ],
      [
        [
          "_metadata",
          {
            "jsonVersion": 3.0,
            "className": "AtomChemicalShift",
            "classVersion": 1.0,
            "user": "luca",
            "lastPath": "undefined",
            "timestamp": "Tue Jan  9 15:18:42 2024"
          }
        ],
        [
          "atomName",
          "HMA1"
        ],
        [
          "atomElementName",
          ""
        ],
        [
          "atomAverageShift",
          1.607
        ],
        [
          "atomStdShift",
          0.46
        ],
        [
          "atomMinShift",
          1.281
        ],
        [
          "atomMaxShift",
          1.932
        ],
        [
          "atomDistributionRefValue",
          1.281
        ],
        [
          "atomDistributionValuePerPoint",
          1.0
        ],
        [
          "atomStatisticalDistribution",
          []
        ]
      ],
      [
        [
          "_metadata",
          {
            "jsonVersion": 3.0,
            "className": "AtomChemicalShift",
            "classVersion": 1.0,
            "user": "luca",
            "lastPath": "undefined",
            "timestamp": "Tue Jan  9 15:18:42 2024"
          }
        ],
        [
          "atomName",
          "HMA2"
        ],
        [
          "atomElementName",
          ""
        ],
        [
          "atomAverageShift",
          1.607
        ],
        [
          "atomStdShift",
          0.46
        ],
        [
          "atomMinShift",
          1.281
        ],
        [
          "atomMaxShift",
          1.932
        ],
        [
          "atomDistributionRefValue",
          1.281
        ],
        [
          "atomDistributionValuePerPoint",
          1.0
        ],
        [
          "atomStatisticalDistribution",
          []
        ]
      ],
      [
        [
          "_metadata",
          {
            "jsonVersion": 3.0,
            "className": "AtomChemicalShift",
            "classVersion": 1.0,
            "user": "luca",
            "lastPath": "undefined",
            "timestamp": "Tue Jan  9 15:18:42 2024"
          }
        ],
        [
          "atomName",
          "HMA3"
        ],
        [
          "atomElementName",
          ""
        ],
        [
          "atomAverageShift",
          1.607
        ],
        [
          "atomStdShift",
          0.46
        ],
        [
          "atomMinShift",
          1.281
        ],
        [
          "atomMaxShift",
          1.932
        ],
        [
          "atomDistributionRefValue",
          1.281
        ],
        [
          "atomDistributionValuePerPoint",
          1.0
        ],
        [
          "atomStatisticalDistribution",
          []
        ]
      ],
      [
        [
          "_metadata",
          {
            "jsonVersion": 3.0,
            "className": "AtomChemicalShift",
            "classVersion": 1.0,
            "user": "luca",
            "lastPath": "undefined",
            "timestamp": "Tue Jan  9 15:18:42 2024"
          }
        ],
        [
          "atomName",
          "HMB1"
        ],
        [
          "atomElementName",
          ""
        ],
        [
          "atomAverageShift",
          0.834
        ],
        [
          "atomStdShift",
          1.322
        ],
        [
          "atomMinShift",
          -0.101
        ],
        [
          "atomMaxShift",
          1.768
        ],
        [
          "atomDistributionRefValue",
          -0.101
        ],
        [
          "atomDistributionValuePerPoint",
          1.0
        ],
        [
          "atomStatisticalDistribution",
          []
        ]
      ],
      [
        [
          "_metadata",
          {
            "jsonVersion": 3.0,
            "className": "AtomChemicalShift",
            "classVersion": 1.0,
            "user": "luca",
            "lastPath": "undefined",
            "timestamp": "Tue Jan  9 15:18:42 2024"
          }
        ],
        [
          "atomName",
          "HMB2"
        ],
        [
          "atomElementName",
          ""
        ],
        [
          "atomAverageShift",
          0.834
        ],
        [
          "atomStdShift",
          1.322
        ],
        [
          "atomMinShift",
          -0.101
        ],
        [
          "atomMaxShift",
          1.768
        ],
        [
          "atomDistributionRefValue",
          -0.101
        ],
        [
          "atomDistributionValuePerPoint",
          1.0
        ],
        [
          "atomStatisticalDistribution",
          []
        ]
      ],
      [
        [
          "_metadata",
          {
            "jsonVersion": 3.0,
            "className": "AtomChemicalShift",
            "classVersion": 1.0,
            "user": "luca",
            "lastPath": "undefined",
            "timestamp": "Tue Jan  9 15:18:42 2024"
          }
        ],
        [
          "atomName",
          "HMB3"
        ],
        [
          "atomElementName",
          ""
        ],
        [
          "atomAverageShift",
          0.834
        ],
        [
          "atomStdShift",
          1.322
        ],
        [
          "atomMinShift",
          -0.101
        ],
        [
          "atomMaxShift",
          1.768
        ],
        [
          "atomDistributionRefValue",
          -0.101
        ],
        [
          "atomDistributionValuePerPoint",
          1.0
        ],
        [
          "atomStatisticalDistribution",
          []
        ]
      ],
      [
        [
          "_metadata",
          {
            "jsonVersion": 3.0,
            "className": "AtomChemicalShift",
            "classVersion": 1.0,
            "user": "luca",
            "lastPath": "undefined",
            "timestamp": "Tue Jan  9 15:18:42 2024"
          }
        ],
        [
          "atomName",
          "HMC1"
        ],
        [
          "atomElementName",
          ""
        ],
        [
          "atomAverageShift",
          1.363
        ],
        [
          "atomStdShift",
          0.162
        ],
        [
          "atomMinShift",
          1.248
        ],
        [
          "atomMaxShift",
          1.477
        ],
        [
          "atomDistributionRefValue",
          1.248
        ],
        [
          "atomDistributionValuePerPoint",
          1.0
        ],
        [
          "atomStatisticalDistribution",
          []
        ]
      ],
      [
        [
          "_metadata",
          {
            "jsonVersion": 3.0,
            "className": "AtomChemicalShift",
            "classVersion": 1.0,
            "user": "luca",
            "lastPath": "undefined",
            "timestamp": "Tue Jan  9 15:18:42 2024"
          }
        ],
        [
          "atomName",
          "HMC2"
        ],
        [
          "atomElementName",
          ""
        ],
        [
          "atomAverageShift",
          1.363
        ],
        [
          "atomStdShift",
          0.162
        ],
        [
          "atomMinShift",
          1.248
        ],
        [
          "atomMaxShift",
          1.477
        ],
        [
          "atomDistributionRefValue",
          1.248
        ],
        [
          "atomDistributionValuePerPoint",
          1.0
        ],
        [
          "atomStatisticalDistribution",
          []
        ]
      ],
      [
        [
          "_metadata",
          {
            "jsonVersion": 3.0,
            "className": "AtomChemicalShift",
            "classVersion": 1.0,
            "user": "luca",
            "lastPath": "undefined",
            "timestamp": "Tue Jan  9 15:18:42 2024"
          }
        ],
        [
          "atomName",
          "HMC3"
        ],
        [
          "atomElementName",
          ""
        ],
        [
          "atomAverageShift",
          1.363
        ],
        [
          "atomStdShift",
          0.162
        ],
        [
          "atomMinShift",
          1.248
        ],
        [
          "atomMaxShift",
          1.477
        ],
        [
          "atomDistributionRefValue",
          1.248
        ],
        [
          "atomDistributionValuePerPoint",
          1.0
        ],
        [
          "atomStatisticalDistribution",
          []
        ]
      ],
      [
        [
          "_metadata",
          {
            "jsonVersion": 3.0,
            "className": "AtomChemicalShift",
            "classVersion": 1.0,
            "user": "luca",
            "lastPath": "undefined",
            "timestamp": "Tue Jan  9 15:18:42 2024"
          }
        ],
        [
          "atomName",
          "HMD1"
        ],
        [
          "atomElementName",
          ""
        ],
        [
          "atomAverageShift",
          1.951
        ],
        [
          "atomStdShift",
          0.326
        ],
        [
          "atomMinShift",
          1.72
        ],
        [
          "atomMaxShift",
          2.181
        ],
        [
          "atomDistributionRefValue",
          1.72
        ],
        [
          "atomDistributionValuePerPoint",
          1.0
        ],
        [
          "atomStatisticalDistribution",
          []
        ]
      ],
      [
        [
          "_metadata",
          {
            "jsonVersion": 3.0,
            "className": "AtomChemicalShift",
            "classVersion": 1.0,
            "user": "luca",
            "lastPath": "undefined",
            "timestamp": "Tue Jan  9 15:18:42 2024"
          }
        ],
        [
          "atomName",
          "HMD2"
        ],
        [
          "atomElementName",
          ""
        ],
        [
          "atomAverageShift",
          1.951
        ],
        [
          "atomStdShift",
          0.326
        ],
        [
          "atomMinShift",
          1.72
        ],
        [
          "atomMaxShift",
          2.181
        ],
        [
          "atomDistributionRefValue",
          1.72
        ],
        [
          "atomDistributionValuePerPoint",
          1.0
        ],
        [
          "atomStatisticalDistribution",
          []
        ]
      ],
      [
        [
          "_metadata",
          {
            "jsonVersion": 3.0,
            "className": "AtomChemicalShift",
            "classVersion": 1.0,
            "user": "luca",
            "lastPath": "undefined",
            "timestamp": "Tue Jan  9 15:18:42 2024"
          }
        ],
        [
          "atomName",
          "HMD3"
        ],
        [
          "atomElementName",
          ""
        ],
        [
          "atomAverageShift",
          1.951
        ],
        [
          "atomStdShift",
          0.326
        ],
        [
          "atomMinShift",
          1.72
        ],
        [
          "atomMaxShift",
          2.181
        ],
        [
          "atomDistributionRefValue",
          1.72
        ],
        [
          "atomDistributionValuePerPoint",
          1.0
        ],
        [
          "atomStatisticalDistribution",
          []
        ]
      ],
      [
        [
          "_metadata",
          {
            "jsonVersion": 3.0,
            "className": "AtomChemicalShift",
            "classVersion": 1.0,
            "user": "luca",
            "lastPath": "undefined",
            "timestamp": "Tue Jan  9 15:18:42 2024"
          }
        ],
        [
          "atomName",
          "N"
        ],
        [
          "atomElementName",
          ""
        ],
        [
          "atomAverageShift",
          117.937
        ],
        [
          "atomStdShift",
          0.0
        ],
        [
          "atomMinShift",
          117.937
        ],
        [
          "atomMaxShift",
          117.937
        ],
        [
          "atomDistributionRefValue",
          117.937
        ],
        [
          "atomDistributionValuePerPoint",
          1.0
        ],
        [
          "atomStatisticalDistribution",
          []
        ]
      ],
      [
        [
          "_metadata",
          {
            "jsonVersion": 3.0,
            "className": "AtomChemicalShift",
            "classVersion": 1.0,
            "user": "luca",
            "lastPath": "undefined",
            "timestamp": "Tue Jan  9 15:18:42 2024"
          }
        ],
        [
          "atomName",
          "NA"
        ],
        [
          "atomElementName",
          ""
        ],
        [
          "atomAverageShift",
          156.088
        ],
        [
          "atomStdShift",
          3.569
        ],
        [
          "atomMinShift",
          153.564
        ],
        [
          "atomMaxShift",
          158.612
        ],
        [
          "atomDistributionRefValue",
          153.564
        ],
        [
          "atomDistributionValuePerPoint",
          1.0
        ],
        [
          "atomStatisticalDistribution",
          []
        ]
      ],
      [
        [
          "_metadata",
          {
            "jsonVersion": 3.0,
            "className": "AtomChemicalShift",
            "classVersion": 1.0,
            "user": "luca",
            "lastPath": "undefined",
            "timestamp": "Tue Jan  9 15:18:42 2024"
          }
        ],
        [
          "atomName",
          "NB"
        ],
        [
          "atomElementName",
          ""
        ],
        [
          "atomAverageShift",
          135.348
        ],
        [
          "atomStdShift",
          5.218
        ],
        [
          "atomMinShift",
          131.658
        ],
        [
          "atomMaxShift",
          139.037
        ],
        [
          "atomDistributionRefValue",
          131.658
        ],
        [
          "atomDistributionValuePerPoint",
          1.0
        ],
        [
          "atomStatisticalDistribution",
          []
        ]
      ],
      [
        [
          "_metadata",
          {
            "jsonVersion": 3.0,
            "className": "AtomChemicalShift",
            "classVersion": 1.0,
            "user": "luca",
            "lastPath": "undefined",
            "timestamp": "Tue Jan  9 15:18:42 2024"
          }
        ],
        [
          "atomName",
          "NC"
        ],
        [
          "atomElementName",
          ""
        ],
        [
          "atomAverageShift",
          155.948
        ],
        [
          "atomStdShift",
          null
        ],
        [
          "atomMinShift",
          155.948
        ],
        [
          "atomMaxShift",
          155.948
        ],
        [
          "atomDistributionRefValue",
          155.948
        ],
        [
          "atomDistributionValuePerPoint",
          1.0
        ],
        [
          "atomStatisticalDistribution",
          []
        ]
      ],
      [
        [
          "_metadata",
          {
            "jsonVersion": 3.0,
            "className": "AtomChemicalShift",
            "classVersion": 1.0,
            "user": "luca",
            "lastPath": "undefined",
            "timestamp": "Tue Jan  9 15:18:42 2024"
          }
        ],
        [
          "atomName",
          "ND"
        ],
        [
          "atomElementName",
          ""
        ],
        [
          "atomAverageShift",
          148.864
        ],
        [
          "atomStdShift",
          null
        ],
        [
          "atomMinShift",
          148.864
        ],
        [
          "atomMaxShift",
          148.864
        ],
        [
          "atomDistributionRefValue",
          148.864
        ],
        [
          "atomDistributionValuePerPoint",
          1.0
        ],
        [
          "atomStatisticalDistribution",
          []
        ]
      ]
    ]
  ]
]