[
  [
    "_metadata",
    {
      "jsonVersion": 3,
      "className": "ReferenceChemicalShift",
      "classVersion": 1,
      "user": "CCPN",
      "lastPath": "/Users/luca/Projects/AnalysisV3/resources/referenceChemicalShifts/NonStandard/Non-Polymer/D5B.json",
      "timestamp": "Tue Jan  9 15:18:45 2024",
      "applicationVersion": 3.2
    }
  ],
  [
    "chemicalShiftName",
    "Non-Standard Residues / Small Molecules"
  ],
  [
    "chemicalShiftComment",
    "The CCPN Analysis Version 3 ReferenceChemical shifts retrieved from BMRB"
  ],
  [
    "chemicalShiftEntryDate",
    "2023-09-14-14:25:08"
  ],
  [
    "compoundName",
    "[8-(azaniumylmethyl)anthracen-1-yl]methylazanium"
  ],
  [
    "compoundShortName",
    "D5B"
  ],
  [
    "compoundCcpCode",
    "D5B"
  ],
  [
    "compoundType",
    "Non-Polymer"
  ],
  [
    "compoundTypeClassification",
    "non-polymer"
  ],
  [
    "compoundPrecursorName",
    ""
  ],
  [
    "loadingLevel",
    0
  ],
  [
    "atoms",
    [
      [
        [
          "_metadata",
          {
            "jsonVersion": 3.0,
            "className": "AtomChemicalShift",
            "classVersion": 1.0,
            "user": "luca",
            "lastPath": "undefined",
            "timestamp": "Tue Jan  9 15:18:45 2024"
          }
        ],
        [
          "atomName",
          "H1"
        ],
        [
          "atomElementName",
          ""
        ],
        [
          "atomAverageShift",
          8.397
        ],
        [
          "atomStdShift",
          null
        ],
        [
          "atomMinShift",
          8.397
        ],
        [
          "atomMaxShift",
          8.397
        ],
        [
          "atomDistributionRefValue",
          8.397
        ],
        [
          "atomDistributionValuePerPoint",
          1.0
        ],
        [
          "atomStatisticalDistribution",
          []
        ]
      ],
      [
        [
          "_metadata",
          {
            "jsonVersion": 3.0,
            "className": "AtomChemicalShift",
            "classVersion": 1.0,
            "user": "luca",
            "lastPath": "undefined",
            "timestamp": "Tue Jan  9 15:18:45 2024"
          }
        ],
        [
          "atomName",
          "H10"
        ],
        [
          "atomElementName",
          ""
        ],
        [
          "atomAverageShift",
          4.321
        ],
        [
          "atomStdShift",
          null
        ],
        [
          "atomMinShift",
          4.321
        ],
        [
          "atomMaxShift",
          4.321
        ],
        [
          "atomDistributionRefValue",
          4.321
        ],
        [
          "atomDistributionValuePerPoint",
          1.0
        ],
        [
          "atomStatisticalDistribution",
          []
        ]
      ],
      [
        [
          "_metadata",
          {
            "jsonVersion": 3.0,
            "className": "AtomChemicalShift",
            "classVersion": 1.0,
            "user": "luca",
            "lastPath": "undefined",
            "timestamp": "Tue Jan  9 15:18:45 2024"
          }
        ],
        [
          "atomName",
          "H11"
        ],
        [
          "atomElementName",
          ""
        ],
        [
          "atomAverageShift",
          4.675
        ],
        [
          "atomStdShift",
          null
        ],
        [
          "atomMinShift",
          4.675
        ],
        [
          "atomMaxShift",
          4.675
        ],
        [
          "atomDistributionRefValue",
          4.675
        ],
        [
          "atomDistributionValuePerPoint",
          1.0
        ],
        [
          "atomStatisticalDistribution",
          []
        ]
      ],
      [
        [
          "_metadata",
          {
            "jsonVersion": 3.0,
            "className": "AtomChemicalShift",
            "classVersion": 1.0,
            "user": "luca",
            "lastPath": "undefined",
            "timestamp": "Tue Jan  9 15:18:45 2024"
          }
        ],
        [
          "atomName",
          "H12"
        ],
        [
          "atomElementName",
          ""
        ],
        [
          "atomAverageShift",
          8.259
        ],
        [
          "atomStdShift",
          null
        ],
        [
          "atomMinShift",
          8.259
        ],
        [
          "atomMaxShift",
          8.259
        ],
        [
          "atomDistributionRefValue",
          8.259
        ],
        [
          "atomDistributionValuePerPoint",
          1.0
        ],
        [
          "atomStatisticalDistribution",
          []
        ]
      ],
      [
        [
          "_metadata",
          {
            "jsonVersion": 3.0,
            "className": "AtomChemicalShift",
            "classVersion": 1.0,
            "user": "luca",
            "lastPath": "undefined",
            "timestamp": "Tue Jan  9 15:18:45 2024"
          }
        ],
        [
          "atomName",
          "H2"
        ],
        [
          "atomElementName",
          ""
        ],
        [
          "atomAverageShift",
          7.669
        ],
        [
          "atomStdShift",
          null
        ],
        [
          "atomMinShift",
          7.669
        ],
        [
          "atomMaxShift",
          7.669
        ],
        [
          "atomDistributionRefValue",
          7.669
        ],
        [
          "atomDistributionValuePerPoint",
          1.0
        ],
        [
          "atomStatisticalDistribution",
          []
        ]
      ],
      [
        [
          "_metadata",
          {
            "jsonVersion": 3.0,
            "className": "AtomChemicalShift",
            "classVersion": 1.0,
            "user": "luca",
            "lastPath": "undefined",
            "timestamp": "Tue Jan  9 15:18:45 2024"
          }
        ],
        [
          "atomName",
          "H3"
        ],
        [
          "atomElementName",
          ""
        ],
        [
          "atomAverageShift",
          6.958
        ],
        [
          "atomStdShift",
          null
        ],
        [
          "atomMinShift",
          6.958
        ],
        [
          "atomMaxShift",
          6.958
        ],
        [
          "atomDistributionRefValue",
          6.958
        ],
        [
          "atomDistributionValuePerPoint",
          1.0
        ],
        [
          "atomStatisticalDistribution",
          []
        ]
      ],
      [
        [
          "_metadata",
          {
            "jsonVersion": 3.0,
            "className": "AtomChemicalShift",
            "classVersion": 1.0,
            "user": "luca",
            "lastPath": "undefined",
            "timestamp": "Tue Jan  9 15:18:45 2024"
          }
        ],
        [
          "atomName",
          "H4"
        ],
        [
          "atomElementName",
          ""
        ],
        [
          "atomAverageShift",
          7.468
        ],
        [
          "atomStdShift",
          null
        ],
        [
          "atomMinShift",
          7.468
        ],
        [
          "atomMaxShift",
          7.468
        ],
        [
          "atomDistributionRefValue",
          7.468
        ],
        [
          "atomDistributionValuePerPoint",
          1.0
        ],
        [
          "atomStatisticalDistribution",
          []
        ]
      ],
      [
        [
          "_metadata",
          {
            "jsonVersion": 3.0,
            "className": "AtomChemicalShift",
            "classVersion": 1.0,
            "user": "luca",
            "lastPath": "undefined",
            "timestamp": "Tue Jan  9 15:18:45 2024"
          }
        ],
        [
          "atomName",
          "H5"
        ],
        [
          "atomElementName",
          ""
        ],
        [
          "atomAverageShift",
          7.447
        ],
        [
          "atomStdShift",
          null
        ],
        [
          "atomMinShift",
          7.447
        ],
        [
          "atomMaxShift",
          7.447
        ],
        [
          "atomDistributionRefValue",
          7.447
        ],
        [
          "atomDistributionValuePerPoint",
          1.0
        ],
        [
          "atomStatisticalDistribution",
          []
        ]
      ],
      [
        [
          "_metadata",
          {
            "jsonVersion": 3.0,
            "className": "AtomChemicalShift",
            "classVersion": 1.0,
            "user": "luca",
            "lastPath": "undefined",
            "timestamp": "Tue Jan  9 15:18:45 2024"
          }
        ],
        [
          "atomName",
          "H6"
        ],
        [
          "atomElementName",
          ""
        ],
        [
          "atomAverageShift",
          8.052
        ],
        [
          "atomStdShift",
          null
        ],
        [
          "atomMinShift",
          8.052
        ],
        [
          "atomMaxShift",
          8.052
        ],
        [
          "atomDistributionRefValue",
          8.052
        ],
        [
          "atomDistributionValuePerPoint",
          1.0
        ],
        [
          "atomStatisticalDistribution",
          []
        ]
      ],
      [
        [
          "_metadata",
          {
            "jsonVersion": 3.0,
            "className": "AtomChemicalShift",
            "classVersion": 1.0,
            "user": "luca",
            "lastPath": "undefined",
            "timestamp": "Tue Jan  9 15:18:45 2024"
          }
        ],
        [
          "atomName",
          "H7"
        ],
        [
          "atomElementName",
          ""
        ],
        [
          "atomAverageShift",
          7.99
        ],
        [
          "atomStdShift",
          null
        ],
        [
          "atomMinShift",
          7.99
        ],
        [
          "atomMaxShift",
          7.99
        ],
        [
          "atomDistributionRefValue",
          7.99
        ],
        [
          "atomDistributionValuePerPoint",
          1.0
        ],
        [
          "atomStatisticalDistribution",
          []
        ]
      ],
      [
        [
          "_metadata",
          {
            "jsonVersion": 3.0,
            "className": "AtomChemicalShift",
            "classVersion": 1.0,
            "user": "luca",
            "lastPath": "undefined",
            "timestamp": "Tue Jan  9 15:18:45 2024"
          }
        ],
        [
          "atomName",
          "H8"
        ],
        [
          "atomElementName",
          ""
        ],
        [
          "atomAverageShift",
          4.072
        ],
        [
          "atomStdShift",
          null
        ],
        [
          "atomMinShift",
          4.072
        ],
        [
          "atomMaxShift",
          4.072
        ],
        [
          "atomDistributionRefValue",
          4.072
        ],
        [
          "atomDistributionValuePerPoint",
          1.0
        ],
        [
          "atomStatisticalDistribution",
          []
        ]
      ],
      [
        [
          "_metadata",
          {
            "jsonVersion": 3.0,
            "className": "AtomChemicalShift",
            "classVersion": 1.0,
            "user": "luca",
            "lastPath": "undefined",
            "timestamp": "Tue Jan  9 15:18:45 2024"
          }
        ],
        [
          "atomName",
          "H9"
        ],
        [
          "atomElementName",
          ""
        ],
        [
          "atomAverageShift",
          4.607
        ],
        [
          "atomStdShift",
          null
        ],
        [
          "atomMinShift",
          4.607
        ],
        [
          "atomMaxShift",
          4.607
        ],
        [
          "atomDistributionRefValue",
          4.607
        ],
        [
          "atomDistributionValuePerPoint",
          1.0
        ],
        [
          "atomStatisticalDistribution",
          []
        ]
      ],
      [
        [
          "_metadata",
          {
            "jsonVersion": 3.0,
            "className": "AtomChemicalShift",
            "classVersion": 1.0,
            "user": "luca",
            "lastPath": "undefined",
            "timestamp": "Tue Jan  9 15:18:45 2024"
          }
        ],
        [
          "atomName",
          "NH1"
        ],
        [
          "atomElementName",
          ""
        ],
        [
          "atomAverageShift",
          7.733
        ],
        [
          "atomStdShift",
          null
        ],
        [
          "atomMinShift",
          7.733
        ],
        [
          "atomMaxShift",
          7.733
        ],
        [
          "atomDistributionRefValue",
          7.733
        ],
        [
          "atomDistributionValuePerPoint",
          1.0
        ],
        [
          "atomStatisticalDistribution",
          []
        ]
      ],
      [
        [
          "_metadata",
          {
            "jsonVersion": 3.0,
            "className": "AtomChemicalShift",
            "classVersion": 1.0,
            "user": "luca",
            "lastPath": "undefined",
            "timestamp": "Tue Jan  9 15:18:45 2024"
          }
        ],
        [
          "atomName",
          "NH2"
        ],
        [
          "atomElementName",
          ""
        ],
        [
          "atomAverageShift",
          8.279
        ],
        [
          "atomStdShift",
          null
        ],
        [
          "atomMinShift",
          8.279
        ],
        [
          "atomMaxShift",
          8.279
        ],
        [
          "atomDistributionRefValue",
          8.279
        ],
        [
          "atomDistributionValuePerPoint",
          1.0
        ],
        [
          "atomStatisticalDistribution",
          []
        ]
      ]
    ]
  ]
]