[
  [
    "_metadata",
    {
      "jsonVersion": 3,
      "className": "ReferenceChemicalShift",
      "classVersion": 1,
      "user": "CCPN",
      "lastPath": "/Users/luca/Projects/AnalysisV3/resources/referenceChemicalShifts/NonStandard/Non-Polymer/DGP.json",
      "timestamp": "Tue Jan  9 15:18:21 2024",
      "applicationVersion": 3.2
    }
  ],
  [
    "chemicalShiftName",
    "Non-Standard Residues / Small Molecules"
  ],
  [
    "chemicalShiftComment",
    "The CCPN Analysis Version 3 ReferenceChemical shifts retrieved from BMRB"
  ],
  [
    "chemicalShiftEntryDate",
    "2023-09-14-14:25:08"
  ],
  [
    "compoundName",
    "2'-DEOXYGUANOSINE-5'-MONOPHOSPHATE"
  ],
  [
    "compoundShortName",
    "DGP"
  ],
  [
    "compoundCcpCode",
    "DGP"
  ],
  [
    "compoundType",
    "Non-Polymer"
  ],
  [
    "compoundTypeClassification",
    "non-polymer"
  ],
  [
    "compoundPrecursorName",
    "2'-Deoxyguanosine-5'-Monophosphate"
  ],
  [
    "loadingLevel",
    0
  ],
  [
    "atoms",
    [
      [
        [
          "_metadata",
          {
            "jsonVersion": 3.0,
            "className": "AtomChemicalShift",
            "classVersion": 1.0,
            "user": "luca",
            "lastPath": "undefined",
            "timestamp": "Tue Jan  9 15:18:21 2024"
          }
        ],
        [
          "atomName",
          "H1'"
        ],
        [
          "atomElementName",
          ""
        ],
        [
          "atomAverageShift",
          6.277
        ],
        [
          "atomStdShift",
          0.023
        ],
        [
          "atomMinShift",
          6.253
        ],
        [
          "atomMaxShift",
          6.298
        ],
        [
          "atomDistributionRefValue",
          6.253
        ],
        [
          "atomDistributionValuePerPoint",
          1.0
        ],
        [
          "atomStatisticalDistribution",
          []
        ]
      ],
      [
        [
          "_metadata",
          {
            "jsonVersion": 3.0,
            "className": "AtomChemicalShift",
            "classVersion": 1.0,
            "user": "luca",
            "lastPath": "undefined",
            "timestamp": "Tue Jan  9 15:18:21 2024"
          }
        ],
        [
          "atomName",
          "H2'"
        ],
        [
          "atomElementName",
          ""
        ],
        [
          "atomAverageShift",
          2.634
        ],
        [
          "atomStdShift",
          0.292
        ],
        [
          "atomMinShift",
          2.443
        ],
        [
          "atomMaxShift",
          2.97
        ],
        [
          "atomDistributionRefValue",
          2.443
        ],
        [
          "atomDistributionValuePerPoint",
          1.0
        ],
        [
          "atomStatisticalDistribution",
          []
        ]
      ],
      [
        [
          "_metadata",
          {
            "jsonVersion": 3.0,
            "className": "AtomChemicalShift",
            "classVersion": 1.0,
            "user": "luca",
            "lastPath": "undefined",
            "timestamp": "Tue Jan  9 15:18:21 2024"
          }
        ],
        [
          "atomName",
          "H2''"
        ],
        [
          "atomElementName",
          ""
        ],
        [
          "atomAverageShift",
          2.812
        ],
        [
          "atomStdShift",
          0.057
        ],
        [
          "atomMinShift",
          2.765
        ],
        [
          "atomMaxShift",
          2.876
        ],
        [
          "atomDistributionRefValue",
          2.765
        ],
        [
          "atomDistributionValuePerPoint",
          1.0
        ],
        [
          "atomStatisticalDistribution",
          []
        ]
      ],
      [
        [
          "_metadata",
          {
            "jsonVersion": 3.0,
            "className": "AtomChemicalShift",
            "classVersion": 1.0,
            "user": "luca",
            "lastPath": "undefined",
            "timestamp": "Tue Jan  9 15:18:21 2024"
          }
        ],
        [
          "atomName",
          "H3'"
        ],
        [
          "atomElementName",
          ""
        ],
        [
          "atomAverageShift",
          4.696
        ],
        [
          "atomStdShift",
          0.031
        ],
        [
          "atomMinShift",
          4.664
        ],
        [
          "atomMaxShift",
          4.725
        ],
        [
          "atomDistributionRefValue",
          4.664
        ],
        [
          "atomDistributionValuePerPoint",
          1.0
        ],
        [
          "atomStatisticalDistribution",
          []
        ]
      ],
      [
        [
          "_metadata",
          {
            "jsonVersion": 3.0,
            "className": "AtomChemicalShift",
            "classVersion": 1.0,
            "user": "luca",
            "lastPath": "undefined",
            "timestamp": "Tue Jan  9 15:18:21 2024"
          }
        ],
        [
          "atomName",
          "H4'"
        ],
        [
          "atomElementName",
          ""
        ],
        [
          "atomAverageShift",
          4.226
        ],
        [
          "atomStdShift",
          0.037
        ],
        [
          "atomMinShift",
          4.205
        ],
        [
          "atomMaxShift",
          4.269
        ],
        [
          "atomDistributionRefValue",
          4.205
        ],
        [
          "atomDistributionValuePerPoint",
          1.0
        ],
        [
          "atomStatisticalDistribution",
          []
        ]
      ],
      [
        [
          "_metadata",
          {
            "jsonVersion": 3.0,
            "className": "AtomChemicalShift",
            "classVersion": 1.0,
            "user": "luca",
            "lastPath": "undefined",
            "timestamp": "Tue Jan  9 15:18:21 2024"
          }
        ],
        [
          "atomName",
          "H5'"
        ],
        [
          "atomElementName",
          ""
        ],
        [
          "atomAverageShift",
          3.929
        ],
        [
          "atomStdShift",
          0.028
        ],
        [
          "atomMinShift",
          3.909
        ],
        [
          "atomMaxShift",
          3.948
        ],
        [
          "atomDistributionRefValue",
          3.909
        ],
        [
          "atomDistributionValuePerPoint",
          1.0
        ],
        [
          "atomStatisticalDistribution",
          []
        ]
      ],
      [
        [
          "_metadata",
          {
            "jsonVersion": 3.0,
            "className": "AtomChemicalShift",
            "classVersion": 1.0,
            "user": "luca",
            "lastPath": "undefined",
            "timestamp": "Tue Jan  9 15:18:21 2024"
          }
        ],
        [
          "atomName",
          "H5''"
        ],
        [
          "atomElementName",
          ""
        ],
        [
          "atomAverageShift",
          3.956
        ],
        [
          "atomStdShift",
          0.066
        ],
        [
          "atomMinShift",
          3.909
        ],
        [
          "atomMaxShift",
          4.003
        ],
        [
          "atomDistributionRefValue",
          3.909
        ],
        [
          "atomDistributionValuePerPoint",
          1.0
        ],
        [
          "atomStatisticalDistribution",
          []
        ]
      ],
      [
        [
          "_metadata",
          {
            "jsonVersion": 3.0,
            "className": "AtomChemicalShift",
            "classVersion": 1.0,
            "user": "luca",
            "lastPath": "undefined",
            "timestamp": "Tue Jan  9 15:18:21 2024"
          }
        ],
        [
          "atomName",
          "H8"
        ],
        [
          "atomElementName",
          ""
        ],
        [
          "atomAverageShift",
          8.116
        ],
        [
          "atomStdShift",
          0.022
        ],
        [
          "atomMinShift",
          8.101
        ],
        [
          "atomMaxShift",
          8.141
        ],
        [
          "atomDistributionRefValue",
          8.101
        ],
        [
          "atomDistributionValuePerPoint",
          1.0
        ],
        [
          "atomStatisticalDistribution",
          []
        ]
      ],
      [
        [
          "_metadata",
          {
            "jsonVersion": 3.0,
            "className": "AtomChemicalShift",
            "classVersion": 1.0,
            "user": "luca",
            "lastPath": "undefined",
            "timestamp": "Tue Jan  9 15:18:21 2024"
          }
        ],
        [
          "atomName",
          "HN1"
        ],
        [
          "atomElementName",
          ""
        ],
        [
          "atomAverageShift",
          11.63
        ],
        [
          "atomStdShift",
          0.377
        ],
        [
          "atomMinShift",
          11.363
        ],
        [
          "atomMaxShift",
          11.896
        ],
        [
          "atomDistributionRefValue",
          11.363
        ],
        [
          "atomDistributionValuePerPoint",
          1.0
        ],
        [
          "atomStatisticalDistribution",
          []
        ]
      ],
      [
        [
          "_metadata",
          {
            "jsonVersion": 3.0,
            "className": "AtomChemicalShift",
            "classVersion": 1.0,
            "user": "luca",
            "lastPath": "undefined",
            "timestamp": "Tue Jan  9 15:18:21 2024"
          }
        ],
        [
          "atomName",
          "HN21"
        ],
        [
          "atomElementName",
          ""
        ],
        [
          "atomAverageShift",
          6.31
        ],
        [
          "atomStdShift",
          null
        ],
        [
          "atomMinShift",
          6.31
        ],
        [
          "atomMaxShift",
          6.31
        ],
        [
          "atomDistributionRefValue",
          6.31
        ],
        [
          "atomDistributionValuePerPoint",
          1.0
        ],
        [
          "atomStatisticalDistribution",
          []
        ]
      ],
      [
        [
          "_metadata",
          {
            "jsonVersion": 3.0,
            "className": "AtomChemicalShift",
            "classVersion": 1.0,
            "user": "luca",
            "lastPath": "undefined",
            "timestamp": "Tue Jan  9 15:18:21 2024"
          }
        ],
        [
          "atomName",
          "HN22"
        ],
        [
          "atomElementName",
          ""
        ],
        [
          "atomAverageShift",
          6.31
        ],
        [
          "atomStdShift",
          null
        ],
        [
          "atomMinShift",
          6.31
        ],
        [
          "atomMaxShift",
          6.31
        ],
        [
          "atomDistributionRefValue",
          6.31
        ],
        [
          "atomDistributionValuePerPoint",
          1.0
        ],
        [
          "atomStatisticalDistribution",
          []
        ]
      ]
    ]
  ]
]