[
  [
    "_metadata",
    {
      "jsonVersion": 3,
      "className": "ReferenceChemicalShift",
      "classVersion": 1,
      "user": "CCPN",
      "lastPath": "/Users/luca/Projects/AnalysisV3/resources/referenceChemicalShifts/NonStandard/Non-Polymer/DXB.json",
      "timestamp": "Tue Jan  9 15:18:27 2024",
      "applicationVersion": 3.2
    }
  ],
  [
    "chemicalShiftName",
    "Non-Standard Residues / Small Molecules"
  ],
  [
    "chemicalShiftComment",
    "The CCPN Analysis Version 3 ReferenceChemical shifts retrieved from BMRB"
  ],
  [
    "chemicalShiftEntryDate",
    "2023-09-14-14:25:08"
  ],
  [
    "compoundName",
    "1,2-HYDRO-1-OXY-3,4-HYDRO-3-(1-METHOXY-2-OXY-3,4-DIHYDROXYPENTYL)-8,9-DIHYDROXY-7-METHYL-ANTHRACENE"
  ],
  [
    "compoundShortName",
    "DXB"
  ],
  [
    "compoundCcpCode",
    "DXB"
  ],
  [
    "compoundType",
    "Non-Polymer"
  ],
  [
    "compoundTypeClassification",
    "non-polymer"
  ],
  [
    "compoundPrecursorName",
    ""
  ],
  [
    "loadingLevel",
    0
  ],
  [
    "atoms",
    [
      [
        [
          "_metadata",
          {
            "jsonVersion": 3.0,
            "className": "AtomChemicalShift",
            "classVersion": 1.0,
            "user": "luca",
            "lastPath": "undefined",
            "timestamp": "Tue Jan  9 15:18:27 2024"
          }
        ],
        [
          "atomName",
          "C10"
        ],
        [
          "atomElementName",
          ""
        ],
        [
          "atomAverageShift",
          114.94
        ],
        [
          "atomStdShift",
          0.0
        ],
        [
          "atomMinShift",
          114.94
        ],
        [
          "atomMaxShift",
          114.94
        ],
        [
          "atomDistributionRefValue",
          114.94
        ],
        [
          "atomDistributionValuePerPoint",
          1.0
        ],
        [
          "atomStatisticalDistribution",
          []
        ]
      ],
      [
        [
          "_metadata",
          {
            "jsonVersion": 3.0,
            "className": "AtomChemicalShift",
            "classVersion": 1.0,
            "user": "luca",
            "lastPath": "undefined",
            "timestamp": "Tue Jan  9 15:18:27 2024"
          }
        ],
        [
          "atomName",
          "C1S"
        ],
        [
          "atomElementName",
          ""
        ],
        [
          "atomAverageShift",
          101.65
        ],
        [
          "atomStdShift",
          19.053
        ],
        [
          "atomMinShift",
          85.15
        ],
        [
          "atomMaxShift",
          118.15
        ],
        [
          "atomDistributionRefValue",
          85.15
        ],
        [
          "atomDistributionValuePerPoint",
          1.0
        ],
        [
          "atomStatisticalDistribution",
          []
        ]
      ],
      [
        [
          "_metadata",
          {
            "jsonVersion": 3.0,
            "className": "AtomChemicalShift",
            "classVersion": 1.0,
            "user": "luca",
            "lastPath": "undefined",
            "timestamp": "Tue Jan  9 15:18:27 2024"
          }
        ],
        [
          "atomName",
          "C2"
        ],
        [
          "atomElementName",
          ""
        ],
        [
          "atomAverageShift",
          80.82
        ],
        [
          "atomStdShift",
          0.0
        ],
        [
          "atomMinShift",
          80.82
        ],
        [
          "atomMaxShift",
          80.82
        ],
        [
          "atomDistributionRefValue",
          80.82
        ],
        [
          "atomDistributionValuePerPoint",
          1.0
        ],
        [
          "atomStatisticalDistribution",
          []
        ]
      ],
      [
        [
          "_metadata",
          {
            "jsonVersion": 3.0,
            "className": "AtomChemicalShift",
            "classVersion": 1.0,
            "user": "luca",
            "lastPath": "undefined",
            "timestamp": "Tue Jan  9 15:18:27 2024"
          }
        ],
        [
          "atomName",
          "C3S"
        ],
        [
          "atomElementName",
          ""
        ],
        [
          "atomAverageShift",
          78.425
        ],
        [
          "atomStdShift",
          4.532
        ],
        [
          "atomMinShift",
          74.5
        ],
        [
          "atomMaxShift",
          82.35
        ],
        [
          "atomDistributionRefValue",
          74.5
        ],
        [
          "atomDistributionValuePerPoint",
          1.0
        ],
        [
          "atomStatisticalDistribution",
          []
        ]
      ],
      [
        [
          "_metadata",
          {
            "jsonVersion": 3.0,
            "className": "AtomChemicalShift",
            "classVersion": 1.0,
            "user": "luca",
            "lastPath": "undefined",
            "timestamp": "Tue Jan  9 15:18:27 2024"
          }
        ],
        [
          "atomName",
          "C4"
        ],
        [
          "atomElementName",
          ""
        ],
        [
          "atomAverageShift",
          30.63
        ],
        [
          "atomStdShift",
          0.0
        ],
        [
          "atomMinShift",
          30.63
        ],
        [
          "atomMaxShift",
          30.63
        ],
        [
          "atomDistributionRefValue",
          30.63
        ],
        [
          "atomDistributionValuePerPoint",
          1.0
        ],
        [
          "atomStatisticalDistribution",
          []
        ]
      ],
      [
        [
          "_metadata",
          {
            "jsonVersion": 3.0,
            "className": "AtomChemicalShift",
            "classVersion": 1.0,
            "user": "luca",
            "lastPath": "undefined",
            "timestamp": "Tue Jan  9 15:18:27 2024"
          }
        ],
        [
          "atomName",
          "C4S"
        ],
        [
          "atomElementName",
          ""
        ],
        [
          "atomAverageShift",
          68.56
        ],
        [
          "atomStdShift",
          3.314
        ],
        [
          "atomMinShift",
          65.69
        ],
        [
          "atomMaxShift",
          71.43
        ],
        [
          "atomDistributionRefValue",
          65.69
        ],
        [
          "atomDistributionValuePerPoint",
          1.0
        ],
        [
          "atomStatisticalDistribution",
          []
        ]
      ],
      [
        [
          "_metadata",
          {
            "jsonVersion": 3.0,
            "className": "AtomChemicalShift",
            "classVersion": 1.0,
            "user": "luca",
            "lastPath": "undefined",
            "timestamp": "Tue Jan  9 15:18:27 2024"
          }
        ],
        [
          "atomName",
          "C5"
        ],
        [
          "atomElementName",
          ""
        ],
        [
          "atomAverageShift",
          102.55
        ],
        [
          "atomStdShift",
          0.0
        ],
        [
          "atomMinShift",
          102.55
        ],
        [
          "atomMaxShift",
          102.55
        ],
        [
          "atomDistributionRefValue",
          102.55
        ],
        [
          "atomDistributionValuePerPoint",
          1.0
        ],
        [
          "atomStatisticalDistribution",
          []
        ]
      ],
      [
        [
          "_metadata",
          {
            "jsonVersion": 3.0,
            "className": "AtomChemicalShift",
            "classVersion": 1.0,
            "user": "luca",
            "lastPath": "undefined",
            "timestamp": "Tue Jan  9 15:18:27 2024"
          }
        ],
        [
          "atomName",
          "C5S"
        ],
        [
          "atomElementName",
          ""
        ],
        [
          "atomAverageShift",
          19.125
        ],
        [
          "atomStdShift",
          2.777
        ],
        [
          "atomMinShift",
          16.72
        ],
        [
          "atomMaxShift",
          21.53
        ],
        [
          "atomDistributionRefValue",
          16.72
        ],
        [
          "atomDistributionValuePerPoint",
          1.0
        ],
        [
          "atomStatisticalDistribution",
          []
        ]
      ],
      [
        [
          "_metadata",
          {
            "jsonVersion": 3.0,
            "className": "AtomChemicalShift",
            "classVersion": 1.0,
            "user": "luca",
            "lastPath": "undefined",
            "timestamp": "Tue Jan  9 15:18:27 2024"
          }
        ],
        [
          "atomName",
          "CC7"
        ],
        [
          "atomElementName",
          ""
        ],
        [
          "atomAverageShift",
          24.845
        ],
        [
          "atomStdShift",
          13.654
        ],
        [
          "atomMinShift",
          13.02
        ],
        [
          "atomMaxShift",
          36.67
        ],
        [
          "atomDistributionRefValue",
          13.02
        ],
        [
          "atomDistributionValuePerPoint",
          1.0
        ],
        [
          "atomStatisticalDistribution",
          []
        ]
      ],
      [
        [
          "_metadata",
          {
            "jsonVersion": 3.0,
            "className": "AtomChemicalShift",
            "classVersion": 1.0,
            "user": "luca",
            "lastPath": "undefined",
            "timestamp": "Tue Jan  9 15:18:27 2024"
          }
        ],
        [
          "atomName",
          "CME"
        ],
        [
          "atomElementName",
          ""
        ],
        [
          "atomAverageShift",
          56.515
        ],
        [
          "atomStdShift",
          5.733
        ],
        [
          "atomMinShift",
          51.55
        ],
        [
          "atomMaxShift",
          61.48
        ],
        [
          "atomDistributionRefValue",
          51.55
        ],
        [
          "atomDistributionValuePerPoint",
          1.0
        ],
        [
          "atomStatisticalDistribution",
          []
        ]
      ],
      [
        [
          "_metadata",
          {
            "jsonVersion": 3.0,
            "className": "AtomChemicalShift",
            "classVersion": 1.0,
            "user": "luca",
            "lastPath": "undefined",
            "timestamp": "Tue Jan  9 15:18:27 2024"
          }
        ],
        [
          "atomName",
          "H10"
        ],
        [
          "atomElementName",
          ""
        ],
        [
          "atomAverageShift",
          10.93
        ],
        [
          "atomStdShift",
          4.988
        ],
        [
          "atomMinShift",
          6.61
        ],
        [
          "atomMaxShift",
          15.25
        ],
        [
          "atomDistributionRefValue",
          6.61
        ],
        [
          "atomDistributionValuePerPoint",
          1.0
        ],
        [
          "atomStatisticalDistribution",
          []
        ]
      ],
      [
        [
          "_metadata",
          {
            "jsonVersion": 3.0,
            "className": "AtomChemicalShift",
            "classVersion": 1.0,
            "user": "luca",
            "lastPath": "undefined",
            "timestamp": "Tue Jan  9 15:18:27 2024"
          }
        ],
        [
          "atomName",
          "H2"
        ],
        [
          "atomElementName",
          ""
        ],
        [
          "atomAverageShift",
          -27.345
        ],
        [
          "atomStdShift",
          45.163
        ],
        [
          "atomMinShift",
          -59.28
        ],
        [
          "atomMaxShift",
          4.59
        ],
        [
          "atomDistributionRefValue",
          -59.28
        ],
        [
          "atomDistributionValuePerPoint",
          1.0
        ],
        [
          "atomStatisticalDistribution",
          []
        ]
      ],
      [
        [
          "_metadata",
          {
            "jsonVersion": 3.0,
            "className": "AtomChemicalShift",
            "classVersion": 1.0,
            "user": "luca",
            "lastPath": "undefined",
            "timestamp": "Tue Jan  9 15:18:27 2024"
          }
        ],
        [
          "atomName",
          "H21"
        ],
        [
          "atomElementName",
          ""
        ],
        [
          "atomAverageShift",
          -27.345
        ],
        [
          "atomStdShift",
          45.163
        ],
        [
          "atomMinShift",
          -59.28
        ],
        [
          "atomMaxShift",
          4.59
        ],
        [
          "atomDistributionRefValue",
          -59.28
        ],
        [
          "atomDistributionValuePerPoint",
          1.0
        ],
        [
          "atomStatisticalDistribution",
          []
        ]
      ],
      [
        [
          "_metadata",
          {
            "jsonVersion": 3.0,
            "className": "AtomChemicalShift",
            "classVersion": 1.0,
            "user": "luca",
            "lastPath": "undefined",
            "timestamp": "Tue Jan  9 15:18:27 2024"
          }
        ],
        [
          "atomName",
          "H22"
        ],
        [
          "atomElementName",
          ""
        ],
        [
          "atomAverageShift",
          -27.345
        ],
        [
          "atomStdShift",
          45.163
        ],
        [
          "atomMinShift",
          -59.28
        ],
        [
          "atomMaxShift",
          4.59
        ],
        [
          "atomDistributionRefValue",
          -59.28
        ],
        [
          "atomDistributionValuePerPoint",
          1.0
        ],
        [
          "atomStatisticalDistribution",
          []
        ]
      ],
      [
        [
          "_metadata",
          {
            "jsonVersion": 3.0,
            "className": "AtomChemicalShift",
            "classVersion": 1.0,
            "user": "luca",
            "lastPath": "undefined",
            "timestamp": "Tue Jan  9 15:18:27 2024"
          }
        ],
        [
          "atomName",
          "H3"
        ],
        [
          "atomElementName",
          ""
        ],
        [
          "atomAverageShift",
          -8.145
        ],
        [
          "atomStdShift",
          12.604
        ],
        [
          "atomMinShift",
          -19.06
        ],
        [
          "atomMaxShift",
          2.77
        ],
        [
          "atomDistributionRefValue",
          -19.06
        ],
        [
          "atomDistributionValuePerPoint",
          1.0
        ],
        [
          "atomStatisticalDistribution",
          []
        ]
      ],
      [
        [
          "_metadata",
          {
            "jsonVersion": 3.0,
            "className": "AtomChemicalShift",
            "classVersion": 1.0,
            "user": "luca",
            "lastPath": "undefined",
            "timestamp": "Tue Jan  9 15:18:27 2024"
          }
        ],
        [
          "atomName",
          "H4A"
        ],
        [
          "atomElementName",
          ""
        ],
        [
          "atomAverageShift",
          -3.025
        ],
        [
          "atomStdShift",
          6.691
        ],
        [
          "atomMinShift",
          -8.82
        ],
        [
          "atomMaxShift",
          2.77
        ],
        [
          "atomDistributionRefValue",
          -8.82
        ],
        [
          "atomDistributionValuePerPoint",
          1.0
        ],
        [
          "atomStatisticalDistribution",
          []
        ]
      ],
      [
        [
          "_metadata",
          {
            "jsonVersion": 3.0,
            "className": "AtomChemicalShift",
            "classVersion": 1.0,
            "user": "luca",
            "lastPath": "undefined",
            "timestamp": "Tue Jan  9 15:18:27 2024"
          }
        ],
        [
          "atomName",
          "H4E"
        ],
        [
          "atomElementName",
          ""
        ],
        [
          "atomAverageShift",
          0.58
        ],
        [
          "atomStdShift",
          2.298
        ],
        [
          "atomMinShift",
          -1.41
        ],
        [
          "atomMaxShift",
          2.57
        ],
        [
          "atomDistributionRefValue",
          -1.41
        ],
        [
          "atomDistributionValuePerPoint",
          1.0
        ],
        [
          "atomStatisticalDistribution",
          []
        ]
      ],
      [
        [
          "_metadata",
          {
            "jsonVersion": 3.0,
            "className": "AtomChemicalShift",
            "classVersion": 1.0,
            "user": "luca",
            "lastPath": "undefined",
            "timestamp": "Tue Jan  9 15:18:27 2024"
          }
        ],
        [
          "atomName",
          "H5"
        ],
        [
          "atomElementName",
          ""
        ],
        [
          "atomAverageShift",
          19.535
        ],
        [
          "atomStdShift",
          14.578
        ],
        [
          "atomMinShift",
          6.91
        ],
        [
          "atomMaxShift",
          32.16
        ],
        [
          "atomDistributionRefValue",
          6.91
        ],
        [
          "atomDistributionValuePerPoint",
          1.0
        ],
        [
          "atomStatisticalDistribution",
          []
        ]
      ],
      [
        [
          "_metadata",
          {
            "jsonVersion": 3.0,
            "className": "AtomChemicalShift",
            "classVersion": 1.0,
            "user": "luca",
            "lastPath": "undefined",
            "timestamp": "Tue Jan  9 15:18:27 2024"
          }
        ],
        [
          "atomName",
          "HM1"
        ],
        [
          "atomElementName",
          ""
        ],
        [
          "atomAverageShift",
          -1.095
        ],
        [
          "atomStdShift",
          6.371
        ],
        [
          "atomMinShift",
          -5.6
        ],
        [
          "atomMaxShift",
          3.41
        ],
        [
          "atomDistributionRefValue",
          -5.6
        ],
        [
          "atomDistributionValuePerPoint",
          1.0
        ],
        [
          "atomStatisticalDistribution",
          []
        ]
      ],
      [
        [
          "_metadata",
          {
            "jsonVersion": 3.0,
            "className": "AtomChemicalShift",
            "classVersion": 1.0,
            "user": "luca",
            "lastPath": "undefined",
            "timestamp": "Tue Jan  9 15:18:27 2024"
          }
        ],
        [
          "atomName",
          "HM11"
        ],
        [
          "atomElementName",
          ""
        ],
        [
          "atomAverageShift",
          -1.095
        ],
        [
          "atomStdShift",
          6.371
        ],
        [
          "atomMinShift",
          -5.6
        ],
        [
          "atomMaxShift",
          3.41
        ],
        [
          "atomDistributionRefValue",
          -5.6
        ],
        [
          "atomDistributionValuePerPoint",
          1.0
        ],
        [
          "atomStatisticalDistribution",
          []
        ]
      ],
      [
        [
          "_metadata",
          {
            "jsonVersion": 3.0,
            "className": "AtomChemicalShift",
            "classVersion": 1.0,
            "user": "luca",
            "lastPath": "undefined",
            "timestamp": "Tue Jan  9 15:18:27 2024"
          }
        ],
        [
          "atomName",
          "HM12"
        ],
        [
          "atomElementName",
          ""
        ],
        [
          "atomAverageShift",
          -1.095
        ],
        [
          "atomStdShift",
          6.371
        ],
        [
          "atomMinShift",
          -5.6
        ],
        [
          "atomMaxShift",
          3.41
        ],
        [
          "atomDistributionRefValue",
          -5.6
        ],
        [
          "atomDistributionValuePerPoint",
          1.0
        ],
        [
          "atomStatisticalDistribution",
          []
        ]
      ],
      [
        [
          "_metadata",
          {
            "jsonVersion": 3.0,
            "className": "AtomChemicalShift",
            "classVersion": 1.0,
            "user": "luca",
            "lastPath": "undefined",
            "timestamp": "Tue Jan  9 15:18:27 2024"
          }
        ],
        [
          "atomName",
          "HM13"
        ],
        [
          "atomElementName",
          ""
        ],
        [
          "atomAverageShift",
          -1.095
        ],
        [
          "atomStdShift",
          6.371
        ],
        [
          "atomMinShift",
          -5.6
        ],
        [
          "atomMaxShift",
          3.41
        ],
        [
          "atomDistributionRefValue",
          -5.6
        ],
        [
          "atomDistributionValuePerPoint",
          1.0
        ],
        [
          "atomStatisticalDistribution",
          []
        ]
      ],
      [
        [
          "_metadata",
          {
            "jsonVersion": 3.0,
            "className": "AtomChemicalShift",
            "classVersion": 1.0,
            "user": "luca",
            "lastPath": "undefined",
            "timestamp": "Tue Jan  9 15:18:27 2024"
          }
        ],
        [
          "atomName",
          "HM5"
        ],
        [
          "atomElementName",
          ""
        ],
        [
          "atomAverageShift",
          -0.915
        ],
        [
          "atomStdShift",
          3.175
        ],
        [
          "atomMinShift",
          -3.16
        ],
        [
          "atomMaxShift",
          1.33
        ],
        [
          "atomDistributionRefValue",
          -3.16
        ],
        [
          "atomDistributionValuePerPoint",
          1.0
        ],
        [
          "atomStatisticalDistribution",
          []
        ]
      ],
      [
        [
          "_metadata",
          {
            "jsonVersion": 3.0,
            "className": "AtomChemicalShift",
            "classVersion": 1.0,
            "user": "luca",
            "lastPath": "undefined",
            "timestamp": "Tue Jan  9 15:18:27 2024"
          }
        ],
        [
          "atomName",
          "HM51"
        ],
        [
          "atomElementName",
          ""
        ],
        [
          "atomAverageShift",
          -0.915
        ],
        [
          "atomStdShift",
          3.175
        ],
        [
          "atomMinShift",
          -3.16
        ],
        [
          "atomMaxShift",
          1.33
        ],
        [
          "atomDistributionRefValue",
          -3.16
        ],
        [
          "atomDistributionValuePerPoint",
          1.0
        ],
        [
          "atomStatisticalDistribution",
          []
        ]
      ],
      [
        [
          "_metadata",
          {
            "jsonVersion": 3.0,
            "className": "AtomChemicalShift",
            "classVersion": 1.0,
            "user": "luca",
            "lastPath": "undefined",
            "timestamp": "Tue Jan  9 15:18:27 2024"
          }
        ],
        [
          "atomName",
          "HM52"
        ],
        [
          "atomElementName",
          ""
        ],
        [
          "atomAverageShift",
          -0.915
        ],
        [
          "atomStdShift",
          3.175
        ],
        [
          "atomMinShift",
          -3.16
        ],
        [
          "atomMaxShift",
          1.33
        ],
        [
          "atomDistributionRefValue",
          -3.16
        ],
        [
          "atomDistributionValuePerPoint",
          1.0
        ],
        [
          "atomStatisticalDistribution",
          []
        ]
      ],
      [
        [
          "_metadata",
          {
            "jsonVersion": 3.0,
            "className": "AtomChemicalShift",
            "classVersion": 1.0,
            "user": "luca",
            "lastPath": "undefined",
            "timestamp": "Tue Jan  9 15:18:27 2024"
          }
        ],
        [
          "atomName",
          "HM53"
        ],
        [
          "atomElementName",
          ""
        ],
        [
          "atomAverageShift",
          -0.915
        ],
        [
          "atomStdShift",
          3.175
        ],
        [
          "atomMinShift",
          -3.16
        ],
        [
          "atomMaxShift",
          1.33
        ],
        [
          "atomDistributionRefValue",
          -3.16
        ],
        [
          "atomDistributionValuePerPoint",
          1.0
        ],
        [
          "atomStatisticalDistribution",
          []
        ]
      ],
      [
        [
          "_metadata",
          {
            "jsonVersion": 3.0,
            "className": "AtomChemicalShift",
            "classVersion": 1.0,
            "user": "luca",
            "lastPath": "undefined",
            "timestamp": "Tue Jan  9 15:18:27 2024"
          }
        ],
        [
          "atomName",
          "HM7"
        ],
        [
          "atomElementName",
          ""
        ],
        [
          "atomAverageShift",
          14.765
        ],
        [
          "atomStdShift",
          17.204
        ],
        [
          "atomMinShift",
          2.6
        ],
        [
          "atomMaxShift",
          26.93
        ],
        [
          "atomDistributionRefValue",
          2.6
        ],
        [
          "atomDistributionValuePerPoint",
          1.0
        ],
        [
          "atomStatisticalDistribution",
          []
        ]
      ],
      [
        [
          "_metadata",
          {
            "jsonVersion": 3.0,
            "className": "AtomChemicalShift",
            "classVersion": 1.0,
            "user": "luca",
            "lastPath": "undefined",
            "timestamp": "Tue Jan  9 15:18:27 2024"
          }
        ],
        [
          "atomName",
          "HM71"
        ],
        [
          "atomElementName",
          ""
        ],
        [
          "atomAverageShift",
          14.765
        ],
        [
          "atomStdShift",
          17.204
        ],
        [
          "atomMinShift",
          2.6
        ],
        [
          "atomMaxShift",
          26.93
        ],
        [
          "atomDistributionRefValue",
          2.6
        ],
        [
          "atomDistributionValuePerPoint",
          1.0
        ],
        [
          "atomStatisticalDistribution",
          []
        ]
      ],
      [
        [
          "_metadata",
          {
            "jsonVersion": 3.0,
            "className": "AtomChemicalShift",
            "classVersion": 1.0,
            "user": "luca",
            "lastPath": "undefined",
            "timestamp": "Tue Jan  9 15:18:27 2024"
          }
        ],
        [
          "atomName",
          "HM72"
        ],
        [
          "atomElementName",
          ""
        ],
        [
          "atomAverageShift",
          14.765
        ],
        [
          "atomStdShift",
          17.204
        ],
        [
          "atomMinShift",
          2.6
        ],
        [
          "atomMaxShift",
          26.93
        ],
        [
          "atomDistributionRefValue",
          2.6
        ],
        [
          "atomDistributionValuePerPoint",
          1.0
        ],
        [
          "atomStatisticalDistribution",
          []
        ]
      ],
      [
        [
          "_metadata",
          {
            "jsonVersion": 3.0,
            "className": "AtomChemicalShift",
            "classVersion": 1.0,
            "user": "luca",
            "lastPath": "undefined",
            "timestamp": "Tue Jan  9 15:18:27 2024"
          }
        ],
        [
          "atomName",
          "HM73"
        ],
        [
          "atomElementName",
          ""
        ],
        [
          "atomAverageShift",
          14.765
        ],
        [
          "atomStdShift",
          17.204
        ],
        [
          "atomMinShift",
          2.6
        ],
        [
          "atomMaxShift",
          26.93
        ],
        [
          "atomDistributionRefValue",
          2.6
        ],
        [
          "atomDistributionValuePerPoint",
          1.0
        ],
        [
          "atomStatisticalDistribution",
          []
        ]
      ],
      [
        [
          "_metadata",
          {
            "jsonVersion": 3.0,
            "className": "AtomChemicalShift",
            "classVersion": 1.0,
            "user": "luca",
            "lastPath": "undefined",
            "timestamp": "Tue Jan  9 15:18:27 2024"
          }
        ],
        [
          "atomName",
          "HS1"
        ],
        [
          "atomElementName",
          ""
        ],
        [
          "atomAverageShift",
          -3.245
        ],
        [
          "atomStdShift",
          9.474
        ],
        [
          "atomMinShift",
          -11.45
        ],
        [
          "atomMaxShift",
          4.96
        ],
        [
          "atomDistributionRefValue",
          -11.45
        ],
        [
          "atomDistributionValuePerPoint",
          1.0
        ],
        [
          "atomStatisticalDistribution",
          []
        ]
      ],
      [
        [
          "_metadata",
          {
            "jsonVersion": 3.0,
            "className": "AtomChemicalShift",
            "classVersion": 1.0,
            "user": "luca",
            "lastPath": "undefined",
            "timestamp": "Tue Jan  9 15:18:27 2024"
          }
        ],
        [
          "atomName",
          "HS3"
        ],
        [
          "atomElementName",
          ""
        ],
        [
          "atomAverageShift",
          0.49
        ],
        [
          "atomStdShift",
          4.272
        ],
        [
          "atomMinShift",
          -3.21
        ],
        [
          "atomMaxShift",
          4.19
        ],
        [
          "atomDistributionRefValue",
          -3.21
        ],
        [
          "atomDistributionValuePerPoint",
          1.0
        ],
        [
          "atomStatisticalDistribution",
          []
        ]
      ],
      [
        [
          "_metadata",
          {
            "jsonVersion": 3.0,
            "className": "AtomChemicalShift",
            "classVersion": 1.0,
            "user": "luca",
            "lastPath": "undefined",
            "timestamp": "Tue Jan  9 15:18:27 2024"
          }
        ],
        [
          "atomName",
          "HS4"
        ],
        [
          "atomElementName",
          ""
        ],
        [
          "atomAverageShift",
          1.29
        ],
        [
          "atomStdShift",
          3.441
        ],
        [
          "atomMinShift",
          -1.69
        ],
        [
          "atomMaxShift",
          4.27
        ],
        [
          "atomDistributionRefValue",
          -1.69
        ],
        [
          "atomDistributionValuePerPoint",
          1.0
        ],
        [
          "atomStatisticalDistribution",
          []
        ]
      ]
    ]
  ]
]