[
  [
    "_metadata",
    {
      "jsonVersion": 3,
      "className": "ReferenceChemicalShift",
      "classVersion": 1,
      "user": "CCPN",
      "lastPath": "/Users/luca/Projects/AnalysisV3/resources/referenceChemicalShifts/NonStandard/Non-Polymer/EAM.json",
      "timestamp": "Tue Jan  9 15:18:15 2024",
      "applicationVersion": 3.2
    }
  ],
  [
    "chemicalShiftName",
    "Non-Standard Residues / Small Molecules"
  ],
  [
    "chemicalShiftComment",
    "The CCPN Analysis Version 3 ReferenceChemical shifts retrieved from BMRB"
  ],
  [
    "chemicalShiftEntryDate",
    "2023-09-14-14:25:08"
  ],
  [
    "compoundName",
    "2-[(4S)-6-(4-chlorophenyl)-8-methoxy-1-methyl-4H-[1,2,4]triazolo[4,3-a][1,4]benzodiazepin-4-yl]-N-ethylacetamide"
  ],
  [
    "compoundShortName",
    "EAM"
  ],
  [
    "compoundCcpCode",
    "EAM"
  ],
  [
    "compoundType",
    "Non-Polymer"
  ],
  [
    "compoundTypeClassification",
    "non-polymer"
  ],
  [
    "compoundPrecursorName",
    ""
  ],
  [
    "loadingLevel",
    0
  ],
  [
    "atoms",
    [
      [
        [
          "_metadata",
          {
            "jsonVersion": 3.0,
            "className": "AtomChemicalShift",
            "classVersion": 1.0,
            "user": "luca",
            "lastPath": "undefined",
            "timestamp": "Tue Jan  9 15:18:15 2024"
          }
        ],
        [
          "atomName",
          "H1"
        ],
        [
          "atomElementName",
          ""
        ],
        [
          "atomAverageShift",
          1.252
        ],
        [
          "atomStdShift",
          null
        ],
        [
          "atomMinShift",
          1.252
        ],
        [
          "atomMaxShift",
          1.252
        ],
        [
          "atomDistributionRefValue",
          1.252
        ],
        [
          "atomDistributionValuePerPoint",
          1.0
        ],
        [
          "atomStatisticalDistribution",
          []
        ]
      ],
      [
        [
          "_metadata",
          {
            "jsonVersion": 3.0,
            "className": "AtomChemicalShift",
            "classVersion": 1.0,
            "user": "luca",
            "lastPath": "undefined",
            "timestamp": "Tue Jan  9 15:18:15 2024"
          }
        ],
        [
          "atomName",
          "H14"
        ],
        [
          "atomElementName",
          ""
        ],
        [
          "atomAverageShift",
          7.101
        ],
        [
          "atomStdShift",
          null
        ],
        [
          "atomMinShift",
          7.101
        ],
        [
          "atomMaxShift",
          7.101
        ],
        [
          "atomDistributionRefValue",
          7.101
        ],
        [
          "atomDistributionValuePerPoint",
          1.0
        ],
        [
          "atomStatisticalDistribution",
          []
        ]
      ],
      [
        [
          "_metadata",
          {
            "jsonVersion": 3.0,
            "className": "AtomChemicalShift",
            "classVersion": 1.0,
            "user": "luca",
            "lastPath": "undefined",
            "timestamp": "Tue Jan  9 15:18:15 2024"
          }
        ],
        [
          "atomName",
          "H16"
        ],
        [
          "atomElementName",
          ""
        ],
        [
          "atomAverageShift",
          4.033
        ],
        [
          "atomStdShift",
          null
        ],
        [
          "atomMinShift",
          4.033
        ],
        [
          "atomMaxShift",
          4.033
        ],
        [
          "atomDistributionRefValue",
          4.033
        ],
        [
          "atomDistributionValuePerPoint",
          1.0
        ],
        [
          "atomStatisticalDistribution",
          []
        ]
      ],
      [
        [
          "_metadata",
          {
            "jsonVersion": 3.0,
            "className": "AtomChemicalShift",
            "classVersion": 1.0,
            "user": "luca",
            "lastPath": "undefined",
            "timestamp": "Tue Jan  9 15:18:15 2024"
          }
        ],
        [
          "atomName",
          "H16A"
        ],
        [
          "atomElementName",
          ""
        ],
        [
          "atomAverageShift",
          4.033
        ],
        [
          "atomStdShift",
          null
        ],
        [
          "atomMinShift",
          4.033
        ],
        [
          "atomMaxShift",
          4.033
        ],
        [
          "atomDistributionRefValue",
          4.033
        ],
        [
          "atomDistributionValuePerPoint",
          1.0
        ],
        [
          "atomStatisticalDistribution",
          []
        ]
      ],
      [
        [
          "_metadata",
          {
            "jsonVersion": 3.0,
            "className": "AtomChemicalShift",
            "classVersion": 1.0,
            "user": "luca",
            "lastPath": "undefined",
            "timestamp": "Tue Jan  9 15:18:15 2024"
          }
        ],
        [
          "atomName",
          "H16B"
        ],
        [
          "atomElementName",
          ""
        ],
        [
          "atomAverageShift",
          4.033
        ],
        [
          "atomStdShift",
          null
        ],
        [
          "atomMinShift",
          4.033
        ],
        [
          "atomMaxShift",
          4.033
        ],
        [
          "atomDistributionRefValue",
          4.033
        ],
        [
          "atomDistributionValuePerPoint",
          1.0
        ],
        [
          "atomStatisticalDistribution",
          []
        ]
      ],
      [
        [
          "_metadata",
          {
            "jsonVersion": 3.0,
            "className": "AtomChemicalShift",
            "classVersion": 1.0,
            "user": "luca",
            "lastPath": "undefined",
            "timestamp": "Tue Jan  9 15:18:15 2024"
          }
        ],
        [
          "atomName",
          "H17"
        ],
        [
          "atomElementName",
          ""
        ],
        [
          "atomAverageShift",
          7.688
        ],
        [
          "atomStdShift",
          null
        ],
        [
          "atomMinShift",
          7.688
        ],
        [
          "atomMaxShift",
          7.688
        ],
        [
          "atomDistributionRefValue",
          7.688
        ],
        [
          "atomDistributionValuePerPoint",
          1.0
        ],
        [
          "atomStatisticalDistribution",
          []
        ]
      ],
      [
        [
          "_metadata",
          {
            "jsonVersion": 3.0,
            "className": "AtomChemicalShift",
            "classVersion": 1.0,
            "user": "luca",
            "lastPath": "undefined",
            "timestamp": "Tue Jan  9 15:18:15 2024"
          }
        ],
        [
          "atomName",
          "H18"
        ],
        [
          "atomElementName",
          ""
        ],
        [
          "atomAverageShift",
          7.358
        ],
        [
          "atomStdShift",
          null
        ],
        [
          "atomMinShift",
          7.358
        ],
        [
          "atomMaxShift",
          7.358
        ],
        [
          "atomDistributionRefValue",
          7.358
        ],
        [
          "atomDistributionValuePerPoint",
          1.0
        ],
        [
          "atomStatisticalDistribution",
          []
        ]
      ],
      [
        [
          "_metadata",
          {
            "jsonVersion": 3.0,
            "className": "AtomChemicalShift",
            "classVersion": 1.0,
            "user": "luca",
            "lastPath": "undefined",
            "timestamp": "Tue Jan  9 15:18:15 2024"
          }
        ],
        [
          "atomName",
          "H1A"
        ],
        [
          "atomElementName",
          ""
        ],
        [
          "atomAverageShift",
          1.252
        ],
        [
          "atomStdShift",
          null
        ],
        [
          "atomMinShift",
          1.252
        ],
        [
          "atomMaxShift",
          1.252
        ],
        [
          "atomDistributionRefValue",
          1.252
        ],
        [
          "atomDistributionValuePerPoint",
          1.0
        ],
        [
          "atomStatisticalDistribution",
          []
        ]
      ],
      [
        [
          "_metadata",
          {
            "jsonVersion": 3.0,
            "className": "AtomChemicalShift",
            "classVersion": 1.0,
            "user": "luca",
            "lastPath": "undefined",
            "timestamp": "Tue Jan  9 15:18:15 2024"
          }
        ],
        [
          "atomName",
          "H1B"
        ],
        [
          "atomElementName",
          ""
        ],
        [
          "atomAverageShift",
          1.252
        ],
        [
          "atomStdShift",
          null
        ],
        [
          "atomMinShift",
          1.252
        ],
        [
          "atomMaxShift",
          1.252
        ],
        [
          "atomDistributionRefValue",
          1.252
        ],
        [
          "atomDistributionValuePerPoint",
          1.0
        ],
        [
          "atomStatisticalDistribution",
          []
        ]
      ],
      [
        [
          "_metadata",
          {
            "jsonVersion": 3.0,
            "className": "AtomChemicalShift",
            "classVersion": 1.0,
            "user": "luca",
            "lastPath": "undefined",
            "timestamp": "Tue Jan  9 15:18:15 2024"
          }
        ],
        [
          "atomName",
          "H2"
        ],
        [
          "atomElementName",
          ""
        ],
        [
          "atomAverageShift",
          3.318
        ],
        [
          "atomStdShift",
          null
        ],
        [
          "atomMinShift",
          3.318
        ],
        [
          "atomMaxShift",
          3.318
        ],
        [
          "atomDistributionRefValue",
          3.318
        ],
        [
          "atomDistributionValuePerPoint",
          1.0
        ],
        [
          "atomStatisticalDistribution",
          []
        ]
      ],
      [
        [
          "_metadata",
          {
            "jsonVersion": 3.0,
            "className": "AtomChemicalShift",
            "classVersion": 1.0,
            "user": "luca",
            "lastPath": "undefined",
            "timestamp": "Tue Jan  9 15:18:15 2024"
          }
        ],
        [
          "atomName",
          "H21"
        ],
        [
          "atomElementName",
          ""
        ],
        [
          "atomAverageShift",
          2.004
        ],
        [
          "atomStdShift",
          null
        ],
        [
          "atomMinShift",
          2.004
        ],
        [
          "atomMaxShift",
          2.004
        ],
        [
          "atomDistributionRefValue",
          2.004
        ],
        [
          "atomDistributionValuePerPoint",
          1.0
        ],
        [
          "atomStatisticalDistribution",
          []
        ]
      ],
      [
        [
          "_metadata",
          {
            "jsonVersion": 3.0,
            "className": "AtomChemicalShift",
            "classVersion": 1.0,
            "user": "luca",
            "lastPath": "undefined",
            "timestamp": "Tue Jan  9 15:18:15 2024"
          }
        ],
        [
          "atomName",
          "H21A"
        ],
        [
          "atomElementName",
          ""
        ],
        [
          "atomAverageShift",
          2.004
        ],
        [
          "atomStdShift",
          null
        ],
        [
          "atomMinShift",
          2.004
        ],
        [
          "atomMaxShift",
          2.004
        ],
        [
          "atomDistributionRefValue",
          2.004
        ],
        [
          "atomDistributionValuePerPoint",
          1.0
        ],
        [
          "atomStatisticalDistribution",
          []
        ]
      ],
      [
        [
          "_metadata",
          {
            "jsonVersion": 3.0,
            "className": "AtomChemicalShift",
            "classVersion": 1.0,
            "user": "luca",
            "lastPath": "undefined",
            "timestamp": "Tue Jan  9 15:18:15 2024"
          }
        ],
        [
          "atomName",
          "H21B"
        ],
        [
          "atomElementName",
          ""
        ],
        [
          "atomAverageShift",
          2.004
        ],
        [
          "atomStdShift",
          null
        ],
        [
          "atomMinShift",
          2.004
        ],
        [
          "atomMaxShift",
          2.004
        ],
        [
          "atomDistributionRefValue",
          2.004
        ],
        [
          "atomDistributionValuePerPoint",
          1.0
        ],
        [
          "atomStatisticalDistribution",
          []
        ]
      ],
      [
        [
          "_metadata",
          {
            "jsonVersion": 3.0,
            "className": "AtomChemicalShift",
            "classVersion": 1.0,
            "user": "luca",
            "lastPath": "undefined",
            "timestamp": "Tue Jan  9 15:18:15 2024"
          }
        ],
        [
          "atomName",
          "H2A"
        ],
        [
          "atomElementName",
          ""
        ],
        [
          "atomAverageShift",
          3.502
        ],
        [
          "atomStdShift",
          null
        ],
        [
          "atomMinShift",
          3.502
        ],
        [
          "atomMaxShift",
          3.502
        ],
        [
          "atomDistributionRefValue",
          3.502
        ],
        [
          "atomDistributionValuePerPoint",
          1.0
        ],
        [
          "atomStatisticalDistribution",
          []
        ]
      ],
      [
        [
          "_metadata",
          {
            "jsonVersion": 3.0,
            "className": "AtomChemicalShift",
            "classVersion": 1.0,
            "user": "luca",
            "lastPath": "undefined",
            "timestamp": "Tue Jan  9 15:18:15 2024"
          }
        ],
        [
          "atomName",
          "H4"
        ],
        [
          "atomElementName",
          ""
        ],
        [
          "atomAverageShift",
          2.862
        ],
        [
          "atomStdShift",
          null
        ],
        [
          "atomMinShift",
          2.862
        ],
        [
          "atomMaxShift",
          2.862
        ],
        [
          "atomDistributionRefValue",
          2.862
        ],
        [
          "atomDistributionValuePerPoint",
          1.0
        ],
        [
          "atomStatisticalDistribution",
          []
        ]
      ],
      [
        [
          "_metadata",
          {
            "jsonVersion": 3.0,
            "className": "AtomChemicalShift",
            "classVersion": 1.0,
            "user": "luca",
            "lastPath": "undefined",
            "timestamp": "Tue Jan  9 15:18:15 2024"
          }
        ],
        [
          "atomName",
          "H4A"
        ],
        [
          "atomElementName",
          ""
        ],
        [
          "atomAverageShift",
          4.47
        ],
        [
          "atomStdShift",
          null
        ],
        [
          "atomMinShift",
          4.47
        ],
        [
          "atomMaxShift",
          4.47
        ],
        [
          "atomDistributionRefValue",
          4.47
        ],
        [
          "atomDistributionValuePerPoint",
          1.0
        ],
        [
          "atomStatisticalDistribution",
          []
        ]
      ],
      [
        [
          "_metadata",
          {
            "jsonVersion": 3.0,
            "className": "AtomChemicalShift",
            "classVersion": 1.0,
            "user": "luca",
            "lastPath": "undefined",
            "timestamp": "Tue Jan  9 15:18:15 2024"
          }
        ],
        [
          "atomName",
          "H5"
        ],
        [
          "atomElementName",
          ""
        ],
        [
          "atomAverageShift",
          4.245
        ],
        [
          "atomStdShift",
          null
        ],
        [
          "atomMinShift",
          4.245
        ],
        [
          "atomMaxShift",
          4.245
        ],
        [
          "atomDistributionRefValue",
          4.245
        ],
        [
          "atomDistributionValuePerPoint",
          1.0
        ],
        [
          "atomStatisticalDistribution",
          []
        ]
      ]
    ]
  ]
]