[
  [
    "_metadata",
    {
      "jsonVersion": 3,
      "className": "ReferenceChemicalShift",
      "classVersion": 1,
      "user": "CCPN",
      "lastPath": "/Users/luca/Projects/AnalysisV3/resources/referenceChemicalShifts/NonStandard/Non-Polymer/ENN.json",
      "timestamp": "Tue Jan  9 15:18:23 2024",
      "applicationVersion": 3.2
    }
  ],
  [
    "chemicalShiftName",
    "Non-Standard Residues / Small Molecules"
  ],
  [
    "chemicalShiftComment",
    "The CCPN Analysis Version 3 ReferenceChemical shifts retrieved from BMRB"
  ],
  [
    "chemicalShiftEntryDate",
    "2023-09-14-14:25:08"
  ],
  [
    "compoundName",
    "~{N}-butyl-2,4-bis(chloranyl)-5-sulfamoyl-benzamide"
  ],
  [
    "compoundShortName",
    "ENN"
  ],
  [
    "compoundCcpCode",
    "ENN"
  ],
  [
    "compoundType",
    "Non-Polymer"
  ],
  [
    "compoundTypeClassification",
    "non-polymer"
  ],
  [
    "compoundPrecursorName",
    ""
  ],
  [
    "loadingLevel",
    0
  ],
  [
    "atoms",
    [
      [
        [
          "_metadata",
          {
            "jsonVersion": 3.0,
            "className": "AtomChemicalShift",
            "classVersion": 1.0,
            "user": "luca",
            "lastPath": "undefined",
            "timestamp": "Tue Jan  9 15:18:23 2024"
          }
        ],
        [
          "atomName",
          "C"
        ],
        [
          "atomElementName",
          ""
        ],
        [
          "atomAverageShift",
          175.6
        ],
        [
          "atomStdShift",
          null
        ],
        [
          "atomMinShift",
          175.6
        ],
        [
          "atomMaxShift",
          175.6
        ],
        [
          "atomDistributionRefValue",
          175.6
        ],
        [
          "atomDistributionValuePerPoint",
          1.0
        ],
        [
          "atomStatisticalDistribution",
          []
        ]
      ],
      [
        [
          "_metadata",
          {
            "jsonVersion": 3.0,
            "className": "AtomChemicalShift",
            "classVersion": 1.0,
            "user": "luca",
            "lastPath": "undefined",
            "timestamp": "Tue Jan  9 15:18:23 2024"
          }
        ],
        [
          "atomName",
          "CA"
        ],
        [
          "atomElementName",
          ""
        ],
        [
          "atomAverageShift",
          54.9
        ],
        [
          "atomStdShift",
          null
        ],
        [
          "atomMinShift",
          54.9
        ],
        [
          "atomMaxShift",
          54.9
        ],
        [
          "atomDistributionRefValue",
          54.9
        ],
        [
          "atomDistributionValuePerPoint",
          1.0
        ],
        [
          "atomStatisticalDistribution",
          []
        ]
      ],
      [
        [
          "_metadata",
          {
            "jsonVersion": 3.0,
            "className": "AtomChemicalShift",
            "classVersion": 1.0,
            "user": "luca",
            "lastPath": "undefined",
            "timestamp": "Tue Jan  9 15:18:23 2024"
          }
        ],
        [
          "atomName",
          "CB"
        ],
        [
          "atomElementName",
          ""
        ],
        [
          "atomAverageShift",
          40.5
        ],
        [
          "atomStdShift",
          null
        ],
        [
          "atomMinShift",
          40.5
        ],
        [
          "atomMaxShift",
          40.5
        ],
        [
          "atomDistributionRefValue",
          40.5
        ],
        [
          "atomDistributionValuePerPoint",
          1.0
        ],
        [
          "atomStatisticalDistribution",
          []
        ]
      ],
      [
        [
          "_metadata",
          {
            "jsonVersion": 3.0,
            "className": "AtomChemicalShift",
            "classVersion": 1.0,
            "user": "luca",
            "lastPath": "undefined",
            "timestamp": "Tue Jan  9 15:18:23 2024"
          }
        ],
        [
          "atomName",
          "CD"
        ],
        [
          "atomElementName",
          ""
        ],
        [
          "atomAverageShift",
          51.7
        ],
        [
          "atomStdShift",
          null
        ],
        [
          "atomMinShift",
          51.7
        ],
        [
          "atomMaxShift",
          51.7
        ],
        [
          "atomDistributionRefValue",
          51.7
        ],
        [
          "atomDistributionValuePerPoint",
          1.0
        ],
        [
          "atomStatisticalDistribution",
          []
        ]
      ],
      [
        [
          "_metadata",
          {
            "jsonVersion": 3.0,
            "className": "AtomChemicalShift",
            "classVersion": 1.0,
            "user": "luca",
            "lastPath": "undefined",
            "timestamp": "Tue Jan  9 15:18:23 2024"
          }
        ],
        [
          "atomName",
          "CG"
        ],
        [
          "atomElementName",
          ""
        ],
        [
          "atomAverageShift",
          55.0
        ],
        [
          "atomStdShift",
          null
        ],
        [
          "atomMinShift",
          55.0
        ],
        [
          "atomMaxShift",
          55.0
        ],
        [
          "atomDistributionRefValue",
          55.0
        ],
        [
          "atomDistributionValuePerPoint",
          1.0
        ],
        [
          "atomStatisticalDistribution",
          []
        ]
      ],
      [
        [
          "_metadata",
          {
            "jsonVersion": 3.0,
            "className": "AtomChemicalShift",
            "classVersion": 1.0,
            "user": "luca",
            "lastPath": "undefined",
            "timestamp": "Tue Jan  9 15:18:23 2024"
          }
        ],
        [
          "atomName",
          "CZ"
        ],
        [
          "atomElementName",
          ""
        ],
        [
          "atomAverageShift",
          163.0
        ],
        [
          "atomStdShift",
          null
        ],
        [
          "atomMinShift",
          163.0
        ],
        [
          "atomMaxShift",
          163.0
        ],
        [
          "atomDistributionRefValue",
          163.0
        ],
        [
          "atomDistributionValuePerPoint",
          1.0
        ],
        [
          "atomStatisticalDistribution",
          []
        ]
      ],
      [
        [
          "_metadata",
          {
            "jsonVersion": 3.0,
            "className": "AtomChemicalShift",
            "classVersion": 1.0,
            "user": "luca",
            "lastPath": "undefined",
            "timestamp": "Tue Jan  9 15:18:23 2024"
          }
        ],
        [
          "atomName",
          "H"
        ],
        [
          "atomElementName",
          ""
        ],
        [
          "atomAverageShift",
          9.6
        ],
        [
          "atomStdShift",
          null
        ],
        [
          "atomMinShift",
          9.6
        ],
        [
          "atomMaxShift",
          9.6
        ],
        [
          "atomDistributionRefValue",
          9.6
        ],
        [
          "atomDistributionValuePerPoint",
          1.0
        ],
        [
          "atomStatisticalDistribution",
          []
        ]
      ],
      [
        [
          "_metadata",
          {
            "jsonVersion": 3.0,
            "className": "AtomChemicalShift",
            "classVersion": 1.0,
            "user": "luca",
            "lastPath": "undefined",
            "timestamp": "Tue Jan  9 15:18:23 2024"
          }
        ],
        [
          "atomName",
          "N"
        ],
        [
          "atomElementName",
          ""
        ],
        [
          "atomAverageShift",
          110.9
        ],
        [
          "atomStdShift",
          null
        ],
        [
          "atomMinShift",
          110.9
        ],
        [
          "atomMaxShift",
          110.9
        ],
        [
          "atomDistributionRefValue",
          110.9
        ],
        [
          "atomDistributionValuePerPoint",
          1.0
        ],
        [
          "atomStatisticalDistribution",
          []
        ]
      ]
    ]
  ]
]