[
  [
    "_metadata",
    {
      "jsonVersion": 3,
      "className": "ReferenceChemicalShift",
      "classVersion": 1,
      "user": "CCPN",
      "lastPath": "/Users/luca/Projects/AnalysisV3/resources/referenceChemicalShifts/NonStandard/Non-Polymer/EWV.json",
      "timestamp": "Tue Jan  9 15:18:32 2024",
      "applicationVersion": 3.2
    }
  ],
  [
    "chemicalShiftName",
    "Non-Standard Residues / Small Molecules"
  ],
  [
    "chemicalShiftComment",
    "The CCPN Analysis Version 3 ReferenceChemical shifts retrieved from BMRB"
  ],
  [
    "chemicalShiftEntryDate",
    "2023-09-14-14:25:08"
  ],
  [
    "compoundName",
    "Epiberberine"
  ],
  [
    "compoundShortName",
    "EWV"
  ],
  [
    "compoundCcpCode",
    "EWV"
  ],
  [
    "compoundType",
    "Non-Polymer"
  ],
  [
    "compoundTypeClassification",
    "non-polymer"
  ],
  [
    "compoundPrecursorName",
    ""
  ],
  [
    "loadingLevel",
    0
  ],
  [
    "atoms",
    [
      [
        [
          "_metadata",
          {
            "jsonVersion": 3.0,
            "className": "AtomChemicalShift",
            "classVersion": 1.0,
            "user": "luca",
            "lastPath": "undefined",
            "timestamp": "Tue Jan  9 15:18:32 2024"
          }
        ],
        [
          "atomName",
          "1H1"
        ],
        [
          "atomElementName",
          ""
        ],
        [
          "atomAverageShift",
          5.967
        ],
        [
          "atomStdShift",
          null
        ],
        [
          "atomMinShift",
          5.967
        ],
        [
          "atomMaxShift",
          5.967
        ],
        [
          "atomDistributionRefValue",
          5.967
        ],
        [
          "atomDistributionValuePerPoint",
          1.0
        ],
        [
          "atomStatisticalDistribution",
          []
        ]
      ],
      [
        [
          "_metadata",
          {
            "jsonVersion": 3.0,
            "className": "AtomChemicalShift",
            "classVersion": 1.0,
            "user": "luca",
            "lastPath": "undefined",
            "timestamp": "Tue Jan  9 15:18:32 2024"
          }
        ],
        [
          "atomName",
          "2H1"
        ],
        [
          "atomElementName",
          ""
        ],
        [
          "atomAverageShift",
          5.515
        ],
        [
          "atomStdShift",
          null
        ],
        [
          "atomMinShift",
          5.515
        ],
        [
          "atomMaxShift",
          5.515
        ],
        [
          "atomDistributionRefValue",
          5.515
        ],
        [
          "atomDistributionValuePerPoint",
          1.0
        ],
        [
          "atomStatisticalDistribution",
          []
        ]
      ],
      [
        [
          "_metadata",
          {
            "jsonVersion": 3.0,
            "className": "AtomChemicalShift",
            "classVersion": 1.0,
            "user": "luca",
            "lastPath": "undefined",
            "timestamp": "Tue Jan  9 15:18:32 2024"
          }
        ],
        [
          "atomName",
          "3H1"
        ],
        [
          "atomElementName",
          ""
        ],
        [
          "atomAverageShift",
          7.88
        ],
        [
          "atomStdShift",
          null
        ],
        [
          "atomMinShift",
          7.88
        ],
        [
          "atomMaxShift",
          7.88
        ],
        [
          "atomDistributionRefValue",
          7.88
        ],
        [
          "atomDistributionValuePerPoint",
          1.0
        ],
        [
          "atomStatisticalDistribution",
          []
        ]
      ],
      [
        [
          "_metadata",
          {
            "jsonVersion": 3.0,
            "className": "AtomChemicalShift",
            "classVersion": 1.0,
            "user": "luca",
            "lastPath": "undefined",
            "timestamp": "Tue Jan  9 15:18:32 2024"
          }
        ],
        [
          "atomName",
          "H1"
        ],
        [
          "atomElementName",
          ""
        ],
        [
          "atomAverageShift",
          6.809
        ],
        [
          "atomStdShift",
          null
        ],
        [
          "atomMinShift",
          6.809
        ],
        [
          "atomMaxShift",
          6.809
        ],
        [
          "atomDistributionRefValue",
          6.809
        ],
        [
          "atomDistributionValuePerPoint",
          1.0
        ],
        [
          "atomStatisticalDistribution",
          []
        ]
      ],
      [
        [
          "_metadata",
          {
            "jsonVersion": 3.0,
            "className": "AtomChemicalShift",
            "classVersion": 1.0,
            "user": "luca",
            "lastPath": "undefined",
            "timestamp": "Tue Jan  9 15:18:32 2024"
          }
        ],
        [
          "atomName",
          "H4"
        ],
        [
          "atomElementName",
          ""
        ],
        [
          "atomAverageShift",
          6.385
        ],
        [
          "atomStdShift",
          null
        ],
        [
          "atomMinShift",
          6.385
        ],
        [
          "atomMaxShift",
          6.385
        ],
        [
          "atomDistributionRefValue",
          6.385
        ],
        [
          "atomDistributionValuePerPoint",
          1.0
        ],
        [
          "atomStatisticalDistribution",
          []
        ]
      ],
      [
        [
          "_metadata",
          {
            "jsonVersion": 3.0,
            "className": "AtomChemicalShift",
            "classVersion": 1.0,
            "user": "luca",
            "lastPath": "undefined",
            "timestamp": "Tue Jan  9 15:18:32 2024"
          }
        ],
        [
          "atomName",
          "H61"
        ],
        [
          "atomElementName",
          ""
        ],
        [
          "atomAverageShift",
          2.551
        ],
        [
          "atomStdShift",
          null
        ],
        [
          "atomMinShift",
          2.551
        ],
        [
          "atomMaxShift",
          2.551
        ],
        [
          "atomDistributionRefValue",
          2.551
        ],
        [
          "atomDistributionValuePerPoint",
          1.0
        ],
        [
          "atomStatisticalDistribution",
          []
        ]
      ],
      [
        [
          "_metadata",
          {
            "jsonVersion": 3.0,
            "className": "AtomChemicalShift",
            "classVersion": 1.0,
            "user": "luca",
            "lastPath": "undefined",
            "timestamp": "Tue Jan  9 15:18:32 2024"
          }
        ],
        [
          "atomName",
          "H62"
        ],
        [
          "atomElementName",
          ""
        ],
        [
          "atomAverageShift",
          2.919
        ],
        [
          "atomStdShift",
          null
        ],
        [
          "atomMinShift",
          2.919
        ],
        [
          "atomMaxShift",
          2.919
        ],
        [
          "atomDistributionRefValue",
          2.919
        ],
        [
          "atomDistributionValuePerPoint",
          1.0
        ],
        [
          "atomStatisticalDistribution",
          []
        ]
      ],
      [
        [
          "_metadata",
          {
            "jsonVersion": 3.0,
            "className": "AtomChemicalShift",
            "classVersion": 1.0,
            "user": "luca",
            "lastPath": "undefined",
            "timestamp": "Tue Jan  9 15:18:32 2024"
          }
        ],
        [
          "atomName",
          "H8"
        ],
        [
          "atomElementName",
          ""
        ],
        [
          "atomAverageShift",
          6.813
        ],
        [
          "atomStdShift",
          null
        ],
        [
          "atomMinShift",
          6.813
        ],
        [
          "atomMaxShift",
          6.813
        ],
        [
          "atomDistributionRefValue",
          6.813
        ],
        [
          "atomDistributionValuePerPoint",
          1.0
        ],
        [
          "atomStatisticalDistribution",
          []
        ]
      ],
      [
        [
          "_metadata",
          {
            "jsonVersion": 3.0,
            "className": "AtomChemicalShift",
            "classVersion": 1.0,
            "user": "luca",
            "lastPath": "undefined",
            "timestamp": "Tue Jan  9 15:18:32 2024"
          }
        ],
        [
          "atomName",
          "HA1"
        ],
        [
          "atomElementName",
          ""
        ],
        [
          "atomAverageShift",
          3.487
        ],
        [
          "atomStdShift",
          null
        ],
        [
          "atomMinShift",
          3.487
        ],
        [
          "atomMaxShift",
          3.487
        ],
        [
          "atomDistributionRefValue",
          3.487
        ],
        [
          "atomDistributionValuePerPoint",
          1.0
        ],
        [
          "atomStatisticalDistribution",
          []
        ]
      ],
      [
        [
          "_metadata",
          {
            "jsonVersion": 3.0,
            "className": "AtomChemicalShift",
            "classVersion": 1.0,
            "user": "luca",
            "lastPath": "undefined",
            "timestamp": "Tue Jan  9 15:18:32 2024"
          }
        ],
        [
          "atomName",
          "HA2"
        ],
        [
          "atomElementName",
          ""
        ],
        [
          "atomAverageShift",
          3.487
        ],
        [
          "atomStdShift",
          null
        ],
        [
          "atomMinShift",
          3.487
        ],
        [
          "atomMaxShift",
          3.487
        ],
        [
          "atomDistributionRefValue",
          3.487
        ],
        [
          "atomDistributionValuePerPoint",
          1.0
        ],
        [
          "atomStatisticalDistribution",
          []
        ]
      ],
      [
        [
          "_metadata",
          {
            "jsonVersion": 3.0,
            "className": "AtomChemicalShift",
            "classVersion": 1.0,
            "user": "luca",
            "lastPath": "undefined",
            "timestamp": "Tue Jan  9 15:18:32 2024"
          }
        ],
        [
          "atomName",
          "HA3"
        ],
        [
          "atomElementName",
          ""
        ],
        [
          "atomAverageShift",
          3.487
        ],
        [
          "atomStdShift",
          null
        ],
        [
          "atomMinShift",
          3.487
        ],
        [
          "atomMaxShift",
          3.487
        ],
        [
          "atomDistributionRefValue",
          3.487
        ],
        [
          "atomDistributionValuePerPoint",
          1.0
        ],
        [
          "atomStatisticalDistribution",
          []
        ]
      ],
      [
        [
          "_metadata",
          {
            "jsonVersion": 3.0,
            "className": "AtomChemicalShift",
            "classVersion": 1.0,
            "user": "luca",
            "lastPath": "undefined",
            "timestamp": "Tue Jan  9 15:18:32 2024"
          }
        ],
        [
          "atomName",
          "HB1"
        ],
        [
          "atomElementName",
          ""
        ],
        [
          "atomAverageShift",
          3.567
        ],
        [
          "atomStdShift",
          null
        ],
        [
          "atomMinShift",
          3.567
        ],
        [
          "atomMaxShift",
          3.567
        ],
        [
          "atomDistributionRefValue",
          3.567
        ],
        [
          "atomDistributionValuePerPoint",
          1.0
        ],
        [
          "atomStatisticalDistribution",
          []
        ]
      ],
      [
        [
          "_metadata",
          {
            "jsonVersion": 3.0,
            "className": "AtomChemicalShift",
            "classVersion": 1.0,
            "user": "luca",
            "lastPath": "undefined",
            "timestamp": "Tue Jan  9 15:18:32 2024"
          }
        ],
        [
          "atomName",
          "HB2"
        ],
        [
          "atomElementName",
          ""
        ],
        [
          "atomAverageShift",
          3.567
        ],
        [
          "atomStdShift",
          null
        ],
        [
          "atomMinShift",
          3.567
        ],
        [
          "atomMaxShift",
          3.567
        ],
        [
          "atomDistributionRefValue",
          3.567
        ],
        [
          "atomDistributionValuePerPoint",
          1.0
        ],
        [
          "atomStatisticalDistribution",
          []
        ]
      ],
      [
        [
          "_metadata",
          {
            "jsonVersion": 3.0,
            "className": "AtomChemicalShift",
            "classVersion": 1.0,
            "user": "luca",
            "lastPath": "undefined",
            "timestamp": "Tue Jan  9 15:18:32 2024"
          }
        ],
        [
          "atomName",
          "HB3"
        ],
        [
          "atomElementName",
          ""
        ],
        [
          "atomAverageShift",
          3.567
        ],
        [
          "atomStdShift",
          null
        ],
        [
          "atomMinShift",
          3.567
        ],
        [
          "atomMaxShift",
          3.567
        ],
        [
          "atomDistributionRefValue",
          3.567
        ],
        [
          "atomDistributionValuePerPoint",
          1.0
        ],
        [
          "atomStatisticalDistribution",
          []
        ]
      ],
      [
        [
          "_metadata",
          {
            "jsonVersion": 3.0,
            "className": "AtomChemicalShift",
            "classVersion": 1.0,
            "user": "luca",
            "lastPath": "undefined",
            "timestamp": "Tue Jan  9 15:18:32 2024"
          }
        ],
        [
          "atomName",
          "HC1"
        ],
        [
          "atomElementName",
          ""
        ],
        [
          "atomAverageShift",
          6.249
        ],
        [
          "atomStdShift",
          null
        ],
        [
          "atomMinShift",
          6.249
        ],
        [
          "atomMaxShift",
          6.249
        ],
        [
          "atomDistributionRefValue",
          6.249
        ],
        [
          "atomDistributionValuePerPoint",
          1.0
        ],
        [
          "atomStatisticalDistribution",
          []
        ]
      ],
      [
        [
          "_metadata",
          {
            "jsonVersion": 3.0,
            "className": "AtomChemicalShift",
            "classVersion": 1.0,
            "user": "luca",
            "lastPath": "undefined",
            "timestamp": "Tue Jan  9 15:18:32 2024"
          }
        ],
        [
          "atomName",
          "HC2"
        ],
        [
          "atomElementName",
          ""
        ],
        [
          "atomAverageShift",
          6.166
        ],
        [
          "atomStdShift",
          null
        ],
        [
          "atomMinShift",
          6.166
        ],
        [
          "atomMaxShift",
          6.166
        ],
        [
          "atomDistributionRefValue",
          6.166
        ],
        [
          "atomDistributionValuePerPoint",
          1.0
        ],
        [
          "atomStatisticalDistribution",
          []
        ]
      ]
    ]
  ]
]