[
  [
    "_metadata",
    {
      "jsonVersion": 3,
      "className": "ReferenceChemicalShift",
      "classVersion": 1,
      "user": "CCPN",
      "lastPath": "/Users/luca/Projects/AnalysisV3/resources/referenceChemicalShifts/NonStandard/Non-Polymer/FDA.json",
      "timestamp": "Tue Jan  9 15:18:43 2024",
      "applicationVersion": 3.2
    }
  ],
  [
    "chemicalShiftName",
    "Non-Standard Residues / Small Molecules"
  ],
  [
    "chemicalShiftComment",
    "The CCPN Analysis Version 3 ReferenceChemical shifts retrieved from BMRB"
  ],
  [
    "chemicalShiftEntryDate",
    "2023-09-14-14:25:08"
  ],
  [
    "compoundName",
    "DIHYDROFLAVINE-ADENINE DINUCLEOTIDE"
  ],
  [
    "compoundShortName",
    "FDA"
  ],
  [
    "compoundCcpCode",
    "FDA"
  ],
  [
    "compoundType",
    "Non-Polymer"
  ],
  [
    "compoundTypeClassification",
    "non-polymer"
  ],
  [
    "compoundPrecursorName",
    ""
  ],
  [
    "loadingLevel",
    0
  ],
  [
    "atoms",
    [
      [
        [
          "_metadata",
          {
            "jsonVersion": 3.0,
            "className": "AtomChemicalShift",
            "classVersion": 1.0,
            "user": "luca",
            "lastPath": "undefined",
            "timestamp": "Tue Jan  9 15:18:43 2024"
          }
        ],
        [
          "atomName",
          "1HM7"
        ],
        [
          "atomElementName",
          ""
        ],
        [
          "atomAverageShift",
          8.506
        ],
        [
          "atomStdShift",
          null
        ],
        [
          "atomMinShift",
          8.506
        ],
        [
          "atomMaxShift",
          8.506
        ],
        [
          "atomDistributionRefValue",
          8.506
        ],
        [
          "atomDistributionValuePerPoint",
          1.0
        ],
        [
          "atomStatisticalDistribution",
          []
        ]
      ],
      [
        [
          "_metadata",
          {
            "jsonVersion": 3.0,
            "className": "AtomChemicalShift",
            "classVersion": 1.0,
            "user": "luca",
            "lastPath": "undefined",
            "timestamp": "Tue Jan  9 15:18:43 2024"
          }
        ],
        [
          "atomName",
          "1HM8"
        ],
        [
          "atomElementName",
          ""
        ],
        [
          "atomAverageShift",
          6.711
        ],
        [
          "atomStdShift",
          null
        ],
        [
          "atomMinShift",
          6.711
        ],
        [
          "atomMaxShift",
          6.711
        ],
        [
          "atomDistributionRefValue",
          6.711
        ],
        [
          "atomDistributionValuePerPoint",
          1.0
        ],
        [
          "atomStatisticalDistribution",
          []
        ]
      ],
      [
        [
          "_metadata",
          {
            "jsonVersion": 3.0,
            "className": "AtomChemicalShift",
            "classVersion": 1.0,
            "user": "luca",
            "lastPath": "undefined",
            "timestamp": "Tue Jan  9 15:18:43 2024"
          }
        ],
        [
          "atomName",
          "2HM8"
        ],
        [
          "atomElementName",
          ""
        ],
        [
          "atomAverageShift",
          6.899
        ],
        [
          "atomStdShift",
          null
        ],
        [
          "atomMinShift",
          6.899
        ],
        [
          "atomMaxShift",
          6.899
        ],
        [
          "atomDistributionRefValue",
          6.899
        ],
        [
          "atomDistributionValuePerPoint",
          1.0
        ],
        [
          "atomStatisticalDistribution",
          []
        ]
      ],
      [
        [
          "_metadata",
          {
            "jsonVersion": 3.0,
            "className": "AtomChemicalShift",
            "classVersion": 1.0,
            "user": "luca",
            "lastPath": "undefined",
            "timestamp": "Tue Jan  9 15:18:43 2024"
          }
        ],
        [
          "atomName",
          "AH61"
        ],
        [
          "atomElementName",
          ""
        ],
        [
          "atomAverageShift",
          7.163
        ],
        [
          "atomStdShift",
          null
        ],
        [
          "atomMinShift",
          7.163
        ],
        [
          "atomMaxShift",
          7.163
        ],
        [
          "atomDistributionRefValue",
          7.163
        ],
        [
          "atomDistributionValuePerPoint",
          1.0
        ],
        [
          "atomStatisticalDistribution",
          []
        ]
      ],
      [
        [
          "_metadata",
          {
            "jsonVersion": 3.0,
            "className": "AtomChemicalShift",
            "classVersion": 1.0,
            "user": "luca",
            "lastPath": "undefined",
            "timestamp": "Tue Jan  9 15:18:43 2024"
          }
        ],
        [
          "atomName",
          "AH62"
        ],
        [
          "atomElementName",
          ""
        ],
        [
          "atomAverageShift",
          7.985
        ],
        [
          "atomStdShift",
          null
        ],
        [
          "atomMinShift",
          7.985
        ],
        [
          "atomMaxShift",
          7.985
        ],
        [
          "atomDistributionRefValue",
          7.985
        ],
        [
          "atomDistributionValuePerPoint",
          1.0
        ],
        [
          "atomStatisticalDistribution",
          []
        ]
      ],
      [
        [
          "_metadata",
          {
            "jsonVersion": 3.0,
            "className": "AtomChemicalShift",
            "classVersion": 1.0,
            "user": "luca",
            "lastPath": "undefined",
            "timestamp": "Tue Jan  9 15:18:43 2024"
          }
        ],
        [
          "atomName",
          "AN6"
        ],
        [
          "atomElementName",
          ""
        ],
        [
          "atomAverageShift",
          84.432
        ],
        [
          "atomStdShift",
          null
        ],
        [
          "atomMinShift",
          84.432
        ],
        [
          "atomMaxShift",
          84.432
        ],
        [
          "atomDistributionRefValue",
          84.432
        ],
        [
          "atomDistributionValuePerPoint",
          1.0
        ],
        [
          "atomStatisticalDistribution",
          []
        ]
      ],
      [
        [
          "_metadata",
          {
            "jsonVersion": 3.0,
            "className": "AtomChemicalShift",
            "classVersion": 1.0,
            "user": "luca",
            "lastPath": "undefined",
            "timestamp": "Tue Jan  9 15:18:43 2024"
          }
        ],
        [
          "atomName",
          "HN3"
        ],
        [
          "atomElementName",
          ""
        ],
        [
          "atomAverageShift",
          10.604
        ],
        [
          "atomStdShift",
          null
        ],
        [
          "atomMinShift",
          10.604
        ],
        [
          "atomMaxShift",
          10.604
        ],
        [
          "atomDistributionRefValue",
          10.604
        ],
        [
          "atomDistributionValuePerPoint",
          1.0
        ],
        [
          "atomStatisticalDistribution",
          []
        ]
      ],
      [
        [
          "_metadata",
          {
            "jsonVersion": 3.0,
            "className": "AtomChemicalShift",
            "classVersion": 1.0,
            "user": "luca",
            "lastPath": "undefined",
            "timestamp": "Tue Jan  9 15:18:43 2024"
          }
        ],
        [
          "atomName",
          "N3"
        ],
        [
          "atomElementName",
          ""
        ],
        [
          "atomAverageShift",
          118.095
        ],
        [
          "atomStdShift",
          null
        ],
        [
          "atomMinShift",
          118.095
        ],
        [
          "atomMaxShift",
          118.095
        ],
        [
          "atomDistributionRefValue",
          118.095
        ],
        [
          "atomDistributionValuePerPoint",
          1.0
        ],
        [
          "atomStatisticalDistribution",
          []
        ]
      ]
    ]
  ]
]