[
  [
    "_metadata",
    {
      "jsonVersion": 3,
      "className": "ReferenceChemicalShift",
      "classVersion": 1,
      "user": "CCPN",
      "lastPath": "/Users/luca/Projects/AnalysisV3/resources/referenceChemicalShifts/NonStandard/Non-Polymer/GNG.json",
      "timestamp": "Tue Jan  9 15:18:41 2024",
      "applicationVersion": 3.2
    }
  ],
  [
    "chemicalShiftName",
    "Non-Standard Residues / Small Molecules"
  ],
  [
    "chemicalShiftComment",
    "The CCPN Analysis Version 3 ReferenceChemical shifts retrieved from BMRB"
  ],
  [
    "chemicalShiftEntryDate",
    "2023-09-14-14:25:08"
  ],
  [
    "compoundName",
    "2'-DEOXY-GUANOSINE"
  ],
  [
    "compoundShortName",
    "GNG"
  ],
  [
    "compoundCcpCode",
    "GNG"
  ],
  [
    "compoundType",
    "Non-Polymer"
  ],
  [
    "compoundTypeClassification",
    "non-polymer"
  ],
  [
    "compoundPrecursorName",
    ""
  ],
  [
    "loadingLevel",
    0
  ],
  [
    "atoms",
    [
      [
        [
          "_metadata",
          {
            "jsonVersion": 3.0,
            "className": "AtomChemicalShift",
            "classVersion": 1.0,
            "user": "luca",
            "lastPath": "undefined",
            "timestamp": "Tue Jan  9 15:18:41 2024"
          }
        ],
        [
          "atomName",
          "C8"
        ],
        [
          "atomElementName",
          ""
        ],
        [
          "atomAverageShift",
          140.388
        ],
        [
          "atomStdShift",
          0.286
        ],
        [
          "atomMinShift",
          140.186
        ],
        [
          "atomMaxShift",
          140.59
        ],
        [
          "atomDistributionRefValue",
          140.186
        ],
        [
          "atomDistributionValuePerPoint",
          1.0
        ],
        [
          "atomStatisticalDistribution",
          []
        ]
      ],
      [
        [
          "_metadata",
          {
            "jsonVersion": 3.0,
            "className": "AtomChemicalShift",
            "classVersion": 1.0,
            "user": "luca",
            "lastPath": "undefined",
            "timestamp": "Tue Jan  9 15:18:41 2024"
          }
        ],
        [
          "atomName",
          "H1"
        ],
        [
          "atomElementName",
          ""
        ],
        [
          "atomAverageShift",
          11.578
        ],
        [
          "atomStdShift",
          0.017
        ],
        [
          "atomMinShift",
          11.566
        ],
        [
          "atomMaxShift",
          11.59
        ],
        [
          "atomDistributionRefValue",
          11.566
        ],
        [
          "atomDistributionValuePerPoint",
          1.0
        ],
        [
          "atomStatisticalDistribution",
          []
        ]
      ],
      [
        [
          "_metadata",
          {
            "jsonVersion": 3.0,
            "className": "AtomChemicalShift",
            "classVersion": 1.0,
            "user": "luca",
            "lastPath": "undefined",
            "timestamp": "Tue Jan  9 15:18:41 2024"
          }
        ],
        [
          "atomName",
          "H1'"
        ],
        [
          "atomElementName",
          ""
        ],
        [
          "atomAverageShift",
          6.002
        ],
        [
          "atomStdShift",
          0.074
        ],
        [
          "atomMinShift",
          5.917
        ],
        [
          "atomMaxShift",
          6.048
        ],
        [
          "atomDistributionRefValue",
          5.917
        ],
        [
          "atomDistributionValuePerPoint",
          1.0
        ],
        [
          "atomStatisticalDistribution",
          []
        ]
      ],
      [
        [
          "_metadata",
          {
            "jsonVersion": 3.0,
            "className": "AtomChemicalShift",
            "classVersion": 1.0,
            "user": "luca",
            "lastPath": "undefined",
            "timestamp": "Tue Jan  9 15:18:41 2024"
          }
        ],
        [
          "atomName",
          "H2'"
        ],
        [
          "atomElementName",
          ""
        ],
        [
          "atomAverageShift",
          2.718
        ],
        [
          "atomStdShift",
          0.256
        ],
        [
          "atomMinShift",
          2.537
        ],
        [
          "atomMaxShift",
          2.899
        ],
        [
          "atomDistributionRefValue",
          2.537
        ],
        [
          "atomDistributionValuePerPoint",
          1.0
        ],
        [
          "atomStatisticalDistribution",
          []
        ]
      ],
      [
        [
          "_metadata",
          {
            "jsonVersion": 3.0,
            "className": "AtomChemicalShift",
            "classVersion": 1.0,
            "user": "luca",
            "lastPath": "undefined",
            "timestamp": "Tue Jan  9 15:18:41 2024"
          }
        ],
        [
          "atomName",
          "H2''"
        ],
        [
          "atomElementName",
          ""
        ],
        [
          "atomAverageShift",
          2.973
        ],
        [
          "atomStdShift",
          0.221
        ],
        [
          "atomMinShift",
          2.817
        ],
        [
          "atomMaxShift",
          3.129
        ],
        [
          "atomDistributionRefValue",
          2.817
        ],
        [
          "atomDistributionValuePerPoint",
          1.0
        ],
        [
          "atomStatisticalDistribution",
          []
        ]
      ],
      [
        [
          "_metadata",
          {
            "jsonVersion": 3.0,
            "className": "AtomChemicalShift",
            "classVersion": 1.0,
            "user": "luca",
            "lastPath": "undefined",
            "timestamp": "Tue Jan  9 15:18:41 2024"
          }
        ],
        [
          "atomName",
          "H2'1"
        ],
        [
          "atomElementName",
          ""
        ],
        [
          "atomAverageShift",
          2.605
        ],
        [
          "atomStdShift",
          null
        ],
        [
          "atomMinShift",
          2.605
        ],
        [
          "atomMaxShift",
          2.605
        ],
        [
          "atomDistributionRefValue",
          2.605
        ],
        [
          "atomDistributionValuePerPoint",
          1.0
        ],
        [
          "atomStatisticalDistribution",
          []
        ]
      ],
      [
        [
          "_metadata",
          {
            "jsonVersion": 3.0,
            "className": "AtomChemicalShift",
            "classVersion": 1.0,
            "user": "luca",
            "lastPath": "undefined",
            "timestamp": "Tue Jan  9 15:18:41 2024"
          }
        ],
        [
          "atomName",
          "H2'2"
        ],
        [
          "atomElementName",
          ""
        ],
        [
          "atomAverageShift",
          2.585
        ],
        [
          "atomStdShift",
          null
        ],
        [
          "atomMinShift",
          2.585
        ],
        [
          "atomMaxShift",
          2.585
        ],
        [
          "atomDistributionRefValue",
          2.585
        ],
        [
          "atomDistributionValuePerPoint",
          1.0
        ],
        [
          "atomStatisticalDistribution",
          []
        ]
      ],
      [
        [
          "_metadata",
          {
            "jsonVersion": 3.0,
            "className": "AtomChemicalShift",
            "classVersion": 1.0,
            "user": "luca",
            "lastPath": "undefined",
            "timestamp": "Tue Jan  9 15:18:41 2024"
          }
        ],
        [
          "atomName",
          "H3'"
        ],
        [
          "atomElementName",
          ""
        ],
        [
          "atomAverageShift",
          4.919
        ],
        [
          "atomStdShift",
          0.097
        ],
        [
          "atomMinShift",
          4.808
        ],
        [
          "atomMaxShift",
          4.984
        ],
        [
          "atomDistributionRefValue",
          4.808
        ],
        [
          "atomDistributionValuePerPoint",
          1.0
        ],
        [
          "atomStatisticalDistribution",
          []
        ]
      ],
      [
        [
          "_metadata",
          {
            "jsonVersion": 3.0,
            "className": "AtomChemicalShift",
            "classVersion": 1.0,
            "user": "luca",
            "lastPath": "undefined",
            "timestamp": "Tue Jan  9 15:18:41 2024"
          }
        ],
        [
          "atomName",
          "H4'"
        ],
        [
          "atomElementName",
          ""
        ],
        [
          "atomAverageShift",
          4.185
        ],
        [
          "atomStdShift",
          null
        ],
        [
          "atomMinShift",
          4.185
        ],
        [
          "atomMaxShift",
          4.185
        ],
        [
          "atomDistributionRefValue",
          4.185
        ],
        [
          "atomDistributionValuePerPoint",
          1.0
        ],
        [
          "atomStatisticalDistribution",
          []
        ]
      ],
      [
        [
          "_metadata",
          {
            "jsonVersion": 3.0,
            "className": "AtomChemicalShift",
            "classVersion": 1.0,
            "user": "luca",
            "lastPath": "undefined",
            "timestamp": "Tue Jan  9 15:18:41 2024"
          }
        ],
        [
          "atomName",
          "H5'1"
        ],
        [
          "atomElementName",
          ""
        ],
        [
          "atomAverageShift",
          3.74
        ],
        [
          "atomStdShift",
          null
        ],
        [
          "atomMinShift",
          3.74
        ],
        [
          "atomMaxShift",
          3.74
        ],
        [
          "atomDistributionRefValue",
          3.74
        ],
        [
          "atomDistributionValuePerPoint",
          1.0
        ],
        [
          "atomStatisticalDistribution",
          []
        ]
      ],
      [
        [
          "_metadata",
          {
            "jsonVersion": 3.0,
            "className": "AtomChemicalShift",
            "classVersion": 1.0,
            "user": "luca",
            "lastPath": "undefined",
            "timestamp": "Tue Jan  9 15:18:41 2024"
          }
        ],
        [
          "atomName",
          "H5'2"
        ],
        [
          "atomElementName",
          ""
        ],
        [
          "atomAverageShift",
          3.727
        ],
        [
          "atomStdShift",
          null
        ],
        [
          "atomMinShift",
          3.727
        ],
        [
          "atomMaxShift",
          3.727
        ],
        [
          "atomDistributionRefValue",
          3.727
        ],
        [
          "atomDistributionValuePerPoint",
          1.0
        ],
        [
          "atomStatisticalDistribution",
          []
        ]
      ],
      [
        [
          "_metadata",
          {
            "jsonVersion": 3.0,
            "className": "AtomChemicalShift",
            "classVersion": 1.0,
            "user": "luca",
            "lastPath": "undefined",
            "timestamp": "Tue Jan  9 15:18:41 2024"
          }
        ],
        [
          "atomName",
          "H8"
        ],
        [
          "atomElementName",
          ""
        ],
        [
          "atomAverageShift",
          7.506
        ],
        [
          "atomStdShift",
          0.26
        ],
        [
          "atomMinShift",
          7.316
        ],
        [
          "atomMaxShift",
          7.802
        ],
        [
          "atomDistributionRefValue",
          7.316
        ],
        [
          "atomDistributionValuePerPoint",
          1.0
        ],
        [
          "atomStatisticalDistribution",
          []
        ]
      ]
    ]
  ]
]