[
  [
    "_metadata",
    {
      "jsonVersion": 3,
      "className": "ReferenceChemicalShift",
      "classVersion": 1,
      "user": "CCPN",
      "lastPath": "/Users/luca/Projects/AnalysisV3/resources/referenceChemicalShifts/NonStandard/Non-Polymer/GNP.json",
      "timestamp": "Tue Jan  9 15:18:15 2024",
      "applicationVersion": 3.2
    }
  ],
  [
    "chemicalShiftName",
    "Non-Standard Residues / Small Molecules"
  ],
  [
    "chemicalShiftComment",
    "The CCPN Analysis Version 3 ReferenceChemical shifts retrieved from BMRB"
  ],
  [
    "chemicalShiftEntryDate",
    "2023-09-14-14:25:08"
  ],
  [
    "compoundName",
    "PHOSPHOAMINOPHOSPHONIC ACID-GUANYLATE ESTER"
  ],
  [
    "compoundShortName",
    "GNP"
  ],
  [
    "compoundCcpCode",
    "GNP"
  ],
  [
    "compoundType",
    "Non-Polymer"
  ],
  [
    "compoundTypeClassification",
    "non-polymer"
  ],
  [
    "compoundPrecursorName",
    ""
  ],
  [
    "loadingLevel",
    0
  ],
  [
    "atoms",
    [
      [
        [
          "_metadata",
          {
            "jsonVersion": 3.0,
            "className": "AtomChemicalShift",
            "classVersion": 1.0,
            "user": "luca",
            "lastPath": "undefined",
            "timestamp": "Tue Jan  9 15:18:15 2024"
          }
        ],
        [
          "atomName",
          "H1"
        ],
        [
          "atomElementName",
          ""
        ],
        [
          "atomAverageShift",
          13.044
        ],
        [
          "atomStdShift",
          0.04
        ],
        [
          "atomMinShift",
          12.985
        ],
        [
          "atomMaxShift",
          13.068
        ],
        [
          "atomDistributionRefValue",
          12.985
        ],
        [
          "atomDistributionValuePerPoint",
          1.0
        ],
        [
          "atomStatisticalDistribution",
          []
        ]
      ],
      [
        [
          "_metadata",
          {
            "jsonVersion": 3.0,
            "className": "AtomChemicalShift",
            "classVersion": 1.0,
            "user": "luca",
            "lastPath": "undefined",
            "timestamp": "Tue Jan  9 15:18:15 2024"
          }
        ],
        [
          "atomName",
          "H1'"
        ],
        [
          "atomElementName",
          ""
        ],
        [
          "atomAverageShift",
          6.025
        ],
        [
          "atomStdShift",
          0.067
        ],
        [
          "atomMinShift",
          5.943
        ],
        [
          "atomMaxShift",
          6.106
        ],
        [
          "atomDistributionRefValue",
          5.943
        ],
        [
          "atomDistributionValuePerPoint",
          1.0
        ],
        [
          "atomStatisticalDistribution",
          []
        ]
      ],
      [
        [
          "_metadata",
          {
            "jsonVersion": 3.0,
            "className": "AtomChemicalShift",
            "classVersion": 1.0,
            "user": "luca",
            "lastPath": "undefined",
            "timestamp": "Tue Jan  9 15:18:15 2024"
          }
        ],
        [
          "atomName",
          "H2'"
        ],
        [
          "atomElementName",
          ""
        ],
        [
          "atomAverageShift",
          4.743
        ],
        [
          "atomStdShift",
          0.228
        ],
        [
          "atomMinShift",
          4.582
        ],
        [
          "atomMaxShift",
          4.904
        ],
        [
          "atomDistributionRefValue",
          4.582
        ],
        [
          "atomDistributionValuePerPoint",
          1.0
        ],
        [
          "atomStatisticalDistribution",
          []
        ]
      ],
      [
        [
          "_metadata",
          {
            "jsonVersion": 3.0,
            "className": "AtomChemicalShift",
            "classVersion": 1.0,
            "user": "luca",
            "lastPath": "undefined",
            "timestamp": "Tue Jan  9 15:18:15 2024"
          }
        ],
        [
          "atomName",
          "H21"
        ],
        [
          "atomElementName",
          ""
        ],
        [
          "atomAverageShift",
          6.299
        ],
        [
          "atomStdShift",
          0.035
        ],
        [
          "atomMinShift",
          6.277
        ],
        [
          "atomMaxShift",
          6.351
        ],
        [
          "atomDistributionRefValue",
          6.277
        ],
        [
          "atomDistributionValuePerPoint",
          1.0
        ],
        [
          "atomStatisticalDistribution",
          []
        ]
      ],
      [
        [
          "_metadata",
          {
            "jsonVersion": 3.0,
            "className": "AtomChemicalShift",
            "classVersion": 1.0,
            "user": "luca",
            "lastPath": "undefined",
            "timestamp": "Tue Jan  9 15:18:15 2024"
          }
        ],
        [
          "atomName",
          "H22"
        ],
        [
          "atomElementName",
          ""
        ],
        [
          "atomAverageShift",
          6.299
        ],
        [
          "atomStdShift",
          0.035
        ],
        [
          "atomMinShift",
          6.277
        ],
        [
          "atomMaxShift",
          6.351
        ],
        [
          "atomDistributionRefValue",
          6.277
        ],
        [
          "atomDistributionValuePerPoint",
          1.0
        ],
        [
          "atomStatisticalDistribution",
          []
        ]
      ],
      [
        [
          "_metadata",
          {
            "jsonVersion": 3.0,
            "className": "AtomChemicalShift",
            "classVersion": 1.0,
            "user": "luca",
            "lastPath": "undefined",
            "timestamp": "Tue Jan  9 15:18:15 2024"
          }
        ],
        [
          "atomName",
          "H3'"
        ],
        [
          "atomElementName",
          ""
        ],
        [
          "atomAverageShift",
          4.536
        ],
        [
          "atomStdShift",
          0.264
        ],
        [
          "atomMinShift",
          4.349
        ],
        [
          "atomMaxShift",
          4.722
        ],
        [
          "atomDistributionRefValue",
          4.349
        ],
        [
          "atomDistributionValuePerPoint",
          1.0
        ],
        [
          "atomStatisticalDistribution",
          []
        ]
      ],
      [
        [
          "_metadata",
          {
            "jsonVersion": 3.0,
            "className": "AtomChemicalShift",
            "classVersion": 1.0,
            "user": "luca",
            "lastPath": "undefined",
            "timestamp": "Tue Jan  9 15:18:15 2024"
          }
        ],
        [
          "atomName",
          "H5'2"
        ],
        [
          "atomElementName",
          ""
        ],
        [
          "atomAverageShift",
          1.482
        ],
        [
          "atomStdShift",
          null
        ],
        [
          "atomMinShift",
          1.482
        ],
        [
          "atomMaxShift",
          1.482
        ],
        [
          "atomDistributionRefValue",
          1.482
        ],
        [
          "atomDistributionValuePerPoint",
          1.0
        ],
        [
          "atomStatisticalDistribution",
          []
        ]
      ],
      [
        [
          "_metadata",
          {
            "jsonVersion": 3.0,
            "className": "AtomChemicalShift",
            "classVersion": 1.0,
            "user": "luca",
            "lastPath": "undefined",
            "timestamp": "Tue Jan  9 15:18:15 2024"
          }
        ],
        [
          "atomName",
          "H8"
        ],
        [
          "atomElementName",
          ""
        ],
        [
          "atomAverageShift",
          7.973
        ],
        [
          "atomStdShift",
          0.097
        ],
        [
          "atomMinShift",
          7.871
        ],
        [
          "atomMaxShift",
          8.091
        ],
        [
          "atomDistributionRefValue",
          7.871
        ],
        [
          "atomDistributionValuePerPoint",
          1.0
        ],
        [
          "atomStatisticalDistribution",
          []
        ]
      ],
      [
        [
          "_metadata",
          {
            "jsonVersion": 3.0,
            "className": "AtomChemicalShift",
            "classVersion": 1.0,
            "user": "luca",
            "lastPath": "undefined",
            "timestamp": "Tue Jan  9 15:18:15 2024"
          }
        ],
        [
          "atomName",
          "HN1"
        ],
        [
          "atomElementName",
          ""
        ],
        [
          "atomAverageShift",
          11.991
        ],
        [
          "atomStdShift",
          1.779
        ],
        [
          "atomMinShift",
          10.733
        ],
        [
          "atomMaxShift",
          13.249
        ],
        [
          "atomDistributionRefValue",
          10.733
        ],
        [
          "atomDistributionValuePerPoint",
          1.0
        ],
        [
          "atomStatisticalDistribution",
          []
        ]
      ],
      [
        [
          "_metadata",
          {
            "jsonVersion": 3.0,
            "className": "AtomChemicalShift",
            "classVersion": 1.0,
            "user": "luca",
            "lastPath": "undefined",
            "timestamp": "Tue Jan  9 15:18:15 2024"
          }
        ],
        [
          "atomName",
          "HN21"
        ],
        [
          "atomElementName",
          ""
        ],
        [
          "atomAverageShift",
          12.781
        ],
        [
          "atomStdShift",
          null
        ],
        [
          "atomMinShift",
          12.781
        ],
        [
          "atomMaxShift",
          12.781
        ],
        [
          "atomDistributionRefValue",
          12.781
        ],
        [
          "atomDistributionValuePerPoint",
          1.0
        ],
        [
          "atomStatisticalDistribution",
          []
        ]
      ],
      [
        [
          "_metadata",
          {
            "jsonVersion": 3.0,
            "className": "AtomChemicalShift",
            "classVersion": 1.0,
            "user": "luca",
            "lastPath": "undefined",
            "timestamp": "Tue Jan  9 15:18:15 2024"
          }
        ],
        [
          "atomName",
          "HN22"
        ],
        [
          "atomElementName",
          ""
        ],
        [
          "atomAverageShift",
          12.781
        ],
        [
          "atomStdShift",
          null
        ],
        [
          "atomMinShift",
          12.781
        ],
        [
          "atomMaxShift",
          12.781
        ],
        [
          "atomDistributionRefValue",
          12.781
        ],
        [
          "atomDistributionValuePerPoint",
          1.0
        ],
        [
          "atomStatisticalDistribution",
          []
        ]
      ]
    ]
  ]
]