[
  [
    "_metadata",
    {
      "jsonVersion": 3,
      "className": "ReferenceChemicalShift",
      "classVersion": 1,
      "user": "CCPN",
      "lastPath": "/Users/luca/Projects/AnalysisV3/resources/referenceChemicalShifts/NonStandard/Non-Polymer/GTP.json",
      "timestamp": "Tue Jan  9 15:18:26 2024",
      "applicationVersion": 3.2
    }
  ],
  [
    "chemicalShiftName",
    "Non-Standard Residues / Small Molecules"
  ],
  [
    "chemicalShiftComment",
    "The CCPN Analysis Version 3 ReferenceChemical shifts retrieved from BMRB"
  ],
  [
    "chemicalShiftEntryDate",
    "2023-09-14-14:25:08"
  ],
  [
    "compoundName",
    "GUANOSINE-5'-TRIPHOSPHATE"
  ],
  [
    "compoundShortName",
    "GTP"
  ],
  [
    "compoundCcpCode",
    "GTP"
  ],
  [
    "compoundType",
    "Non-Polymer"
  ],
  [
    "compoundTypeClassification",
    "non-polymer"
  ],
  [
    "compoundPrecursorName",
    ""
  ],
  [
    "loadingLevel",
    0
  ],
  [
    "atoms",
    [
      [
        [
          "_metadata",
          {
            "jsonVersion": 3.0,
            "className": "AtomChemicalShift",
            "classVersion": 1.0,
            "user": "luca",
            "lastPath": "undefined",
            "timestamp": "Tue Jan  9 15:18:26 2024"
          }
        ],
        [
          "atomName",
          "C1'"
        ],
        [
          "atomElementName",
          ""
        ],
        [
          "atomAverageShift",
          90.965
        ],
        [
          "atomStdShift",
          0.407
        ],
        [
          "atomMinShift",
          90.508
        ],
        [
          "atomMaxShift",
          91.289
        ],
        [
          "atomDistributionRefValue",
          90.508
        ],
        [
          "atomDistributionValuePerPoint",
          1.0
        ],
        [
          "atomStatisticalDistribution",
          []
        ]
      ],
      [
        [
          "_metadata",
          {
            "jsonVersion": 3.0,
            "className": "AtomChemicalShift",
            "classVersion": 1.0,
            "user": "luca",
            "lastPath": "undefined",
            "timestamp": "Tue Jan  9 15:18:26 2024"
          }
        ],
        [
          "atomName",
          "C2'"
        ],
        [
          "atomElementName",
          ""
        ],
        [
          "atomAverageShift",
          76.097
        ],
        [
          "atomStdShift",
          0.545
        ],
        [
          "atomMinShift",
          75.699
        ],
        [
          "atomMaxShift",
          76.718
        ],
        [
          "atomDistributionRefValue",
          75.699
        ],
        [
          "atomDistributionValuePerPoint",
          1.0
        ],
        [
          "atomStatisticalDistribution",
          []
        ]
      ],
      [
        [
          "_metadata",
          {
            "jsonVersion": 3.0,
            "className": "AtomChemicalShift",
            "classVersion": 1.0,
            "user": "luca",
            "lastPath": "undefined",
            "timestamp": "Tue Jan  9 15:18:26 2024"
          }
        ],
        [
          "atomName",
          "C3'"
        ],
        [
          "atomElementName",
          ""
        ],
        [
          "atomAverageShift",
          72.554
        ],
        [
          "atomStdShift",
          2.848
        ],
        [
          "atomMinShift",
          69.815
        ],
        [
          "atomMaxShift",
          75.499
        ],
        [
          "atomDistributionRefValue",
          69.815
        ],
        [
          "atomDistributionValuePerPoint",
          1.0
        ],
        [
          "atomStatisticalDistribution",
          []
        ]
      ],
      [
        [
          "_metadata",
          {
            "jsonVersion": 3.0,
            "className": "AtomChemicalShift",
            "classVersion": 1.0,
            "user": "luca",
            "lastPath": "undefined",
            "timestamp": "Tue Jan  9 15:18:26 2024"
          }
        ],
        [
          "atomName",
          "C4'"
        ],
        [
          "atomElementName",
          ""
        ],
        [
          "atomAverageShift",
          83.392
        ],
        [
          "atomStdShift",
          1.688
        ],
        [
          "atomMinShift",
          81.444
        ],
        [
          "atomMaxShift",
          84.399
        ],
        [
          "atomDistributionRefValue",
          81.444
        ],
        [
          "atomDistributionValuePerPoint",
          1.0
        ],
        [
          "atomStatisticalDistribution",
          []
        ]
      ],
      [
        [
          "_metadata",
          {
            "jsonVersion": 3.0,
            "className": "AtomChemicalShift",
            "classVersion": 1.0,
            "user": "luca",
            "lastPath": "undefined",
            "timestamp": "Tue Jan  9 15:18:26 2024"
          }
        ],
        [
          "atomName",
          "C5'"
        ],
        [
          "atomElementName",
          ""
        ],
        [
          "atomAverageShift",
          66.325
        ],
        [
          "atomStdShift",
          1.88
        ],
        [
          "atomMinShift",
          64.182
        ],
        [
          "atomMaxShift",
          67.699
        ],
        [
          "atomDistributionRefValue",
          64.182
        ],
        [
          "atomDistributionValuePerPoint",
          1.0
        ],
        [
          "atomStatisticalDistribution",
          []
        ]
      ],
      [
        [
          "_metadata",
          {
            "jsonVersion": 3.0,
            "className": "AtomChemicalShift",
            "classVersion": 1.0,
            "user": "luca",
            "lastPath": "undefined",
            "timestamp": "Tue Jan  9 15:18:26 2024"
          }
        ],
        [
          "atomName",
          "C8"
        ],
        [
          "atomElementName",
          ""
        ],
        [
          "atomAverageShift",
          139.079
        ],
        [
          "atomStdShift",
          0.613
        ],
        [
          "atomMinShift",
          138.404
        ],
        [
          "atomMaxShift",
          139.599
        ],
        [
          "atomDistributionRefValue",
          138.404
        ],
        [
          "atomDistributionValuePerPoint",
          1.0
        ],
        [
          "atomStatisticalDistribution",
          []
        ]
      ],
      [
        [
          "_metadata",
          {
            "jsonVersion": 3.0,
            "className": "AtomChemicalShift",
            "classVersion": 1.0,
            "user": "luca",
            "lastPath": "undefined",
            "timestamp": "Tue Jan  9 15:18:26 2024"
          }
        ],
        [
          "atomName",
          "H1"
        ],
        [
          "atomElementName",
          ""
        ],
        [
          "atomAverageShift",
          12.862
        ],
        [
          "atomStdShift",
          0.062
        ],
        [
          "atomMinShift",
          12.818
        ],
        [
          "atomMaxShift",
          12.905
        ],
        [
          "atomDistributionRefValue",
          12.818
        ],
        [
          "atomDistributionValuePerPoint",
          1.0
        ],
        [
          "atomStatisticalDistribution",
          []
        ]
      ],
      [
        [
          "_metadata",
          {
            "jsonVersion": 3.0,
            "className": "AtomChemicalShift",
            "classVersion": 1.0,
            "user": "luca",
            "lastPath": "undefined",
            "timestamp": "Tue Jan  9 15:18:26 2024"
          }
        ],
        [
          "atomName",
          "H1'"
        ],
        [
          "atomElementName",
          ""
        ],
        [
          "atomAverageShift",
          5.284
        ],
        [
          "atomStdShift",
          0.954
        ],
        [
          "atomMinShift",
          3.871
        ],
        [
          "atomMaxShift",
          5.957
        ],
        [
          "atomDistributionRefValue",
          3.871
        ],
        [
          "atomDistributionValuePerPoint",
          1.0
        ],
        [
          "atomStatisticalDistribution",
          []
        ]
      ],
      [
        [
          "_metadata",
          {
            "jsonVersion": 3.0,
            "className": "AtomChemicalShift",
            "classVersion": 1.0,
            "user": "luca",
            "lastPath": "undefined",
            "timestamp": "Tue Jan  9 15:18:26 2024"
          }
        ],
        [
          "atomName",
          "H2'"
        ],
        [
          "atomElementName",
          ""
        ],
        [
          "atomAverageShift",
          4.583
        ],
        [
          "atomStdShift",
          0.486
        ],
        [
          "atomMinShift",
          4.042
        ],
        [
          "atomMaxShift",
          4.984
        ],
        [
          "atomDistributionRefValue",
          4.042
        ],
        [
          "atomDistributionValuePerPoint",
          1.0
        ],
        [
          "atomStatisticalDistribution",
          []
        ]
      ],
      [
        [
          "_metadata",
          {
            "jsonVersion": 3.0,
            "className": "AtomChemicalShift",
            "classVersion": 1.0,
            "user": "luca",
            "lastPath": "undefined",
            "timestamp": "Tue Jan  9 15:18:26 2024"
          }
        ],
        [
          "atomName",
          "H21"
        ],
        [
          "atomElementName",
          ""
        ],
        [
          "atomAverageShift",
          9.23
        ],
        [
          "atomStdShift",
          0.083
        ],
        [
          "atomMinShift",
          9.171
        ],
        [
          "atomMaxShift",
          9.288
        ],
        [
          "atomDistributionRefValue",
          9.171
        ],
        [
          "atomDistributionValuePerPoint",
          1.0
        ],
        [
          "atomStatisticalDistribution",
          []
        ]
      ],
      [
        [
          "_metadata",
          {
            "jsonVersion": 3.0,
            "className": "AtomChemicalShift",
            "classVersion": 1.0,
            "user": "luca",
            "lastPath": "undefined",
            "timestamp": "Tue Jan  9 15:18:26 2024"
          }
        ],
        [
          "atomName",
          "H22"
        ],
        [
          "atomElementName",
          ""
        ],
        [
          "atomAverageShift",
          8.21
        ],
        [
          "atomStdShift",
          0.221
        ],
        [
          "atomMinShift",
          8.053
        ],
        [
          "atomMaxShift",
          8.366
        ],
        [
          "atomDistributionRefValue",
          8.053
        ],
        [
          "atomDistributionValuePerPoint",
          1.0
        ],
        [
          "atomStatisticalDistribution",
          []
        ]
      ],
      [
        [
          "_metadata",
          {
            "jsonVersion": 3.0,
            "className": "AtomChemicalShift",
            "classVersion": 1.0,
            "user": "luca",
            "lastPath": "undefined",
            "timestamp": "Tue Jan  9 15:18:26 2024"
          }
        ],
        [
          "atomName",
          "H3'"
        ],
        [
          "atomElementName",
          ""
        ],
        [
          "atomAverageShift",
          4.573
        ],
        [
          "atomStdShift",
          0.224
        ],
        [
          "atomMinShift",
          4.269
        ],
        [
          "atomMaxShift",
          4.786
        ],
        [
          "atomDistributionRefValue",
          4.269
        ],
        [
          "atomDistributionValuePerPoint",
          1.0
        ],
        [
          "atomStatisticalDistribution",
          []
        ]
      ],
      [
        [
          "_metadata",
          {
            "jsonVersion": 3.0,
            "className": "AtomChemicalShift",
            "classVersion": 1.0,
            "user": "luca",
            "lastPath": "undefined",
            "timestamp": "Tue Jan  9 15:18:26 2024"
          }
        ],
        [
          "atomName",
          "H4'"
        ],
        [
          "atomElementName",
          ""
        ],
        [
          "atomAverageShift",
          4.189
        ],
        [
          "atomStdShift",
          0.375
        ],
        [
          "atomMinShift",
          3.642
        ],
        [
          "atomMaxShift",
          4.473
        ],
        [
          "atomDistributionRefValue",
          3.642
        ],
        [
          "atomDistributionValuePerPoint",
          1.0
        ],
        [
          "atomStatisticalDistribution",
          []
        ]
      ],
      [
        [
          "_metadata",
          {
            "jsonVersion": 3.0,
            "className": "AtomChemicalShift",
            "classVersion": 1.0,
            "user": "luca",
            "lastPath": "undefined",
            "timestamp": "Tue Jan  9 15:18:26 2024"
          }
        ],
        [
          "atomName",
          "H5"
        ],
        [
          "atomElementName",
          ""
        ],
        [
          "atomAverageShift",
          4.214
        ],
        [
          "atomStdShift",
          null
        ],
        [
          "atomMinShift",
          4.214
        ],
        [
          "atomMaxShift",
          4.214
        ],
        [
          "atomDistributionRefValue",
          4.214
        ],
        [
          "atomDistributionValuePerPoint",
          1.0
        ],
        [
          "atomStatisticalDistribution",
          []
        ]
      ],
      [
        [
          "_metadata",
          {
            "jsonVersion": 3.0,
            "className": "AtomChemicalShift",
            "classVersion": 1.0,
            "user": "luca",
            "lastPath": "undefined",
            "timestamp": "Tue Jan  9 15:18:26 2024"
          }
        ],
        [
          "atomName",
          "H5'"
        ],
        [
          "atomElementName",
          ""
        ],
        [
          "atomAverageShift",
          4.256
        ],
        [
          "atomStdShift",
          0.364
        ],
        [
          "atomMinShift",
          3.884
        ],
        [
          "atomMaxShift",
          4.612
        ],
        [
          "atomDistributionRefValue",
          3.884
        ],
        [
          "atomDistributionValuePerPoint",
          1.0
        ],
        [
          "atomStatisticalDistribution",
          []
        ]
      ],
      [
        [
          "_metadata",
          {
            "jsonVersion": 3.0,
            "className": "AtomChemicalShift",
            "classVersion": 1.0,
            "user": "luca",
            "lastPath": "undefined",
            "timestamp": "Tue Jan  9 15:18:26 2024"
          }
        ],
        [
          "atomName",
          "H5''"
        ],
        [
          "atomElementName",
          ""
        ],
        [
          "atomAverageShift",
          4.058
        ],
        [
          "atomStdShift",
          0.362
        ],
        [
          "atomMinShift",
          3.65
        ],
        [
          "atomMaxShift",
          4.342
        ],
        [
          "atomDistributionRefValue",
          3.65
        ],
        [
          "atomDistributionValuePerPoint",
          1.0
        ],
        [
          "atomStatisticalDistribution",
          []
        ]
      ],
      [
        [
          "_metadata",
          {
            "jsonVersion": 3.0,
            "className": "AtomChemicalShift",
            "classVersion": 1.0,
            "user": "luca",
            "lastPath": "undefined",
            "timestamp": "Tue Jan  9 15:18:26 2024"
          }
        ],
        [
          "atomName",
          "H8"
        ],
        [
          "atomElementName",
          ""
        ],
        [
          "atomAverageShift",
          7.826
        ],
        [
          "atomStdShift",
          0.312
        ],
        [
          "atomMinShift",
          7.536
        ],
        [
          "atomMaxShift",
          8.143
        ],
        [
          "atomDistributionRefValue",
          7.536
        ],
        [
          "atomDistributionValuePerPoint",
          1.0
        ],
        [
          "atomStatisticalDistribution",
          []
        ]
      ],
      [
        [
          "_metadata",
          {
            "jsonVersion": 3.0,
            "className": "AtomChemicalShift",
            "classVersion": 1.0,
            "user": "luca",
            "lastPath": "undefined",
            "timestamp": "Tue Jan  9 15:18:26 2024"
          }
        ],
        [
          "atomName",
          "HN1"
        ],
        [
          "atomElementName",
          ""
        ],
        [
          "atomAverageShift",
          10.767
        ],
        [
          "atomStdShift",
          null
        ],
        [
          "atomMinShift",
          10.767
        ],
        [
          "atomMaxShift",
          10.767
        ],
        [
          "atomDistributionRefValue",
          10.767
        ],
        [
          "atomDistributionValuePerPoint",
          1.0
        ],
        [
          "atomStatisticalDistribution",
          []
        ]
      ],
      [
        [
          "_metadata",
          {
            "jsonVersion": 3.0,
            "className": "AtomChemicalShift",
            "classVersion": 1.0,
            "user": "luca",
            "lastPath": "undefined",
            "timestamp": "Tue Jan  9 15:18:26 2024"
          }
        ],
        [
          "atomName",
          "N1"
        ],
        [
          "atomElementName",
          ""
        ],
        [
          "atomAverageShift",
          146.978
        ],
        [
          "atomStdShift",
          0.435
        ],
        [
          "atomMinShift",
          146.67
        ],
        [
          "atomMaxShift",
          147.285
        ],
        [
          "atomDistributionRefValue",
          146.67
        ],
        [
          "atomDistributionValuePerPoint",
          1.0
        ],
        [
          "atomStatisticalDistribution",
          []
        ]
      ],
      [
        [
          "_metadata",
          {
            "jsonVersion": 3.0,
            "className": "AtomChemicalShift",
            "classVersion": 1.0,
            "user": "luca",
            "lastPath": "undefined",
            "timestamp": "Tue Jan  9 15:18:26 2024"
          }
        ],
        [
          "atomName",
          "N2"
        ],
        [
          "atomElementName",
          ""
        ],
        [
          "atomAverageShift",
          81.585
        ],
        [
          "atomStdShift",
          1.098
        ],
        [
          "atomMinShift",
          80.808
        ],
        [
          "atomMaxShift",
          82.361
        ],
        [
          "atomDistributionRefValue",
          80.808
        ],
        [
          "atomDistributionValuePerPoint",
          1.0
        ],
        [
          "atomStatisticalDistribution",
          []
        ]
      ],
      [
        [
          "_metadata",
          {
            "jsonVersion": 3.0,
            "className": "AtomChemicalShift",
            "classVersion": 1.0,
            "user": "luca",
            "lastPath": "undefined",
            "timestamp": "Tue Jan  9 15:18:26 2024"
          }
        ],
        [
          "atomName",
          "N3"
        ],
        [
          "atomElementName",
          ""
        ],
        [
          "atomAverageShift",
          163.62
        ],
        [
          "atomStdShift",
          0.097
        ],
        [
          "atomMinShift",
          163.551
        ],
        [
          "atomMaxShift",
          163.688
        ],
        [
          "atomDistributionRefValue",
          163.551
        ],
        [
          "atomDistributionValuePerPoint",
          1.0
        ],
        [
          "atomStatisticalDistribution",
          []
        ]
      ],
      [
        [
          "_metadata",
          {
            "jsonVersion": 3.0,
            "className": "AtomChemicalShift",
            "classVersion": 1.0,
            "user": "luca",
            "lastPath": "undefined",
            "timestamp": "Tue Jan  9 15:18:26 2024"
          }
        ],
        [
          "atomName",
          "N7"
        ],
        [
          "atomElementName",
          ""
        ],
        [
          "atomAverageShift",
          232.122
        ],
        [
          "atomStdShift",
          0.074
        ],
        [
          "atomMinShift",
          232.07
        ],
        [
          "atomMaxShift",
          232.174
        ],
        [
          "atomDistributionRefValue",
          232.07
        ],
        [
          "atomDistributionValuePerPoint",
          1.0
        ],
        [
          "atomStatisticalDistribution",
          []
        ]
      ],
      [
        [
          "_metadata",
          {
            "jsonVersion": 3.0,
            "className": "AtomChemicalShift",
            "classVersion": 1.0,
            "user": "luca",
            "lastPath": "undefined",
            "timestamp": "Tue Jan  9 15:18:26 2024"
          }
        ],
        [
          "atomName",
          "N9"
        ],
        [
          "atomElementName",
          ""
        ],
        [
          "atomAverageShift",
          170.951
        ],
        [
          "atomStdShift",
          1.814
        ],
        [
          "atomMinShift",
          169.668
        ],
        [
          "atomMaxShift",
          172.234
        ],
        [
          "atomDistributionRefValue",
          169.668
        ],
        [
          "atomDistributionValuePerPoint",
          1.0
        ],
        [
          "atomStatisticalDistribution",
          []
        ]
      ]
    ]
  ]
]