[
  [
    "_metadata",
    {
      "jsonVersion": 3,
      "className": "ReferenceChemicalShift",
      "classVersion": 1,
      "user": "CCPN",
      "lastPath": "/Users/luca/Projects/AnalysisV3/resources/referenceChemicalShifts/NonStandard/Non-Polymer/HEB.json",
      "timestamp": "Tue Jan  9 15:18:23 2024",
      "applicationVersion": 3.2
    }
  ],
  [
    "chemicalShiftName",
    "Non-Standard Residues / Small Molecules"
  ],
  [
    "chemicalShiftComment",
    "The CCPN Analysis Version 3 ReferenceChemical shifts retrieved from BMRB"
  ],
  [
    "chemicalShiftEntryDate",
    "2023-09-14-14:25:08"
  ],
  [
    "compoundName",
    "HEME B/C"
  ],
  [
    "compoundShortName",
    "HEB"
  ],
  [
    "compoundCcpCode",
    "HEB"
  ],
  [
    "compoundType",
    "Non-Polymer"
  ],
  [
    "compoundTypeClassification",
    "non-polymer"
  ],
  [
    "compoundPrecursorName",
    ""
  ],
  [
    "loadingLevel",
    0
  ],
  [
    "atoms",
    [
      [
        [
          "_metadata",
          {
            "jsonVersion": 3.0,
            "className": "AtomChemicalShift",
            "classVersion": 1.0,
            "user": "luca",
            "lastPath": "undefined",
            "timestamp": "Tue Jan  9 15:18:23 2024"
          }
        ],
        [
          "atomName",
          "HAA1"
        ],
        [
          "atomElementName",
          ""
        ],
        [
          "atomAverageShift",
          8.88
        ],
        [
          "atomStdShift",
          7.58
        ],
        [
          "atomMinShift",
          3.52
        ],
        [
          "atomMaxShift",
          14.24
        ],
        [
          "atomDistributionRefValue",
          3.52
        ],
        [
          "atomDistributionValuePerPoint",
          1.0
        ],
        [
          "atomStatisticalDistribution",
          []
        ]
      ],
      [
        [
          "_metadata",
          {
            "jsonVersion": 3.0,
            "className": "AtomChemicalShift",
            "classVersion": 1.0,
            "user": "luca",
            "lastPath": "undefined",
            "timestamp": "Tue Jan  9 15:18:23 2024"
          }
        ],
        [
          "atomName",
          "HAA2"
        ],
        [
          "atomElementName",
          ""
        ],
        [
          "atomAverageShift",
          4.13
        ],
        [
          "atomStdShift",
          2.121
        ],
        [
          "atomMinShift",
          2.63
        ],
        [
          "atomMaxShift",
          5.63
        ],
        [
          "atomDistributionRefValue",
          2.63
        ],
        [
          "atomDistributionValuePerPoint",
          1.0
        ],
        [
          "atomStatisticalDistribution",
          []
        ]
      ],
      [
        [
          "_metadata",
          {
            "jsonVersion": 3.0,
            "className": "AtomChemicalShift",
            "classVersion": 1.0,
            "user": "luca",
            "lastPath": "undefined",
            "timestamp": "Tue Jan  9 15:18:23 2024"
          }
        ],
        [
          "atomName",
          "HAB"
        ],
        [
          "atomElementName",
          ""
        ],
        [
          "atomAverageShift",
          5.29
        ],
        [
          "atomStdShift",
          1.923
        ],
        [
          "atomMinShift",
          3.93
        ],
        [
          "atomMaxShift",
          6.65
        ],
        [
          "atomDistributionRefValue",
          3.93
        ],
        [
          "atomDistributionValuePerPoint",
          1.0
        ],
        [
          "atomStatisticalDistribution",
          []
        ]
      ],
      [
        [
          "_metadata",
          {
            "jsonVersion": 3.0,
            "className": "AtomChemicalShift",
            "classVersion": 1.0,
            "user": "luca",
            "lastPath": "undefined",
            "timestamp": "Tue Jan  9 15:18:23 2024"
          }
        ],
        [
          "atomName",
          "HAB2"
        ],
        [
          "atomElementName",
          ""
        ],
        [
          "atomAverageShift",
          2.75
        ],
        [
          "atomStdShift",
          null
        ],
        [
          "atomMinShift",
          2.75
        ],
        [
          "atomMaxShift",
          2.75
        ],
        [
          "atomDistributionRefValue",
          2.75
        ],
        [
          "atomDistributionValuePerPoint",
          1.0
        ],
        [
          "atomStatisticalDistribution",
          []
        ]
      ],
      [
        [
          "_metadata",
          {
            "jsonVersion": 3.0,
            "className": "AtomChemicalShift",
            "classVersion": 1.0,
            "user": "luca",
            "lastPath": "undefined",
            "timestamp": "Tue Jan  9 15:18:23 2024"
          }
        ],
        [
          "atomName",
          "HAC"
        ],
        [
          "atomElementName",
          ""
        ],
        [
          "atomAverageShift",
          7.443
        ],
        [
          "atomStdShift",
          0.696
        ],
        [
          "atomMinShift",
          6.67
        ],
        [
          "atomMaxShift",
          8.02
        ],
        [
          "atomDistributionRefValue",
          6.67
        ],
        [
          "atomDistributionValuePerPoint",
          1.0
        ],
        [
          "atomStatisticalDistribution",
          []
        ]
      ],
      [
        [
          "_metadata",
          {
            "jsonVersion": 3.0,
            "className": "AtomChemicalShift",
            "classVersion": 1.0,
            "user": "luca",
            "lastPath": "undefined",
            "timestamp": "Tue Jan  9 15:18:23 2024"
          }
        ],
        [
          "atomName",
          "HAD1"
        ],
        [
          "atomElementName",
          ""
        ],
        [
          "atomAverageShift",
          10.725
        ],
        [
          "atomStdShift",
          3.288
        ],
        [
          "atomMinShift",
          8.4
        ],
        [
          "atomMaxShift",
          13.05
        ],
        [
          "atomDistributionRefValue",
          8.4
        ],
        [
          "atomDistributionValuePerPoint",
          1.0
        ],
        [
          "atomStatisticalDistribution",
          []
        ]
      ],
      [
        [
          "_metadata",
          {
            "jsonVersion": 3.0,
            "className": "AtomChemicalShift",
            "classVersion": 1.0,
            "user": "luca",
            "lastPath": "undefined",
            "timestamp": "Tue Jan  9 15:18:23 2024"
          }
        ],
        [
          "atomName",
          "HAD2"
        ],
        [
          "atomElementName",
          ""
        ],
        [
          "atomAverageShift",
          10.01
        ],
        [
          "atomStdShift",
          3.196
        ],
        [
          "atomMinShift",
          7.75
        ],
        [
          "atomMaxShift",
          12.27
        ],
        [
          "atomDistributionRefValue",
          7.75
        ],
        [
          "atomDistributionValuePerPoint",
          1.0
        ],
        [
          "atomStatisticalDistribution",
          []
        ]
      ],
      [
        [
          "_metadata",
          {
            "jsonVersion": 3.0,
            "className": "AtomChemicalShift",
            "classVersion": 1.0,
            "user": "luca",
            "lastPath": "undefined",
            "timestamp": "Tue Jan  9 15:18:23 2024"
          }
        ],
        [
          "atomName",
          "HBA1"
        ],
        [
          "atomElementName",
          ""
        ],
        [
          "atomAverageShift",
          0.5
        ],
        [
          "atomStdShift",
          0.863
        ],
        [
          "atomMinShift",
          -0.11
        ],
        [
          "atomMaxShift",
          1.11
        ],
        [
          "atomDistributionRefValue",
          -0.11
        ],
        [
          "atomDistributionValuePerPoint",
          1.0
        ],
        [
          "atomStatisticalDistribution",
          []
        ]
      ],
      [
        [
          "_metadata",
          {
            "jsonVersion": 3.0,
            "className": "AtomChemicalShift",
            "classVersion": 1.0,
            "user": "luca",
            "lastPath": "undefined",
            "timestamp": "Tue Jan  9 15:18:23 2024"
          }
        ],
        [
          "atomName",
          "HBA2"
        ],
        [
          "atomElementName",
          ""
        ],
        [
          "atomAverageShift",
          -0.185
        ],
        [
          "atomStdShift",
          0.544
        ],
        [
          "atomMinShift",
          -0.57
        ],
        [
          "atomMaxShift",
          0.2
        ],
        [
          "atomDistributionRefValue",
          -0.57
        ],
        [
          "atomDistributionValuePerPoint",
          1.0
        ],
        [
          "atomStatisticalDistribution",
          []
        ]
      ],
      [
        [
          "_metadata",
          {
            "jsonVersion": 3.0,
            "className": "AtomChemicalShift",
            "classVersion": 1.0,
            "user": "luca",
            "lastPath": "undefined",
            "timestamp": "Tue Jan  9 15:18:23 2024"
          }
        ],
        [
          "atomName",
          "HBB1"
        ],
        [
          "atomElementName",
          ""
        ],
        [
          "atomAverageShift",
          2.167
        ],
        [
          "atomStdShift",
          1.312
        ],
        [
          "atomMinShift",
          0.82
        ],
        [
          "atomMaxShift",
          3.44
        ],
        [
          "atomDistributionRefValue",
          0.82
        ],
        [
          "atomDistributionValuePerPoint",
          1.0
        ],
        [
          "atomStatisticalDistribution",
          []
        ]
      ],
      [
        [
          "_metadata",
          {
            "jsonVersion": 3.0,
            "className": "AtomChemicalShift",
            "classVersion": 1.0,
            "user": "luca",
            "lastPath": "undefined",
            "timestamp": "Tue Jan  9 15:18:23 2024"
          }
        ],
        [
          "atomName",
          "HBB2"
        ],
        [
          "atomElementName",
          ""
        ],
        [
          "atomAverageShift",
          2.167
        ],
        [
          "atomStdShift",
          1.312
        ],
        [
          "atomMinShift",
          0.82
        ],
        [
          "atomMaxShift",
          3.44
        ],
        [
          "atomDistributionRefValue",
          0.82
        ],
        [
          "atomDistributionValuePerPoint",
          1.0
        ],
        [
          "atomStatisticalDistribution",
          []
        ]
      ],
      [
        [
          "_metadata",
          {
            "jsonVersion": 3.0,
            "className": "AtomChemicalShift",
            "classVersion": 1.0,
            "user": "luca",
            "lastPath": "undefined",
            "timestamp": "Tue Jan  9 15:18:23 2024"
          }
        ],
        [
          "atomName",
          "HBB3"
        ],
        [
          "atomElementName",
          ""
        ],
        [
          "atomAverageShift",
          2.167
        ],
        [
          "atomStdShift",
          1.312
        ],
        [
          "atomMinShift",
          0.82
        ],
        [
          "atomMaxShift",
          3.44
        ],
        [
          "atomDistributionRefValue",
          0.82
        ],
        [
          "atomDistributionValuePerPoint",
          1.0
        ],
        [
          "atomStatisticalDistribution",
          []
        ]
      ],
      [
        [
          "_metadata",
          {
            "jsonVersion": 3.0,
            "className": "AtomChemicalShift",
            "classVersion": 1.0,
            "user": "luca",
            "lastPath": "undefined",
            "timestamp": "Tue Jan  9 15:18:23 2024"
          }
        ],
        [
          "atomName",
          "HBC1"
        ],
        [
          "atomElementName",
          ""
        ],
        [
          "atomAverageShift",
          1.71
        ],
        [
          "atomStdShift",
          4.083
        ],
        [
          "atomMinShift",
          -2.04
        ],
        [
          "atomMaxShift",
          6.06
        ],
        [
          "atomDistributionRefValue",
          -2.04
        ],
        [
          "atomDistributionValuePerPoint",
          1.0
        ],
        [
          "atomStatisticalDistribution",
          []
        ]
      ],
      [
        [
          "_metadata",
          {
            "jsonVersion": 3.0,
            "className": "AtomChemicalShift",
            "classVersion": 1.0,
            "user": "luca",
            "lastPath": "undefined",
            "timestamp": "Tue Jan  9 15:18:23 2024"
          }
        ],
        [
          "atomName",
          "HBC2"
        ],
        [
          "atomElementName",
          ""
        ],
        [
          "atomAverageShift",
          1.773
        ],
        [
          "atomStdShift",
          4.025
        ],
        [
          "atomMinShift",
          -2.44
        ],
        [
          "atomMaxShift",
          5.58
        ],
        [
          "atomDistributionRefValue",
          -2.44
        ],
        [
          "atomDistributionValuePerPoint",
          1.0
        ],
        [
          "atomStatisticalDistribution",
          []
        ]
      ],
      [
        [
          "_metadata",
          {
            "jsonVersion": 3.0,
            "className": "AtomChemicalShift",
            "classVersion": 1.0,
            "user": "luca",
            "lastPath": "undefined",
            "timestamp": "Tue Jan  9 15:18:23 2024"
          }
        ],
        [
          "atomName",
          "HBD1"
        ],
        [
          "atomElementName",
          ""
        ],
        [
          "atomAverageShift",
          0.92
        ],
        [
          "atomStdShift",
          0.651
        ],
        [
          "atomMinShift",
          0.46
        ],
        [
          "atomMaxShift",
          1.38
        ],
        [
          "atomDistributionRefValue",
          0.46
        ],
        [
          "atomDistributionValuePerPoint",
          1.0
        ],
        [
          "atomStatisticalDistribution",
          []
        ]
      ],
      [
        [
          "_metadata",
          {
            "jsonVersion": 3.0,
            "className": "AtomChemicalShift",
            "classVersion": 1.0,
            "user": "luca",
            "lastPath": "undefined",
            "timestamp": "Tue Jan  9 15:18:23 2024"
          }
        ],
        [
          "atomName",
          "HBD2"
        ],
        [
          "atomElementName",
          ""
        ],
        [
          "atomAverageShift",
          0.935
        ],
        [
          "atomStdShift",
          0.262
        ],
        [
          "atomMinShift",
          0.75
        ],
        [
          "atomMaxShift",
          1.12
        ],
        [
          "atomDistributionRefValue",
          0.75
        ],
        [
          "atomDistributionValuePerPoint",
          1.0
        ],
        [
          "atomStatisticalDistribution",
          []
        ]
      ],
      [
        [
          "_metadata",
          {
            "jsonVersion": 3.0,
            "className": "AtomChemicalShift",
            "classVersion": 1.0,
            "user": "luca",
            "lastPath": "undefined",
            "timestamp": "Tue Jan  9 15:18:23 2024"
          }
        ],
        [
          "atomName",
          "HHA"
        ],
        [
          "atomElementName",
          ""
        ],
        [
          "atomAverageShift",
          2.417
        ],
        [
          "atomStdShift",
          6.299
        ],
        [
          "atomMinShift",
          -2.3
        ],
        [
          "atomMaxShift",
          9.57
        ],
        [
          "atomDistributionRefValue",
          -2.3
        ],
        [
          "atomDistributionValuePerPoint",
          1.0
        ],
        [
          "atomStatisticalDistribution",
          []
        ]
      ],
      [
        [
          "_metadata",
          {
            "jsonVersion": 3.0,
            "className": "AtomChemicalShift",
            "classVersion": 1.0,
            "user": "luca",
            "lastPath": "undefined",
            "timestamp": "Tue Jan  9 15:18:23 2024"
          }
        ],
        [
          "atomName",
          "HHB"
        ],
        [
          "atomElementName",
          ""
        ],
        [
          "atomAverageShift",
          4.063
        ],
        [
          "atomStdShift",
          4.665
        ],
        [
          "atomMinShift",
          0.61
        ],
        [
          "atomMaxShift",
          9.37
        ],
        [
          "atomDistributionRefValue",
          0.61
        ],
        [
          "atomDistributionValuePerPoint",
          1.0
        ],
        [
          "atomStatisticalDistribution",
          []
        ]
      ],
      [
        [
          "_metadata",
          {
            "jsonVersion": 3.0,
            "className": "AtomChemicalShift",
            "classVersion": 1.0,
            "user": "luca",
            "lastPath": "undefined",
            "timestamp": "Tue Jan  9 15:18:23 2024"
          }
        ],
        [
          "atomName",
          "HHC"
        ],
        [
          "atomElementName",
          ""
        ],
        [
          "atomAverageShift",
          2.317
        ],
        [
          "atomStdShift",
          6.26
        ],
        [
          "atomMinShift",
          -3.22
        ],
        [
          "atomMaxShift",
          9.11
        ],
        [
          "atomDistributionRefValue",
          -3.22
        ],
        [
          "atomDistributionValuePerPoint",
          1.0
        ],
        [
          "atomStatisticalDistribution",
          []
        ]
      ],
      [
        [
          "_metadata",
          {
            "jsonVersion": 3.0,
            "className": "AtomChemicalShift",
            "classVersion": 1.0,
            "user": "luca",
            "lastPath": "undefined",
            "timestamp": "Tue Jan  9 15:18:23 2024"
          }
        ],
        [
          "atomName",
          "HHD"
        ],
        [
          "atomElementName",
          ""
        ],
        [
          "atomAverageShift",
          2.957
        ],
        [
          "atomStdShift",
          5.413
        ],
        [
          "atomMinShift",
          -1.26
        ],
        [
          "atomMaxShift",
          9.06
        ],
        [
          "atomDistributionRefValue",
          -1.26
        ],
        [
          "atomDistributionValuePerPoint",
          1.0
        ],
        [
          "atomStatisticalDistribution",
          []
        ]
      ],
      [
        [
          "_metadata",
          {
            "jsonVersion": 3.0,
            "className": "AtomChemicalShift",
            "classVersion": 1.0,
            "user": "luca",
            "lastPath": "undefined",
            "timestamp": "Tue Jan  9 15:18:23 2024"
          }
        ],
        [
          "atomName",
          "HMA1"
        ],
        [
          "atomElementName",
          ""
        ],
        [
          "atomAverageShift",
          8.797
        ],
        [
          "atomStdShift",
          5.141
        ],
        [
          "atomMinShift",
          3.18
        ],
        [
          "atomMaxShift",
          13.27
        ],
        [
          "atomDistributionRefValue",
          3.18
        ],
        [
          "atomDistributionValuePerPoint",
          1.0
        ],
        [
          "atomStatisticalDistribution",
          []
        ]
      ],
      [
        [
          "_metadata",
          {
            "jsonVersion": 3.0,
            "className": "AtomChemicalShift",
            "classVersion": 1.0,
            "user": "luca",
            "lastPath": "undefined",
            "timestamp": "Tue Jan  9 15:18:23 2024"
          }
        ],
        [
          "atomName",
          "HMA2"
        ],
        [
          "atomElementName",
          ""
        ],
        [
          "atomAverageShift",
          8.797
        ],
        [
          "atomStdShift",
          5.141
        ],
        [
          "atomMinShift",
          3.18
        ],
        [
          "atomMaxShift",
          13.27
        ],
        [
          "atomDistributionRefValue",
          3.18
        ],
        [
          "atomDistributionValuePerPoint",
          1.0
        ],
        [
          "atomStatisticalDistribution",
          []
        ]
      ],
      [
        [
          "_metadata",
          {
            "jsonVersion": 3.0,
            "className": "AtomChemicalShift",
            "classVersion": 1.0,
            "user": "luca",
            "lastPath": "undefined",
            "timestamp": "Tue Jan  9 15:18:23 2024"
          }
        ],
        [
          "atomName",
          "HMA3"
        ],
        [
          "atomElementName",
          ""
        ],
        [
          "atomAverageShift",
          8.797
        ],
        [
          "atomStdShift",
          5.141
        ],
        [
          "atomMinShift",
          3.18
        ],
        [
          "atomMaxShift",
          13.27
        ],
        [
          "atomDistributionRefValue",
          3.18
        ],
        [
          "atomDistributionValuePerPoint",
          1.0
        ],
        [
          "atomStatisticalDistribution",
          []
        ]
      ],
      [
        [
          "_metadata",
          {
            "jsonVersion": 3.0,
            "className": "AtomChemicalShift",
            "classVersion": 1.0,
            "user": "luca",
            "lastPath": "undefined",
            "timestamp": "Tue Jan  9 15:18:23 2024"
          }
        ],
        [
          "atomName",
          "HMB1"
        ],
        [
          "atomElementName",
          ""
        ],
        [
          "atomAverageShift",
          7.73
        ],
        [
          "atomStdShift",
          4.036
        ],
        [
          "atomMinShift",
          3.22
        ],
        [
          "atomMaxShift",
          11.0
        ],
        [
          "atomDistributionRefValue",
          3.22
        ],
        [
          "atomDistributionValuePerPoint",
          1.0
        ],
        [
          "atomStatisticalDistribution",
          []
        ]
      ],
      [
        [
          "_metadata",
          {
            "jsonVersion": 3.0,
            "className": "AtomChemicalShift",
            "classVersion": 1.0,
            "user": "luca",
            "lastPath": "undefined",
            "timestamp": "Tue Jan  9 15:18:23 2024"
          }
        ],
        [
          "atomName",
          "HMB2"
        ],
        [
          "atomElementName",
          ""
        ],
        [
          "atomAverageShift",
          7.73
        ],
        [
          "atomStdShift",
          4.036
        ],
        [
          "atomMinShift",
          3.22
        ],
        [
          "atomMaxShift",
          11.0
        ],
        [
          "atomDistributionRefValue",
          3.22
        ],
        [
          "atomDistributionValuePerPoint",
          1.0
        ],
        [
          "atomStatisticalDistribution",
          []
        ]
      ],
      [
        [
          "_metadata",
          {
            "jsonVersion": 3.0,
            "className": "AtomChemicalShift",
            "classVersion": 1.0,
            "user": "luca",
            "lastPath": "undefined",
            "timestamp": "Tue Jan  9 15:18:23 2024"
          }
        ],
        [
          "atomName",
          "HMB3"
        ],
        [
          "atomElementName",
          ""
        ],
        [
          "atomAverageShift",
          7.73
        ],
        [
          "atomStdShift",
          4.036
        ],
        [
          "atomMinShift",
          3.22
        ],
        [
          "atomMaxShift",
          11.0
        ],
        [
          "atomDistributionRefValue",
          3.22
        ],
        [
          "atomDistributionValuePerPoint",
          1.0
        ],
        [
          "atomStatisticalDistribution",
          []
        ]
      ],
      [
        [
          "_metadata",
          {
            "jsonVersion": 3.0,
            "className": "AtomChemicalShift",
            "classVersion": 1.0,
            "user": "luca",
            "lastPath": "undefined",
            "timestamp": "Tue Jan  9 15:18:23 2024"
          }
        ],
        [
          "atomName",
          "HMC1"
        ],
        [
          "atomElementName",
          ""
        ],
        [
          "atomAverageShift",
          10.383
        ],
        [
          "atomStdShift",
          6.317
        ],
        [
          "atomMinShift",
          3.4
        ],
        [
          "atomMaxShift",
          15.7
        ],
        [
          "atomDistributionRefValue",
          3.4
        ],
        [
          "atomDistributionValuePerPoint",
          1.0
        ],
        [
          "atomStatisticalDistribution",
          []
        ]
      ],
      [
        [
          "_metadata",
          {
            "jsonVersion": 3.0,
            "className": "AtomChemicalShift",
            "classVersion": 1.0,
            "user": "luca",
            "lastPath": "undefined",
            "timestamp": "Tue Jan  9 15:18:23 2024"
          }
        ],
        [
          "atomName",
          "HMC2"
        ],
        [
          "atomElementName",
          ""
        ],
        [
          "atomAverageShift",
          10.383
        ],
        [
          "atomStdShift",
          6.317
        ],
        [
          "atomMinShift",
          3.4
        ],
        [
          "atomMaxShift",
          15.7
        ],
        [
          "atomDistributionRefValue",
          3.4
        ],
        [
          "atomDistributionValuePerPoint",
          1.0
        ],
        [
          "atomStatisticalDistribution",
          []
        ]
      ],
      [
        [
          "_metadata",
          {
            "jsonVersion": 3.0,
            "className": "AtomChemicalShift",
            "classVersion": 1.0,
            "user": "luca",
            "lastPath": "undefined",
            "timestamp": "Tue Jan  9 15:18:23 2024"
          }
        ],
        [
          "atomName",
          "HMC3"
        ],
        [
          "atomElementName",
          ""
        ],
        [
          "atomAverageShift",
          10.383
        ],
        [
          "atomStdShift",
          6.317
        ],
        [
          "atomMinShift",
          3.4
        ],
        [
          "atomMaxShift",
          15.7
        ],
        [
          "atomDistributionRefValue",
          3.4
        ],
        [
          "atomDistributionValuePerPoint",
          1.0
        ],
        [
          "atomStatisticalDistribution",
          []
        ]
      ],
      [
        [
          "_metadata",
          {
            "jsonVersion": 3.0,
            "className": "AtomChemicalShift",
            "classVersion": 1.0,
            "user": "luca",
            "lastPath": "undefined",
            "timestamp": "Tue Jan  9 15:18:23 2024"
          }
        ],
        [
          "atomName",
          "HMD1"
        ],
        [
          "atomElementName",
          ""
        ],
        [
          "atomAverageShift",
          11.73
        ],
        [
          "atomStdShift",
          8.455
        ],
        [
          "atomMinShift",
          2.67
        ],
        [
          "atomMaxShift",
          19.41
        ],
        [
          "atomDistributionRefValue",
          2.67
        ],
        [
          "atomDistributionValuePerPoint",
          1.0
        ],
        [
          "atomStatisticalDistribution",
          []
        ]
      ],
      [
        [
          "_metadata",
          {
            "jsonVersion": 3.0,
            "className": "AtomChemicalShift",
            "classVersion": 1.0,
            "user": "luca",
            "lastPath": "undefined",
            "timestamp": "Tue Jan  9 15:18:23 2024"
          }
        ],
        [
          "atomName",
          "HMD2"
        ],
        [
          "atomElementName",
          ""
        ],
        [
          "atomAverageShift",
          11.73
        ],
        [
          "atomStdShift",
          8.455
        ],
        [
          "atomMinShift",
          2.67
        ],
        [
          "atomMaxShift",
          19.41
        ],
        [
          "atomDistributionRefValue",
          2.67
        ],
        [
          "atomDistributionValuePerPoint",
          1.0
        ],
        [
          "atomStatisticalDistribution",
          []
        ]
      ],
      [
        [
          "_metadata",
          {
            "jsonVersion": 3.0,
            "className": "AtomChemicalShift",
            "classVersion": 1.0,
            "user": "luca",
            "lastPath": "undefined",
            "timestamp": "Tue Jan  9 15:18:23 2024"
          }
        ],
        [
          "atomName",
          "HMD3"
        ],
        [
          "atomElementName",
          ""
        ],
        [
          "atomAverageShift",
          11.73
        ],
        [
          "atomStdShift",
          8.455
        ],
        [
          "atomMinShift",
          2.67
        ],
        [
          "atomMaxShift",
          19.41
        ],
        [
          "atomDistributionRefValue",
          2.67
        ],
        [
          "atomDistributionValuePerPoint",
          1.0
        ],
        [
          "atomStatisticalDistribution",
          []
        ]
      ]
    ]
  ]
]