[
  [
    "_metadata",
    {
      "jsonVersion": 3,
      "className": "ReferenceChemicalShift",
      "classVersion": 1,
      "user": "CCPN",
      "lastPath": "/Users/luca/Projects/AnalysisV3/resources/referenceChemicalShifts/NonStandard/Non-Polymer/HP6.json",
      "timestamp": "Tue Jan  9 15:18:22 2024",
      "applicationVersion": 3.2
    }
  ],
  [
    "chemicalShiftName",
    "Non-Standard Residues / Small Molecules"
  ],
  [
    "chemicalShiftComment",
    "The CCPN Analysis Version 3 ReferenceChemical shifts retrieved from BMRB"
  ],
  [
    "chemicalShiftEntryDate",
    "2023-09-14-14:25:08"
  ],
  [
    "compoundName",
    "HEPTANE"
  ],
  [
    "compoundShortName",
    "HP6"
  ],
  [
    "compoundCcpCode",
    "HP6"
  ],
  [
    "compoundType",
    "Non-Polymer"
  ],
  [
    "compoundTypeClassification",
    "non-polymer"
  ],
  [
    "compoundPrecursorName",
    ""
  ],
  [
    "loadingLevel",
    0
  ],
  [
    "atoms",
    [
      [
        [
          "_metadata",
          {
            "jsonVersion": 3.0,
            "className": "AtomChemicalShift",
            "classVersion": 1.0,
            "user": "luca",
            "lastPath": "undefined",
            "timestamp": "Tue Jan  9 15:18:22 2024"
          }
        ],
        [
          "atomName",
          "H201"
        ],
        [
          "atomElementName",
          ""
        ],
        [
          "atomAverageShift",
          3.51
        ],
        [
          "atomStdShift",
          0.057
        ],
        [
          "atomMinShift",
          3.47
        ],
        [
          "atomMaxShift",
          3.55
        ],
        [
          "atomDistributionRefValue",
          3.47
        ],
        [
          "atomDistributionValuePerPoint",
          1.0
        ],
        [
          "atomStatisticalDistribution",
          []
        ]
      ],
      [
        [
          "_metadata",
          {
            "jsonVersion": 3.0,
            "className": "AtomChemicalShift",
            "classVersion": 1.0,
            "user": "luca",
            "lastPath": "undefined",
            "timestamp": "Tue Jan  9 15:18:22 2024"
          }
        ],
        [
          "atomName",
          "H202"
        ],
        [
          "atomElementName",
          ""
        ],
        [
          "atomAverageShift",
          3.75
        ],
        [
          "atomStdShift",
          0.184
        ],
        [
          "atomMinShift",
          3.62
        ],
        [
          "atomMaxShift",
          3.88
        ],
        [
          "atomDistributionRefValue",
          3.62
        ],
        [
          "atomDistributionValuePerPoint",
          1.0
        ],
        [
          "atomStatisticalDistribution",
          []
        ]
      ],
      [
        [
          "_metadata",
          {
            "jsonVersion": 3.0,
            "className": "AtomChemicalShift",
            "classVersion": 1.0,
            "user": "luca",
            "lastPath": "undefined",
            "timestamp": "Tue Jan  9 15:18:22 2024"
          }
        ],
        [
          "atomName",
          "H211"
        ],
        [
          "atomElementName",
          ""
        ],
        [
          "atomAverageShift",
          1.205
        ],
        [
          "atomStdShift",
          0.035
        ],
        [
          "atomMinShift",
          1.18
        ],
        [
          "atomMaxShift",
          1.23
        ],
        [
          "atomDistributionRefValue",
          1.18
        ],
        [
          "atomDistributionValuePerPoint",
          1.0
        ],
        [
          "atomStatisticalDistribution",
          []
        ]
      ],
      [
        [
          "_metadata",
          {
            "jsonVersion": 3.0,
            "className": "AtomChemicalShift",
            "classVersion": 1.0,
            "user": "luca",
            "lastPath": "undefined",
            "timestamp": "Tue Jan  9 15:18:22 2024"
          }
        ],
        [
          "atomName",
          "H212"
        ],
        [
          "atomElementName",
          ""
        ],
        [
          "atomAverageShift",
          1.3
        ],
        [
          "atomStdShift",
          0.17
        ],
        [
          "atomMinShift",
          1.18
        ],
        [
          "atomMaxShift",
          1.42
        ],
        [
          "atomDistributionRefValue",
          1.18
        ],
        [
          "atomDistributionValuePerPoint",
          1.0
        ],
        [
          "atomStatisticalDistribution",
          []
        ]
      ],
      [
        [
          "_metadata",
          {
            "jsonVersion": 3.0,
            "className": "AtomChemicalShift",
            "classVersion": 1.0,
            "user": "luca",
            "lastPath": "undefined",
            "timestamp": "Tue Jan  9 15:18:22 2024"
          }
        ],
        [
          "atomName",
          "H221"
        ],
        [
          "atomElementName",
          ""
        ],
        [
          "atomAverageShift",
          0.975
        ],
        [
          "atomStdShift",
          0.163
        ],
        [
          "atomMinShift",
          0.86
        ],
        [
          "atomMaxShift",
          1.09
        ],
        [
          "atomDistributionRefValue",
          0.86
        ],
        [
          "atomDistributionValuePerPoint",
          1.0
        ],
        [
          "atomStatisticalDistribution",
          []
        ]
      ],
      [
        [
          "_metadata",
          {
            "jsonVersion": 3.0,
            "className": "AtomChemicalShift",
            "classVersion": 1.0,
            "user": "luca",
            "lastPath": "undefined",
            "timestamp": "Tue Jan  9 15:18:22 2024"
          }
        ],
        [
          "atomName",
          "H222"
        ],
        [
          "atomElementName",
          ""
        ],
        [
          "atomAverageShift",
          0.975
        ],
        [
          "atomStdShift",
          0.163
        ],
        [
          "atomMinShift",
          0.86
        ],
        [
          "atomMaxShift",
          1.09
        ],
        [
          "atomDistributionRefValue",
          0.86
        ],
        [
          "atomDistributionValuePerPoint",
          1.0
        ],
        [
          "atomStatisticalDistribution",
          []
        ]
      ],
      [
        [
          "_metadata",
          {
            "jsonVersion": 3.0,
            "className": "AtomChemicalShift",
            "classVersion": 1.0,
            "user": "luca",
            "lastPath": "undefined",
            "timestamp": "Tue Jan  9 15:18:22 2024"
          }
        ],
        [
          "atomName",
          "H231"
        ],
        [
          "atomElementName",
          ""
        ],
        [
          "atomAverageShift",
          0.98
        ],
        [
          "atomStdShift",
          0.042
        ],
        [
          "atomMinShift",
          0.95
        ],
        [
          "atomMaxShift",
          1.01
        ],
        [
          "atomDistributionRefValue",
          0.95
        ],
        [
          "atomDistributionValuePerPoint",
          1.0
        ],
        [
          "atomStatisticalDistribution",
          []
        ]
      ],
      [
        [
          "_metadata",
          {
            "jsonVersion": 3.0,
            "className": "AtomChemicalShift",
            "classVersion": 1.0,
            "user": "luca",
            "lastPath": "undefined",
            "timestamp": "Tue Jan  9 15:18:22 2024"
          }
        ],
        [
          "atomName",
          "H232"
        ],
        [
          "atomElementName",
          ""
        ],
        [
          "atomAverageShift",
          0.98
        ],
        [
          "atomStdShift",
          0.042
        ],
        [
          "atomMinShift",
          0.95
        ],
        [
          "atomMaxShift",
          1.01
        ],
        [
          "atomDistributionRefValue",
          0.95
        ],
        [
          "atomDistributionValuePerPoint",
          1.0
        ],
        [
          "atomStatisticalDistribution",
          []
        ]
      ]
    ]
  ]
]