[
  [
    "_metadata",
    {
      "jsonVersion": 3,
      "className": "ReferenceChemicalShift",
      "classVersion": 1,
      "user": "CCPN",
      "lastPath": "/Users/luca/Projects/AnalysisV3/resources/referenceChemicalShifts/NonStandard/Non-Polymer/JH3.json",
      "timestamp": "Tue Jan  9 15:18:36 2024",
      "applicationVersion": 3.2
    }
  ],
  [
    "chemicalShiftName",
    "Non-Standard Residues / Small Molecules"
  ],
  [
    "chemicalShiftComment",
    "The CCPN Analysis Version 3 ReferenceChemical shifts retrieved from BMRB"
  ],
  [
    "chemicalShiftEntryDate",
    "2023-09-14-14:25:08"
  ],
  [
    "compoundName",
    "methyl (2E,6E)-9-[(2R)-3,3-dimethyloxiran-2-yl]-3,7-dimethylnona-2,6-dienoate"
  ],
  [
    "compoundShortName",
    "JH3"
  ],
  [
    "compoundCcpCode",
    "JH3"
  ],
  [
    "compoundType",
    "Non-Polymer"
  ],
  [
    "compoundTypeClassification",
    "non-polymer"
  ],
  [
    "compoundPrecursorName",
    ""
  ],
  [
    "loadingLevel",
    0
  ],
  [
    "atoms",
    [
      [
        [
          "_metadata",
          {
            "jsonVersion": 3.0,
            "className": "AtomChemicalShift",
            "classVersion": 1.0,
            "user": "luca",
            "lastPath": "undefined",
            "timestamp": "Tue Jan  9 15:18:36 2024"
          }
        ],
        [
          "atomName",
          "H2"
        ],
        [
          "atomElementName",
          ""
        ],
        [
          "atomAverageShift",
          6.104
        ],
        [
          "atomStdShift",
          null
        ],
        [
          "atomMinShift",
          6.104
        ],
        [
          "atomMaxShift",
          6.104
        ],
        [
          "atomDistributionRefValue",
          6.104
        ],
        [
          "atomDistributionValuePerPoint",
          1.0
        ],
        [
          "atomStatisticalDistribution",
          []
        ]
      ],
      [
        [
          "_metadata",
          {
            "jsonVersion": 3.0,
            "className": "AtomChemicalShift",
            "classVersion": 1.0,
            "user": "luca",
            "lastPath": "undefined",
            "timestamp": "Tue Jan  9 15:18:36 2024"
          }
        ],
        [
          "atomName",
          "H3'"
        ],
        [
          "atomElementName",
          ""
        ],
        [
          "atomAverageShift",
          1.184
        ],
        [
          "atomStdShift",
          null
        ],
        [
          "atomMinShift",
          1.184
        ],
        [
          "atomMaxShift",
          1.184
        ],
        [
          "atomDistributionRefValue",
          1.184
        ],
        [
          "atomDistributionValuePerPoint",
          1.0
        ],
        [
          "atomStatisticalDistribution",
          []
        ]
      ],
      [
        [
          "_metadata",
          {
            "jsonVersion": 3.0,
            "className": "AtomChemicalShift",
            "classVersion": 1.0,
            "user": "luca",
            "lastPath": "undefined",
            "timestamp": "Tue Jan  9 15:18:36 2024"
          }
        ],
        [
          "atomName",
          "H3'A"
        ],
        [
          "atomElementName",
          ""
        ],
        [
          "atomAverageShift",
          1.184
        ],
        [
          "atomStdShift",
          null
        ],
        [
          "atomMinShift",
          1.184
        ],
        [
          "atomMaxShift",
          1.184
        ],
        [
          "atomDistributionRefValue",
          1.184
        ],
        [
          "atomDistributionValuePerPoint",
          1.0
        ],
        [
          "atomStatisticalDistribution",
          []
        ]
      ],
      [
        [
          "_metadata",
          {
            "jsonVersion": 3.0,
            "className": "AtomChemicalShift",
            "classVersion": 1.0,
            "user": "luca",
            "lastPath": "undefined",
            "timestamp": "Tue Jan  9 15:18:36 2024"
          }
        ],
        [
          "atomName",
          "H3'B"
        ],
        [
          "atomElementName",
          ""
        ],
        [
          "atomAverageShift",
          1.184
        ],
        [
          "atomStdShift",
          null
        ],
        [
          "atomMinShift",
          1.184
        ],
        [
          "atomMaxShift",
          1.184
        ],
        [
          "atomDistributionRefValue",
          1.184
        ],
        [
          "atomDistributionValuePerPoint",
          1.0
        ],
        [
          "atomStatisticalDistribution",
          []
        ]
      ],
      [
        [
          "_metadata",
          {
            "jsonVersion": 3.0,
            "className": "AtomChemicalShift",
            "classVersion": 1.0,
            "user": "luca",
            "lastPath": "undefined",
            "timestamp": "Tue Jan  9 15:18:36 2024"
          }
        ],
        [
          "atomName",
          "H4"
        ],
        [
          "atomElementName",
          ""
        ],
        [
          "atomAverageShift",
          1.968
        ],
        [
          "atomStdShift",
          null
        ],
        [
          "atomMinShift",
          1.968
        ],
        [
          "atomMaxShift",
          1.968
        ],
        [
          "atomDistributionRefValue",
          1.968
        ],
        [
          "atomDistributionValuePerPoint",
          1.0
        ],
        [
          "atomStatisticalDistribution",
          []
        ]
      ],
      [
        [
          "_metadata",
          {
            "jsonVersion": 3.0,
            "className": "AtomChemicalShift",
            "classVersion": 1.0,
            "user": "luca",
            "lastPath": "undefined",
            "timestamp": "Tue Jan  9 15:18:36 2024"
          }
        ],
        [
          "atomName",
          "H4A"
        ],
        [
          "atomElementName",
          ""
        ],
        [
          "atomAverageShift",
          1.968
        ],
        [
          "atomStdShift",
          null
        ],
        [
          "atomMinShift",
          1.968
        ],
        [
          "atomMaxShift",
          1.968
        ],
        [
          "atomDistributionRefValue",
          1.968
        ],
        [
          "atomDistributionValuePerPoint",
          1.0
        ],
        [
          "atomStatisticalDistribution",
          []
        ]
      ],
      [
        [
          "_metadata",
          {
            "jsonVersion": 3.0,
            "className": "AtomChemicalShift",
            "classVersion": 1.0,
            "user": "luca",
            "lastPath": "undefined",
            "timestamp": "Tue Jan  9 15:18:36 2024"
          }
        ],
        [
          "atomName",
          "H5"
        ],
        [
          "atomElementName",
          ""
        ],
        [
          "atomAverageShift",
          1.424
        ],
        [
          "atomStdShift",
          null
        ],
        [
          "atomMinShift",
          1.424
        ],
        [
          "atomMaxShift",
          1.424
        ],
        [
          "atomDistributionRefValue",
          1.424
        ],
        [
          "atomDistributionValuePerPoint",
          1.0
        ],
        [
          "atomStatisticalDistribution",
          []
        ]
      ],
      [
        [
          "_metadata",
          {
            "jsonVersion": 3.0,
            "className": "AtomChemicalShift",
            "classVersion": 1.0,
            "user": "luca",
            "lastPath": "undefined",
            "timestamp": "Tue Jan  9 15:18:36 2024"
          }
        ],
        [
          "atomName",
          "H5A"
        ],
        [
          "atomElementName",
          ""
        ],
        [
          "atomAverageShift",
          1.424
        ],
        [
          "atomStdShift",
          null
        ],
        [
          "atomMinShift",
          1.424
        ],
        [
          "atomMaxShift",
          1.424
        ],
        [
          "atomDistributionRefValue",
          1.424
        ],
        [
          "atomDistributionValuePerPoint",
          1.0
        ],
        [
          "atomStatisticalDistribution",
          []
        ]
      ],
      [
        [
          "_metadata",
          {
            "jsonVersion": 3.0,
            "className": "AtomChemicalShift",
            "classVersion": 1.0,
            "user": "luca",
            "lastPath": "undefined",
            "timestamp": "Tue Jan  9 15:18:36 2024"
          }
        ],
        [
          "atomName",
          "H6"
        ],
        [
          "atomElementName",
          ""
        ],
        [
          "atomAverageShift",
          4.743
        ],
        [
          "atomStdShift",
          null
        ],
        [
          "atomMinShift",
          4.743
        ],
        [
          "atomMaxShift",
          4.743
        ],
        [
          "atomDistributionRefValue",
          4.743
        ],
        [
          "atomDistributionValuePerPoint",
          1.0
        ],
        [
          "atomStatisticalDistribution",
          []
        ]
      ],
      [
        [
          "_metadata",
          {
            "jsonVersion": 3.0,
            "className": "AtomChemicalShift",
            "classVersion": 1.0,
            "user": "luca",
            "lastPath": "undefined",
            "timestamp": "Tue Jan  9 15:18:36 2024"
          }
        ],
        [
          "atomName",
          "H7'"
        ],
        [
          "atomElementName",
          ""
        ],
        [
          "atomAverageShift",
          1.15
        ],
        [
          "atomStdShift",
          null
        ],
        [
          "atomMinShift",
          1.15
        ],
        [
          "atomMaxShift",
          1.15
        ],
        [
          "atomDistributionRefValue",
          1.15
        ],
        [
          "atomDistributionValuePerPoint",
          1.0
        ],
        [
          "atomStatisticalDistribution",
          []
        ]
      ],
      [
        [
          "_metadata",
          {
            "jsonVersion": 3.0,
            "className": "AtomChemicalShift",
            "classVersion": 1.0,
            "user": "luca",
            "lastPath": "undefined",
            "timestamp": "Tue Jan  9 15:18:36 2024"
          }
        ],
        [
          "atomName",
          "H7'A"
        ],
        [
          "atomElementName",
          ""
        ],
        [
          "atomAverageShift",
          1.15
        ],
        [
          "atomStdShift",
          null
        ],
        [
          "atomMinShift",
          1.15
        ],
        [
          "atomMaxShift",
          1.15
        ],
        [
          "atomDistributionRefValue",
          1.15
        ],
        [
          "atomDistributionValuePerPoint",
          1.0
        ],
        [
          "atomStatisticalDistribution",
          []
        ]
      ],
      [
        [
          "_metadata",
          {
            "jsonVersion": 3.0,
            "className": "AtomChemicalShift",
            "classVersion": 1.0,
            "user": "luca",
            "lastPath": "undefined",
            "timestamp": "Tue Jan  9 15:18:36 2024"
          }
        ],
        [
          "atomName",
          "H7'B"
        ],
        [
          "atomElementName",
          ""
        ],
        [
          "atomAverageShift",
          1.15
        ],
        [
          "atomStdShift",
          null
        ],
        [
          "atomMinShift",
          1.15
        ],
        [
          "atomMaxShift",
          1.15
        ],
        [
          "atomDistributionRefValue",
          1.15
        ],
        [
          "atomDistributionValuePerPoint",
          1.0
        ],
        [
          "atomStatisticalDistribution",
          []
        ]
      ],
      [
        [
          "_metadata",
          {
            "jsonVersion": 3.0,
            "className": "AtomChemicalShift",
            "classVersion": 1.0,
            "user": "luca",
            "lastPath": "undefined",
            "timestamp": "Tue Jan  9 15:18:36 2024"
          }
        ],
        [
          "atomName",
          "H8"
        ],
        [
          "atomElementName",
          ""
        ],
        [
          "atomAverageShift",
          1.955
        ],
        [
          "atomStdShift",
          null
        ],
        [
          "atomMinShift",
          1.955
        ],
        [
          "atomMaxShift",
          1.955
        ],
        [
          "atomDistributionRefValue",
          1.955
        ],
        [
          "atomDistributionValuePerPoint",
          1.0
        ],
        [
          "atomStatisticalDistribution",
          []
        ]
      ],
      [
        [
          "_metadata",
          {
            "jsonVersion": 3.0,
            "className": "AtomChemicalShift",
            "classVersion": 1.0,
            "user": "luca",
            "lastPath": "undefined",
            "timestamp": "Tue Jan  9 15:18:36 2024"
          }
        ],
        [
          "atomName",
          "H8A"
        ],
        [
          "atomElementName",
          ""
        ],
        [
          "atomAverageShift",
          1.435
        ],
        [
          "atomStdShift",
          null
        ],
        [
          "atomMinShift",
          1.435
        ],
        [
          "atomMaxShift",
          1.435
        ],
        [
          "atomDistributionRefValue",
          1.435
        ],
        [
          "atomDistributionValuePerPoint",
          1.0
        ],
        [
          "atomStatisticalDistribution",
          []
        ]
      ],
      [
        [
          "_metadata",
          {
            "jsonVersion": 3.0,
            "className": "AtomChemicalShift",
            "classVersion": 1.0,
            "user": "luca",
            "lastPath": "undefined",
            "timestamp": "Tue Jan  9 15:18:36 2024"
          }
        ],
        [
          "atomName",
          "H9"
        ],
        [
          "atomElementName",
          ""
        ],
        [
          "atomAverageShift",
          1.097
        ],
        [
          "atomStdShift",
          null
        ],
        [
          "atomMinShift",
          1.097
        ],
        [
          "atomMaxShift",
          1.097
        ],
        [
          "atomDistributionRefValue",
          1.097
        ],
        [
          "atomDistributionValuePerPoint",
          1.0
        ],
        [
          "atomStatisticalDistribution",
          []
        ]
      ],
      [
        [
          "_metadata",
          {
            "jsonVersion": 3.0,
            "className": "AtomChemicalShift",
            "classVersion": 1.0,
            "user": "luca",
            "lastPath": "undefined",
            "timestamp": "Tue Jan  9 15:18:36 2024"
          }
        ],
        [
          "atomName",
          "H9A"
        ],
        [
          "atomElementName",
          ""
        ],
        [
          "atomAverageShift",
          1.097
        ],
        [
          "atomStdShift",
          null
        ],
        [
          "atomMinShift",
          1.097
        ],
        [
          "atomMaxShift",
          1.097
        ],
        [
          "atomDistributionRefValue",
          1.097
        ],
        [
          "atomDistributionValuePerPoint",
          1.0
        ],
        [
          "atomStatisticalDistribution",
          []
        ]
      ],
      [
        [
          "_metadata",
          {
            "jsonVersion": 3.0,
            "className": "AtomChemicalShift",
            "classVersion": 1.0,
            "user": "luca",
            "lastPath": "undefined",
            "timestamp": "Tue Jan  9 15:18:36 2024"
          }
        ],
        [
          "atomName",
          "HA"
        ],
        [
          "atomElementName",
          ""
        ],
        [
          "atomAverageShift",
          2.655
        ],
        [
          "atomStdShift",
          null
        ],
        [
          "atomMinShift",
          2.655
        ],
        [
          "atomMaxShift",
          2.655
        ],
        [
          "atomDistributionRefValue",
          2.655
        ],
        [
          "atomDistributionValuePerPoint",
          1.0
        ],
        [
          "atomStatisticalDistribution",
          []
        ]
      ],
      [
        [
          "_metadata",
          {
            "jsonVersion": 3.0,
            "className": "AtomChemicalShift",
            "classVersion": 1.0,
            "user": "luca",
            "lastPath": "undefined",
            "timestamp": "Tue Jan  9 15:18:36 2024"
          }
        ],
        [
          "atomName",
          "HB'"
        ],
        [
          "atomElementName",
          ""
        ],
        [
          "atomAverageShift",
          -0.101
        ],
        [
          "atomStdShift",
          null
        ],
        [
          "atomMinShift",
          -0.101
        ],
        [
          "atomMaxShift",
          -0.101
        ],
        [
          "atomDistributionRefValue",
          -0.101
        ],
        [
          "atomDistributionValuePerPoint",
          1.0
        ],
        [
          "atomStatisticalDistribution",
          []
        ]
      ],
      [
        [
          "_metadata",
          {
            "jsonVersion": 3.0,
            "className": "AtomChemicalShift",
            "classVersion": 1.0,
            "user": "luca",
            "lastPath": "undefined",
            "timestamp": "Tue Jan  9 15:18:36 2024"
          }
        ],
        [
          "atomName",
          "HB'A"
        ],
        [
          "atomElementName",
          ""
        ],
        [
          "atomAverageShift",
          -0.101
        ],
        [
          "atomStdShift",
          null
        ],
        [
          "atomMinShift",
          -0.101
        ],
        [
          "atomMaxShift",
          -0.101
        ],
        [
          "atomDistributionRefValue",
          -0.101
        ],
        [
          "atomDistributionValuePerPoint",
          1.0
        ],
        [
          "atomStatisticalDistribution",
          []
        ]
      ],
      [
        [
          "_metadata",
          {
            "jsonVersion": 3.0,
            "className": "AtomChemicalShift",
            "classVersion": 1.0,
            "user": "luca",
            "lastPath": "undefined",
            "timestamp": "Tue Jan  9 15:18:36 2024"
          }
        ],
        [
          "atomName",
          "HB'B"
        ],
        [
          "atomElementName",
          ""
        ],
        [
          "atomAverageShift",
          -0.101
        ],
        [
          "atomStdShift",
          null
        ],
        [
          "atomMinShift",
          -0.101
        ],
        [
          "atomMaxShift",
          -0.101
        ],
        [
          "atomDistributionRefValue",
          -0.101
        ],
        [
          "atomDistributionValuePerPoint",
          1.0
        ],
        [
          "atomStatisticalDistribution",
          []
        ]
      ],
      [
        [
          "_metadata",
          {
            "jsonVersion": 3.0,
            "className": "AtomChemicalShift",
            "classVersion": 1.0,
            "user": "luca",
            "lastPath": "undefined",
            "timestamp": "Tue Jan  9 15:18:36 2024"
          }
        ],
        [
          "atomName",
          "HC"
        ],
        [
          "atomElementName",
          ""
        ],
        [
          "atomAverageShift",
          -0.101
        ],
        [
          "atomStdShift",
          null
        ],
        [
          "atomMinShift",
          -0.101
        ],
        [
          "atomMaxShift",
          -0.101
        ],
        [
          "atomDistributionRefValue",
          -0.101
        ],
        [
          "atomDistributionValuePerPoint",
          1.0
        ],
        [
          "atomStatisticalDistribution",
          []
        ]
      ],
      [
        [
          "_metadata",
          {
            "jsonVersion": 3.0,
            "className": "AtomChemicalShift",
            "classVersion": 1.0,
            "user": "luca",
            "lastPath": "undefined",
            "timestamp": "Tue Jan  9 15:18:36 2024"
          }
        ],
        [
          "atomName",
          "HCA"
        ],
        [
          "atomElementName",
          ""
        ],
        [
          "atomAverageShift",
          -0.101
        ],
        [
          "atomStdShift",
          null
        ],
        [
          "atomMinShift",
          -0.101
        ],
        [
          "atomMaxShift",
          -0.101
        ],
        [
          "atomDistributionRefValue",
          -0.101
        ],
        [
          "atomDistributionValuePerPoint",
          1.0
        ],
        [
          "atomStatisticalDistribution",
          []
        ]
      ],
      [
        [
          "_metadata",
          {
            "jsonVersion": 3.0,
            "className": "AtomChemicalShift",
            "classVersion": 1.0,
            "user": "luca",
            "lastPath": "undefined",
            "timestamp": "Tue Jan  9 15:18:36 2024"
          }
        ],
        [
          "atomName",
          "HCB"
        ],
        [
          "atomElementName",
          ""
        ],
        [
          "atomAverageShift",
          -0.101
        ],
        [
          "atomStdShift",
          null
        ],
        [
          "atomMinShift",
          -0.101
        ],
        [
          "atomMaxShift",
          -0.101
        ],
        [
          "atomDistributionRefValue",
          -0.101
        ],
        [
          "atomDistributionValuePerPoint",
          1.0
        ],
        [
          "atomStatisticalDistribution",
          []
        ]
      ],
      [
        [
          "_metadata",
          {
            "jsonVersion": 3.0,
            "className": "AtomChemicalShift",
            "classVersion": 1.0,
            "user": "luca",
            "lastPath": "undefined",
            "timestamp": "Tue Jan  9 15:18:36 2024"
          }
        ],
        [
          "atomName",
          "HM"
        ],
        [
          "atomElementName",
          ""
        ],
        [
          "atomAverageShift",
          3.468
        ],
        [
          "atomStdShift",
          null
        ],
        [
          "atomMinShift",
          3.468
        ],
        [
          "atomMaxShift",
          3.468
        ],
        [
          "atomDistributionRefValue",
          3.468
        ],
        [
          "atomDistributionValuePerPoint",
          1.0
        ],
        [
          "atomStatisticalDistribution",
          []
        ]
      ],
      [
        [
          "_metadata",
          {
            "jsonVersion": 3.0,
            "className": "AtomChemicalShift",
            "classVersion": 1.0,
            "user": "luca",
            "lastPath": "undefined",
            "timestamp": "Tue Jan  9 15:18:36 2024"
          }
        ],
        [
          "atomName",
          "HMA"
        ],
        [
          "atomElementName",
          ""
        ],
        [
          "atomAverageShift",
          3.468
        ],
        [
          "atomStdShift",
          null
        ],
        [
          "atomMinShift",
          3.468
        ],
        [
          "atomMaxShift",
          3.468
        ],
        [
          "atomDistributionRefValue",
          3.468
        ],
        [
          "atomDistributionValuePerPoint",
          1.0
        ],
        [
          "atomStatisticalDistribution",
          []
        ]
      ],
      [
        [
          "_metadata",
          {
            "jsonVersion": 3.0,
            "className": "AtomChemicalShift",
            "classVersion": 1.0,
            "user": "luca",
            "lastPath": "undefined",
            "timestamp": "Tue Jan  9 15:18:36 2024"
          }
        ],
        [
          "atomName",
          "HMB"
        ],
        [
          "atomElementName",
          ""
        ],
        [
          "atomAverageShift",
          3.468
        ],
        [
          "atomStdShift",
          null
        ],
        [
          "atomMinShift",
          3.468
        ],
        [
          "atomMaxShift",
          3.468
        ],
        [
          "atomDistributionRefValue",
          3.468
        ],
        [
          "atomDistributionValuePerPoint",
          1.0
        ],
        [
          "atomStatisticalDistribution",
          []
        ]
      ]
    ]
  ]
]