[
  [
    "_metadata",
    {
      "jsonVersion": 3,
      "className": "ReferenceChemicalShift",
      "classVersion": 1,
      "user": "CCPN",
      "lastPath": "/Users/luca/Projects/AnalysisV3/resources/referenceChemicalShifts/NonStandard/Non-Polymer/LNF.json",
      "timestamp": "Tue Jan  9 15:18:20 2024",
      "applicationVersion": 3.2
    }
  ],
  [
    "chemicalShiftName",
    "Non-Standard Residues / Small Molecules"
  ],
  [
    "chemicalShiftComment",
    "The CCPN Analysis Version 3 ReferenceChemical shifts retrieved from BMRB"
  ],
  [
    "chemicalShiftEntryDate",
    "2023-09-14-14:25:08"
  ],
  [
    "compoundName",
    "diethyl-[3-[[4-(4,5,9-trimethyl-10H-indolo[3,2-b]quinolin-5-ium-11-yl)phenyl]carbonylamino]propyl]azanium"
  ],
  [
    "compoundShortName",
    "LNF"
  ],
  [
    "compoundCcpCode",
    "LNF"
  ],
  [
    "compoundType",
    "Non-Polymer"
  ],
  [
    "compoundTypeClassification",
    "non-polymer"
  ],
  [
    "compoundPrecursorName",
    ""
  ],
  [
    "loadingLevel",
    0
  ],
  [
    "atoms",
    [
      [
        [
          "_metadata",
          {
            "jsonVersion": 3.0,
            "className": "AtomChemicalShift",
            "classVersion": 1.0,
            "user": "luca",
            "lastPath": "undefined",
            "timestamp": "Tue Jan  9 15:18:20 2024"
          }
        ],
        [
          "atomName",
          "H1"
        ],
        [
          "atomElementName",
          ""
        ],
        [
          "atomAverageShift",
          7.01
        ],
        [
          "atomStdShift",
          null
        ],
        [
          "atomMinShift",
          7.01
        ],
        [
          "atomMaxShift",
          7.01
        ],
        [
          "atomDistributionRefValue",
          7.01
        ],
        [
          "atomDistributionValuePerPoint",
          1.0
        ],
        [
          "atomStatisticalDistribution",
          []
        ]
      ],
      [
        [
          "_metadata",
          {
            "jsonVersion": 3.0,
            "className": "AtomChemicalShift",
            "classVersion": 1.0,
            "user": "luca",
            "lastPath": "undefined",
            "timestamp": "Tue Jan  9 15:18:20 2024"
          }
        ],
        [
          "atomName",
          "H10"
        ],
        [
          "atomElementName",
          ""
        ],
        [
          "atomAverageShift",
          10.33
        ],
        [
          "atomStdShift",
          null
        ],
        [
          "atomMinShift",
          10.33
        ],
        [
          "atomMaxShift",
          10.33
        ],
        [
          "atomDistributionRefValue",
          10.33
        ],
        [
          "atomDistributionValuePerPoint",
          1.0
        ],
        [
          "atomStatisticalDistribution",
          []
        ]
      ],
      [
        [
          "_metadata",
          {
            "jsonVersion": 3.0,
            "className": "AtomChemicalShift",
            "classVersion": 1.0,
            "user": "luca",
            "lastPath": "undefined",
            "timestamp": "Tue Jan  9 15:18:20 2024"
          }
        ],
        [
          "atomName",
          "H12"
        ],
        [
          "atomElementName",
          ""
        ],
        [
          "atomAverageShift",
          7.48
        ],
        [
          "atomStdShift",
          null
        ],
        [
          "atomMinShift",
          7.48
        ],
        [
          "atomMaxShift",
          7.48
        ],
        [
          "atomDistributionRefValue",
          7.48
        ],
        [
          "atomDistributionValuePerPoint",
          1.0
        ],
        [
          "atomStatisticalDistribution",
          []
        ]
      ],
      [
        [
          "_metadata",
          {
            "jsonVersion": 3.0,
            "className": "AtomChemicalShift",
            "classVersion": 1.0,
            "user": "luca",
            "lastPath": "undefined",
            "timestamp": "Tue Jan  9 15:18:20 2024"
          }
        ],
        [
          "atomName",
          "H13"
        ],
        [
          "atomElementName",
          ""
        ],
        [
          "atomAverageShift",
          7.59
        ],
        [
          "atomStdShift",
          null
        ],
        [
          "atomMinShift",
          7.59
        ],
        [
          "atomMaxShift",
          7.59
        ],
        [
          "atomDistributionRefValue",
          7.59
        ],
        [
          "atomDistributionValuePerPoint",
          1.0
        ],
        [
          "atomStatisticalDistribution",
          []
        ]
      ],
      [
        [
          "_metadata",
          {
            "jsonVersion": 3.0,
            "className": "AtomChemicalShift",
            "classVersion": 1.0,
            "user": "luca",
            "lastPath": "undefined",
            "timestamp": "Tue Jan  9 15:18:20 2024"
          }
        ],
        [
          "atomName",
          "H14"
        ],
        [
          "atomElementName",
          ""
        ],
        [
          "atomAverageShift",
          8.03
        ],
        [
          "atomStdShift",
          null
        ],
        [
          "atomMinShift",
          8.03
        ],
        [
          "atomMaxShift",
          8.03
        ],
        [
          "atomDistributionRefValue",
          8.03
        ],
        [
          "atomDistributionValuePerPoint",
          1.0
        ],
        [
          "atomStatisticalDistribution",
          []
        ]
      ],
      [
        [
          "_metadata",
          {
            "jsonVersion": 3.0,
            "className": "AtomChemicalShift",
            "classVersion": 1.0,
            "user": "luca",
            "lastPath": "undefined",
            "timestamp": "Tue Jan  9 15:18:20 2024"
          }
        ],
        [
          "atomName",
          "H15"
        ],
        [
          "atomElementName",
          ""
        ],
        [
          "atomAverageShift",
          8.03
        ],
        [
          "atomStdShift",
          null
        ],
        [
          "atomMinShift",
          8.03
        ],
        [
          "atomMaxShift",
          8.03
        ],
        [
          "atomDistributionRefValue",
          8.03
        ],
        [
          "atomDistributionValuePerPoint",
          1.0
        ],
        [
          "atomStatisticalDistribution",
          []
        ]
      ],
      [
        [
          "_metadata",
          {
            "jsonVersion": 3.0,
            "className": "AtomChemicalShift",
            "classVersion": 1.0,
            "user": "luca",
            "lastPath": "undefined",
            "timestamp": "Tue Jan  9 15:18:20 2024"
          }
        ],
        [
          "atomName",
          "H16"
        ],
        [
          "atomElementName",
          ""
        ],
        [
          "atomAverageShift",
          8.3
        ],
        [
          "atomStdShift",
          null
        ],
        [
          "atomMinShift",
          8.3
        ],
        [
          "atomMaxShift",
          8.3
        ],
        [
          "atomDistributionRefValue",
          8.3
        ],
        [
          "atomDistributionValuePerPoint",
          1.0
        ],
        [
          "atomStatisticalDistribution",
          []
        ]
      ],
      [
        [
          "_metadata",
          {
            "jsonVersion": 3.0,
            "className": "AtomChemicalShift",
            "classVersion": 1.0,
            "user": "luca",
            "lastPath": "undefined",
            "timestamp": "Tue Jan  9 15:18:20 2024"
          }
        ],
        [
          "atomName",
          "H171"
        ],
        [
          "atomElementName",
          ""
        ],
        [
          "atomAverageShift",
          3.38
        ],
        [
          "atomStdShift",
          null
        ],
        [
          "atomMinShift",
          3.38
        ],
        [
          "atomMaxShift",
          3.38
        ],
        [
          "atomDistributionRefValue",
          3.38
        ],
        [
          "atomDistributionValuePerPoint",
          1.0
        ],
        [
          "atomStatisticalDistribution",
          []
        ]
      ],
      [
        [
          "_metadata",
          {
            "jsonVersion": 3.0,
            "className": "AtomChemicalShift",
            "classVersion": 1.0,
            "user": "luca",
            "lastPath": "undefined",
            "timestamp": "Tue Jan  9 15:18:20 2024"
          }
        ],
        [
          "atomName",
          "H172"
        ],
        [
          "atomElementName",
          ""
        ],
        [
          "atomAverageShift",
          3.01
        ],
        [
          "atomStdShift",
          null
        ],
        [
          "atomMinShift",
          3.01
        ],
        [
          "atomMaxShift",
          3.01
        ],
        [
          "atomDistributionRefValue",
          3.01
        ],
        [
          "atomDistributionValuePerPoint",
          1.0
        ],
        [
          "atomStatisticalDistribution",
          []
        ]
      ],
      [
        [
          "_metadata",
          {
            "jsonVersion": 3.0,
            "className": "AtomChemicalShift",
            "classVersion": 1.0,
            "user": "luca",
            "lastPath": "undefined",
            "timestamp": "Tue Jan  9 15:18:20 2024"
          }
        ],
        [
          "atomName",
          "H181"
        ],
        [
          "atomElementName",
          ""
        ],
        [
          "atomAverageShift",
          1.87
        ],
        [
          "atomStdShift",
          null
        ],
        [
          "atomMinShift",
          1.87
        ],
        [
          "atomMaxShift",
          1.87
        ],
        [
          "atomDistributionRefValue",
          1.87
        ],
        [
          "atomDistributionValuePerPoint",
          1.0
        ],
        [
          "atomStatisticalDistribution",
          []
        ]
      ],
      [
        [
          "_metadata",
          {
            "jsonVersion": 3.0,
            "className": "AtomChemicalShift",
            "classVersion": 1.0,
            "user": "luca",
            "lastPath": "undefined",
            "timestamp": "Tue Jan  9 15:18:20 2024"
          }
        ],
        [
          "atomName",
          "H182"
        ],
        [
          "atomElementName",
          ""
        ],
        [
          "atomAverageShift",
          1.87
        ],
        [
          "atomStdShift",
          null
        ],
        [
          "atomMinShift",
          1.87
        ],
        [
          "atomMaxShift",
          1.87
        ],
        [
          "atomDistributionRefValue",
          1.87
        ],
        [
          "atomDistributionValuePerPoint",
          1.0
        ],
        [
          "atomStatisticalDistribution",
          []
        ]
      ],
      [
        [
          "_metadata",
          {
            "jsonVersion": 3.0,
            "className": "AtomChemicalShift",
            "classVersion": 1.0,
            "user": "luca",
            "lastPath": "undefined",
            "timestamp": "Tue Jan  9 15:18:20 2024"
          }
        ],
        [
          "atomName",
          "H191"
        ],
        [
          "atomElementName",
          ""
        ],
        [
          "atomAverageShift",
          3.06
        ],
        [
          "atomStdShift",
          null
        ],
        [
          "atomMinShift",
          3.06
        ],
        [
          "atomMaxShift",
          3.06
        ],
        [
          "atomDistributionRefValue",
          3.06
        ],
        [
          "atomDistributionValuePerPoint",
          1.0
        ],
        [
          "atomStatisticalDistribution",
          []
        ]
      ],
      [
        [
          "_metadata",
          {
            "jsonVersion": 3.0,
            "className": "AtomChemicalShift",
            "classVersion": 1.0,
            "user": "luca",
            "lastPath": "undefined",
            "timestamp": "Tue Jan  9 15:18:20 2024"
          }
        ],
        [
          "atomName",
          "H192"
        ],
        [
          "atomElementName",
          ""
        ],
        [
          "atomAverageShift",
          3.06
        ],
        [
          "atomStdShift",
          null
        ],
        [
          "atomMinShift",
          3.06
        ],
        [
          "atomMaxShift",
          3.06
        ],
        [
          "atomDistributionRefValue",
          3.06
        ],
        [
          "atomDistributionValuePerPoint",
          1.0
        ],
        [
          "atomStatisticalDistribution",
          []
        ]
      ],
      [
        [
          "_metadata",
          {
            "jsonVersion": 3.0,
            "className": "AtomChemicalShift",
            "classVersion": 1.0,
            "user": "luca",
            "lastPath": "undefined",
            "timestamp": "Tue Jan  9 15:18:20 2024"
          }
        ],
        [
          "atomName",
          "H2"
        ],
        [
          "atomElementName",
          ""
        ],
        [
          "atomAverageShift",
          6.9
        ],
        [
          "atomStdShift",
          null
        ],
        [
          "atomMinShift",
          6.9
        ],
        [
          "atomMaxShift",
          6.9
        ],
        [
          "atomDistributionRefValue",
          6.9
        ],
        [
          "atomDistributionValuePerPoint",
          1.0
        ],
        [
          "atomStatisticalDistribution",
          []
        ]
      ],
      [
        [
          "_metadata",
          {
            "jsonVersion": 3.0,
            "className": "AtomChemicalShift",
            "classVersion": 1.0,
            "user": "luca",
            "lastPath": "undefined",
            "timestamp": "Tue Jan  9 15:18:20 2024"
          }
        ],
        [
          "atomName",
          "H201"
        ],
        [
          "atomElementName",
          ""
        ],
        [
          "atomAverageShift",
          3.13
        ],
        [
          "atomStdShift",
          null
        ],
        [
          "atomMinShift",
          3.13
        ],
        [
          "atomMaxShift",
          3.13
        ],
        [
          "atomDistributionRefValue",
          3.13
        ],
        [
          "atomDistributionValuePerPoint",
          1.0
        ],
        [
          "atomStatisticalDistribution",
          []
        ]
      ],
      [
        [
          "_metadata",
          {
            "jsonVersion": 3.0,
            "className": "AtomChemicalShift",
            "classVersion": 1.0,
            "user": "luca",
            "lastPath": "undefined",
            "timestamp": "Tue Jan  9 15:18:20 2024"
          }
        ],
        [
          "atomName",
          "H202"
        ],
        [
          "atomElementName",
          ""
        ],
        [
          "atomAverageShift",
          3.13
        ],
        [
          "atomStdShift",
          null
        ],
        [
          "atomMinShift",
          3.13
        ],
        [
          "atomMaxShift",
          3.13
        ],
        [
          "atomDistributionRefValue",
          3.13
        ],
        [
          "atomDistributionValuePerPoint",
          1.0
        ],
        [
          "atomStatisticalDistribution",
          []
        ]
      ],
      [
        [
          "_metadata",
          {
            "jsonVersion": 3.0,
            "className": "AtomChemicalShift",
            "classVersion": 1.0,
            "user": "luca",
            "lastPath": "undefined",
            "timestamp": "Tue Jan  9 15:18:20 2024"
          }
        ],
        [
          "atomName",
          "H211"
        ],
        [
          "atomElementName",
          ""
        ],
        [
          "atomAverageShift",
          1.19
        ],
        [
          "atomStdShift",
          null
        ],
        [
          "atomMinShift",
          1.19
        ],
        [
          "atomMaxShift",
          1.19
        ],
        [
          "atomDistributionRefValue",
          1.19
        ],
        [
          "atomDistributionValuePerPoint",
          1.0
        ],
        [
          "atomStatisticalDistribution",
          []
        ]
      ],
      [
        [
          "_metadata",
          {
            "jsonVersion": 3.0,
            "className": "AtomChemicalShift",
            "classVersion": 1.0,
            "user": "luca",
            "lastPath": "undefined",
            "timestamp": "Tue Jan  9 15:18:20 2024"
          }
        ],
        [
          "atomName",
          "H212"
        ],
        [
          "atomElementName",
          ""
        ],
        [
          "atomAverageShift",
          1.19
        ],
        [
          "atomStdShift",
          null
        ],
        [
          "atomMinShift",
          1.19
        ],
        [
          "atomMaxShift",
          1.19
        ],
        [
          "atomDistributionRefValue",
          1.19
        ],
        [
          "atomDistributionValuePerPoint",
          1.0
        ],
        [
          "atomStatisticalDistribution",
          []
        ]
      ],
      [
        [
          "_metadata",
          {
            "jsonVersion": 3.0,
            "className": "AtomChemicalShift",
            "classVersion": 1.0,
            "user": "luca",
            "lastPath": "undefined",
            "timestamp": "Tue Jan  9 15:18:20 2024"
          }
        ],
        [
          "atomName",
          "H213"
        ],
        [
          "atomElementName",
          ""
        ],
        [
          "atomAverageShift",
          1.19
        ],
        [
          "atomStdShift",
          null
        ],
        [
          "atomMinShift",
          1.19
        ],
        [
          "atomMaxShift",
          1.19
        ],
        [
          "atomDistributionRefValue",
          1.19
        ],
        [
          "atomDistributionValuePerPoint",
          1.0
        ],
        [
          "atomStatisticalDistribution",
          []
        ]
      ],
      [
        [
          "_metadata",
          {
            "jsonVersion": 3.0,
            "className": "AtomChemicalShift",
            "classVersion": 1.0,
            "user": "luca",
            "lastPath": "undefined",
            "timestamp": "Tue Jan  9 15:18:20 2024"
          }
        ],
        [
          "atomName",
          "H221"
        ],
        [
          "atomElementName",
          ""
        ],
        [
          "atomAverageShift",
          3.13
        ],
        [
          "atomStdShift",
          null
        ],
        [
          "atomMinShift",
          3.13
        ],
        [
          "atomMaxShift",
          3.13
        ],
        [
          "atomDistributionRefValue",
          3.13
        ],
        [
          "atomDistributionValuePerPoint",
          1.0
        ],
        [
          "atomStatisticalDistribution",
          []
        ]
      ],
      [
        [
          "_metadata",
          {
            "jsonVersion": 3.0,
            "className": "AtomChemicalShift",
            "classVersion": 1.0,
            "user": "luca",
            "lastPath": "undefined",
            "timestamp": "Tue Jan  9 15:18:20 2024"
          }
        ],
        [
          "atomName",
          "H222"
        ],
        [
          "atomElementName",
          ""
        ],
        [
          "atomAverageShift",
          3.13
        ],
        [
          "atomStdShift",
          null
        ],
        [
          "atomMinShift",
          3.13
        ],
        [
          "atomMaxShift",
          3.13
        ],
        [
          "atomDistributionRefValue",
          3.13
        ],
        [
          "atomDistributionValuePerPoint",
          1.0
        ],
        [
          "atomStatisticalDistribution",
          []
        ]
      ],
      [
        [
          "_metadata",
          {
            "jsonVersion": 3.0,
            "className": "AtomChemicalShift",
            "classVersion": 1.0,
            "user": "luca",
            "lastPath": "undefined",
            "timestamp": "Tue Jan  9 15:18:20 2024"
          }
        ],
        [
          "atomName",
          "H231"
        ],
        [
          "atomElementName",
          ""
        ],
        [
          "atomAverageShift",
          1.19
        ],
        [
          "atomStdShift",
          null
        ],
        [
          "atomMinShift",
          1.19
        ],
        [
          "atomMaxShift",
          1.19
        ],
        [
          "atomDistributionRefValue",
          1.19
        ],
        [
          "atomDistributionValuePerPoint",
          1.0
        ],
        [
          "atomStatisticalDistribution",
          []
        ]
      ],
      [
        [
          "_metadata",
          {
            "jsonVersion": 3.0,
            "className": "AtomChemicalShift",
            "classVersion": 1.0,
            "user": "luca",
            "lastPath": "undefined",
            "timestamp": "Tue Jan  9 15:18:20 2024"
          }
        ],
        [
          "atomName",
          "H232"
        ],
        [
          "atomElementName",
          ""
        ],
        [
          "atomAverageShift",
          1.19
        ],
        [
          "atomStdShift",
          null
        ],
        [
          "atomMinShift",
          1.19
        ],
        [
          "atomMaxShift",
          1.19
        ],
        [
          "atomDistributionRefValue",
          1.19
        ],
        [
          "atomDistributionValuePerPoint",
          1.0
        ],
        [
          "atomStatisticalDistribution",
          []
        ]
      ],
      [
        [
          "_metadata",
          {
            "jsonVersion": 3.0,
            "className": "AtomChemicalShift",
            "classVersion": 1.0,
            "user": "luca",
            "lastPath": "undefined",
            "timestamp": "Tue Jan  9 15:18:20 2024"
          }
        ],
        [
          "atomName",
          "H233"
        ],
        [
          "atomElementName",
          ""
        ],
        [
          "atomAverageShift",
          1.19
        ],
        [
          "atomStdShift",
          null
        ],
        [
          "atomMinShift",
          1.19
        ],
        [
          "atomMaxShift",
          1.19
        ],
        [
          "atomDistributionRefValue",
          1.19
        ],
        [
          "atomDistributionValuePerPoint",
          1.0
        ],
        [
          "atomStatisticalDistribution",
          []
        ]
      ],
      [
        [
          "_metadata",
          {
            "jsonVersion": 3.0,
            "className": "AtomChemicalShift",
            "classVersion": 1.0,
            "user": "luca",
            "lastPath": "undefined",
            "timestamp": "Tue Jan  9 15:18:20 2024"
          }
        ],
        [
          "atomName",
          "H3"
        ],
        [
          "atomElementName",
          ""
        ],
        [
          "atomAverageShift",
          7.38
        ],
        [
          "atomStdShift",
          null
        ],
        [
          "atomMinShift",
          7.38
        ],
        [
          "atomMaxShift",
          7.38
        ],
        [
          "atomDistributionRefValue",
          7.38
        ],
        [
          "atomDistributionValuePerPoint",
          1.0
        ],
        [
          "atomStatisticalDistribution",
          []
        ]
      ],
      [
        [
          "_metadata",
          {
            "jsonVersion": 3.0,
            "className": "AtomChemicalShift",
            "classVersion": 1.0,
            "user": "luca",
            "lastPath": "undefined",
            "timestamp": "Tue Jan  9 15:18:20 2024"
          }
        ],
        [
          "atomName",
          "H4A1"
        ],
        [
          "atomElementName",
          ""
        ],
        [
          "atomAverageShift",
          2.61
        ],
        [
          "atomStdShift",
          null
        ],
        [
          "atomMinShift",
          2.61
        ],
        [
          "atomMaxShift",
          2.61
        ],
        [
          "atomDistributionRefValue",
          2.61
        ],
        [
          "atomDistributionValuePerPoint",
          1.0
        ],
        [
          "atomStatisticalDistribution",
          []
        ]
      ],
      [
        [
          "_metadata",
          {
            "jsonVersion": 3.0,
            "className": "AtomChemicalShift",
            "classVersion": 1.0,
            "user": "luca",
            "lastPath": "undefined",
            "timestamp": "Tue Jan  9 15:18:20 2024"
          }
        ],
        [
          "atomName",
          "H4A2"
        ],
        [
          "atomElementName",
          ""
        ],
        [
          "atomAverageShift",
          2.61
        ],
        [
          "atomStdShift",
          null
        ],
        [
          "atomMinShift",
          2.61
        ],
        [
          "atomMaxShift",
          2.61
        ],
        [
          "atomDistributionRefValue",
          2.61
        ],
        [
          "atomDistributionValuePerPoint",
          1.0
        ],
        [
          "atomStatisticalDistribution",
          []
        ]
      ],
      [
        [
          "_metadata",
          {
            "jsonVersion": 3.0,
            "className": "AtomChemicalShift",
            "classVersion": 1.0,
            "user": "luca",
            "lastPath": "undefined",
            "timestamp": "Tue Jan  9 15:18:20 2024"
          }
        ],
        [
          "atomName",
          "H4A3"
        ],
        [
          "atomElementName",
          ""
        ],
        [
          "atomAverageShift",
          2.61
        ],
        [
          "atomStdShift",
          null
        ],
        [
          "atomMinShift",
          2.61
        ],
        [
          "atomMaxShift",
          2.61
        ],
        [
          "atomDistributionRefValue",
          2.61
        ],
        [
          "atomDistributionValuePerPoint",
          1.0
        ],
        [
          "atomStatisticalDistribution",
          []
        ]
      ],
      [
        [
          "_metadata",
          {
            "jsonVersion": 3.0,
            "className": "AtomChemicalShift",
            "classVersion": 1.0,
            "user": "luca",
            "lastPath": "undefined",
            "timestamp": "Tue Jan  9 15:18:20 2024"
          }
        ],
        [
          "atomName",
          "H5A1"
        ],
        [
          "atomElementName",
          ""
        ],
        [
          "atomAverageShift",
          4.73
        ],
        [
          "atomStdShift",
          null
        ],
        [
          "atomMinShift",
          4.73
        ],
        [
          "atomMaxShift",
          4.73
        ],
        [
          "atomDistributionRefValue",
          4.73
        ],
        [
          "atomDistributionValuePerPoint",
          1.0
        ],
        [
          "atomStatisticalDistribution",
          []
        ]
      ],
      [
        [
          "_metadata",
          {
            "jsonVersion": 3.0,
            "className": "AtomChemicalShift",
            "classVersion": 1.0,
            "user": "luca",
            "lastPath": "undefined",
            "timestamp": "Tue Jan  9 15:18:20 2024"
          }
        ],
        [
          "atomName",
          "H5A2"
        ],
        [
          "atomElementName",
          ""
        ],
        [
          "atomAverageShift",
          4.73
        ],
        [
          "atomStdShift",
          null
        ],
        [
          "atomMinShift",
          4.73
        ],
        [
          "atomMaxShift",
          4.73
        ],
        [
          "atomDistributionRefValue",
          4.73
        ],
        [
          "atomDistributionValuePerPoint",
          1.0
        ],
        [
          "atomStatisticalDistribution",
          []
        ]
      ],
      [
        [
          "_metadata",
          {
            "jsonVersion": 3.0,
            "className": "AtomChemicalShift",
            "classVersion": 1.0,
            "user": "luca",
            "lastPath": "undefined",
            "timestamp": "Tue Jan  9 15:18:20 2024"
          }
        ],
        [
          "atomName",
          "H5A3"
        ],
        [
          "atomElementName",
          ""
        ],
        [
          "atomAverageShift",
          4.73
        ],
        [
          "atomStdShift",
          null
        ],
        [
          "atomMinShift",
          4.73
        ],
        [
          "atomMaxShift",
          4.73
        ],
        [
          "atomDistributionRefValue",
          4.73
        ],
        [
          "atomDistributionValuePerPoint",
          1.0
        ],
        [
          "atomStatisticalDistribution",
          []
        ]
      ],
      [
        [
          "_metadata",
          {
            "jsonVersion": 3.0,
            "className": "AtomChemicalShift",
            "classVersion": 1.0,
            "user": "luca",
            "lastPath": "undefined",
            "timestamp": "Tue Jan  9 15:18:20 2024"
          }
        ],
        [
          "atomName",
          "H6"
        ],
        [
          "atomElementName",
          ""
        ],
        [
          "atomAverageShift",
          7.76
        ],
        [
          "atomStdShift",
          null
        ],
        [
          "atomMinShift",
          7.76
        ],
        [
          "atomMaxShift",
          7.76
        ],
        [
          "atomDistributionRefValue",
          7.76
        ],
        [
          "atomDistributionValuePerPoint",
          1.0
        ],
        [
          "atomStatisticalDistribution",
          []
        ]
      ],
      [
        [
          "_metadata",
          {
            "jsonVersion": 3.0,
            "className": "AtomChemicalShift",
            "classVersion": 1.0,
            "user": "luca",
            "lastPath": "undefined",
            "timestamp": "Tue Jan  9 15:18:20 2024"
          }
        ],
        [
          "atomName",
          "H7"
        ],
        [
          "atomElementName",
          ""
        ],
        [
          "atomAverageShift",
          6.8
        ],
        [
          "atomStdShift",
          null
        ],
        [
          "atomMinShift",
          6.8
        ],
        [
          "atomMaxShift",
          6.8
        ],
        [
          "atomDistributionRefValue",
          6.8
        ],
        [
          "atomDistributionValuePerPoint",
          1.0
        ],
        [
          "atomStatisticalDistribution",
          []
        ]
      ],
      [
        [
          "_metadata",
          {
            "jsonVersion": 3.0,
            "className": "AtomChemicalShift",
            "classVersion": 1.0,
            "user": "luca",
            "lastPath": "undefined",
            "timestamp": "Tue Jan  9 15:18:20 2024"
          }
        ],
        [
          "atomName",
          "H8"
        ],
        [
          "atomElementName",
          ""
        ],
        [
          "atomAverageShift",
          7.0
        ],
        [
          "atomStdShift",
          null
        ],
        [
          "atomMinShift",
          7.0
        ],
        [
          "atomMaxShift",
          7.0
        ],
        [
          "atomDistributionRefValue",
          7.0
        ],
        [
          "atomDistributionValuePerPoint",
          1.0
        ],
        [
          "atomStatisticalDistribution",
          []
        ]
      ],
      [
        [
          "_metadata",
          {
            "jsonVersion": 3.0,
            "className": "AtomChemicalShift",
            "classVersion": 1.0,
            "user": "luca",
            "lastPath": "undefined",
            "timestamp": "Tue Jan  9 15:18:20 2024"
          }
        ],
        [
          "atomName",
          "H9A1"
        ],
        [
          "atomElementName",
          ""
        ],
        [
          "atomAverageShift",
          1.96
        ],
        [
          "atomStdShift",
          null
        ],
        [
          "atomMinShift",
          1.96
        ],
        [
          "atomMaxShift",
          1.96
        ],
        [
          "atomDistributionRefValue",
          1.96
        ],
        [
          "atomDistributionValuePerPoint",
          1.0
        ],
        [
          "atomStatisticalDistribution",
          []
        ]
      ],
      [
        [
          "_metadata",
          {
            "jsonVersion": 3.0,
            "className": "AtomChemicalShift",
            "classVersion": 1.0,
            "user": "luca",
            "lastPath": "undefined",
            "timestamp": "Tue Jan  9 15:18:20 2024"
          }
        ],
        [
          "atomName",
          "H9A2"
        ],
        [
          "atomElementName",
          ""
        ],
        [
          "atomAverageShift",
          1.96
        ],
        [
          "atomStdShift",
          null
        ],
        [
          "atomMinShift",
          1.96
        ],
        [
          "atomMaxShift",
          1.96
        ],
        [
          "atomDistributionRefValue",
          1.96
        ],
        [
          "atomDistributionValuePerPoint",
          1.0
        ],
        [
          "atomStatisticalDistribution",
          []
        ]
      ],
      [
        [
          "_metadata",
          {
            "jsonVersion": 3.0,
            "className": "AtomChemicalShift",
            "classVersion": 1.0,
            "user": "luca",
            "lastPath": "undefined",
            "timestamp": "Tue Jan  9 15:18:20 2024"
          }
        ],
        [
          "atomName",
          "H9A3"
        ],
        [
          "atomElementName",
          ""
        ],
        [
          "atomAverageShift",
          1.96
        ],
        [
          "atomStdShift",
          null
        ],
        [
          "atomMinShift",
          1.96
        ],
        [
          "atomMaxShift",
          1.96
        ],
        [
          "atomDistributionRefValue",
          1.96
        ],
        [
          "atomDistributionValuePerPoint",
          1.0
        ],
        [
          "atomStatisticalDistribution",
          []
        ]
      ]
    ]
  ]
]