[
  [
    "_metadata",
    {
      "jsonVersion": 3,
      "className": "ReferenceChemicalShift",
      "classVersion": 1,
      "user": "CCPN",
      "lastPath": "/Users/luca/Projects/AnalysisV3/resources/referenceChemicalShifts/NonStandard/Non-Polymer/LWQ.json",
      "timestamp": "Tue Jan  9 15:18:44 2024",
      "applicationVersion": 3.2
    }
  ],
  [
    "chemicalShiftName",
    "Non-Standard Residues / Small Molecules"
  ],
  [
    "chemicalShiftComment",
    "The CCPN Analysis Version 3 ReferenceChemical shifts retrieved from BMRB"
  ],
  [
    "chemicalShiftEntryDate",
    "2023-09-14-14:25:08"
  ],
  [
    "compoundName",
    "~{N}2,~{N}6-bis(1-methylquinolin-1-ium-3-yl)pyridine-2,6-dicarboxamide"
  ],
  [
    "compoundShortName",
    "LWQ"
  ],
  [
    "compoundCcpCode",
    "LWQ"
  ],
  [
    "compoundType",
    "Non-Polymer"
  ],
  [
    "compoundTypeClassification",
    "non-polymer"
  ],
  [
    "compoundPrecursorName",
    ""
  ],
  [
    "loadingLevel",
    0
  ],
  [
    "atoms",
    [
      [
        [
          "_metadata",
          {
            "jsonVersion": 3.0,
            "className": "AtomChemicalShift",
            "classVersion": 1.0,
            "user": "luca",
            "lastPath": "undefined",
            "timestamp": "Tue Jan  9 15:18:44 2024"
          }
        ],
        [
          "atomName",
          "H1"
        ],
        [
          "atomElementName",
          ""
        ],
        [
          "atomAverageShift",
          8.094
        ],
        [
          "atomStdShift",
          null
        ],
        [
          "atomMinShift",
          8.094
        ],
        [
          "atomMaxShift",
          8.094
        ],
        [
          "atomDistributionRefValue",
          8.094
        ],
        [
          "atomDistributionValuePerPoint",
          1.0
        ],
        [
          "atomStatisticalDistribution",
          []
        ]
      ],
      [
        [
          "_metadata",
          {
            "jsonVersion": 3.0,
            "className": "AtomChemicalShift",
            "classVersion": 1.0,
            "user": "luca",
            "lastPath": "undefined",
            "timestamp": "Tue Jan  9 15:18:44 2024"
          }
        ],
        [
          "atomName",
          "H11"
        ],
        [
          "atomElementName",
          ""
        ],
        [
          "atomAverageShift",
          7.816
        ],
        [
          "atomStdShift",
          null
        ],
        [
          "atomMinShift",
          7.816
        ],
        [
          "atomMaxShift",
          7.816
        ],
        [
          "atomDistributionRefValue",
          7.816
        ],
        [
          "atomDistributionValuePerPoint",
          1.0
        ],
        [
          "atomStatisticalDistribution",
          []
        ]
      ],
      [
        [
          "_metadata",
          {
            "jsonVersion": 3.0,
            "className": "AtomChemicalShift",
            "classVersion": 1.0,
            "user": "luca",
            "lastPath": "undefined",
            "timestamp": "Tue Jan  9 15:18:44 2024"
          }
        ],
        [
          "atomName",
          "H12"
        ],
        [
          "atomElementName",
          ""
        ],
        [
          "atomAverageShift",
          8.753
        ],
        [
          "atomStdShift",
          null
        ],
        [
          "atomMinShift",
          8.753
        ],
        [
          "atomMaxShift",
          8.753
        ],
        [
          "atomDistributionRefValue",
          8.753
        ],
        [
          "atomDistributionValuePerPoint",
          1.0
        ],
        [
          "atomStatisticalDistribution",
          []
        ]
      ],
      [
        [
          "_metadata",
          {
            "jsonVersion": 3.0,
            "className": "AtomChemicalShift",
            "classVersion": 1.0,
            "user": "luca",
            "lastPath": "undefined",
            "timestamp": "Tue Jan  9 15:18:44 2024"
          }
        ],
        [
          "atomName",
          "H13"
        ],
        [
          "atomElementName",
          ""
        ],
        [
          "atomAverageShift",
          8.976
        ],
        [
          "atomStdShift",
          null
        ],
        [
          "atomMinShift",
          8.976
        ],
        [
          "atomMaxShift",
          8.976
        ],
        [
          "atomDistributionRefValue",
          8.976
        ],
        [
          "atomDistributionValuePerPoint",
          1.0
        ],
        [
          "atomStatisticalDistribution",
          []
        ]
      ],
      [
        [
          "_metadata",
          {
            "jsonVersion": 3.0,
            "className": "AtomChemicalShift",
            "classVersion": 1.0,
            "user": "luca",
            "lastPath": "undefined",
            "timestamp": "Tue Jan  9 15:18:44 2024"
          }
        ],
        [
          "atomName",
          "H14"
        ],
        [
          "atomElementName",
          ""
        ],
        [
          "atomAverageShift",
          7.816
        ],
        [
          "atomStdShift",
          null
        ],
        [
          "atomMinShift",
          7.816
        ],
        [
          "atomMaxShift",
          7.816
        ],
        [
          "atomDistributionRefValue",
          7.816
        ],
        [
          "atomDistributionValuePerPoint",
          1.0
        ],
        [
          "atomStatisticalDistribution",
          []
        ]
      ],
      [
        [
          "_metadata",
          {
            "jsonVersion": 3.0,
            "className": "AtomChemicalShift",
            "classVersion": 1.0,
            "user": "luca",
            "lastPath": "undefined",
            "timestamp": "Tue Jan  9 15:18:44 2024"
          }
        ],
        [
          "atomName",
          "H17"
        ],
        [
          "atomElementName",
          ""
        ],
        [
          "atomAverageShift",
          7.816
        ],
        [
          "atomStdShift",
          null
        ],
        [
          "atomMinShift",
          7.816
        ],
        [
          "atomMaxShift",
          7.816
        ],
        [
          "atomDistributionRefValue",
          7.816
        ],
        [
          "atomDistributionValuePerPoint",
          1.0
        ],
        [
          "atomStatisticalDistribution",
          []
        ]
      ],
      [
        [
          "_metadata",
          {
            "jsonVersion": 3.0,
            "className": "AtomChemicalShift",
            "classVersion": 1.0,
            "user": "luca",
            "lastPath": "undefined",
            "timestamp": "Tue Jan  9 15:18:44 2024"
          }
        ],
        [
          "atomName",
          "H18"
        ],
        [
          "atomElementName",
          ""
        ],
        [
          "atomAverageShift",
          4.678
        ],
        [
          "atomStdShift",
          null
        ],
        [
          "atomMinShift",
          4.678
        ],
        [
          "atomMaxShift",
          4.678
        ],
        [
          "atomDistributionRefValue",
          4.678
        ],
        [
          "atomDistributionValuePerPoint",
          1.0
        ],
        [
          "atomStatisticalDistribution",
          []
        ]
      ],
      [
        [
          "_metadata",
          {
            "jsonVersion": 3.0,
            "className": "AtomChemicalShift",
            "classVersion": 1.0,
            "user": "luca",
            "lastPath": "undefined",
            "timestamp": "Tue Jan  9 15:18:44 2024"
          }
        ],
        [
          "atomName",
          "H19"
        ],
        [
          "atomElementName",
          ""
        ],
        [
          "atomAverageShift",
          4.678
        ],
        [
          "atomStdShift",
          null
        ],
        [
          "atomMinShift",
          4.678
        ],
        [
          "atomMaxShift",
          4.678
        ],
        [
          "atomDistributionRefValue",
          4.678
        ],
        [
          "atomDistributionValuePerPoint",
          1.0
        ],
        [
          "atomStatisticalDistribution",
          []
        ]
      ],
      [
        [
          "_metadata",
          {
            "jsonVersion": 3.0,
            "className": "AtomChemicalShift",
            "classVersion": 1.0,
            "user": "luca",
            "lastPath": "undefined",
            "timestamp": "Tue Jan  9 15:18:44 2024"
          }
        ],
        [
          "atomName",
          "H2"
        ],
        [
          "atomElementName",
          ""
        ],
        [
          "atomAverageShift",
          8.094
        ],
        [
          "atomStdShift",
          null
        ],
        [
          "atomMinShift",
          8.094
        ],
        [
          "atomMaxShift",
          8.094
        ],
        [
          "atomDistributionRefValue",
          8.094
        ],
        [
          "atomDistributionValuePerPoint",
          1.0
        ],
        [
          "atomStatisticalDistribution",
          []
        ]
      ],
      [
        [
          "_metadata",
          {
            "jsonVersion": 3.0,
            "className": "AtomChemicalShift",
            "classVersion": 1.0,
            "user": "luca",
            "lastPath": "undefined",
            "timestamp": "Tue Jan  9 15:18:44 2024"
          }
        ],
        [
          "atomName",
          "H20"
        ],
        [
          "atomElementName",
          ""
        ],
        [
          "atomAverageShift",
          4.678
        ],
        [
          "atomStdShift",
          null
        ],
        [
          "atomMinShift",
          4.678
        ],
        [
          "atomMaxShift",
          4.678
        ],
        [
          "atomDistributionRefValue",
          4.678
        ],
        [
          "atomDistributionValuePerPoint",
          1.0
        ],
        [
          "atomStatisticalDistribution",
          []
        ]
      ],
      [
        [
          "_metadata",
          {
            "jsonVersion": 3.0,
            "className": "AtomChemicalShift",
            "classVersion": 1.0,
            "user": "luca",
            "lastPath": "undefined",
            "timestamp": "Tue Jan  9 15:18:44 2024"
          }
        ],
        [
          "atomName",
          "H21"
        ],
        [
          "atomElementName",
          ""
        ],
        [
          "atomAverageShift",
          4.678
        ],
        [
          "atomStdShift",
          null
        ],
        [
          "atomMinShift",
          4.678
        ],
        [
          "atomMaxShift",
          4.678
        ],
        [
          "atomDistributionRefValue",
          4.678
        ],
        [
          "atomDistributionValuePerPoint",
          1.0
        ],
        [
          "atomStatisticalDistribution",
          []
        ]
      ],
      [
        [
          "_metadata",
          {
            "jsonVersion": 3.0,
            "className": "AtomChemicalShift",
            "classVersion": 1.0,
            "user": "luca",
            "lastPath": "undefined",
            "timestamp": "Tue Jan  9 15:18:44 2024"
          }
        ],
        [
          "atomName",
          "H22"
        ],
        [
          "atomElementName",
          ""
        ],
        [
          "atomAverageShift",
          4.678
        ],
        [
          "atomStdShift",
          null
        ],
        [
          "atomMinShift",
          4.678
        ],
        [
          "atomMaxShift",
          4.678
        ],
        [
          "atomDistributionRefValue",
          4.678
        ],
        [
          "atomDistributionValuePerPoint",
          1.0
        ],
        [
          "atomStatisticalDistribution",
          []
        ]
      ],
      [
        [
          "_metadata",
          {
            "jsonVersion": 3.0,
            "className": "AtomChemicalShift",
            "classVersion": 1.0,
            "user": "luca",
            "lastPath": "undefined",
            "timestamp": "Tue Jan  9 15:18:44 2024"
          }
        ],
        [
          "atomName",
          "H23"
        ],
        [
          "atomElementName",
          ""
        ],
        [
          "atomAverageShift",
          4.678
        ],
        [
          "atomStdShift",
          null
        ],
        [
          "atomMinShift",
          4.678
        ],
        [
          "atomMaxShift",
          4.678
        ],
        [
          "atomDistributionRefValue",
          4.678
        ],
        [
          "atomDistributionValuePerPoint",
          1.0
        ],
        [
          "atomStatisticalDistribution",
          []
        ]
      ],
      [
        [
          "_metadata",
          {
            "jsonVersion": 3.0,
            "className": "AtomChemicalShift",
            "classVersion": 1.0,
            "user": "luca",
            "lastPath": "undefined",
            "timestamp": "Tue Jan  9 15:18:44 2024"
          }
        ],
        [
          "atomName",
          "H4"
        ],
        [
          "atomElementName",
          ""
        ],
        [
          "atomAverageShift",
          10.913
        ],
        [
          "atomStdShift",
          null
        ],
        [
          "atomMinShift",
          10.913
        ],
        [
          "atomMaxShift",
          10.913
        ],
        [
          "atomDistributionRefValue",
          10.913
        ],
        [
          "atomDistributionValuePerPoint",
          1.0
        ],
        [
          "atomStatisticalDistribution",
          []
        ]
      ],
      [
        [
          "_metadata",
          {
            "jsonVersion": 3.0,
            "className": "AtomChemicalShift",
            "classVersion": 1.0,
            "user": "luca",
            "lastPath": "undefined",
            "timestamp": "Tue Jan  9 15:18:44 2024"
          }
        ],
        [
          "atomName",
          "H5"
        ],
        [
          "atomElementName",
          ""
        ],
        [
          "atomAverageShift",
          10.913
        ],
        [
          "atomStdShift",
          null
        ],
        [
          "atomMinShift",
          10.913
        ],
        [
          "atomMaxShift",
          10.913
        ],
        [
          "atomDistributionRefValue",
          10.913
        ],
        [
          "atomDistributionValuePerPoint",
          1.0
        ],
        [
          "atomStatisticalDistribution",
          []
        ]
      ],
      [
        [
          "_metadata",
          {
            "jsonVersion": 3.0,
            "className": "AtomChemicalShift",
            "classVersion": 1.0,
            "user": "luca",
            "lastPath": "undefined",
            "timestamp": "Tue Jan  9 15:18:44 2024"
          }
        ],
        [
          "atomName",
          "H6"
        ],
        [
          "atomElementName",
          ""
        ],
        [
          "atomAverageShift",
          8.976
        ],
        [
          "atomStdShift",
          null
        ],
        [
          "atomMinShift",
          8.976
        ],
        [
          "atomMaxShift",
          8.976
        ],
        [
          "atomDistributionRefValue",
          8.976
        ],
        [
          "atomDistributionValuePerPoint",
          1.0
        ],
        [
          "atomStatisticalDistribution",
          []
        ]
      ],
      [
        [
          "_metadata",
          {
            "jsonVersion": 3.0,
            "className": "AtomChemicalShift",
            "classVersion": 1.0,
            "user": "luca",
            "lastPath": "undefined",
            "timestamp": "Tue Jan  9 15:18:44 2024"
          }
        ],
        [
          "atomName",
          "H7"
        ],
        [
          "atomElementName",
          ""
        ],
        [
          "atomAverageShift",
          8.753
        ],
        [
          "atomStdShift",
          null
        ],
        [
          "atomMinShift",
          8.753
        ],
        [
          "atomMaxShift",
          8.753
        ],
        [
          "atomDistributionRefValue",
          8.753
        ],
        [
          "atomDistributionValuePerPoint",
          1.0
        ],
        [
          "atomStatisticalDistribution",
          []
        ]
      ],
      [
        [
          "_metadata",
          {
            "jsonVersion": 3.0,
            "className": "AtomChemicalShift",
            "classVersion": 1.0,
            "user": "luca",
            "lastPath": "undefined",
            "timestamp": "Tue Jan  9 15:18:44 2024"
          }
        ],
        [
          "atomName",
          "H8"
        ],
        [
          "atomElementName",
          ""
        ],
        [
          "atomAverageShift",
          7.816
        ],
        [
          "atomStdShift",
          null
        ],
        [
          "atomMinShift",
          7.816
        ],
        [
          "atomMaxShift",
          7.816
        ],
        [
          "atomDistributionRefValue",
          7.816
        ],
        [
          "atomDistributionValuePerPoint",
          1.0
        ],
        [
          "atomStatisticalDistribution",
          []
        ]
      ]
    ]
  ]
]