[
  [
    "_metadata",
    {
      "jsonVersion": 3,
      "className": "ReferenceChemicalShift",
      "classVersion": 1,
      "user": "CCPN",
      "lastPath": "/Users/luca/Projects/AnalysisV3/resources/referenceChemicalShifts/NonStandard/Non-Polymer/MG.json",
      "timestamp": "Tue Jan  9 15:18:17 2024",
      "applicationVersion": 3.2
    }
  ],
  [
    "chemicalShiftName",
    "Non-Standard Residues / Small Molecules"
  ],
  [
    "chemicalShiftComment",
    "The CCPN Analysis Version 3 ReferenceChemical shifts retrieved from BMRB"
  ],
  [
    "chemicalShiftEntryDate",
    "2023-09-14-14:25:08"
  ],
  [
    "compoundName",
    "MAGNESIUM ION"
  ],
  [
    "compoundShortName",
    "MG"
  ],
  [
    "compoundCcpCode",
    "MG"
  ],
  [
    "compoundType",
    "Non-Polymer"
  ],
  [
    "compoundTypeClassification",
    "non-polymer"
  ],
  [
    "compoundPrecursorName",
    ""
  ],
  [
    "loadingLevel",
    0
  ],
  [
    "atoms",
    [
      [
        [
          "_metadata",
          {
            "jsonVersion": 3.0,
            "className": "AtomChemicalShift",
            "classVersion": 1.0,
            "user": "luca",
            "lastPath": "undefined",
            "timestamp": "Tue Jan  9 15:18:17 2024"
          }
        ],
        [
          "atomName",
          "H1"
        ],
        [
          "atomElementName",
          ""
        ],
        [
          "atomAverageShift",
          11.971
        ],
        [
          "atomStdShift",
          0.728
        ],
        [
          "atomMinShift",
          11.456
        ],
        [
          "atomMaxShift",
          12.485
        ],
        [
          "atomDistributionRefValue",
          11.456
        ],
        [
          "atomDistributionValuePerPoint",
          1.0
        ],
        [
          "atomStatisticalDistribution",
          []
        ]
      ],
      [
        [
          "_metadata",
          {
            "jsonVersion": 3.0,
            "className": "AtomChemicalShift",
            "classVersion": 1.0,
            "user": "luca",
            "lastPath": "undefined",
            "timestamp": "Tue Jan  9 15:18:17 2024"
          }
        ],
        [
          "atomName",
          "H1'"
        ],
        [
          "atomElementName",
          ""
        ],
        [
          "atomAverageShift",
          6.02
        ],
        [
          "atomStdShift",
          0.018
        ],
        [
          "atomMinShift",
          6.007
        ],
        [
          "atomMaxShift",
          6.033
        ],
        [
          "atomDistributionRefValue",
          6.007
        ],
        [
          "atomDistributionValuePerPoint",
          1.0
        ],
        [
          "atomStatisticalDistribution",
          []
        ]
      ],
      [
        [
          "_metadata",
          {
            "jsonVersion": 3.0,
            "className": "AtomChemicalShift",
            "classVersion": 1.0,
            "user": "luca",
            "lastPath": "undefined",
            "timestamp": "Tue Jan  9 15:18:17 2024"
          }
        ],
        [
          "atomName",
          "H8"
        ],
        [
          "atomElementName",
          ""
        ],
        [
          "atomAverageShift",
          7.5
        ],
        [
          "atomStdShift",
          0.195
        ],
        [
          "atomMinShift",
          7.362
        ],
        [
          "atomMaxShift",
          7.638
        ],
        [
          "atomDistributionRefValue",
          7.362
        ],
        [
          "atomDistributionValuePerPoint",
          1.0
        ],
        [
          "atomStatisticalDistribution",
          []
        ]
      ],
      [
        [
          "_metadata",
          {
            "jsonVersion": 3.0,
            "className": "AtomChemicalShift",
            "classVersion": 1.0,
            "user": "luca",
            "lastPath": "undefined",
            "timestamp": "Tue Jan  9 15:18:17 2024"
          }
        ],
        [
          "atomName",
          "HM'1"
        ],
        [
          "atomElementName",
          ""
        ],
        [
          "atomAverageShift",
          3.82
        ],
        [
          "atomStdShift",
          0.017
        ],
        [
          "atomMinShift",
          3.808
        ],
        [
          "atomMaxShift",
          3.832
        ],
        [
          "atomDistributionRefValue",
          3.808
        ],
        [
          "atomDistributionValuePerPoint",
          1.0
        ],
        [
          "atomStatisticalDistribution",
          []
        ]
      ],
      [
        [
          "_metadata",
          {
            "jsonVersion": 3.0,
            "className": "AtomChemicalShift",
            "classVersion": 1.0,
            "user": "luca",
            "lastPath": "undefined",
            "timestamp": "Tue Jan  9 15:18:17 2024"
          }
        ],
        [
          "atomName",
          "HM'2"
        ],
        [
          "atomElementName",
          ""
        ],
        [
          "atomAverageShift",
          3.82
        ],
        [
          "atomStdShift",
          0.017
        ],
        [
          "atomMinShift",
          3.808
        ],
        [
          "atomMaxShift",
          3.832
        ],
        [
          "atomDistributionRefValue",
          3.808
        ],
        [
          "atomDistributionValuePerPoint",
          1.0
        ],
        [
          "atomStatisticalDistribution",
          []
        ]
      ],
      [
        [
          "_metadata",
          {
            "jsonVersion": 3.0,
            "className": "AtomChemicalShift",
            "classVersion": 1.0,
            "user": "luca",
            "lastPath": "undefined",
            "timestamp": "Tue Jan  9 15:18:17 2024"
          }
        ],
        [
          "atomName",
          "HM'3"
        ],
        [
          "atomElementName",
          ""
        ],
        [
          "atomAverageShift",
          3.82
        ],
        [
          "atomStdShift",
          0.017
        ],
        [
          "atomMinShift",
          3.808
        ],
        [
          "atomMaxShift",
          3.832
        ],
        [
          "atomDistributionRefValue",
          3.808
        ],
        [
          "atomDistributionValuePerPoint",
          1.0
        ],
        [
          "atomStatisticalDistribution",
          []
        ]
      ]
    ]
  ]
]