[
  [
    "_metadata",
    {
      "jsonVersion": 3,
      "className": "ReferenceChemicalShift",
      "classVersion": 1,
      "user": "CCPN",
      "lastPath": "/Users/luca/Projects/AnalysisV3/resources/referenceChemicalShifts/NonStandard/Non-Polymer/NAD.json",
      "timestamp": "Tue Jan  9 15:18:30 2024",
      "applicationVersion": 3.2
    }
  ],
  [
    "chemicalShiftName",
    "Non-Standard Residues / Small Molecules"
  ],
  [
    "chemicalShiftComment",
    "The CCPN Analysis Version 3 ReferenceChemical shifts retrieved from BMRB"
  ],
  [
    "chemicalShiftEntryDate",
    "2023-09-14-14:25:08"
  ],
  [
    "compoundName",
    "NICOTINAMIDE-ADENINE-DINUCLEOTIDE"
  ],
  [
    "compoundShortName",
    "NAD"
  ],
  [
    "compoundCcpCode",
    "NAD"
  ],
  [
    "compoundType",
    "Non-Polymer"
  ],
  [
    "compoundTypeClassification",
    "non-polymer"
  ],
  [
    "compoundPrecursorName",
    ""
  ],
  [
    "loadingLevel",
    0
  ],
  [
    "atoms",
    [
      [
        [
          "_metadata",
          {
            "jsonVersion": 3.0,
            "className": "AtomChemicalShift",
            "classVersion": 1.0,
            "user": "luca",
            "lastPath": "undefined",
            "timestamp": "Tue Jan  9 15:18:30 2024"
          }
        ],
        [
          "atomName",
          "C1B"
        ],
        [
          "atomElementName",
          ""
        ],
        [
          "atomAverageShift",
          89.082
        ],
        [
          "atomStdShift",
          null
        ],
        [
          "atomMinShift",
          89.0823
        ],
        [
          "atomMaxShift",
          89.0823
        ],
        [
          "atomDistributionRefValue",
          89.0823
        ],
        [
          "atomDistributionValuePerPoint",
          1.0
        ],
        [
          "atomStatisticalDistribution",
          []
        ]
      ],
      [
        [
          "_metadata",
          {
            "jsonVersion": 3.0,
            "className": "AtomChemicalShift",
            "classVersion": 1.0,
            "user": "luca",
            "lastPath": "undefined",
            "timestamp": "Tue Jan  9 15:18:30 2024"
          }
        ],
        [
          "atomName",
          "C1D"
        ],
        [
          "atomElementName",
          ""
        ],
        [
          "atomAverageShift",
          102.631
        ],
        [
          "atomStdShift",
          null
        ],
        [
          "atomMinShift",
          102.63
        ],
        [
          "atomMaxShift",
          102.63
        ],
        [
          "atomDistributionRefValue",
          102.63
        ],
        [
          "atomDistributionValuePerPoint",
          1.0
        ],
        [
          "atomStatisticalDistribution",
          []
        ]
      ],
      [
        [
          "_metadata",
          {
            "jsonVersion": 3.0,
            "className": "AtomChemicalShift",
            "classVersion": 1.0,
            "user": "luca",
            "lastPath": "undefined",
            "timestamp": "Tue Jan  9 15:18:30 2024"
          }
        ],
        [
          "atomName",
          "C2A"
        ],
        [
          "atomElementName",
          ""
        ],
        [
          "atomAverageShift",
          155.391
        ],
        [
          "atomStdShift",
          null
        ],
        [
          "atomMinShift",
          155.391
        ],
        [
          "atomMaxShift",
          155.391
        ],
        [
          "atomDistributionRefValue",
          155.391
        ],
        [
          "atomDistributionValuePerPoint",
          1.0
        ],
        [
          "atomStatisticalDistribution",
          []
        ]
      ],
      [
        [
          "_metadata",
          {
            "jsonVersion": 3.0,
            "className": "AtomChemicalShift",
            "classVersion": 1.0,
            "user": "luca",
            "lastPath": "undefined",
            "timestamp": "Tue Jan  9 15:18:30 2024"
          }
        ],
        [
          "atomName",
          "C2B"
        ],
        [
          "atomElementName",
          ""
        ],
        [
          "atomAverageShift",
          76.357
        ],
        [
          "atomStdShift",
          null
        ],
        [
          "atomMinShift",
          76.3573
        ],
        [
          "atomMaxShift",
          76.3573
        ],
        [
          "atomDistributionRefValue",
          76.3573
        ],
        [
          "atomDistributionValuePerPoint",
          1.0
        ],
        [
          "atomStatisticalDistribution",
          []
        ]
      ],
      [
        [
          "_metadata",
          {
            "jsonVersion": 3.0,
            "className": "AtomChemicalShift",
            "classVersion": 1.0,
            "user": "luca",
            "lastPath": "undefined",
            "timestamp": "Tue Jan  9 15:18:30 2024"
          }
        ],
        [
          "atomName",
          "C2D"
        ],
        [
          "atomElementName",
          ""
        ],
        [
          "atomAverageShift",
          80.098
        ],
        [
          "atomStdShift",
          null
        ],
        [
          "atomMinShift",
          80.0984
        ],
        [
          "atomMaxShift",
          80.0984
        ],
        [
          "atomDistributionRefValue",
          80.0984
        ],
        [
          "atomDistributionValuePerPoint",
          1.0
        ],
        [
          "atomStatisticalDistribution",
          []
        ]
      ],
      [
        [
          "_metadata",
          {
            "jsonVersion": 3.0,
            "className": "AtomChemicalShift",
            "classVersion": 1.0,
            "user": "luca",
            "lastPath": "undefined",
            "timestamp": "Tue Jan  9 15:18:30 2024"
          }
        ],
        [
          "atomName",
          "C2N"
        ],
        [
          "atomElementName",
          ""
        ],
        [
          "atomAverageShift",
          142.434
        ],
        [
          "atomStdShift",
          null
        ],
        [
          "atomMinShift",
          142.434
        ],
        [
          "atomMaxShift",
          142.434
        ],
        [
          "atomDistributionRefValue",
          142.434
        ],
        [
          "atomDistributionValuePerPoint",
          1.0
        ],
        [
          "atomStatisticalDistribution",
          []
        ]
      ],
      [
        [
          "_metadata",
          {
            "jsonVersion": 3.0,
            "className": "AtomChemicalShift",
            "classVersion": 1.0,
            "user": "luca",
            "lastPath": "undefined",
            "timestamp": "Tue Jan  9 15:18:30 2024"
          }
        ],
        [
          "atomName",
          "C3B"
        ],
        [
          "atomElementName",
          ""
        ],
        [
          "atomAverageShift",
          73.006
        ],
        [
          "atomStdShift",
          null
        ],
        [
          "atomMinShift",
          73.0063
        ],
        [
          "atomMaxShift",
          73.0063
        ],
        [
          "atomDistributionRefValue",
          73.0063
        ],
        [
          "atomDistributionValuePerPoint",
          1.0
        ],
        [
          "atomStatisticalDistribution",
          []
        ]
      ],
      [
        [
          "_metadata",
          {
            "jsonVersion": 3.0,
            "className": "AtomChemicalShift",
            "classVersion": 1.0,
            "user": "luca",
            "lastPath": "undefined",
            "timestamp": "Tue Jan  9 15:18:30 2024"
          }
        ],
        [
          "atomName",
          "C3D"
        ],
        [
          "atomElementName",
          ""
        ],
        [
          "atomAverageShift",
          73.132
        ],
        [
          "atomStdShift",
          null
        ],
        [
          "atomMinShift",
          73.132
        ],
        [
          "atomMaxShift",
          73.132
        ],
        [
          "atomDistributionRefValue",
          73.132
        ],
        [
          "atomDistributionValuePerPoint",
          1.0
        ],
        [
          "atomStatisticalDistribution",
          []
        ]
      ],
      [
        [
          "_metadata",
          {
            "jsonVersion": 3.0,
            "className": "AtomChemicalShift",
            "classVersion": 1.0,
            "user": "luca",
            "lastPath": "undefined",
            "timestamp": "Tue Jan  9 15:18:30 2024"
          }
        ],
        [
          "atomName",
          "C4B"
        ],
        [
          "atomElementName",
          ""
        ],
        [
          "atomAverageShift",
          86.451
        ],
        [
          "atomStdShift",
          null
        ],
        [
          "atomMinShift",
          86.4508
        ],
        [
          "atomMaxShift",
          86.4508
        ],
        [
          "atomDistributionRefValue",
          86.4508
        ],
        [
          "atomDistributionValuePerPoint",
          1.0
        ],
        [
          "atomStatisticalDistribution",
          []
        ]
      ],
      [
        [
          "_metadata",
          {
            "jsonVersion": 3.0,
            "className": "AtomChemicalShift",
            "classVersion": 1.0,
            "user": "luca",
            "lastPath": "undefined",
            "timestamp": "Tue Jan  9 15:18:30 2024"
          }
        ],
        [
          "atomName",
          "C4D"
        ],
        [
          "atomElementName",
          ""
        ],
        [
          "atomAverageShift",
          89.499
        ],
        [
          "atomStdShift",
          null
        ],
        [
          "atomMinShift",
          89.4989
        ],
        [
          "atomMaxShift",
          89.4989
        ],
        [
          "atomDistributionRefValue",
          89.4989
        ],
        [
          "atomDistributionValuePerPoint",
          1.0
        ],
        [
          "atomStatisticalDistribution",
          []
        ]
      ],
      [
        [
          "_metadata",
          {
            "jsonVersion": 3.0,
            "className": "AtomChemicalShift",
            "classVersion": 1.0,
            "user": "luca",
            "lastPath": "undefined",
            "timestamp": "Tue Jan  9 15:18:30 2024"
          }
        ],
        [
          "atomName",
          "C4N"
        ],
        [
          "atomElementName",
          ""
        ],
        [
          "atomAverageShift",
          148.186
        ],
        [
          "atomStdShift",
          null
        ],
        [
          "atomMinShift",
          148.186
        ],
        [
          "atomMaxShift",
          148.186
        ],
        [
          "atomDistributionRefValue",
          148.186
        ],
        [
          "atomDistributionValuePerPoint",
          1.0
        ],
        [
          "atomStatisticalDistribution",
          []
        ]
      ],
      [
        [
          "_metadata",
          {
            "jsonVersion": 3.0,
            "className": "AtomChemicalShift",
            "classVersion": 1.0,
            "user": "luca",
            "lastPath": "undefined",
            "timestamp": "Tue Jan  9 15:18:30 2024"
          }
        ],
        [
          "atomName",
          "C5B"
        ],
        [
          "atomElementName",
          ""
        ],
        [
          "atomAverageShift",
          162.737
        ],
        [
          "atomStdShift",
          null
        ],
        [
          "atomMinShift",
          162.737
        ],
        [
          "atomMaxShift",
          162.737
        ],
        [
          "atomDistributionRefValue",
          162.737
        ],
        [
          "atomDistributionValuePerPoint",
          1.0
        ],
        [
          "atomStatisticalDistribution",
          []
        ]
      ],
      [
        [
          "_metadata",
          {
            "jsonVersion": 3.0,
            "className": "AtomChemicalShift",
            "classVersion": 1.0,
            "user": "luca",
            "lastPath": "undefined",
            "timestamp": "Tue Jan  9 15:18:30 2024"
          }
        ],
        [
          "atomName",
          "C5D"
        ],
        [
          "atomElementName",
          ""
        ],
        [
          "atomAverageShift",
          162.348
        ],
        [
          "atomStdShift",
          null
        ],
        [
          "atomMinShift",
          162.347
        ],
        [
          "atomMaxShift",
          162.347
        ],
        [
          "atomDistributionRefValue",
          162.347
        ],
        [
          "atomDistributionValuePerPoint",
          1.0
        ],
        [
          "atomStatisticalDistribution",
          []
        ]
      ],
      [
        [
          "_metadata",
          {
            "jsonVersion": 3.0,
            "className": "AtomChemicalShift",
            "classVersion": 1.0,
            "user": "luca",
            "lastPath": "undefined",
            "timestamp": "Tue Jan  9 15:18:30 2024"
          }
        ],
        [
          "atomName",
          "C5N"
        ],
        [
          "atomElementName",
          ""
        ],
        [
          "atomAverageShift",
          131.077
        ],
        [
          "atomStdShift",
          null
        ],
        [
          "atomMinShift",
          131.077
        ],
        [
          "atomMaxShift",
          131.077
        ],
        [
          "atomDistributionRefValue",
          131.077
        ],
        [
          "atomDistributionValuePerPoint",
          1.0
        ],
        [
          "atomStatisticalDistribution",
          []
        ]
      ],
      [
        [
          "_metadata",
          {
            "jsonVersion": 3.0,
            "className": "AtomChemicalShift",
            "classVersion": 1.0,
            "user": "luca",
            "lastPath": "undefined",
            "timestamp": "Tue Jan  9 15:18:30 2024"
          }
        ],
        [
          "atomName",
          "C6N"
        ],
        [
          "atomElementName",
          ""
        ],
        [
          "atomAverageShift",
          144.94
        ],
        [
          "atomStdShift",
          null
        ],
        [
          "atomMinShift",
          144.94
        ],
        [
          "atomMaxShift",
          144.94
        ],
        [
          "atomDistributionRefValue",
          144.94
        ],
        [
          "atomDistributionValuePerPoint",
          1.0
        ],
        [
          "atomStatisticalDistribution",
          []
        ]
      ],
      [
        [
          "_metadata",
          {
            "jsonVersion": 3.0,
            "className": "AtomChemicalShift",
            "classVersion": 1.0,
            "user": "luca",
            "lastPath": "undefined",
            "timestamp": "Tue Jan  9 15:18:30 2024"
          }
        ],
        [
          "atomName",
          "C8A"
        ],
        [
          "atomElementName",
          ""
        ],
        [
          "atomAverageShift",
          142.174
        ],
        [
          "atomStdShift",
          null
        ],
        [
          "atomMinShift",
          142.174
        ],
        [
          "atomMaxShift",
          142.174
        ],
        [
          "atomDistributionRefValue",
          142.174
        ],
        [
          "atomDistributionValuePerPoint",
          1.0
        ],
        [
          "atomStatisticalDistribution",
          []
        ]
      ],
      [
        [
          "_metadata",
          {
            "jsonVersion": 3.0,
            "className": "AtomChemicalShift",
            "classVersion": 1.0,
            "user": "luca",
            "lastPath": "undefined",
            "timestamp": "Tue Jan  9 15:18:30 2024"
          }
        ],
        [
          "atomName",
          "H1B"
        ],
        [
          "atomElementName",
          ""
        ],
        [
          "atomAverageShift",
          6.013
        ],
        [
          "atomStdShift",
          null
        ],
        [
          "atomMinShift",
          6.0125
        ],
        [
          "atomMaxShift",
          6.0125
        ],
        [
          "atomDistributionRefValue",
          6.0125
        ],
        [
          "atomDistributionValuePerPoint",
          1.0
        ],
        [
          "atomStatisticalDistribution",
          []
        ]
      ],
      [
        [
          "_metadata",
          {
            "jsonVersion": 3.0,
            "className": "AtomChemicalShift",
            "classVersion": 1.0,
            "user": "luca",
            "lastPath": "undefined",
            "timestamp": "Tue Jan  9 15:18:30 2024"
          }
        ],
        [
          "atomName",
          "H1D"
        ],
        [
          "atomElementName",
          ""
        ],
        [
          "atomAverageShift",
          6.074
        ],
        [
          "atomStdShift",
          null
        ],
        [
          "atomMinShift",
          6.0744
        ],
        [
          "atomMaxShift",
          6.0744
        ],
        [
          "atomDistributionRefValue",
          6.0744
        ],
        [
          "atomDistributionValuePerPoint",
          1.0
        ],
        [
          "atomStatisticalDistribution",
          []
        ]
      ],
      [
        [
          "_metadata",
          {
            "jsonVersion": 3.0,
            "className": "AtomChemicalShift",
            "classVersion": 1.0,
            "user": "luca",
            "lastPath": "undefined",
            "timestamp": "Tue Jan  9 15:18:30 2024"
          }
        ],
        [
          "atomName",
          "H2A"
        ],
        [
          "atomElementName",
          ""
        ],
        [
          "atomAverageShift",
          8.149
        ],
        [
          "atomStdShift",
          null
        ],
        [
          "atomMinShift",
          8.1486
        ],
        [
          "atomMaxShift",
          8.1486
        ],
        [
          "atomDistributionRefValue",
          8.1486
        ],
        [
          "atomDistributionValuePerPoint",
          1.0
        ],
        [
          "atomStatisticalDistribution",
          []
        ]
      ],
      [
        [
          "_metadata",
          {
            "jsonVersion": 3.0,
            "className": "AtomChemicalShift",
            "classVersion": 1.0,
            "user": "luca",
            "lastPath": "undefined",
            "timestamp": "Tue Jan  9 15:18:30 2024"
          }
        ],
        [
          "atomName",
          "H2B"
        ],
        [
          "atomElementName",
          ""
        ],
        [
          "atomAverageShift",
          4.752
        ],
        [
          "atomStdShift",
          null
        ],
        [
          "atomMinShift",
          4.7519
        ],
        [
          "atomMaxShift",
          4.7519
        ],
        [
          "atomDistributionRefValue",
          4.7519
        ],
        [
          "atomDistributionValuePerPoint",
          1.0
        ],
        [
          "atomStatisticalDistribution",
          []
        ]
      ],
      [
        [
          "_metadata",
          {
            "jsonVersion": 3.0,
            "className": "AtomChemicalShift",
            "classVersion": 1.0,
            "user": "luca",
            "lastPath": "undefined",
            "timestamp": "Tue Jan  9 15:18:30 2024"
          }
        ],
        [
          "atomName",
          "H2D"
        ],
        [
          "atomElementName",
          ""
        ],
        [
          "atomAverageShift",
          4.471
        ],
        [
          "atomStdShift",
          null
        ],
        [
          "atomMinShift",
          4.471
        ],
        [
          "atomMaxShift",
          4.471
        ],
        [
          "atomDistributionRefValue",
          4.471
        ],
        [
          "atomDistributionValuePerPoint",
          1.0
        ],
        [
          "atomStatisticalDistribution",
          []
        ]
      ],
      [
        [
          "_metadata",
          {
            "jsonVersion": 3.0,
            "className": "AtomChemicalShift",
            "classVersion": 1.0,
            "user": "luca",
            "lastPath": "undefined",
            "timestamp": "Tue Jan  9 15:18:30 2024"
          }
        ],
        [
          "atomName",
          "H2N"
        ],
        [
          "atomElementName",
          ""
        ],
        [
          "atomAverageShift",
          9.312
        ],
        [
          "atomStdShift",
          null
        ],
        [
          "atomMinShift",
          9.3124
        ],
        [
          "atomMaxShift",
          9.3124
        ],
        [
          "atomDistributionRefValue",
          9.3124
        ],
        [
          "atomDistributionValuePerPoint",
          1.0
        ],
        [
          "atomStatisticalDistribution",
          []
        ]
      ],
      [
        [
          "_metadata",
          {
            "jsonVersion": 3.0,
            "className": "AtomChemicalShift",
            "classVersion": 1.0,
            "user": "luca",
            "lastPath": "undefined",
            "timestamp": "Tue Jan  9 15:18:30 2024"
          }
        ],
        [
          "atomName",
          "H3B"
        ],
        [
          "atomElementName",
          ""
        ],
        [
          "atomAverageShift",
          4.502
        ],
        [
          "atomStdShift",
          null
        ],
        [
          "atomMinShift",
          4.5017
        ],
        [
          "atomMaxShift",
          4.5017
        ],
        [
          "atomDistributionRefValue",
          4.5017
        ],
        [
          "atomDistributionValuePerPoint",
          1.0
        ],
        [
          "atomStatisticalDistribution",
          []
        ]
      ],
      [
        [
          "_metadata",
          {
            "jsonVersion": 3.0,
            "className": "AtomChemicalShift",
            "classVersion": 1.0,
            "user": "luca",
            "lastPath": "undefined",
            "timestamp": "Tue Jan  9 15:18:30 2024"
          }
        ],
        [
          "atomName",
          "H3D"
        ],
        [
          "atomElementName",
          ""
        ],
        [
          "atomAverageShift",
          4.417
        ],
        [
          "atomStdShift",
          null
        ],
        [
          "atomMinShift",
          4.417
        ],
        [
          "atomMaxShift",
          4.417
        ],
        [
          "atomDistributionRefValue",
          4.417
        ],
        [
          "atomDistributionValuePerPoint",
          1.0
        ],
        [
          "atomStatisticalDistribution",
          []
        ]
      ],
      [
        [
          "_metadata",
          {
            "jsonVersion": 3.0,
            "className": "AtomChemicalShift",
            "classVersion": 1.0,
            "user": "luca",
            "lastPath": "undefined",
            "timestamp": "Tue Jan  9 15:18:30 2024"
          }
        ],
        [
          "atomName",
          "H4B"
        ],
        [
          "atomElementName",
          ""
        ],
        [
          "atomAverageShift",
          4.37
        ],
        [
          "atomStdShift",
          null
        ],
        [
          "atomMinShift",
          4.3696
        ],
        [
          "atomMaxShift",
          4.3696
        ],
        [
          "atomDistributionRefValue",
          4.3696
        ],
        [
          "atomDistributionValuePerPoint",
          1.0
        ],
        [
          "atomStatisticalDistribution",
          []
        ]
      ],
      [
        [
          "_metadata",
          {
            "jsonVersion": 3.0,
            "className": "AtomChemicalShift",
            "classVersion": 1.0,
            "user": "luca",
            "lastPath": "undefined",
            "timestamp": "Tue Jan  9 15:18:30 2024"
          }
        ],
        [
          "atomName",
          "H4D"
        ],
        [
          "atomElementName",
          ""
        ],
        [
          "atomAverageShift",
          4.532
        ],
        [
          "atomStdShift",
          null
        ],
        [
          "atomMinShift",
          4.532
        ],
        [
          "atomMaxShift",
          4.532
        ],
        [
          "atomDistributionRefValue",
          4.532
        ],
        [
          "atomDistributionValuePerPoint",
          1.0
        ],
        [
          "atomStatisticalDistribution",
          []
        ]
      ],
      [
        [
          "_metadata",
          {
            "jsonVersion": 3.0,
            "className": "AtomChemicalShift",
            "classVersion": 1.0,
            "user": "luca",
            "lastPath": "undefined",
            "timestamp": "Tue Jan  9 15:18:30 2024"
          }
        ],
        [
          "atomName",
          "H4N"
        ],
        [
          "atomElementName",
          ""
        ],
        [
          "atomAverageShift",
          8.823
        ],
        [
          "atomStdShift",
          null
        ],
        [
          "atomMinShift",
          8.8234
        ],
        [
          "atomMaxShift",
          8.8234
        ],
        [
          "atomDistributionRefValue",
          8.8234
        ],
        [
          "atomDistributionValuePerPoint",
          1.0
        ],
        [
          "atomStatisticalDistribution",
          []
        ]
      ],
      [
        [
          "_metadata",
          {
            "jsonVersion": 3.0,
            "className": "AtomChemicalShift",
            "classVersion": 1.0,
            "user": "luca",
            "lastPath": "undefined",
            "timestamp": "Tue Jan  9 15:18:30 2024"
          }
        ],
        [
          "atomName",
          "H51A"
        ],
        [
          "atomElementName",
          ""
        ],
        [
          "atomAverageShift",
          4.208
        ],
        [
          "atomStdShift",
          null
        ],
        [
          "atomMinShift",
          4.2081
        ],
        [
          "atomMaxShift",
          4.2081
        ],
        [
          "atomDistributionRefValue",
          4.2081
        ],
        [
          "atomDistributionValuePerPoint",
          1.0
        ],
        [
          "atomStatisticalDistribution",
          []
        ]
      ],
      [
        [
          "_metadata",
          {
            "jsonVersion": 3.0,
            "className": "AtomChemicalShift",
            "classVersion": 1.0,
            "user": "luca",
            "lastPath": "undefined",
            "timestamp": "Tue Jan  9 15:18:30 2024"
          }
        ],
        [
          "atomName",
          "H51N"
        ],
        [
          "atomElementName",
          ""
        ],
        [
          "atomAverageShift",
          4.22
        ],
        [
          "atomStdShift",
          null
        ],
        [
          "atomMinShift",
          4.2198
        ],
        [
          "atomMaxShift",
          4.2198
        ],
        [
          "atomDistributionRefValue",
          4.2198
        ],
        [
          "atomDistributionValuePerPoint",
          1.0
        ],
        [
          "atomStatisticalDistribution",
          []
        ]
      ],
      [
        [
          "_metadata",
          {
            "jsonVersion": 3.0,
            "className": "AtomChemicalShift",
            "classVersion": 1.0,
            "user": "luca",
            "lastPath": "undefined",
            "timestamp": "Tue Jan  9 15:18:30 2024"
          }
        ],
        [
          "atomName",
          "H52A"
        ],
        [
          "atomElementName",
          ""
        ],
        [
          "atomAverageShift",
          4.258
        ],
        [
          "atomStdShift",
          null
        ],
        [
          "atomMinShift",
          4.258
        ],
        [
          "atomMaxShift",
          4.258
        ],
        [
          "atomDistributionRefValue",
          4.258
        ],
        [
          "atomDistributionValuePerPoint",
          1.0
        ],
        [
          "atomStatisticalDistribution",
          []
        ]
      ],
      [
        [
          "_metadata",
          {
            "jsonVersion": 3.0,
            "className": "AtomChemicalShift",
            "classVersion": 1.0,
            "user": "luca",
            "lastPath": "undefined",
            "timestamp": "Tue Jan  9 15:18:30 2024"
          }
        ],
        [
          "atomName",
          "H52N"
        ],
        [
          "atomElementName",
          ""
        ],
        [
          "atomAverageShift",
          4.363
        ],
        [
          "atomStdShift",
          null
        ],
        [
          "atomMinShift",
          4.3631
        ],
        [
          "atomMaxShift",
          4.3631
        ],
        [
          "atomDistributionRefValue",
          4.3631
        ],
        [
          "atomDistributionValuePerPoint",
          1.0
        ],
        [
          "atomStatisticalDistribution",
          []
        ]
      ],
      [
        [
          "_metadata",
          {
            "jsonVersion": 3.0,
            "className": "AtomChemicalShift",
            "classVersion": 1.0,
            "user": "luca",
            "lastPath": "undefined",
            "timestamp": "Tue Jan  9 15:18:30 2024"
          }
        ],
        [
          "atomName",
          "H5N"
        ],
        [
          "atomElementName",
          ""
        ],
        [
          "atomAverageShift",
          8.174
        ],
        [
          "atomStdShift",
          null
        ],
        [
          "atomMinShift",
          8.1744
        ],
        [
          "atomMaxShift",
          8.1744
        ],
        [
          "atomDistributionRefValue",
          8.1744
        ],
        [
          "atomDistributionValuePerPoint",
          1.0
        ],
        [
          "atomStatisticalDistribution",
          []
        ]
      ],
      [
        [
          "_metadata",
          {
            "jsonVersion": 3.0,
            "className": "AtomChemicalShift",
            "classVersion": 1.0,
            "user": "luca",
            "lastPath": "undefined",
            "timestamp": "Tue Jan  9 15:18:30 2024"
          }
        ],
        [
          "atomName",
          "H61A"
        ],
        [
          "atomElementName",
          ""
        ],
        [
          "atomAverageShift",
          6.853
        ],
        [
          "atomStdShift",
          null
        ],
        [
          "atomMinShift",
          6.853
        ],
        [
          "atomMaxShift",
          6.853
        ],
        [
          "atomDistributionRefValue",
          6.853
        ],
        [
          "atomDistributionValuePerPoint",
          1.0
        ],
        [
          "atomStatisticalDistribution",
          []
        ]
      ],
      [
        [
          "_metadata",
          {
            "jsonVersion": 3.0,
            "className": "AtomChemicalShift",
            "classVersion": 1.0,
            "user": "luca",
            "lastPath": "undefined",
            "timestamp": "Tue Jan  9 15:18:30 2024"
          }
        ],
        [
          "atomName",
          "H62A"
        ],
        [
          "atomElementName",
          ""
        ],
        [
          "atomAverageShift",
          6.853
        ],
        [
          "atomStdShift",
          null
        ],
        [
          "atomMinShift",
          6.853
        ],
        [
          "atomMaxShift",
          6.853
        ],
        [
          "atomDistributionRefValue",
          6.853
        ],
        [
          "atomDistributionValuePerPoint",
          1.0
        ],
        [
          "atomStatisticalDistribution",
          []
        ]
      ],
      [
        [
          "_metadata",
          {
            "jsonVersion": 3.0,
            "className": "AtomChemicalShift",
            "classVersion": 1.0,
            "user": "luca",
            "lastPath": "undefined",
            "timestamp": "Tue Jan  9 15:18:30 2024"
          }
        ],
        [
          "atomName",
          "H6N"
        ],
        [
          "atomElementName",
          ""
        ],
        [
          "atomAverageShift",
          9.122
        ],
        [
          "atomStdShift",
          null
        ],
        [
          "atomMinShift",
          9.1222
        ],
        [
          "atomMaxShift",
          9.1222
        ],
        [
          "atomDistributionRefValue",
          9.1222
        ],
        [
          "atomDistributionValuePerPoint",
          1.0
        ],
        [
          "atomStatisticalDistribution",
          []
        ]
      ],
      [
        [
          "_metadata",
          {
            "jsonVersion": 3.0,
            "className": "AtomChemicalShift",
            "classVersion": 1.0,
            "user": "luca",
            "lastPath": "undefined",
            "timestamp": "Tue Jan  9 15:18:30 2024"
          }
        ],
        [
          "atomName",
          "H8A"
        ],
        [
          "atomElementName",
          ""
        ],
        [
          "atomAverageShift",
          8.429
        ],
        [
          "atomStdShift",
          null
        ],
        [
          "atomMinShift",
          8.4291
        ],
        [
          "atomMaxShift",
          8.4291
        ],
        [
          "atomDistributionRefValue",
          8.4291
        ],
        [
          "atomDistributionValuePerPoint",
          1.0
        ],
        [
          "atomStatisticalDistribution",
          []
        ]
      ]
    ]
  ]
]