[
  [
    "_metadata",
    {
      "jsonVersion": 3,
      "className": "ReferenceChemicalShift",
      "classVersion": 1,
      "user": "CCPN",
      "lastPath": "/Users/luca/Projects/AnalysisV3/resources/referenceChemicalShifts/NonStandard/Non-Polymer/NAP.json",
      "timestamp": "Tue Jan  9 15:18:22 2024",
      "applicationVersion": 3.2
    }
  ],
  [
    "chemicalShiftName",
    "Non-Standard Residues / Small Molecules"
  ],
  [
    "chemicalShiftComment",
    "The CCPN Analysis Version 3 ReferenceChemical shifts retrieved from BMRB"
  ],
  [
    "chemicalShiftEntryDate",
    "2023-09-14-14:25:08"
  ],
  [
    "compoundName",
    "NADP NICOTINAMIDE-ADENINE-DINUCLEOTIDE PHOSPHATE"
  ],
  [
    "compoundShortName",
    "NAP"
  ],
  [
    "compoundCcpCode",
    "NAP"
  ],
  [
    "compoundType",
    "Non-Polymer"
  ],
  [
    "compoundTypeClassification",
    "non-polymer"
  ],
  [
    "compoundPrecursorName",
    ""
  ],
  [
    "loadingLevel",
    0
  ],
  [
    "atoms",
    [
      [
        [
          "_metadata",
          {
            "jsonVersion": 3.0,
            "className": "AtomChemicalShift",
            "classVersion": 1.0,
            "user": "luca",
            "lastPath": "undefined",
            "timestamp": "Tue Jan  9 15:18:22 2024"
          }
        ],
        [
          "atomName",
          "1H14"
        ],
        [
          "atomElementName",
          ""
        ],
        [
          "atomAverageShift",
          3.546
        ],
        [
          "atomStdShift",
          null
        ],
        [
          "atomMinShift",
          3.546
        ],
        [
          "atomMaxShift",
          3.546
        ],
        [
          "atomDistributionRefValue",
          3.546
        ],
        [
          "atomDistributionValuePerPoint",
          1.0
        ],
        [
          "atomStatisticalDistribution",
          []
        ]
      ],
      [
        [
          "_metadata",
          {
            "jsonVersion": 3.0,
            "className": "AtomChemicalShift",
            "classVersion": 1.0,
            "user": "luca",
            "lastPath": "undefined",
            "timestamp": "Tue Jan  9 15:18:22 2024"
          }
        ],
        [
          "atomName",
          "1H17"
        ],
        [
          "atomElementName",
          ""
        ],
        [
          "atomAverageShift",
          3.515
        ],
        [
          "atomStdShift",
          null
        ],
        [
          "atomMinShift",
          3.515
        ],
        [
          "atomMaxShift",
          3.515
        ],
        [
          "atomDistributionRefValue",
          3.515
        ],
        [
          "atomDistributionValuePerPoint",
          1.0
        ],
        [
          "atomStatisticalDistribution",
          []
        ]
      ],
      [
        [
          "_metadata",
          {
            "jsonVersion": 3.0,
            "className": "AtomChemicalShift",
            "classVersion": 1.0,
            "user": "luca",
            "lastPath": "undefined",
            "timestamp": "Tue Jan  9 15:18:22 2024"
          }
        ],
        [
          "atomName",
          "1H20"
        ],
        [
          "atomElementName",
          ""
        ],
        [
          "atomAverageShift",
          3.558
        ],
        [
          "atomStdShift",
          null
        ],
        [
          "atomMinShift",
          3.558
        ],
        [
          "atomMaxShift",
          3.558
        ],
        [
          "atomDistributionRefValue",
          3.558
        ],
        [
          "atomDistributionValuePerPoint",
          1.0
        ],
        [
          "atomStatisticalDistribution",
          []
        ]
      ],
      [
        [
          "_metadata",
          {
            "jsonVersion": 3.0,
            "className": "AtomChemicalShift",
            "classVersion": 1.0,
            "user": "luca",
            "lastPath": "undefined",
            "timestamp": "Tue Jan  9 15:18:22 2024"
          }
        ],
        [
          "atomName",
          "1H9"
        ],
        [
          "atomElementName",
          ""
        ],
        [
          "atomAverageShift",
          2.542
        ],
        [
          "atomStdShift",
          null
        ],
        [
          "atomMinShift",
          2.542
        ],
        [
          "atomMaxShift",
          2.542
        ],
        [
          "atomDistributionRefValue",
          2.542
        ],
        [
          "atomDistributionValuePerPoint",
          1.0
        ],
        [
          "atomStatisticalDistribution",
          []
        ]
      ],
      [
        [
          "_metadata",
          {
            "jsonVersion": 3.0,
            "className": "AtomChemicalShift",
            "classVersion": 1.0,
            "user": "luca",
            "lastPath": "undefined",
            "timestamp": "Tue Jan  9 15:18:22 2024"
          }
        ],
        [
          "atomName",
          "1HN4"
        ],
        [
          "atomElementName",
          ""
        ],
        [
          "atomAverageShift",
          11.893
        ],
        [
          "atomStdShift",
          null
        ],
        [
          "atomMinShift",
          11.893
        ],
        [
          "atomMaxShift",
          11.893
        ],
        [
          "atomDistributionRefValue",
          11.893
        ],
        [
          "atomDistributionValuePerPoint",
          1.0
        ],
        [
          "atomStatisticalDistribution",
          []
        ]
      ],
      [
        [
          "_metadata",
          {
            "jsonVersion": 3.0,
            "className": "AtomChemicalShift",
            "classVersion": 1.0,
            "user": "luca",
            "lastPath": "undefined",
            "timestamp": "Tue Jan  9 15:18:22 2024"
          }
        ],
        [
          "atomName",
          "1HN7"
        ],
        [
          "atomElementName",
          ""
        ],
        [
          "atomAverageShift",
          9.203
        ],
        [
          "atomStdShift",
          null
        ],
        [
          "atomMinShift",
          9.203
        ],
        [
          "atomMaxShift",
          9.203
        ],
        [
          "atomDistributionRefValue",
          9.203
        ],
        [
          "atomDistributionValuePerPoint",
          1.0
        ],
        [
          "atomStatisticalDistribution",
          []
        ]
      ],
      [
        [
          "_metadata",
          {
            "jsonVersion": 3.0,
            "className": "AtomChemicalShift",
            "classVersion": 1.0,
            "user": "luca",
            "lastPath": "undefined",
            "timestamp": "Tue Jan  9 15:18:22 2024"
          }
        ],
        [
          "atomName",
          "2H14"
        ],
        [
          "atomElementName",
          ""
        ],
        [
          "atomAverageShift",
          3.546
        ],
        [
          "atomStdShift",
          null
        ],
        [
          "atomMinShift",
          3.546
        ],
        [
          "atomMaxShift",
          3.546
        ],
        [
          "atomDistributionRefValue",
          3.546
        ],
        [
          "atomDistributionValuePerPoint",
          1.0
        ],
        [
          "atomStatisticalDistribution",
          []
        ]
      ],
      [
        [
          "_metadata",
          {
            "jsonVersion": 3.0,
            "className": "AtomChemicalShift",
            "classVersion": 1.0,
            "user": "luca",
            "lastPath": "undefined",
            "timestamp": "Tue Jan  9 15:18:22 2024"
          }
        ],
        [
          "atomName",
          "2H17"
        ],
        [
          "atomElementName",
          ""
        ],
        [
          "atomAverageShift",
          3.515
        ],
        [
          "atomStdShift",
          null
        ],
        [
          "atomMinShift",
          3.515
        ],
        [
          "atomMaxShift",
          3.515
        ],
        [
          "atomDistributionRefValue",
          3.515
        ],
        [
          "atomDistributionValuePerPoint",
          1.0
        ],
        [
          "atomStatisticalDistribution",
          []
        ]
      ],
      [
        [
          "_metadata",
          {
            "jsonVersion": 3.0,
            "className": "AtomChemicalShift",
            "classVersion": 1.0,
            "user": "luca",
            "lastPath": "undefined",
            "timestamp": "Tue Jan  9 15:18:22 2024"
          }
        ],
        [
          "atomName",
          "2H20"
        ],
        [
          "atomElementName",
          ""
        ],
        [
          "atomAverageShift",
          3.558
        ],
        [
          "atomStdShift",
          null
        ],
        [
          "atomMinShift",
          3.558
        ],
        [
          "atomMaxShift",
          3.558
        ],
        [
          "atomDistributionRefValue",
          3.558
        ],
        [
          "atomDistributionValuePerPoint",
          1.0
        ],
        [
          "atomStatisticalDistribution",
          []
        ]
      ],
      [
        [
          "_metadata",
          {
            "jsonVersion": 3.0,
            "className": "AtomChemicalShift",
            "classVersion": 1.0,
            "user": "luca",
            "lastPath": "undefined",
            "timestamp": "Tue Jan  9 15:18:22 2024"
          }
        ],
        [
          "atomName",
          "2H9"
        ],
        [
          "atomElementName",
          ""
        ],
        [
          "atomAverageShift",
          3.356
        ],
        [
          "atomStdShift",
          null
        ],
        [
          "atomMinShift",
          3.356
        ],
        [
          "atomMaxShift",
          3.356
        ],
        [
          "atomDistributionRefValue",
          3.356
        ],
        [
          "atomDistributionValuePerPoint",
          1.0
        ],
        [
          "atomStatisticalDistribution",
          []
        ]
      ],
      [
        [
          "_metadata",
          {
            "jsonVersion": 3.0,
            "className": "AtomChemicalShift",
            "classVersion": 1.0,
            "user": "luca",
            "lastPath": "undefined",
            "timestamp": "Tue Jan  9 15:18:22 2024"
          }
        ],
        [
          "atomName",
          "2HN4"
        ],
        [
          "atomElementName",
          ""
        ],
        [
          "atomAverageShift",
          6.904
        ],
        [
          "atomStdShift",
          null
        ],
        [
          "atomMinShift",
          6.904
        ],
        [
          "atomMaxShift",
          6.904
        ],
        [
          "atomDistributionRefValue",
          6.904
        ],
        [
          "atomDistributionValuePerPoint",
          1.0
        ],
        [
          "atomStatisticalDistribution",
          []
        ]
      ],
      [
        [
          "_metadata",
          {
            "jsonVersion": 3.0,
            "className": "AtomChemicalShift",
            "classVersion": 1.0,
            "user": "luca",
            "lastPath": "undefined",
            "timestamp": "Tue Jan  9 15:18:22 2024"
          }
        ],
        [
          "atomName",
          "3H14"
        ],
        [
          "atomElementName",
          ""
        ],
        [
          "atomAverageShift",
          3.546
        ],
        [
          "atomStdShift",
          null
        ],
        [
          "atomMinShift",
          3.546
        ],
        [
          "atomMaxShift",
          3.546
        ],
        [
          "atomDistributionRefValue",
          3.546
        ],
        [
          "atomDistributionValuePerPoint",
          1.0
        ],
        [
          "atomStatisticalDistribution",
          []
        ]
      ],
      [
        [
          "_metadata",
          {
            "jsonVersion": 3.0,
            "className": "AtomChemicalShift",
            "classVersion": 1.0,
            "user": "luca",
            "lastPath": "undefined",
            "timestamp": "Tue Jan  9 15:18:22 2024"
          }
        ],
        [
          "atomName",
          "3H17"
        ],
        [
          "atomElementName",
          ""
        ],
        [
          "atomAverageShift",
          3.515
        ],
        [
          "atomStdShift",
          null
        ],
        [
          "atomMinShift",
          3.515
        ],
        [
          "atomMaxShift",
          3.515
        ],
        [
          "atomDistributionRefValue",
          3.515
        ],
        [
          "atomDistributionValuePerPoint",
          1.0
        ],
        [
          "atomStatisticalDistribution",
          []
        ]
      ],
      [
        [
          "_metadata",
          {
            "jsonVersion": 3.0,
            "className": "AtomChemicalShift",
            "classVersion": 1.0,
            "user": "luca",
            "lastPath": "undefined",
            "timestamp": "Tue Jan  9 15:18:22 2024"
          }
        ],
        [
          "atomName",
          "3H20"
        ],
        [
          "atomElementName",
          ""
        ],
        [
          "atomAverageShift",
          3.558
        ],
        [
          "atomStdShift",
          null
        ],
        [
          "atomMinShift",
          3.558
        ],
        [
          "atomMaxShift",
          3.558
        ],
        [
          "atomDistributionRefValue",
          3.558
        ],
        [
          "atomDistributionValuePerPoint",
          1.0
        ],
        [
          "atomStatisticalDistribution",
          []
        ]
      ],
      [
        [
          "_metadata",
          {
            "jsonVersion": 3.0,
            "className": "AtomChemicalShift",
            "classVersion": 1.0,
            "user": "luca",
            "lastPath": "undefined",
            "timestamp": "Tue Jan  9 15:18:22 2024"
          }
        ],
        [
          "atomName",
          "AH1*"
        ],
        [
          "atomElementName",
          ""
        ],
        [
          "atomAverageShift",
          6.748
        ],
        [
          "atomStdShift",
          null
        ],
        [
          "atomMinShift",
          6.748
        ],
        [
          "atomMaxShift",
          6.748
        ],
        [
          "atomDistributionRefValue",
          6.748
        ],
        [
          "atomDistributionValuePerPoint",
          1.0
        ],
        [
          "atomStatisticalDistribution",
          []
        ]
      ],
      [
        [
          "_metadata",
          {
            "jsonVersion": 3.0,
            "className": "AtomChemicalShift",
            "classVersion": 1.0,
            "user": "luca",
            "lastPath": "undefined",
            "timestamp": "Tue Jan  9 15:18:22 2024"
          }
        ],
        [
          "atomName",
          "AH2"
        ],
        [
          "atomElementName",
          ""
        ],
        [
          "atomAverageShift",
          7.342
        ],
        [
          "atomStdShift",
          null
        ],
        [
          "atomMinShift",
          7.342
        ],
        [
          "atomMaxShift",
          7.342
        ],
        [
          "atomDistributionRefValue",
          7.342
        ],
        [
          "atomDistributionValuePerPoint",
          1.0
        ],
        [
          "atomStatisticalDistribution",
          []
        ]
      ],
      [
        [
          "_metadata",
          {
            "jsonVersion": 3.0,
            "className": "AtomChemicalShift",
            "classVersion": 1.0,
            "user": "luca",
            "lastPath": "undefined",
            "timestamp": "Tue Jan  9 15:18:22 2024"
          }
        ],
        [
          "atomName",
          "AH2*"
        ],
        [
          "atomElementName",
          ""
        ],
        [
          "atomAverageShift",
          4.621
        ],
        [
          "atomStdShift",
          null
        ],
        [
          "atomMinShift",
          4.621
        ],
        [
          "atomMaxShift",
          4.621
        ],
        [
          "atomDistributionRefValue",
          4.621
        ],
        [
          "atomDistributionValuePerPoint",
          1.0
        ],
        [
          "atomStatisticalDistribution",
          []
        ]
      ],
      [
        [
          "_metadata",
          {
            "jsonVersion": 3.0,
            "className": "AtomChemicalShift",
            "classVersion": 1.0,
            "user": "luca",
            "lastPath": "undefined",
            "timestamp": "Tue Jan  9 15:18:22 2024"
          }
        ],
        [
          "atomName",
          "AH3*"
        ],
        [
          "atomElementName",
          ""
        ],
        [
          "atomAverageShift",
          4.514
        ],
        [
          "atomStdShift",
          null
        ],
        [
          "atomMinShift",
          4.514
        ],
        [
          "atomMaxShift",
          4.514
        ],
        [
          "atomDistributionRefValue",
          4.514
        ],
        [
          "atomDistributionValuePerPoint",
          1.0
        ],
        [
          "atomStatisticalDistribution",
          []
        ]
      ],
      [
        [
          "_metadata",
          {
            "jsonVersion": 3.0,
            "className": "AtomChemicalShift",
            "classVersion": 1.0,
            "user": "luca",
            "lastPath": "undefined",
            "timestamp": "Tue Jan  9 15:18:22 2024"
          }
        ],
        [
          "atomName",
          "AH4*"
        ],
        [
          "atomElementName",
          ""
        ],
        [
          "atomAverageShift",
          4.227
        ],
        [
          "atomStdShift",
          null
        ],
        [
          "atomMinShift",
          4.227
        ],
        [
          "atomMaxShift",
          4.227
        ],
        [
          "atomDistributionRefValue",
          4.227
        ],
        [
          "atomDistributionValuePerPoint",
          1.0
        ],
        [
          "atomStatisticalDistribution",
          []
        ]
      ],
      [
        [
          "_metadata",
          {
            "jsonVersion": 3.0,
            "className": "AtomChemicalShift",
            "classVersion": 1.0,
            "user": "luca",
            "lastPath": "undefined",
            "timestamp": "Tue Jan  9 15:18:22 2024"
          }
        ],
        [
          "atomName",
          "AH51"
        ],
        [
          "atomElementName",
          ""
        ],
        [
          "atomAverageShift",
          4.066
        ],
        [
          "atomStdShift",
          null
        ],
        [
          "atomMinShift",
          4.066
        ],
        [
          "atomMaxShift",
          4.066
        ],
        [
          "atomDistributionRefValue",
          4.066
        ],
        [
          "atomDistributionValuePerPoint",
          1.0
        ],
        [
          "atomStatisticalDistribution",
          []
        ]
      ],
      [
        [
          "_metadata",
          {
            "jsonVersion": 3.0,
            "className": "AtomChemicalShift",
            "classVersion": 1.0,
            "user": "luca",
            "lastPath": "undefined",
            "timestamp": "Tue Jan  9 15:18:22 2024"
          }
        ],
        [
          "atomName",
          "AH52"
        ],
        [
          "atomElementName",
          ""
        ],
        [
          "atomAverageShift",
          4.213
        ],
        [
          "atomStdShift",
          null
        ],
        [
          "atomMinShift",
          4.213
        ],
        [
          "atomMaxShift",
          4.213
        ],
        [
          "atomDistributionRefValue",
          4.213
        ],
        [
          "atomDistributionValuePerPoint",
          1.0
        ],
        [
          "atomStatisticalDistribution",
          []
        ]
      ],
      [
        [
          "_metadata",
          {
            "jsonVersion": 3.0,
            "className": "AtomChemicalShift",
            "classVersion": 1.0,
            "user": "luca",
            "lastPath": "undefined",
            "timestamp": "Tue Jan  9 15:18:22 2024"
          }
        ],
        [
          "atomName",
          "AH61"
        ],
        [
          "atomElementName",
          ""
        ],
        [
          "atomAverageShift",
          6.506
        ],
        [
          "atomStdShift",
          null
        ],
        [
          "atomMinShift",
          6.506
        ],
        [
          "atomMaxShift",
          6.506
        ],
        [
          "atomDistributionRefValue",
          6.506
        ],
        [
          "atomDistributionValuePerPoint",
          1.0
        ],
        [
          "atomStatisticalDistribution",
          []
        ]
      ],
      [
        [
          "_metadata",
          {
            "jsonVersion": 3.0,
            "className": "AtomChemicalShift",
            "classVersion": 1.0,
            "user": "luca",
            "lastPath": "undefined",
            "timestamp": "Tue Jan  9 15:18:22 2024"
          }
        ],
        [
          "atomName",
          "AH8"
        ],
        [
          "atomElementName",
          ""
        ],
        [
          "atomAverageShift",
          7.984
        ],
        [
          "atomStdShift",
          null
        ],
        [
          "atomMinShift",
          7.984
        ],
        [
          "atomMaxShift",
          7.984
        ],
        [
          "atomDistributionRefValue",
          7.984
        ],
        [
          "atomDistributionValuePerPoint",
          1.0
        ],
        [
          "atomStatisticalDistribution",
          []
        ]
      ],
      [
        [
          "_metadata",
          {
            "jsonVersion": 3.0,
            "className": "AtomChemicalShift",
            "classVersion": 1.0,
            "user": "luca",
            "lastPath": "undefined",
            "timestamp": "Tue Jan  9 15:18:22 2024"
          }
        ],
        [
          "atomName",
          "H1"
        ],
        [
          "atomElementName",
          ""
        ],
        [
          "atomAverageShift",
          6.286
        ],
        [
          "atomStdShift",
          null
        ],
        [
          "atomMinShift",
          6.286
        ],
        [
          "atomMaxShift",
          6.286
        ],
        [
          "atomDistributionRefValue",
          6.286
        ],
        [
          "atomDistributionValuePerPoint",
          1.0
        ],
        [
          "atomStatisticalDistribution",
          []
        ]
      ],
      [
        [
          "_metadata",
          {
            "jsonVersion": 3.0,
            "className": "AtomChemicalShift",
            "classVersion": 1.0,
            "user": "luca",
            "lastPath": "undefined",
            "timestamp": "Tue Jan  9 15:18:22 2024"
          }
        ],
        [
          "atomName",
          "H11"
        ],
        [
          "atomElementName",
          ""
        ],
        [
          "atomAverageShift",
          5.775
        ],
        [
          "atomStdShift",
          null
        ],
        [
          "atomMinShift",
          5.775
        ],
        [
          "atomMaxShift",
          5.775
        ],
        [
          "atomDistributionRefValue",
          5.775
        ],
        [
          "atomDistributionValuePerPoint",
          1.0
        ],
        [
          "atomStatisticalDistribution",
          []
        ]
      ],
      [
        [
          "_metadata",
          {
            "jsonVersion": 3.0,
            "className": "AtomChemicalShift",
            "classVersion": 1.0,
            "user": "luca",
            "lastPath": "undefined",
            "timestamp": "Tue Jan  9 15:18:22 2024"
          }
        ],
        [
          "atomName",
          "H21"
        ],
        [
          "atomElementName",
          ""
        ],
        [
          "atomAverageShift",
          5.767
        ],
        [
          "atomStdShift",
          null
        ],
        [
          "atomMinShift",
          5.767
        ],
        [
          "atomMaxShift",
          5.767
        ],
        [
          "atomDistributionRefValue",
          5.767
        ],
        [
          "atomDistributionValuePerPoint",
          1.0
        ],
        [
          "atomStatisticalDistribution",
          []
        ]
      ],
      [
        [
          "_metadata",
          {
            "jsonVersion": 3.0,
            "className": "AtomChemicalShift",
            "classVersion": 1.0,
            "user": "luca",
            "lastPath": "undefined",
            "timestamp": "Tue Jan  9 15:18:22 2024"
          }
        ],
        [
          "atomName",
          "NH1*"
        ],
        [
          "atomElementName",
          ""
        ],
        [
          "atomAverageShift",
          4.526
        ],
        [
          "atomStdShift",
          null
        ],
        [
          "atomMinShift",
          4.526
        ],
        [
          "atomMaxShift",
          4.526
        ],
        [
          "atomDistributionRefValue",
          4.526
        ],
        [
          "atomDistributionValuePerPoint",
          1.0
        ],
        [
          "atomStatisticalDistribution",
          []
        ]
      ],
      [
        [
          "_metadata",
          {
            "jsonVersion": 3.0,
            "className": "AtomChemicalShift",
            "classVersion": 1.0,
            "user": "luca",
            "lastPath": "undefined",
            "timestamp": "Tue Jan  9 15:18:22 2024"
          }
        ],
        [
          "atomName",
          "NH2"
        ],
        [
          "atomElementName",
          ""
        ],
        [
          "atomAverageShift",
          7.3
        ],
        [
          "atomStdShift",
          null
        ],
        [
          "atomMinShift",
          7.3
        ],
        [
          "atomMaxShift",
          7.3
        ],
        [
          "atomDistributionRefValue",
          7.3
        ],
        [
          "atomDistributionValuePerPoint",
          1.0
        ],
        [
          "atomStatisticalDistribution",
          []
        ]
      ],
      [
        [
          "_metadata",
          {
            "jsonVersion": 3.0,
            "className": "AtomChemicalShift",
            "classVersion": 1.0,
            "user": "luca",
            "lastPath": "undefined",
            "timestamp": "Tue Jan  9 15:18:22 2024"
          }
        ],
        [
          "atomName",
          "NH2*"
        ],
        [
          "atomElementName",
          ""
        ],
        [
          "atomAverageShift",
          3.533
        ],
        [
          "atomStdShift",
          null
        ],
        [
          "atomMinShift",
          3.533
        ],
        [
          "atomMaxShift",
          3.533
        ],
        [
          "atomDistributionRefValue",
          3.533
        ],
        [
          "atomDistributionValuePerPoint",
          1.0
        ],
        [
          "atomStatisticalDistribution",
          []
        ]
      ],
      [
        [
          "_metadata",
          {
            "jsonVersion": 3.0,
            "className": "AtomChemicalShift",
            "classVersion": 1.0,
            "user": "luca",
            "lastPath": "undefined",
            "timestamp": "Tue Jan  9 15:18:22 2024"
          }
        ],
        [
          "atomName",
          "NH4*"
        ],
        [
          "atomElementName",
          ""
        ],
        [
          "atomAverageShift",
          3.612
        ],
        [
          "atomStdShift",
          null
        ],
        [
          "atomMinShift",
          3.612
        ],
        [
          "atomMaxShift",
          3.612
        ],
        [
          "atomDistributionRefValue",
          3.612
        ],
        [
          "atomDistributionValuePerPoint",
          1.0
        ],
        [
          "atomStatisticalDistribution",
          []
        ]
      ],
      [
        [
          "_metadata",
          {
            "jsonVersion": 3.0,
            "className": "AtomChemicalShift",
            "classVersion": 1.0,
            "user": "luca",
            "lastPath": "undefined",
            "timestamp": "Tue Jan  9 15:18:22 2024"
          }
        ],
        [
          "atomName",
          "NH41"
        ],
        [
          "atomElementName",
          ""
        ],
        [
          "atomAverageShift",
          3.339
        ],
        [
          "atomStdShift",
          null
        ],
        [
          "atomMinShift",
          3.339
        ],
        [
          "atomMaxShift",
          3.339
        ],
        [
          "atomDistributionRefValue",
          3.339
        ],
        [
          "atomDistributionValuePerPoint",
          1.0
        ],
        [
          "atomStatisticalDistribution",
          []
        ]
      ],
      [
        [
          "_metadata",
          {
            "jsonVersion": 3.0,
            "className": "AtomChemicalShift",
            "classVersion": 1.0,
            "user": "luca",
            "lastPath": "undefined",
            "timestamp": "Tue Jan  9 15:18:22 2024"
          }
        ],
        [
          "atomName",
          "NH42"
        ],
        [
          "atomElementName",
          ""
        ],
        [
          "atomAverageShift",
          3.463
        ],
        [
          "atomStdShift",
          null
        ],
        [
          "atomMinShift",
          3.463
        ],
        [
          "atomMaxShift",
          3.463
        ],
        [
          "atomDistributionRefValue",
          3.463
        ],
        [
          "atomDistributionValuePerPoint",
          1.0
        ],
        [
          "atomStatisticalDistribution",
          []
        ]
      ],
      [
        [
          "_metadata",
          {
            "jsonVersion": 3.0,
            "className": "AtomChemicalShift",
            "classVersion": 1.0,
            "user": "luca",
            "lastPath": "undefined",
            "timestamp": "Tue Jan  9 15:18:22 2024"
          }
        ],
        [
          "atomName",
          "NH5"
        ],
        [
          "atomElementName",
          ""
        ],
        [
          "atomAverageShift",
          5.61
        ],
        [
          "atomStdShift",
          null
        ],
        [
          "atomMinShift",
          5.61
        ],
        [
          "atomMaxShift",
          5.61
        ],
        [
          "atomDistributionRefValue",
          5.61
        ],
        [
          "atomDistributionValuePerPoint",
          1.0
        ],
        [
          "atomStatisticalDistribution",
          []
        ]
      ],
      [
        [
          "_metadata",
          {
            "jsonVersion": 3.0,
            "className": "AtomChemicalShift",
            "classVersion": 1.0,
            "user": "luca",
            "lastPath": "undefined",
            "timestamp": "Tue Jan  9 15:18:22 2024"
          }
        ],
        [
          "atomName",
          "NH51"
        ],
        [
          "atomElementName",
          ""
        ],
        [
          "atomAverageShift",
          3.682
        ],
        [
          "atomStdShift",
          null
        ],
        [
          "atomMinShift",
          3.682
        ],
        [
          "atomMaxShift",
          3.682
        ],
        [
          "atomDistributionRefValue",
          3.682
        ],
        [
          "atomDistributionValuePerPoint",
          1.0
        ],
        [
          "atomStatisticalDistribution",
          []
        ]
      ],
      [
        [
          "_metadata",
          {
            "jsonVersion": 3.0,
            "className": "AtomChemicalShift",
            "classVersion": 1.0,
            "user": "luca",
            "lastPath": "undefined",
            "timestamp": "Tue Jan  9 15:18:22 2024"
          }
        ],
        [
          "atomName",
          "NH52"
        ],
        [
          "atomElementName",
          ""
        ],
        [
          "atomAverageShift",
          4.069
        ],
        [
          "atomStdShift",
          null
        ],
        [
          "atomMinShift",
          4.069
        ],
        [
          "atomMaxShift",
          4.069
        ],
        [
          "atomDistributionRefValue",
          4.069
        ],
        [
          "atomDistributionValuePerPoint",
          1.0
        ],
        [
          "atomStatisticalDistribution",
          []
        ]
      ],
      [
        [
          "_metadata",
          {
            "jsonVersion": 3.0,
            "className": "AtomChemicalShift",
            "classVersion": 1.0,
            "user": "luca",
            "lastPath": "undefined",
            "timestamp": "Tue Jan  9 15:18:22 2024"
          }
        ],
        [
          "atomName",
          "NH6"
        ],
        [
          "atomElementName",
          ""
        ],
        [
          "atomAverageShift",
          6.778
        ],
        [
          "atomStdShift",
          null
        ],
        [
          "atomMinShift",
          6.778
        ],
        [
          "atomMaxShift",
          6.778
        ],
        [
          "atomDistributionRefValue",
          6.778
        ],
        [
          "atomDistributionValuePerPoint",
          1.0
        ],
        [
          "atomStatisticalDistribution",
          []
        ]
      ],
      [
        [
          "_metadata",
          {
            "jsonVersion": 3.0,
            "className": "AtomChemicalShift",
            "classVersion": 1.0,
            "user": "luca",
            "lastPath": "undefined",
            "timestamp": "Tue Jan  9 15:18:22 2024"
          }
        ],
        [
          "atomName",
          "NH71"
        ],
        [
          "atomElementName",
          ""
        ],
        [
          "atomAverageShift",
          7.545
        ],
        [
          "atomStdShift",
          null
        ],
        [
          "atomMinShift",
          7.545
        ],
        [
          "atomMaxShift",
          7.545
        ],
        [
          "atomDistributionRefValue",
          7.545
        ],
        [
          "atomDistributionValuePerPoint",
          1.0
        ],
        [
          "atomStatisticalDistribution",
          []
        ]
      ],
      [
        [
          "_metadata",
          {
            "jsonVersion": 3.0,
            "className": "AtomChemicalShift",
            "classVersion": 1.0,
            "user": "luca",
            "lastPath": "undefined",
            "timestamp": "Tue Jan  9 15:18:22 2024"
          }
        ],
        [
          "atomName",
          "NH72"
        ],
        [
          "atomElementName",
          ""
        ],
        [
          "atomAverageShift",
          8.418
        ],
        [
          "atomStdShift",
          null
        ],
        [
          "atomMinShift",
          8.418
        ],
        [
          "atomMaxShift",
          8.418
        ],
        [
          "atomDistributionRefValue",
          8.418
        ],
        [
          "atomDistributionValuePerPoint",
          1.0
        ],
        [
          "atomStatisticalDistribution",
          []
        ]
      ],
      [
        [
          "_metadata",
          {
            "jsonVersion": 3.0,
            "className": "AtomChemicalShift",
            "classVersion": 1.0,
            "user": "luca",
            "lastPath": "undefined",
            "timestamp": "Tue Jan  9 15:18:22 2024"
          }
        ],
        [
          "atomName",
          "NHO3"
        ],
        [
          "atomElementName",
          ""
        ],
        [
          "atomAverageShift",
          6.41
        ],
        [
          "atomStdShift",
          null
        ],
        [
          "atomMinShift",
          6.41
        ],
        [
          "atomMaxShift",
          6.41
        ],
        [
          "atomDistributionRefValue",
          6.41
        ],
        [
          "atomDistributionValuePerPoint",
          1.0
        ],
        [
          "atomStatisticalDistribution",
          []
        ]
      ]
    ]
  ]
]