[
  [
    "_metadata",
    {
      "jsonVersion": 3,
      "className": "ReferenceChemicalShift",
      "classVersion": 1,
      "user": "CCPN",
      "lastPath": "/Users/luca/Projects/AnalysisV3/resources/referenceChemicalShifts/NonStandard/Non-Polymer/NAZ.json",
      "timestamp": "Tue Jan  9 15:18:15 2024",
      "applicationVersion": 3.2
    }
  ],
  [
    "chemicalShiftName",
    "Non-Standard Residues / Small Molecules"
  ],
  [
    "chemicalShiftComment",
    "The CCPN Analysis Version 3 ReferenceChemical shifts retrieved from BMRB"
  ],
  [
    "chemicalShiftEntryDate",
    "2023-09-14-14:25:08"
  ],
  [
    "compoundName",
    "N~3~-{3-[(7-METHYL-1,8-NAPHTHYRIDIN-2-YL)AMINO]-3-OXOPROPYL}-N~1~-[(7-OXO-7,8-DIHYDRO-1,8-NAPHTHYRIDIN-2-YL)METHYL]-BET\nA-ALANINAMIDE"
  ],
  [
    "compoundShortName",
    "NAZ"
  ],
  [
    "compoundCcpCode",
    "NAZ"
  ],
  [
    "compoundType",
    "Non-Polymer"
  ],
  [
    "compoundTypeClassification",
    "non-polymer"
  ],
  [
    "compoundPrecursorName",
    ""
  ],
  [
    "loadingLevel",
    0
  ],
  [
    "atoms",
    [
      [
        [
          "_metadata",
          {
            "jsonVersion": 3.0,
            "className": "AtomChemicalShift",
            "classVersion": 1.0,
            "user": "luca",
            "lastPath": "undefined",
            "timestamp": "Tue Jan  9 15:18:15 2024"
          }
        ],
        [
          "atomName",
          "H35"
        ],
        [
          "atomElementName",
          ""
        ],
        [
          "atomAverageShift",
          12.652
        ],
        [
          "atomStdShift",
          0.081
        ],
        [
          "atomMinShift",
          12.595
        ],
        [
          "atomMaxShift",
          12.709
        ],
        [
          "atomDistributionRefValue",
          12.595
        ],
        [
          "atomDistributionValuePerPoint",
          1.0
        ],
        [
          "atomStatisticalDistribution",
          []
        ]
      ],
      [
        [
          "_metadata",
          {
            "jsonVersion": 3.0,
            "className": "AtomChemicalShift",
            "classVersion": 1.0,
            "user": "luca",
            "lastPath": "undefined",
            "timestamp": "Tue Jan  9 15:18:15 2024"
          }
        ],
        [
          "atomName",
          "H36"
        ],
        [
          "atomElementName",
          ""
        ],
        [
          "atomAverageShift",
          3.688
        ],
        [
          "atomStdShift",
          0.026
        ],
        [
          "atomMinShift",
          3.669
        ],
        [
          "atomMaxShift",
          3.706
        ],
        [
          "atomDistributionRefValue",
          3.669
        ],
        [
          "atomDistributionValuePerPoint",
          1.0
        ],
        [
          "atomStatisticalDistribution",
          []
        ]
      ],
      [
        [
          "_metadata",
          {
            "jsonVersion": 3.0,
            "className": "AtomChemicalShift",
            "classVersion": 1.0,
            "user": "luca",
            "lastPath": "undefined",
            "timestamp": "Tue Jan  9 15:18:15 2024"
          }
        ],
        [
          "atomName",
          "H37"
        ],
        [
          "atomElementName",
          ""
        ],
        [
          "atomAverageShift",
          4.109
        ],
        [
          "atomStdShift",
          0.006
        ],
        [
          "atomMinShift",
          4.105
        ],
        [
          "atomMaxShift",
          4.113
        ],
        [
          "atomDistributionRefValue",
          4.105
        ],
        [
          "atomDistributionValuePerPoint",
          1.0
        ],
        [
          "atomStatisticalDistribution",
          []
        ]
      ],
      [
        [
          "_metadata",
          {
            "jsonVersion": 3.0,
            "className": "AtomChemicalShift",
            "classVersion": 1.0,
            "user": "luca",
            "lastPath": "undefined",
            "timestamp": "Tue Jan  9 15:18:15 2024"
          }
        ],
        [
          "atomName",
          "H38"
        ],
        [
          "atomElementName",
          ""
        ],
        [
          "atomAverageShift",
          3.335
        ],
        [
          "atomStdShift",
          0.008
        ],
        [
          "atomMinShift",
          3.329
        ],
        [
          "atomMaxShift",
          3.341
        ],
        [
          "atomDistributionRefValue",
          3.329
        ],
        [
          "atomDistributionValuePerPoint",
          1.0
        ],
        [
          "atomStatisticalDistribution",
          []
        ]
      ],
      [
        [
          "_metadata",
          {
            "jsonVersion": 3.0,
            "className": "AtomChemicalShift",
            "classVersion": 1.0,
            "user": "luca",
            "lastPath": "undefined",
            "timestamp": "Tue Jan  9 15:18:15 2024"
          }
        ],
        [
          "atomName",
          "H39"
        ],
        [
          "atomElementName",
          ""
        ],
        [
          "atomAverageShift",
          3.426
        ],
        [
          "atomStdShift",
          0.04
        ],
        [
          "atomMinShift",
          3.397
        ],
        [
          "atomMaxShift",
          3.454
        ],
        [
          "atomDistributionRefValue",
          3.397
        ],
        [
          "atomDistributionValuePerPoint",
          1.0
        ],
        [
          "atomStatisticalDistribution",
          []
        ]
      ],
      [
        [
          "_metadata",
          {
            "jsonVersion": 3.0,
            "className": "AtomChemicalShift",
            "classVersion": 1.0,
            "user": "luca",
            "lastPath": "undefined",
            "timestamp": "Tue Jan  9 15:18:15 2024"
          }
        ],
        [
          "atomName",
          "H40"
        ],
        [
          "atomElementName",
          ""
        ],
        [
          "atomAverageShift",
          8.771
        ],
        [
          "atomStdShift",
          0.032
        ],
        [
          "atomMinShift",
          8.748
        ],
        [
          "atomMaxShift",
          8.793
        ],
        [
          "atomDistributionRefValue",
          8.748
        ],
        [
          "atomDistributionValuePerPoint",
          1.0
        ],
        [
          "atomStatisticalDistribution",
          []
        ]
      ],
      [
        [
          "_metadata",
          {
            "jsonVersion": 3.0,
            "className": "AtomChemicalShift",
            "classVersion": 1.0,
            "user": "luca",
            "lastPath": "undefined",
            "timestamp": "Tue Jan  9 15:18:15 2024"
          }
        ],
        [
          "atomName",
          "H41"
        ],
        [
          "atomElementName",
          ""
        ],
        [
          "atomAverageShift",
          3.284
        ],
        [
          "atomStdShift",
          0.02
        ],
        [
          "atomMinShift",
          3.27
        ],
        [
          "atomMaxShift",
          3.298
        ],
        [
          "atomDistributionRefValue",
          3.27
        ],
        [
          "atomDistributionValuePerPoint",
          1.0
        ],
        [
          "atomStatisticalDistribution",
          []
        ]
      ],
      [
        [
          "_metadata",
          {
            "jsonVersion": 3.0,
            "className": "AtomChemicalShift",
            "classVersion": 1.0,
            "user": "luca",
            "lastPath": "undefined",
            "timestamp": "Tue Jan  9 15:18:15 2024"
          }
        ],
        [
          "atomName",
          "H42"
        ],
        [
          "atomElementName",
          ""
        ],
        [
          "atomAverageShift",
          3.183
        ],
        [
          "atomStdShift",
          0.021
        ],
        [
          "atomMinShift",
          3.168
        ],
        [
          "atomMaxShift",
          3.197
        ],
        [
          "atomDistributionRefValue",
          3.168
        ],
        [
          "atomDistributionValuePerPoint",
          1.0
        ],
        [
          "atomStatisticalDistribution",
          []
        ]
      ],
      [
        [
          "_metadata",
          {
            "jsonVersion": 3.0,
            "className": "AtomChemicalShift",
            "classVersion": 1.0,
            "user": "luca",
            "lastPath": "undefined",
            "timestamp": "Tue Jan  9 15:18:15 2024"
          }
        ],
        [
          "atomName",
          "H43"
        ],
        [
          "atomElementName",
          ""
        ],
        [
          "atomAverageShift",
          2.61
        ],
        [
          "atomStdShift",
          0.03
        ],
        [
          "atomMinShift",
          2.589
        ],
        [
          "atomMaxShift",
          2.631
        ],
        [
          "atomDistributionRefValue",
          2.589
        ],
        [
          "atomDistributionValuePerPoint",
          1.0
        ],
        [
          "atomStatisticalDistribution",
          []
        ]
      ],
      [
        [
          "_metadata",
          {
            "jsonVersion": 3.0,
            "className": "AtomChemicalShift",
            "classVersion": 1.0,
            "user": "luca",
            "lastPath": "undefined",
            "timestamp": "Tue Jan  9 15:18:15 2024"
          }
        ],
        [
          "atomName",
          "H44"
        ],
        [
          "atomElementName",
          ""
        ],
        [
          "atomAverageShift",
          2.446
        ],
        [
          "atomStdShift",
          0.052
        ],
        [
          "atomMinShift",
          2.409
        ],
        [
          "atomMaxShift",
          2.483
        ],
        [
          "atomDistributionRefValue",
          2.409
        ],
        [
          "atomDistributionValuePerPoint",
          1.0
        ],
        [
          "atomStatisticalDistribution",
          []
        ]
      ],
      [
        [
          "_metadata",
          {
            "jsonVersion": 3.0,
            "className": "AtomChemicalShift",
            "classVersion": 1.0,
            "user": "luca",
            "lastPath": "undefined",
            "timestamp": "Tue Jan  9 15:18:15 2024"
          }
        ],
        [
          "atomName",
          "H45"
        ],
        [
          "atomElementName",
          ""
        ],
        [
          "atomAverageShift",
          7.698
        ],
        [
          "atomStdShift",
          0.096
        ],
        [
          "atomMinShift",
          7.63
        ],
        [
          "atomMaxShift",
          7.766
        ],
        [
          "atomDistributionRefValue",
          7.63
        ],
        [
          "atomDistributionValuePerPoint",
          1.0
        ],
        [
          "atomStatisticalDistribution",
          []
        ]
      ],
      [
        [
          "_metadata",
          {
            "jsonVersion": 3.0,
            "className": "AtomChemicalShift",
            "classVersion": 1.0,
            "user": "luca",
            "lastPath": "undefined",
            "timestamp": "Tue Jan  9 15:18:15 2024"
          }
        ],
        [
          "atomName",
          "H46"
        ],
        [
          "atomElementName",
          ""
        ],
        [
          "atomAverageShift",
          6.579
        ],
        [
          "atomStdShift",
          0.121
        ],
        [
          "atomMinShift",
          6.493
        ],
        [
          "atomMaxShift",
          6.664
        ],
        [
          "atomDistributionRefValue",
          6.493
        ],
        [
          "atomDistributionValuePerPoint",
          1.0
        ],
        [
          "atomStatisticalDistribution",
          []
        ]
      ],
      [
        [
          "_metadata",
          {
            "jsonVersion": 3.0,
            "className": "AtomChemicalShift",
            "classVersion": 1.0,
            "user": "luca",
            "lastPath": "undefined",
            "timestamp": "Tue Jan  9 15:18:15 2024"
          }
        ],
        [
          "atomName",
          "H47"
        ],
        [
          "atomElementName",
          ""
        ],
        [
          "atomAverageShift",
          6.069
        ],
        [
          "atomStdShift",
          0.128
        ],
        [
          "atomMinShift",
          5.978
        ],
        [
          "atomMaxShift",
          6.159
        ],
        [
          "atomDistributionRefValue",
          5.978
        ],
        [
          "atomDistributionValuePerPoint",
          1.0
        ],
        [
          "atomStatisticalDistribution",
          []
        ]
      ],
      [
        [
          "_metadata",
          {
            "jsonVersion": 3.0,
            "className": "AtomChemicalShift",
            "classVersion": 1.0,
            "user": "luca",
            "lastPath": "undefined",
            "timestamp": "Tue Jan  9 15:18:15 2024"
          }
        ],
        [
          "atomName",
          "H48"
        ],
        [
          "atomElementName",
          ""
        ],
        [
          "atomAverageShift",
          6.323
        ],
        [
          "atomStdShift",
          0.202
        ],
        [
          "atomMinShift",
          6.18
        ],
        [
          "atomMaxShift",
          6.465
        ],
        [
          "atomDistributionRefValue",
          6.18
        ],
        [
          "atomDistributionValuePerPoint",
          1.0
        ],
        [
          "atomStatisticalDistribution",
          []
        ]
      ],
      [
        [
          "_metadata",
          {
            "jsonVersion": 3.0,
            "className": "AtomChemicalShift",
            "classVersion": 1.0,
            "user": "luca",
            "lastPath": "undefined",
            "timestamp": "Tue Jan  9 15:18:15 2024"
          }
        ],
        [
          "atomName",
          "H49"
        ],
        [
          "atomElementName",
          ""
        ],
        [
          "atomAverageShift",
          10.789
        ],
        [
          "atomStdShift",
          0.177
        ],
        [
          "atomMinShift",
          10.664
        ],
        [
          "atomMaxShift",
          10.914
        ],
        [
          "atomDistributionRefValue",
          10.664
        ],
        [
          "atomDistributionValuePerPoint",
          1.0
        ],
        [
          "atomStatisticalDistribution",
          []
        ]
      ],
      [
        [
          "_metadata",
          {
            "jsonVersion": 3.0,
            "className": "AtomChemicalShift",
            "classVersion": 1.0,
            "user": "luca",
            "lastPath": "undefined",
            "timestamp": "Tue Jan  9 15:18:15 2024"
          }
        ],
        [
          "atomName",
          "H50"
        ],
        [
          "atomElementName",
          ""
        ],
        [
          "atomAverageShift",
          1.763
        ],
        [
          "atomStdShift",
          0.074
        ],
        [
          "atomMinShift",
          1.71
        ],
        [
          "atomMaxShift",
          1.815
        ],
        [
          "atomDistributionRefValue",
          1.71
        ],
        [
          "atomDistributionValuePerPoint",
          1.0
        ],
        [
          "atomStatisticalDistribution",
          []
        ]
      ],
      [
        [
          "_metadata",
          {
            "jsonVersion": 3.0,
            "className": "AtomChemicalShift",
            "classVersion": 1.0,
            "user": "luca",
            "lastPath": "undefined",
            "timestamp": "Tue Jan  9 15:18:15 2024"
          }
        ],
        [
          "atomName",
          "H53"
        ],
        [
          "atomElementName",
          ""
        ],
        [
          "atomAverageShift",
          2.778
        ],
        [
          "atomStdShift",
          0.015
        ],
        [
          "atomMinShift",
          2.767
        ],
        [
          "atomMaxShift",
          2.788
        ],
        [
          "atomDistributionRefValue",
          2.767
        ],
        [
          "atomDistributionValuePerPoint",
          1.0
        ],
        [
          "atomStatisticalDistribution",
          []
        ]
      ],
      [
        [
          "_metadata",
          {
            "jsonVersion": 3.0,
            "className": "AtomChemicalShift",
            "classVersion": 1.0,
            "user": "luca",
            "lastPath": "undefined",
            "timestamp": "Tue Jan  9 15:18:15 2024"
          }
        ],
        [
          "atomName",
          "H55"
        ],
        [
          "atomElementName",
          ""
        ],
        [
          "atomAverageShift",
          8.452
        ],
        [
          "atomStdShift",
          0.02
        ],
        [
          "atomMinShift",
          8.438
        ],
        [
          "atomMaxShift",
          8.466
        ],
        [
          "atomDistributionRefValue",
          8.438
        ],
        [
          "atomDistributionValuePerPoint",
          1.0
        ],
        [
          "atomStatisticalDistribution",
          []
        ]
      ],
      [
        [
          "_metadata",
          {
            "jsonVersion": 3.0,
            "className": "AtomChemicalShift",
            "classVersion": 1.0,
            "user": "luca",
            "lastPath": "undefined",
            "timestamp": "Tue Jan  9 15:18:15 2024"
          }
        ],
        [
          "atomName",
          "H56"
        ],
        [
          "atomElementName",
          ""
        ],
        [
          "atomAverageShift",
          5.874
        ],
        [
          "atomStdShift",
          0.041
        ],
        [
          "atomMinShift",
          5.845
        ],
        [
          "atomMaxShift",
          5.903
        ],
        [
          "atomDistributionRefValue",
          5.845
        ],
        [
          "atomDistributionValuePerPoint",
          1.0
        ],
        [
          "atomStatisticalDistribution",
          []
        ]
      ],
      [
        [
          "_metadata",
          {
            "jsonVersion": 3.0,
            "className": "AtomChemicalShift",
            "classVersion": 1.0,
            "user": "luca",
            "lastPath": "undefined",
            "timestamp": "Tue Jan  9 15:18:15 2024"
          }
        ],
        [
          "atomName",
          "H57"
        ],
        [
          "atomElementName",
          ""
        ],
        [
          "atomAverageShift",
          6.948
        ],
        [
          "atomStdShift",
          0.069
        ],
        [
          "atomMinShift",
          6.899
        ],
        [
          "atomMaxShift",
          6.997
        ],
        [
          "atomDistributionRefValue",
          6.899
        ],
        [
          "atomDistributionValuePerPoint",
          1.0
        ],
        [
          "atomStatisticalDistribution",
          []
        ]
      ],
      [
        [
          "_metadata",
          {
            "jsonVersion": 3.0,
            "className": "AtomChemicalShift",
            "classVersion": 1.0,
            "user": "luca",
            "lastPath": "undefined",
            "timestamp": "Tue Jan  9 15:18:15 2024"
          }
        ],
        [
          "atomName",
          "H58"
        ],
        [
          "atomElementName",
          ""
        ],
        [
          "atomAverageShift",
          6.33
        ],
        [
          "atomStdShift",
          0.066
        ],
        [
          "atomMinShift",
          6.283
        ],
        [
          "atomMaxShift",
          6.377
        ],
        [
          "atomDistributionRefValue",
          6.283
        ],
        [
          "atomDistributionValuePerPoint",
          1.0
        ],
        [
          "atomStatisticalDistribution",
          []
        ]
      ],
      [
        [
          "_metadata",
          {
            "jsonVersion": 3.0,
            "className": "AtomChemicalShift",
            "classVersion": 1.0,
            "user": "luca",
            "lastPath": "undefined",
            "timestamp": "Tue Jan  9 15:18:15 2024"
          }
        ],
        [
          "atomName",
          "H59"
        ],
        [
          "atomElementName",
          ""
        ],
        [
          "atomAverageShift",
          6.73
        ],
        [
          "atomStdShift",
          0.081
        ],
        [
          "atomMinShift",
          6.673
        ],
        [
          "atomMaxShift",
          6.787
        ],
        [
          "atomDistributionRefValue",
          6.673
        ],
        [
          "atomDistributionValuePerPoint",
          1.0
        ],
        [
          "atomStatisticalDistribution",
          []
        ]
      ]
    ]
  ]
]