[
  [
    "_metadata",
    {
      "jsonVersion": 3,
      "className": "ReferenceChemicalShift",
      "classVersion": 1,
      "user": "CCPN",
      "lastPath": "/Users/luca/Projects/AnalysisV3/resources/referenceChemicalShifts/NonStandard/Non-Polymer/NDP.json",
      "timestamp": "Tue Jan  9 15:18:18 2024",
      "applicationVersion": 3.2
    }
  ],
  [
    "chemicalShiftName",
    "Non-Standard Residues / Small Molecules"
  ],
  [
    "chemicalShiftComment",
    "The CCPN Analysis Version 3 ReferenceChemical shifts retrieved from BMRB"
  ],
  [
    "chemicalShiftEntryDate",
    "2023-09-14-14:25:08"
  ],
  [
    "compoundName",
    "NADPH DIHYDRO-NICOTINAMIDE-ADENINE-DINUCLEOTIDE PHOSPHATE"
  ],
  [
    "compoundShortName",
    "NDP"
  ],
  [
    "compoundCcpCode",
    "NDP"
  ],
  [
    "compoundType",
    "Non-Polymer"
  ],
  [
    "compoundTypeClassification",
    "non-polymer"
  ],
  [
    "compoundPrecursorName",
    ""
  ],
  [
    "loadingLevel",
    0
  ],
  [
    "atoms",
    [
      [
        [
          "_metadata",
          {
            "jsonVersion": 3.0,
            "className": "AtomChemicalShift",
            "classVersion": 1.0,
            "user": "luca",
            "lastPath": "undefined",
            "timestamp": "Tue Jan  9 15:18:18 2024"
          }
        ],
        [
          "atomName",
          "H1B"
        ],
        [
          "atomElementName",
          ""
        ],
        [
          "atomAverageShift",
          6.707
        ],
        [
          "atomStdShift",
          null
        ],
        [
          "atomMinShift",
          6.707
        ],
        [
          "atomMaxShift",
          6.707
        ],
        [
          "atomDistributionRefValue",
          6.707
        ],
        [
          "atomDistributionValuePerPoint",
          1.0
        ],
        [
          "atomStatisticalDistribution",
          []
        ]
      ],
      [
        [
          "_metadata",
          {
            "jsonVersion": 3.0,
            "className": "AtomChemicalShift",
            "classVersion": 1.0,
            "user": "luca",
            "lastPath": "undefined",
            "timestamp": "Tue Jan  9 15:18:18 2024"
          }
        ],
        [
          "atomName",
          "H1D"
        ],
        [
          "atomElementName",
          ""
        ],
        [
          "atomAverageShift",
          4.521
        ],
        [
          "atomStdShift",
          null
        ],
        [
          "atomMinShift",
          4.521
        ],
        [
          "atomMaxShift",
          4.521
        ],
        [
          "atomDistributionRefValue",
          4.521
        ],
        [
          "atomDistributionValuePerPoint",
          1.0
        ],
        [
          "atomStatisticalDistribution",
          []
        ]
      ],
      [
        [
          "_metadata",
          {
            "jsonVersion": 3.0,
            "className": "AtomChemicalShift",
            "classVersion": 1.0,
            "user": "luca",
            "lastPath": "undefined",
            "timestamp": "Tue Jan  9 15:18:18 2024"
          }
        ],
        [
          "atomName",
          "H21N"
        ],
        [
          "atomElementName",
          ""
        ],
        [
          "atomAverageShift",
          4.434
        ],
        [
          "atomStdShift",
          null
        ],
        [
          "atomMinShift",
          4.434
        ],
        [
          "atomMaxShift",
          4.434
        ],
        [
          "atomDistributionRefValue",
          4.434
        ],
        [
          "atomDistributionValuePerPoint",
          1.0
        ],
        [
          "atomStatisticalDistribution",
          []
        ]
      ],
      [
        [
          "_metadata",
          {
            "jsonVersion": 3.0,
            "className": "AtomChemicalShift",
            "classVersion": 1.0,
            "user": "luca",
            "lastPath": "undefined",
            "timestamp": "Tue Jan  9 15:18:18 2024"
          }
        ],
        [
          "atomName",
          "H2A"
        ],
        [
          "atomElementName",
          ""
        ],
        [
          "atomAverageShift",
          4.569
        ],
        [
          "atomStdShift",
          null
        ],
        [
          "atomMinShift",
          4.569
        ],
        [
          "atomMaxShift",
          4.569
        ],
        [
          "atomDistributionRefValue",
          4.569
        ],
        [
          "atomDistributionValuePerPoint",
          1.0
        ],
        [
          "atomStatisticalDistribution",
          []
        ]
      ],
      [
        [
          "_metadata",
          {
            "jsonVersion": 3.0,
            "className": "AtomChemicalShift",
            "classVersion": 1.0,
            "user": "luca",
            "lastPath": "undefined",
            "timestamp": "Tue Jan  9 15:18:18 2024"
          }
        ],
        [
          "atomName",
          "H2B"
        ],
        [
          "atomElementName",
          ""
        ],
        [
          "atomAverageShift",
          6.707
        ],
        [
          "atomStdShift",
          null
        ],
        [
          "atomMinShift",
          6.707
        ],
        [
          "atomMaxShift",
          6.707
        ],
        [
          "atomDistributionRefValue",
          6.707
        ],
        [
          "atomDistributionValuePerPoint",
          1.0
        ],
        [
          "atomStatisticalDistribution",
          []
        ]
      ],
      [
        [
          "_metadata",
          {
            "jsonVersion": 3.0,
            "className": "AtomChemicalShift",
            "classVersion": 1.0,
            "user": "luca",
            "lastPath": "undefined",
            "timestamp": "Tue Jan  9 15:18:18 2024"
          }
        ],
        [
          "atomName",
          "H2N"
        ],
        [
          "atomElementName",
          ""
        ],
        [
          "atomAverageShift",
          7.353
        ],
        [
          "atomStdShift",
          null
        ],
        [
          "atomMinShift",
          7.353
        ],
        [
          "atomMaxShift",
          7.353
        ],
        [
          "atomDistributionRefValue",
          7.353
        ],
        [
          "atomDistributionValuePerPoint",
          1.0
        ],
        [
          "atomStatisticalDistribution",
          []
        ]
      ],
      [
        [
          "_metadata",
          {
            "jsonVersion": 3.0,
            "className": "AtomChemicalShift",
            "classVersion": 1.0,
            "user": "luca",
            "lastPath": "undefined",
            "timestamp": "Tue Jan  9 15:18:18 2024"
          }
        ],
        [
          "atomName",
          "H3D"
        ],
        [
          "atomElementName",
          ""
        ],
        [
          "atomAverageShift",
          3.717
        ],
        [
          "atomStdShift",
          null
        ],
        [
          "atomMinShift",
          3.717
        ],
        [
          "atomMaxShift",
          3.717
        ],
        [
          "atomDistributionRefValue",
          3.717
        ],
        [
          "atomDistributionValuePerPoint",
          1.0
        ],
        [
          "atomStatisticalDistribution",
          []
        ]
      ],
      [
        [
          "_metadata",
          {
            "jsonVersion": 3.0,
            "className": "AtomChemicalShift",
            "classVersion": 1.0,
            "user": "luca",
            "lastPath": "undefined",
            "timestamp": "Tue Jan  9 15:18:18 2024"
          }
        ],
        [
          "atomName",
          "H41N"
        ],
        [
          "atomElementName",
          ""
        ],
        [
          "atomAverageShift",
          3.389
        ],
        [
          "atomStdShift",
          null
        ],
        [
          "atomMinShift",
          3.389
        ],
        [
          "atomMaxShift",
          3.389
        ],
        [
          "atomDistributionRefValue",
          3.389
        ],
        [
          "atomDistributionValuePerPoint",
          1.0
        ],
        [
          "atomStatisticalDistribution",
          []
        ]
      ],
      [
        [
          "_metadata",
          {
            "jsonVersion": 3.0,
            "className": "AtomChemicalShift",
            "classVersion": 1.0,
            "user": "luca",
            "lastPath": "undefined",
            "timestamp": "Tue Jan  9 15:18:18 2024"
          }
        ],
        [
          "atomName",
          "H42N"
        ],
        [
          "atomElementName",
          ""
        ],
        [
          "atomAverageShift",
          3.528
        ],
        [
          "atomStdShift",
          null
        ],
        [
          "atomMinShift",
          3.528
        ],
        [
          "atomMaxShift",
          3.528
        ],
        [
          "atomDistributionRefValue",
          3.528
        ],
        [
          "atomDistributionValuePerPoint",
          1.0
        ],
        [
          "atomStatisticalDistribution",
          []
        ]
      ],
      [
        [
          "_metadata",
          {
            "jsonVersion": 3.0,
            "className": "AtomChemicalShift",
            "classVersion": 1.0,
            "user": "luca",
            "lastPath": "undefined",
            "timestamp": "Tue Jan  9 15:18:18 2024"
          }
        ],
        [
          "atomName",
          "H4B"
        ],
        [
          "atomElementName",
          ""
        ],
        [
          "atomAverageShift",
          4.16
        ],
        [
          "atomStdShift",
          null
        ],
        [
          "atomMinShift",
          4.16
        ],
        [
          "atomMaxShift",
          4.16
        ],
        [
          "atomDistributionRefValue",
          4.16
        ],
        [
          "atomDistributionValuePerPoint",
          1.0
        ],
        [
          "atomStatisticalDistribution",
          []
        ]
      ],
      [
        [
          "_metadata",
          {
            "jsonVersion": 3.0,
            "className": "AtomChemicalShift",
            "classVersion": 1.0,
            "user": "luca",
            "lastPath": "undefined",
            "timestamp": "Tue Jan  9 15:18:18 2024"
          }
        ],
        [
          "atomName",
          "H4D"
        ],
        [
          "atomElementName",
          ""
        ],
        [
          "atomAverageShift",
          3.717
        ],
        [
          "atomStdShift",
          null
        ],
        [
          "atomMinShift",
          3.717
        ],
        [
          "atomMaxShift",
          3.717
        ],
        [
          "atomDistributionRefValue",
          3.717
        ],
        [
          "atomDistributionValuePerPoint",
          1.0
        ],
        [
          "atomStatisticalDistribution",
          []
        ]
      ],
      [
        [
          "_metadata",
          {
            "jsonVersion": 3.0,
            "className": "AtomChemicalShift",
            "classVersion": 1.0,
            "user": "luca",
            "lastPath": "undefined",
            "timestamp": "Tue Jan  9 15:18:18 2024"
          }
        ],
        [
          "atomName",
          "H51A"
        ],
        [
          "atomElementName",
          ""
        ],
        [
          "atomAverageShift",
          4.208
        ],
        [
          "atomStdShift",
          null
        ],
        [
          "atomMinShift",
          4.208
        ],
        [
          "atomMaxShift",
          4.208
        ],
        [
          "atomDistributionRefValue",
          4.208
        ],
        [
          "atomDistributionValuePerPoint",
          1.0
        ],
        [
          "atomStatisticalDistribution",
          []
        ]
      ],
      [
        [
          "_metadata",
          {
            "jsonVersion": 3.0,
            "className": "AtomChemicalShift",
            "classVersion": 1.0,
            "user": "luca",
            "lastPath": "undefined",
            "timestamp": "Tue Jan  9 15:18:18 2024"
          }
        ],
        [
          "atomName",
          "H51N"
        ],
        [
          "atomElementName",
          ""
        ],
        [
          "atomAverageShift",
          4.019
        ],
        [
          "atomStdShift",
          null
        ],
        [
          "atomMinShift",
          4.019
        ],
        [
          "atomMaxShift",
          4.019
        ],
        [
          "atomDistributionRefValue",
          4.019
        ],
        [
          "atomDistributionValuePerPoint",
          1.0
        ],
        [
          "atomStatisticalDistribution",
          []
        ]
      ],
      [
        [
          "_metadata",
          {
            "jsonVersion": 3.0,
            "className": "AtomChemicalShift",
            "classVersion": 1.0,
            "user": "luca",
            "lastPath": "undefined",
            "timestamp": "Tue Jan  9 15:18:18 2024"
          }
        ],
        [
          "atomName",
          "H52A"
        ],
        [
          "atomElementName",
          ""
        ],
        [
          "atomAverageShift",
          4.058
        ],
        [
          "atomStdShift",
          null
        ],
        [
          "atomMinShift",
          4.058
        ],
        [
          "atomMaxShift",
          4.058
        ],
        [
          "atomDistributionRefValue",
          4.058
        ],
        [
          "atomDistributionValuePerPoint",
          1.0
        ],
        [
          "atomStatisticalDistribution",
          []
        ]
      ],
      [
        [
          "_metadata",
          {
            "jsonVersion": 3.0,
            "className": "AtomChemicalShift",
            "classVersion": 1.0,
            "user": "luca",
            "lastPath": "undefined",
            "timestamp": "Tue Jan  9 15:18:18 2024"
          }
        ],
        [
          "atomName",
          "H52N"
        ],
        [
          "atomElementName",
          ""
        ],
        [
          "atomAverageShift",
          4.019
        ],
        [
          "atomStdShift",
          null
        ],
        [
          "atomMinShift",
          4.019
        ],
        [
          "atomMaxShift",
          4.019
        ],
        [
          "atomDistributionRefValue",
          4.019
        ],
        [
          "atomDistributionValuePerPoint",
          1.0
        ],
        [
          "atomStatisticalDistribution",
          []
        ]
      ],
      [
        [
          "_metadata",
          {
            "jsonVersion": 3.0,
            "className": "AtomChemicalShift",
            "classVersion": 1.0,
            "user": "luca",
            "lastPath": "undefined",
            "timestamp": "Tue Jan  9 15:18:18 2024"
          }
        ],
        [
          "atomName",
          "H5N"
        ],
        [
          "atomElementName",
          ""
        ],
        [
          "atomAverageShift",
          5.724
        ],
        [
          "atomStdShift",
          null
        ],
        [
          "atomMinShift",
          5.724
        ],
        [
          "atomMaxShift",
          5.724
        ],
        [
          "atomDistributionRefValue",
          5.724
        ],
        [
          "atomDistributionValuePerPoint",
          1.0
        ],
        [
          "atomStatisticalDistribution",
          []
        ]
      ],
      [
        [
          "_metadata",
          {
            "jsonVersion": 3.0,
            "className": "AtomChemicalShift",
            "classVersion": 1.0,
            "user": "luca",
            "lastPath": "undefined",
            "timestamp": "Tue Jan  9 15:18:18 2024"
          }
        ],
        [
          "atomName",
          "H61A"
        ],
        [
          "atomElementName",
          ""
        ],
        [
          "atomAverageShift",
          7.917
        ],
        [
          "atomStdShift",
          null
        ],
        [
          "atomMinShift",
          7.917
        ],
        [
          "atomMaxShift",
          7.917
        ],
        [
          "atomDistributionRefValue",
          7.917
        ],
        [
          "atomDistributionValuePerPoint",
          1.0
        ],
        [
          "atomStatisticalDistribution",
          []
        ]
      ],
      [
        [
          "_metadata",
          {
            "jsonVersion": 3.0,
            "className": "AtomChemicalShift",
            "classVersion": 1.0,
            "user": "luca",
            "lastPath": "undefined",
            "timestamp": "Tue Jan  9 15:18:18 2024"
          }
        ],
        [
          "atomName",
          "H62A"
        ],
        [
          "atomElementName",
          ""
        ],
        [
          "atomAverageShift",
          8.082
        ],
        [
          "atomStdShift",
          null
        ],
        [
          "atomMinShift",
          8.082
        ],
        [
          "atomMaxShift",
          8.082
        ],
        [
          "atomDistributionRefValue",
          8.082
        ],
        [
          "atomDistributionValuePerPoint",
          1.0
        ],
        [
          "atomStatisticalDistribution",
          []
        ]
      ],
      [
        [
          "_metadata",
          {
            "jsonVersion": 3.0,
            "className": "AtomChemicalShift",
            "classVersion": 1.0,
            "user": "luca",
            "lastPath": "undefined",
            "timestamp": "Tue Jan  9 15:18:18 2024"
          }
        ],
        [
          "atomName",
          "H6N"
        ],
        [
          "atomElementName",
          ""
        ],
        [
          "atomAverageShift",
          6.689
        ],
        [
          "atomStdShift",
          null
        ],
        [
          "atomMinShift",
          6.689
        ],
        [
          "atomMaxShift",
          6.689
        ],
        [
          "atomDistributionRefValue",
          6.689
        ],
        [
          "atomDistributionValuePerPoint",
          1.0
        ],
        [
          "atomStatisticalDistribution",
          []
        ]
      ],
      [
        [
          "_metadata",
          {
            "jsonVersion": 3.0,
            "className": "AtomChemicalShift",
            "classVersion": 1.0,
            "user": "luca",
            "lastPath": "undefined",
            "timestamp": "Tue Jan  9 15:18:18 2024"
          }
        ],
        [
          "atomName",
          "H71N"
        ],
        [
          "atomElementName",
          ""
        ],
        [
          "atomAverageShift",
          8.766
        ],
        [
          "atomStdShift",
          null
        ],
        [
          "atomMinShift",
          8.766
        ],
        [
          "atomMaxShift",
          8.766
        ],
        [
          "atomDistributionRefValue",
          8.766
        ],
        [
          "atomDistributionValuePerPoint",
          1.0
        ],
        [
          "atomStatisticalDistribution",
          []
        ]
      ],
      [
        [
          "_metadata",
          {
            "jsonVersion": 3.0,
            "className": "AtomChemicalShift",
            "classVersion": 1.0,
            "user": "luca",
            "lastPath": "undefined",
            "timestamp": "Tue Jan  9 15:18:18 2024"
          }
        ],
        [
          "atomName",
          "H72N"
        ],
        [
          "atomElementName",
          ""
        ],
        [
          "atomAverageShift",
          8.182
        ],
        [
          "atomStdShift",
          null
        ],
        [
          "atomMinShift",
          8.182
        ],
        [
          "atomMaxShift",
          8.182
        ],
        [
          "atomDistributionRefValue",
          8.182
        ],
        [
          "atomDistributionValuePerPoint",
          1.0
        ],
        [
          "atomStatisticalDistribution",
          []
        ]
      ],
      [
        [
          "_metadata",
          {
            "jsonVersion": 3.0,
            "className": "AtomChemicalShift",
            "classVersion": 1.0,
            "user": "luca",
            "lastPath": "undefined",
            "timestamp": "Tue Jan  9 15:18:18 2024"
          }
        ],
        [
          "atomName",
          "H8A"
        ],
        [
          "atomElementName",
          ""
        ],
        [
          "atomAverageShift",
          7.968
        ],
        [
          "atomStdShift",
          null
        ],
        [
          "atomMinShift",
          7.968
        ],
        [
          "atomMaxShift",
          7.968
        ],
        [
          "atomDistributionRefValue",
          7.968
        ],
        [
          "atomDistributionValuePerPoint",
          1.0
        ],
        [
          "atomStatisticalDistribution",
          []
        ]
      ],
      [
        [
          "_metadata",
          {
            "jsonVersion": 3.0,
            "className": "AtomChemicalShift",
            "classVersion": 1.0,
            "user": "luca",
            "lastPath": "undefined",
            "timestamp": "Tue Jan  9 15:18:18 2024"
          }
        ],
        [
          "atomName",
          "HO3A"
        ],
        [
          "atomElementName",
          ""
        ],
        [
          "atomAverageShift",
          4.511
        ],
        [
          "atomStdShift",
          null
        ],
        [
          "atomMinShift",
          4.511
        ],
        [
          "atomMaxShift",
          4.511
        ],
        [
          "atomDistributionRefValue",
          4.511
        ],
        [
          "atomDistributionValuePerPoint",
          1.0
        ],
        [
          "atomStatisticalDistribution",
          []
        ]
      ],
      [
        [
          "_metadata",
          {
            "jsonVersion": 3.0,
            "className": "AtomChemicalShift",
            "classVersion": 1.0,
            "user": "luca",
            "lastPath": "undefined",
            "timestamp": "Tue Jan  9 15:18:18 2024"
          }
        ],
        [
          "atomName",
          "HO3N"
        ],
        [
          "atomElementName",
          ""
        ],
        [
          "atomAverageShift",
          4.444
        ],
        [
          "atomStdShift",
          null
        ],
        [
          "atomMinShift",
          4.444
        ],
        [
          "atomMaxShift",
          4.444
        ],
        [
          "atomDistributionRefValue",
          4.444
        ],
        [
          "atomDistributionValuePerPoint",
          1.0
        ],
        [
          "atomStatisticalDistribution",
          []
        ]
      ],
      [
        [
          "_metadata",
          {
            "jsonVersion": 3.0,
            "className": "AtomChemicalShift",
            "classVersion": 1.0,
            "user": "luca",
            "lastPath": "undefined",
            "timestamp": "Tue Jan  9 15:18:18 2024"
          }
        ],
        [
          "atomName",
          "HOA2"
        ],
        [
          "atomElementName",
          ""
        ],
        [
          "atomAverageShift",
          7.332
        ],
        [
          "atomStdShift",
          null
        ],
        [
          "atomMinShift",
          7.332
        ],
        [
          "atomMaxShift",
          7.332
        ],
        [
          "atomDistributionRefValue",
          7.332
        ],
        [
          "atomDistributionValuePerPoint",
          1.0
        ],
        [
          "atomStatisticalDistribution",
          []
        ]
      ]
    ]
  ]
]