[
  [
    "_metadata",
    {
      "jsonVersion": 3,
      "className": "ReferenceChemicalShift",
      "classVersion": 1,
      "user": "CCPN",
      "lastPath": "/Users/luca/Projects/AnalysisV3/resources/referenceChemicalShifts/NonStandard/Non-Polymer/NGH.json",
      "timestamp": "Tue Jan  9 15:18:21 2024",
      "applicationVersion": 3.2
    }
  ],
  [
    "chemicalShiftName",
    "Non-Standard Residues / Small Molecules"
  ],
  [
    "chemicalShiftComment",
    "The CCPN Analysis Version 3 ReferenceChemical shifts retrieved from BMRB"
  ],
  [
    "chemicalShiftEntryDate",
    "2023-09-14-14:25:08"
  ],
  [
    "compoundName",
    "N-ISOBUTYL-N-[4-METHOXYPHENYLSULFONYL]GLYCYL HYDROXAMIC ACID"
  ],
  [
    "compoundShortName",
    "NGH"
  ],
  [
    "compoundCcpCode",
    "NGH"
  ],
  [
    "compoundType",
    "Non-Polymer"
  ],
  [
    "compoundTypeClassification",
    "non-polymer"
  ],
  [
    "compoundPrecursorName",
    ""
  ],
  [
    "loadingLevel",
    0
  ],
  [
    "atoms",
    [
      [
        [
          "_metadata",
          {
            "jsonVersion": 3.0,
            "className": "AtomChemicalShift",
            "classVersion": 1.0,
            "user": "luca",
            "lastPath": "undefined",
            "timestamp": "Tue Jan  9 15:18:21 2024"
          }
        ],
        [
          "atomName",
          "H1"
        ],
        [
          "atomElementName",
          ""
        ],
        [
          "atomAverageShift",
          4.21
        ],
        [
          "atomStdShift",
          null
        ],
        [
          "atomMinShift",
          4.21
        ],
        [
          "atomMaxShift",
          4.21
        ],
        [
          "atomDistributionRefValue",
          4.21
        ],
        [
          "atomDistributionValuePerPoint",
          1.0
        ],
        [
          "atomStatisticalDistribution",
          []
        ]
      ],
      [
        [
          "_metadata",
          {
            "jsonVersion": 3.0,
            "className": "AtomChemicalShift",
            "classVersion": 1.0,
            "user": "luca",
            "lastPath": "undefined",
            "timestamp": "Tue Jan  9 15:18:21 2024"
          }
        ],
        [
          "atomName",
          "H101"
        ],
        [
          "atomElementName",
          ""
        ],
        [
          "atomAverageShift",
          6.633
        ],
        [
          "atomStdShift",
          null
        ],
        [
          "atomMinShift",
          6.633
        ],
        [
          "atomMaxShift",
          6.633
        ],
        [
          "atomDistributionRefValue",
          6.633
        ],
        [
          "atomDistributionValuePerPoint",
          1.0
        ],
        [
          "atomStatisticalDistribution",
          []
        ]
      ],
      [
        [
          "_metadata",
          {
            "jsonVersion": 3.0,
            "className": "AtomChemicalShift",
            "classVersion": 1.0,
            "user": "luca",
            "lastPath": "undefined",
            "timestamp": "Tue Jan  9 15:18:21 2024"
          }
        ],
        [
          "atomName",
          "H102"
        ],
        [
          "atomElementName",
          ""
        ],
        [
          "atomAverageShift",
          7.5
        ],
        [
          "atomStdShift",
          null
        ],
        [
          "atomMinShift",
          7.5
        ],
        [
          "atomMaxShift",
          7.5
        ],
        [
          "atomDistributionRefValue",
          7.5
        ],
        [
          "atomDistributionValuePerPoint",
          1.0
        ],
        [
          "atomStatisticalDistribution",
          []
        ]
      ],
      [
        [
          "_metadata",
          {
            "jsonVersion": 3.0,
            "className": "AtomChemicalShift",
            "classVersion": 1.0,
            "user": "luca",
            "lastPath": "undefined",
            "timestamp": "Tue Jan  9 15:18:21 2024"
          }
        ],
        [
          "atomName",
          "H131"
        ],
        [
          "atomElementName",
          ""
        ],
        [
          "atomAverageShift",
          0.928
        ],
        [
          "atomStdShift",
          null
        ],
        [
          "atomMinShift",
          0.928
        ],
        [
          "atomMaxShift",
          0.928
        ],
        [
          "atomDistributionRefValue",
          0.928
        ],
        [
          "atomDistributionValuePerPoint",
          1.0
        ],
        [
          "atomStatisticalDistribution",
          []
        ]
      ],
      [
        [
          "_metadata",
          {
            "jsonVersion": 3.0,
            "className": "AtomChemicalShift",
            "classVersion": 1.0,
            "user": "luca",
            "lastPath": "undefined",
            "timestamp": "Tue Jan  9 15:18:21 2024"
          }
        ],
        [
          "atomName",
          "H132"
        ],
        [
          "atomElementName",
          ""
        ],
        [
          "atomAverageShift",
          0.928
        ],
        [
          "atomStdShift",
          null
        ],
        [
          "atomMinShift",
          0.928
        ],
        [
          "atomMaxShift",
          0.928
        ],
        [
          "atomDistributionRefValue",
          0.928
        ],
        [
          "atomDistributionValuePerPoint",
          1.0
        ],
        [
          "atomStatisticalDistribution",
          []
        ]
      ],
      [
        [
          "_metadata",
          {
            "jsonVersion": 3.0,
            "className": "AtomChemicalShift",
            "classVersion": 1.0,
            "user": "luca",
            "lastPath": "undefined",
            "timestamp": "Tue Jan  9 15:18:21 2024"
          }
        ],
        [
          "atomName",
          "H133"
        ],
        [
          "atomElementName",
          ""
        ],
        [
          "atomAverageShift",
          0.928
        ],
        [
          "atomStdShift",
          null
        ],
        [
          "atomMinShift",
          0.928
        ],
        [
          "atomMaxShift",
          0.928
        ],
        [
          "atomDistributionRefValue",
          0.928
        ],
        [
          "atomDistributionValuePerPoint",
          1.0
        ],
        [
          "atomStatisticalDistribution",
          []
        ]
      ],
      [
        [
          "_metadata",
          {
            "jsonVersion": 3.0,
            "className": "AtomChemicalShift",
            "classVersion": 1.0,
            "user": "luca",
            "lastPath": "undefined",
            "timestamp": "Tue Jan  9 15:18:21 2024"
          }
        ],
        [
          "atomName",
          "H141"
        ],
        [
          "atomElementName",
          ""
        ],
        [
          "atomAverageShift",
          0.928
        ],
        [
          "atomStdShift",
          null
        ],
        [
          "atomMinShift",
          0.928
        ],
        [
          "atomMaxShift",
          0.928
        ],
        [
          "atomDistributionRefValue",
          0.928
        ],
        [
          "atomDistributionValuePerPoint",
          1.0
        ],
        [
          "atomStatisticalDistribution",
          []
        ]
      ],
      [
        [
          "_metadata",
          {
            "jsonVersion": 3.0,
            "className": "AtomChemicalShift",
            "classVersion": 1.0,
            "user": "luca",
            "lastPath": "undefined",
            "timestamp": "Tue Jan  9 15:18:21 2024"
          }
        ],
        [
          "atomName",
          "H142"
        ],
        [
          "atomElementName",
          ""
        ],
        [
          "atomAverageShift",
          0.928
        ],
        [
          "atomStdShift",
          null
        ],
        [
          "atomMinShift",
          0.928
        ],
        [
          "atomMaxShift",
          0.928
        ],
        [
          "atomDistributionRefValue",
          0.928
        ],
        [
          "atomDistributionValuePerPoint",
          1.0
        ],
        [
          "atomStatisticalDistribution",
          []
        ]
      ],
      [
        [
          "_metadata",
          {
            "jsonVersion": 3.0,
            "className": "AtomChemicalShift",
            "classVersion": 1.0,
            "user": "luca",
            "lastPath": "undefined",
            "timestamp": "Tue Jan  9 15:18:21 2024"
          }
        ],
        [
          "atomName",
          "H143"
        ],
        [
          "atomElementName",
          ""
        ],
        [
          "atomAverageShift",
          0.928
        ],
        [
          "atomStdShift",
          null
        ],
        [
          "atomMinShift",
          0.928
        ],
        [
          "atomMaxShift",
          0.928
        ],
        [
          "atomDistributionRefValue",
          0.928
        ],
        [
          "atomDistributionValuePerPoint",
          1.0
        ],
        [
          "atomStatisticalDistribution",
          []
        ]
      ],
      [
        [
          "_metadata",
          {
            "jsonVersion": 3.0,
            "className": "AtomChemicalShift",
            "classVersion": 1.0,
            "user": "luca",
            "lastPath": "undefined",
            "timestamp": "Tue Jan  9 15:18:21 2024"
          }
        ],
        [
          "atomName",
          "H2"
        ],
        [
          "atomElementName",
          ""
        ],
        [
          "atomAverageShift",
          4.516
        ],
        [
          "atomStdShift",
          null
        ],
        [
          "atomMinShift",
          4.516
        ],
        [
          "atomMaxShift",
          4.516
        ],
        [
          "atomDistributionRefValue",
          4.516
        ],
        [
          "atomDistributionValuePerPoint",
          1.0
        ],
        [
          "atomStatisticalDistribution",
          []
        ]
      ],
      [
        [
          "_metadata",
          {
            "jsonVersion": 3.0,
            "className": "AtomChemicalShift",
            "classVersion": 1.0,
            "user": "luca",
            "lastPath": "undefined",
            "timestamp": "Tue Jan  9 15:18:21 2024"
          }
        ],
        [
          "atomName",
          "H4"
        ],
        [
          "atomElementName",
          ""
        ],
        [
          "atomAverageShift",
          3.543
        ],
        [
          "atomStdShift",
          null
        ],
        [
          "atomMinShift",
          3.543
        ],
        [
          "atomMaxShift",
          3.543
        ],
        [
          "atomDistributionRefValue",
          3.543
        ],
        [
          "atomDistributionValuePerPoint",
          1.0
        ],
        [
          "atomStatisticalDistribution",
          []
        ]
      ],
      [
        [
          "_metadata",
          {
            "jsonVersion": 3.0,
            "className": "AtomChemicalShift",
            "classVersion": 1.0,
            "user": "luca",
            "lastPath": "undefined",
            "timestamp": "Tue Jan  9 15:18:21 2024"
          }
        ],
        [
          "atomName",
          "H5"
        ],
        [
          "atomElementName",
          ""
        ],
        [
          "atomAverageShift",
          2.17
        ],
        [
          "atomStdShift",
          null
        ],
        [
          "atomMinShift",
          2.17
        ],
        [
          "atomMaxShift",
          2.17
        ],
        [
          "atomDistributionRefValue",
          2.17
        ],
        [
          "atomDistributionValuePerPoint",
          1.0
        ],
        [
          "atomStatisticalDistribution",
          []
        ]
      ],
      [
        [
          "_metadata",
          {
            "jsonVersion": 3.0,
            "className": "AtomChemicalShift",
            "classVersion": 1.0,
            "user": "luca",
            "lastPath": "undefined",
            "timestamp": "Tue Jan  9 15:18:21 2024"
          }
        ],
        [
          "atomName",
          "H71"
        ],
        [
          "atomElementName",
          ""
        ],
        [
          "atomAverageShift",
          3.79
        ],
        [
          "atomStdShift",
          null
        ],
        [
          "atomMinShift",
          3.79
        ],
        [
          "atomMaxShift",
          3.79
        ],
        [
          "atomDistributionRefValue",
          3.79
        ],
        [
          "atomDistributionValuePerPoint",
          1.0
        ],
        [
          "atomStatisticalDistribution",
          []
        ]
      ],
      [
        [
          "_metadata",
          {
            "jsonVersion": 3.0,
            "className": "AtomChemicalShift",
            "classVersion": 1.0,
            "user": "luca",
            "lastPath": "undefined",
            "timestamp": "Tue Jan  9 15:18:21 2024"
          }
        ],
        [
          "atomName",
          "H72"
        ],
        [
          "atomElementName",
          ""
        ],
        [
          "atomAverageShift",
          3.79
        ],
        [
          "atomStdShift",
          null
        ],
        [
          "atomMinShift",
          3.79
        ],
        [
          "atomMaxShift",
          3.79
        ],
        [
          "atomDistributionRefValue",
          3.79
        ],
        [
          "atomDistributionValuePerPoint",
          1.0
        ],
        [
          "atomStatisticalDistribution",
          []
        ]
      ],
      [
        [
          "_metadata",
          {
            "jsonVersion": 3.0,
            "className": "AtomChemicalShift",
            "classVersion": 1.0,
            "user": "luca",
            "lastPath": "undefined",
            "timestamp": "Tue Jan  9 15:18:21 2024"
          }
        ],
        [
          "atomName",
          "H73"
        ],
        [
          "atomElementName",
          ""
        ],
        [
          "atomAverageShift",
          3.79
        ],
        [
          "atomStdShift",
          null
        ],
        [
          "atomMinShift",
          3.79
        ],
        [
          "atomMaxShift",
          3.79
        ],
        [
          "atomDistributionRefValue",
          3.79
        ],
        [
          "atomDistributionValuePerPoint",
          1.0
        ],
        [
          "atomStatisticalDistribution",
          []
        ]
      ],
      [
        [
          "_metadata",
          {
            "jsonVersion": 3.0,
            "className": "AtomChemicalShift",
            "classVersion": 1.0,
            "user": "luca",
            "lastPath": "undefined",
            "timestamp": "Tue Jan  9 15:18:21 2024"
          }
        ],
        [
          "atomName",
          "H91"
        ],
        [
          "atomElementName",
          ""
        ],
        [
          "atomAverageShift",
          7.5
        ],
        [
          "atomStdShift",
          null
        ],
        [
          "atomMinShift",
          7.5
        ],
        [
          "atomMaxShift",
          7.5
        ],
        [
          "atomDistributionRefValue",
          7.5
        ],
        [
          "atomDistributionValuePerPoint",
          1.0
        ],
        [
          "atomStatisticalDistribution",
          []
        ]
      ],
      [
        [
          "_metadata",
          {
            "jsonVersion": 3.0,
            "className": "AtomChemicalShift",
            "classVersion": 1.0,
            "user": "luca",
            "lastPath": "undefined",
            "timestamp": "Tue Jan  9 15:18:21 2024"
          }
        ],
        [
          "atomName",
          "H92"
        ],
        [
          "atomElementName",
          ""
        ],
        [
          "atomAverageShift",
          6.633
        ],
        [
          "atomStdShift",
          null
        ],
        [
          "atomMinShift",
          6.633
        ],
        [
          "atomMaxShift",
          6.633
        ],
        [
          "atomDistributionRefValue",
          6.633
        ],
        [
          "atomDistributionValuePerPoint",
          1.0
        ],
        [
          "atomStatisticalDistribution",
          []
        ]
      ],
      [
        [
          "_metadata",
          {
            "jsonVersion": 3.0,
            "className": "AtomChemicalShift",
            "classVersion": 1.0,
            "user": "luca",
            "lastPath": "undefined",
            "timestamp": "Tue Jan  9 15:18:21 2024"
          }
        ],
        [
          "atomName",
          "HN1"
        ],
        [
          "atomElementName",
          ""
        ],
        [
          "atomAverageShift",
          11.418
        ],
        [
          "atomStdShift",
          null
        ],
        [
          "atomMinShift",
          11.418
        ],
        [
          "atomMaxShift",
          11.418
        ],
        [
          "atomDistributionRefValue",
          11.418
        ],
        [
          "atomDistributionValuePerPoint",
          1.0
        ],
        [
          "atomStatisticalDistribution",
          []
        ]
      ]
    ]
  ]
]