[
  [
    "_metadata",
    {
      "jsonVersion": 3,
      "className": "ReferenceChemicalShift",
      "classVersion": 1,
      "user": "CCPN",
      "lastPath": "/Users/luca/Projects/AnalysisV3/resources/referenceChemicalShifts/NonStandard/Non-Polymer/NLG.json",
      "timestamp": "Tue Jan  9 15:18:18 2024",
      "applicationVersion": 3.2
    }
  ],
  [
    "chemicalShiftName",
    "Non-Standard Residues / Small Molecules"
  ],
  [
    "chemicalShiftComment",
    "The CCPN Analysis Version 3 ReferenceChemical shifts retrieved from BMRB"
  ],
  [
    "chemicalShiftEntryDate",
    "2023-09-14-14:25:08"
  ],
  [
    "compoundName",
    "N-ACETYL-L-GLUTAMATE"
  ],
  [
    "compoundShortName",
    "NLG"
  ],
  [
    "compoundCcpCode",
    "NLG"
  ],
  [
    "compoundType",
    "Non-Polymer"
  ],
  [
    "compoundTypeClassification",
    "non-polymer"
  ],
  [
    "compoundPrecursorName",
    "Glutamic Acid"
  ],
  [
    "loadingLevel",
    0
  ],
  [
    "atoms",
    [
      [
        [
          "_metadata",
          {
            "jsonVersion": 3.0,
            "className": "AtomChemicalShift",
            "classVersion": 1.0,
            "user": "luca",
            "lastPath": "undefined",
            "timestamp": "Tue Jan  9 15:18:18 2024"
          }
        ],
        [
          "atomName",
          "H2"
        ],
        [
          "atomElementName",
          ""
        ],
        [
          "atomAverageShift",
          8.46
        ],
        [
          "atomStdShift",
          null
        ],
        [
          "atomMinShift",
          8.46
        ],
        [
          "atomMaxShift",
          8.46
        ],
        [
          "atomDistributionRefValue",
          8.46
        ],
        [
          "atomDistributionValuePerPoint",
          1.0
        ],
        [
          "atomStatisticalDistribution",
          []
        ]
      ],
      [
        [
          "_metadata",
          {
            "jsonVersion": 3.0,
            "className": "AtomChemicalShift",
            "classVersion": 1.0,
            "user": "luca",
            "lastPath": "undefined",
            "timestamp": "Tue Jan  9 15:18:18 2024"
          }
        ],
        [
          "atomName",
          "HA"
        ],
        [
          "atomElementName",
          ""
        ],
        [
          "atomAverageShift",
          4.15
        ],
        [
          "atomStdShift",
          null
        ],
        [
          "atomMinShift",
          4.15
        ],
        [
          "atomMaxShift",
          4.15
        ],
        [
          "atomDistributionRefValue",
          4.15
        ],
        [
          "atomDistributionValuePerPoint",
          1.0
        ],
        [
          "atomStatisticalDistribution",
          []
        ]
      ],
      [
        [
          "_metadata",
          {
            "jsonVersion": 3.0,
            "className": "AtomChemicalShift",
            "classVersion": 1.0,
            "user": "luca",
            "lastPath": "undefined",
            "timestamp": "Tue Jan  9 15:18:18 2024"
          }
        ],
        [
          "atomName",
          "HBC1"
        ],
        [
          "atomElementName",
          ""
        ],
        [
          "atomAverageShift",
          2.13
        ],
        [
          "atomStdShift",
          null
        ],
        [
          "atomMinShift",
          2.13
        ],
        [
          "atomMaxShift",
          2.13
        ],
        [
          "atomDistributionRefValue",
          2.13
        ],
        [
          "atomDistributionValuePerPoint",
          1.0
        ],
        [
          "atomStatisticalDistribution",
          []
        ]
      ],
      [
        [
          "_metadata",
          {
            "jsonVersion": 3.0,
            "className": "AtomChemicalShift",
            "classVersion": 1.0,
            "user": "luca",
            "lastPath": "undefined",
            "timestamp": "Tue Jan  9 15:18:18 2024"
          }
        ],
        [
          "atomName",
          "HBC2"
        ],
        [
          "atomElementName",
          ""
        ],
        [
          "atomAverageShift",
          2.05
        ],
        [
          "atomStdShift",
          null
        ],
        [
          "atomMinShift",
          2.05
        ],
        [
          "atomMaxShift",
          2.05
        ],
        [
          "atomDistributionRefValue",
          2.05
        ],
        [
          "atomDistributionValuePerPoint",
          1.0
        ],
        [
          "atomStatisticalDistribution",
          []
        ]
      ],
      [
        [
          "_metadata",
          {
            "jsonVersion": 3.0,
            "className": "AtomChemicalShift",
            "classVersion": 1.0,
            "user": "luca",
            "lastPath": "undefined",
            "timestamp": "Tue Jan  9 15:18:18 2024"
          }
        ],
        [
          "atomName",
          "HGC1"
        ],
        [
          "atomElementName",
          ""
        ],
        [
          "atomAverageShift",
          2.42
        ],
        [
          "atomStdShift",
          null
        ],
        [
          "atomMinShift",
          2.42
        ],
        [
          "atomMaxShift",
          2.42
        ],
        [
          "atomDistributionRefValue",
          2.42
        ],
        [
          "atomDistributionValuePerPoint",
          1.0
        ],
        [
          "atomStatisticalDistribution",
          []
        ]
      ],
      [
        [
          "_metadata",
          {
            "jsonVersion": 3.0,
            "className": "AtomChemicalShift",
            "classVersion": 1.0,
            "user": "luca",
            "lastPath": "undefined",
            "timestamp": "Tue Jan  9 15:18:18 2024"
          }
        ],
        [
          "atomName",
          "HGC2"
        ],
        [
          "atomElementName",
          ""
        ],
        [
          "atomAverageShift",
          2.42
        ],
        [
          "atomStdShift",
          null
        ],
        [
          "atomMinShift",
          2.42
        ],
        [
          "atomMaxShift",
          2.42
        ],
        [
          "atomDistributionRefValue",
          2.42
        ],
        [
          "atomDistributionValuePerPoint",
          1.0
        ],
        [
          "atomStatisticalDistribution",
          []
        ]
      ]
    ]
  ]
]