[
  [
    "_metadata",
    {
      "jsonVersion": 3,
      "className": "ReferenceChemicalShift",
      "classVersion": 1,
      "user": "CCPN",
      "lastPath": "/Users/luca/Projects/AnalysisV3/resources/referenceChemicalShifts/NonStandard/Non-Polymer/O1F.json",
      "timestamp": "Tue Jan  9 15:18:35 2024",
      "applicationVersion": 3.2
    }
  ],
  [
    "chemicalShiftName",
    "Non-Standard Residues / Small Molecules"
  ],
  [
    "chemicalShiftComment",
    "The CCPN Analysis Version 3 ReferenceChemical shifts retrieved from BMRB"
  ],
  [
    "chemicalShiftEntryDate",
    "2023-09-14-14:25:08"
  ],
  [
    "compoundName",
    "(5~{Z})-5-[(2,5-dimethoxy-4-oxidanyl-phenyl)methylidene]-2-sulfanylidene-1,3-thiazolidin-4-one"
  ],
  [
    "compoundShortName",
    "O1F"
  ],
  [
    "compoundCcpCode",
    "O1F"
  ],
  [
    "compoundType",
    "Non-Polymer"
  ],
  [
    "compoundTypeClassification",
    "non-polymer"
  ],
  [
    "compoundPrecursorName",
    ""
  ],
  [
    "loadingLevel",
    0
  ],
  [
    "atoms",
    [
      [
        [
          "_metadata",
          {
            "jsonVersion": 3.0,
            "className": "AtomChemicalShift",
            "classVersion": 1.0,
            "user": "luca",
            "lastPath": "undefined",
            "timestamp": "Tue Jan  9 15:18:35 2024"
          }
        ],
        [
          "atomName",
          "H21"
        ],
        [
          "atomElementName",
          ""
        ],
        [
          "atomAverageShift",
          6.277
        ],
        [
          "atomStdShift",
          null
        ],
        [
          "atomMinShift",
          6.277
        ],
        [
          "atomMaxShift",
          6.277
        ],
        [
          "atomDistributionRefValue",
          6.277
        ],
        [
          "atomDistributionValuePerPoint",
          1.0
        ],
        [
          "atomStatisticalDistribution",
          []
        ]
      ],
      [
        [
          "_metadata",
          {
            "jsonVersion": 3.0,
            "className": "AtomChemicalShift",
            "classVersion": 1.0,
            "user": "luca",
            "lastPath": "undefined",
            "timestamp": "Tue Jan  9 15:18:35 2024"
          }
        ],
        [
          "atomName",
          "H231"
        ],
        [
          "atomElementName",
          ""
        ],
        [
          "atomAverageShift",
          3.619
        ],
        [
          "atomStdShift",
          null
        ],
        [
          "atomMinShift",
          3.619
        ],
        [
          "atomMaxShift",
          3.619
        ],
        [
          "atomDistributionRefValue",
          3.619
        ],
        [
          "atomDistributionValuePerPoint",
          1.0
        ],
        [
          "atomStatisticalDistribution",
          []
        ]
      ],
      [
        [
          "_metadata",
          {
            "jsonVersion": 3.0,
            "className": "AtomChemicalShift",
            "classVersion": 1.0,
            "user": "luca",
            "lastPath": "undefined",
            "timestamp": "Tue Jan  9 15:18:35 2024"
          }
        ],
        [
          "atomName",
          "H232"
        ],
        [
          "atomElementName",
          ""
        ],
        [
          "atomAverageShift",
          3.619
        ],
        [
          "atomStdShift",
          null
        ],
        [
          "atomMinShift",
          3.619
        ],
        [
          "atomMaxShift",
          3.619
        ],
        [
          "atomDistributionRefValue",
          3.619
        ],
        [
          "atomDistributionValuePerPoint",
          1.0
        ],
        [
          "atomStatisticalDistribution",
          []
        ]
      ],
      [
        [
          "_metadata",
          {
            "jsonVersion": 3.0,
            "className": "AtomChemicalShift",
            "classVersion": 1.0,
            "user": "luca",
            "lastPath": "undefined",
            "timestamp": "Tue Jan  9 15:18:35 2024"
          }
        ],
        [
          "atomName",
          "H233"
        ],
        [
          "atomElementName",
          ""
        ],
        [
          "atomAverageShift",
          3.619
        ],
        [
          "atomStdShift",
          null
        ],
        [
          "atomMinShift",
          3.619
        ],
        [
          "atomMaxShift",
          3.619
        ],
        [
          "atomDistributionRefValue",
          3.619
        ],
        [
          "atomDistributionValuePerPoint",
          1.0
        ],
        [
          "atomStatisticalDistribution",
          []
        ]
      ],
      [
        [
          "_metadata",
          {
            "jsonVersion": 3.0,
            "className": "AtomChemicalShift",
            "classVersion": 1.0,
            "user": "luca",
            "lastPath": "undefined",
            "timestamp": "Tue Jan  9 15:18:35 2024"
          }
        ],
        [
          "atomName",
          "H32"
        ],
        [
          "atomElementName",
          ""
        ],
        [
          "atomAverageShift",
          6.967
        ],
        [
          "atomStdShift",
          null
        ],
        [
          "atomMinShift",
          6.967
        ],
        [
          "atomMaxShift",
          6.967
        ],
        [
          "atomDistributionRefValue",
          6.967
        ],
        [
          "atomDistributionValuePerPoint",
          1.0
        ],
        [
          "atomStatisticalDistribution",
          []
        ]
      ],
      [
        [
          "_metadata",
          {
            "jsonVersion": 3.0,
            "className": "AtomChemicalShift",
            "classVersion": 1.0,
            "user": "luca",
            "lastPath": "undefined",
            "timestamp": "Tue Jan  9 15:18:35 2024"
          }
        ],
        [
          "atomName",
          "H331"
        ],
        [
          "atomElementName",
          ""
        ],
        [
          "atomAverageShift",
          3.795
        ],
        [
          "atomStdShift",
          null
        ],
        [
          "atomMinShift",
          3.795
        ],
        [
          "atomMaxShift",
          3.795
        ],
        [
          "atomDistributionRefValue",
          3.795
        ],
        [
          "atomDistributionValuePerPoint",
          1.0
        ],
        [
          "atomStatisticalDistribution",
          []
        ]
      ],
      [
        [
          "_metadata",
          {
            "jsonVersion": 3.0,
            "className": "AtomChemicalShift",
            "classVersion": 1.0,
            "user": "luca",
            "lastPath": "undefined",
            "timestamp": "Tue Jan  9 15:18:35 2024"
          }
        ],
        [
          "atomName",
          "H332"
        ],
        [
          "atomElementName",
          ""
        ],
        [
          "atomAverageShift",
          3.795
        ],
        [
          "atomStdShift",
          null
        ],
        [
          "atomMinShift",
          3.795
        ],
        [
          "atomMaxShift",
          3.795
        ],
        [
          "atomDistributionRefValue",
          3.795
        ],
        [
          "atomDistributionValuePerPoint",
          1.0
        ],
        [
          "atomStatisticalDistribution",
          []
        ]
      ],
      [
        [
          "_metadata",
          {
            "jsonVersion": 3.0,
            "className": "AtomChemicalShift",
            "classVersion": 1.0,
            "user": "luca",
            "lastPath": "undefined",
            "timestamp": "Tue Jan  9 15:18:35 2024"
          }
        ],
        [
          "atomName",
          "H333"
        ],
        [
          "atomElementName",
          ""
        ],
        [
          "atomAverageShift",
          3.795
        ],
        [
          "atomStdShift",
          null
        ],
        [
          "atomMinShift",
          3.795
        ],
        [
          "atomMaxShift",
          3.795
        ],
        [
          "atomDistributionRefValue",
          3.795
        ],
        [
          "atomDistributionValuePerPoint",
          1.0
        ],
        [
          "atomStatisticalDistribution",
          []
        ]
      ],
      [
        [
          "_metadata",
          {
            "jsonVersion": 3.0,
            "className": "AtomChemicalShift",
            "classVersion": 1.0,
            "user": "luca",
            "lastPath": "undefined",
            "timestamp": "Tue Jan  9 15:18:35 2024"
          }
        ],
        [
          "atomName",
          "H45"
        ],
        [
          "atomElementName",
          ""
        ],
        [
          "atomAverageShift",
          8.049
        ],
        [
          "atomStdShift",
          null
        ],
        [
          "atomMinShift",
          8.049
        ],
        [
          "atomMaxShift",
          8.049
        ],
        [
          "atomDistributionRefValue",
          8.049
        ],
        [
          "atomDistributionValuePerPoint",
          1.0
        ],
        [
          "atomStatisticalDistribution",
          []
        ]
      ]
    ]
  ]
]