[
  [
    "_metadata",
    {
      "jsonVersion": 3,
      "className": "ReferenceChemicalShift",
      "classVersion": 1,
      "user": "CCPN",
      "lastPath": "/Users/luca/Projects/AnalysisV3/resources/referenceChemicalShifts/NonStandard/Non-Polymer/OUD.json",
      "timestamp": "Tue Jan  9 15:18:26 2024",
      "applicationVersion": 3.2
    }
  ],
  [
    "chemicalShiftName",
    "Non-Standard Residues / Small Molecules"
  ],
  [
    "chemicalShiftComment",
    "The CCPN Analysis Version 3 ReferenceChemical shifts retrieved from BMRB"
  ],
  [
    "chemicalShiftEntryDate",
    "2023-09-14-14:25:08"
  ],
  [
    "compoundName",
    "(3~{S})-3-azanyl-4-(carboxyamino)butanoic acid"
  ],
  [
    "compoundShortName",
    "OUD"
  ],
  [
    "compoundCcpCode",
    "OUD"
  ],
  [
    "compoundType",
    "Non-Polymer"
  ],
  [
    "compoundTypeClassification",
    "non-polymer"
  ],
  [
    "compoundPrecursorName",
    ""
  ],
  [
    "loadingLevel",
    0
  ],
  [
    "atoms",
    [
      [
        [
          "_metadata",
          {
            "jsonVersion": 3.0,
            "className": "AtomChemicalShift",
            "classVersion": 1.0,
            "user": "luca",
            "lastPath": "undefined",
            "timestamp": "Tue Jan  9 15:18:26 2024"
          }
        ],
        [
          "atomName",
          "CA"
        ],
        [
          "atomElementName",
          ""
        ],
        [
          "atomAverageShift",
          54.89
        ],
        [
          "atomStdShift",
          null
        ],
        [
          "atomMinShift",
          54.89
        ],
        [
          "atomMaxShift",
          54.89
        ],
        [
          "atomDistributionRefValue",
          54.89
        ],
        [
          "atomDistributionValuePerPoint",
          1.0
        ],
        [
          "atomStatisticalDistribution",
          []
        ]
      ],
      [
        [
          "_metadata",
          {
            "jsonVersion": 3.0,
            "className": "AtomChemicalShift",
            "classVersion": 1.0,
            "user": "luca",
            "lastPath": "undefined",
            "timestamp": "Tue Jan  9 15:18:26 2024"
          }
        ],
        [
          "atomName",
          "CB"
        ],
        [
          "atomElementName",
          ""
        ],
        [
          "atomAverageShift",
          40.32
        ],
        [
          "atomStdShift",
          null
        ],
        [
          "atomMinShift",
          40.32
        ],
        [
          "atomMaxShift",
          40.32
        ],
        [
          "atomDistributionRefValue",
          40.32
        ],
        [
          "atomDistributionValuePerPoint",
          1.0
        ],
        [
          "atomStatisticalDistribution",
          []
        ]
      ],
      [
        [
          "_metadata",
          {
            "jsonVersion": 3.0,
            "className": "AtomChemicalShift",
            "classVersion": 1.0,
            "user": "luca",
            "lastPath": "undefined",
            "timestamp": "Tue Jan  9 15:18:26 2024"
          }
        ],
        [
          "atomName",
          "CM"
        ],
        [
          "atomElementName",
          ""
        ],
        [
          "atomAverageShift",
          45.36
        ],
        [
          "atomStdShift",
          null
        ],
        [
          "atomMinShift",
          45.36
        ],
        [
          "atomMaxShift",
          45.36
        ],
        [
          "atomDistributionRefValue",
          45.36
        ],
        [
          "atomDistributionValuePerPoint",
          1.0
        ],
        [
          "atomStatisticalDistribution",
          []
        ]
      ],
      [
        [
          "_metadata",
          {
            "jsonVersion": 3.0,
            "className": "AtomChemicalShift",
            "classVersion": 1.0,
            "user": "luca",
            "lastPath": "undefined",
            "timestamp": "Tue Jan  9 15:18:26 2024"
          }
        ],
        [
          "atomName",
          "H1"
        ],
        [
          "atomElementName",
          ""
        ],
        [
          "atomAverageShift",
          7.91
        ],
        [
          "atomStdShift",
          null
        ],
        [
          "atomMinShift",
          7.91
        ],
        [
          "atomMaxShift",
          7.91
        ],
        [
          "atomDistributionRefValue",
          7.91
        ],
        [
          "atomDistributionValuePerPoint",
          1.0
        ],
        [
          "atomStatisticalDistribution",
          []
        ]
      ],
      [
        [
          "_metadata",
          {
            "jsonVersion": 3.0,
            "className": "AtomChemicalShift",
            "classVersion": 1.0,
            "user": "luca",
            "lastPath": "undefined",
            "timestamp": "Tue Jan  9 15:18:26 2024"
          }
        ],
        [
          "atomName",
          "HA"
        ],
        [
          "atomElementName",
          ""
        ],
        [
          "atomAverageShift",
          4.28
        ],
        [
          "atomStdShift",
          null
        ],
        [
          "atomMinShift",
          4.28
        ],
        [
          "atomMaxShift",
          4.28
        ],
        [
          "atomDistributionRefValue",
          4.28
        ],
        [
          "atomDistributionValuePerPoint",
          1.0
        ],
        [
          "atomStatisticalDistribution",
          []
        ]
      ],
      [
        [
          "_metadata",
          {
            "jsonVersion": 3.0,
            "className": "AtomChemicalShift",
            "classVersion": 1.0,
            "user": "luca",
            "lastPath": "undefined",
            "timestamp": "Tue Jan  9 15:18:26 2024"
          }
        ],
        [
          "atomName",
          "HB2"
        ],
        [
          "atomElementName",
          ""
        ],
        [
          "atomAverageShift",
          2.6
        ],
        [
          "atomStdShift",
          null
        ],
        [
          "atomMinShift",
          2.6
        ],
        [
          "atomMaxShift",
          2.6
        ],
        [
          "atomDistributionRefValue",
          2.6
        ],
        [
          "atomDistributionValuePerPoint",
          1.0
        ],
        [
          "atomStatisticalDistribution",
          []
        ]
      ],
      [
        [
          "_metadata",
          {
            "jsonVersion": 3.0,
            "className": "AtomChemicalShift",
            "classVersion": 1.0,
            "user": "luca",
            "lastPath": "undefined",
            "timestamp": "Tue Jan  9 15:18:26 2024"
          }
        ],
        [
          "atomName",
          "HB3"
        ],
        [
          "atomElementName",
          ""
        ],
        [
          "atomAverageShift",
          2.32
        ],
        [
          "atomStdShift",
          null
        ],
        [
          "atomMinShift",
          2.32
        ],
        [
          "atomMaxShift",
          2.32
        ],
        [
          "atomDistributionRefValue",
          2.32
        ],
        [
          "atomDistributionValuePerPoint",
          1.0
        ],
        [
          "atomStatisticalDistribution",
          []
        ]
      ],
      [
        [
          "_metadata",
          {
            "jsonVersion": 3.0,
            "className": "AtomChemicalShift",
            "classVersion": 1.0,
            "user": "luca",
            "lastPath": "undefined",
            "timestamp": "Tue Jan  9 15:18:26 2024"
          }
        ],
        [
          "atomName",
          "HM2"
        ],
        [
          "atomElementName",
          ""
        ],
        [
          "atomAverageShift",
          3.47
        ],
        [
          "atomStdShift",
          null
        ],
        [
          "atomMinShift",
          3.47
        ],
        [
          "atomMaxShift",
          3.47
        ],
        [
          "atomDistributionRefValue",
          3.47
        ],
        [
          "atomDistributionValuePerPoint",
          1.0
        ],
        [
          "atomStatisticalDistribution",
          []
        ]
      ],
      [
        [
          "_metadata",
          {
            "jsonVersion": 3.0,
            "className": "AtomChemicalShift",
            "classVersion": 1.0,
            "user": "luca",
            "lastPath": "undefined",
            "timestamp": "Tue Jan  9 15:18:26 2024"
          }
        ],
        [
          "atomName",
          "HM3"
        ],
        [
          "atomElementName",
          ""
        ],
        [
          "atomAverageShift",
          3.47
        ],
        [
          "atomStdShift",
          null
        ],
        [
          "atomMinShift",
          3.47
        ],
        [
          "atomMaxShift",
          3.47
        ],
        [
          "atomDistributionRefValue",
          3.47
        ],
        [
          "atomDistributionValuePerPoint",
          1.0
        ],
        [
          "atomStatisticalDistribution",
          []
        ]
      ],
      [
        [
          "_metadata",
          {
            "jsonVersion": 3.0,
            "className": "AtomChemicalShift",
            "classVersion": 1.0,
            "user": "luca",
            "lastPath": "undefined",
            "timestamp": "Tue Jan  9 15:18:26 2024"
          }
        ],
        [
          "atomName",
          "HN2"
        ],
        [
          "atomElementName",
          ""
        ],
        [
          "atomAverageShift",
          6.55
        ],
        [
          "atomStdShift",
          null
        ],
        [
          "atomMinShift",
          6.55
        ],
        [
          "atomMaxShift",
          6.55
        ],
        [
          "atomDistributionRefValue",
          6.55
        ],
        [
          "atomDistributionValuePerPoint",
          1.0
        ],
        [
          "atomStatisticalDistribution",
          []
        ]
      ],
      [
        [
          "_metadata",
          {
            "jsonVersion": 3.0,
            "className": "AtomChemicalShift",
            "classVersion": 1.0,
            "user": "luca",
            "lastPath": "undefined",
            "timestamp": "Tue Jan  9 15:18:26 2024"
          }
        ],
        [
          "atomName",
          "N"
        ],
        [
          "atomElementName",
          ""
        ],
        [
          "atomAverageShift",
          123.15
        ],
        [
          "atomStdShift",
          null
        ],
        [
          "atomMinShift",
          123.15
        ],
        [
          "atomMaxShift",
          123.15
        ],
        [
          "atomDistributionRefValue",
          123.15
        ],
        [
          "atomDistributionValuePerPoint",
          1.0
        ],
        [
          "atomStatisticalDistribution",
          []
        ]
      ],
      [
        [
          "_metadata",
          {
            "jsonVersion": 3.0,
            "className": "AtomChemicalShift",
            "classVersion": 1.0,
            "user": "luca",
            "lastPath": "undefined",
            "timestamp": "Tue Jan  9 15:18:26 2024"
          }
        ],
        [
          "atomName",
          "N2"
        ],
        [
          "atomElementName",
          ""
        ],
        [
          "atomAverageShift",
          78.26
        ],
        [
          "atomStdShift",
          null
        ],
        [
          "atomMinShift",
          78.26
        ],
        [
          "atomMaxShift",
          78.26
        ],
        [
          "atomDistributionRefValue",
          78.26
        ],
        [
          "atomDistributionValuePerPoint",
          1.0
        ],
        [
          "atomStatisticalDistribution",
          []
        ]
      ]
    ]
  ]
]