[
  [
    "_metadata",
    {
      "jsonVersion": 3,
      "className": "ReferenceChemicalShift",
      "classVersion": 1,
      "user": "CCPN",
      "lastPath": "/Users/luca/Projects/AnalysisV3/resources/referenceChemicalShifts/NonStandard/Non-Polymer/PNS.json",
      "timestamp": "Tue Jan  9 15:18:26 2024",
      "applicationVersion": 3.2
    }
  ],
  [
    "chemicalShiftName",
    "Non-Standard Residues / Small Molecules"
  ],
  [
    "chemicalShiftComment",
    "The CCPN Analysis Version 3 ReferenceChemical shifts retrieved from BMRB"
  ],
  [
    "chemicalShiftEntryDate",
    "2023-09-14-14:25:08"
  ],
  [
    "compoundName",
    "4'-PHOSPHOPANTETHEINE"
  ],
  [
    "compoundShortName",
    "PNS"
  ],
  [
    "compoundCcpCode",
    "PNS"
  ],
  [
    "compoundType",
    "Non-Polymer"
  ],
  [
    "compoundTypeClassification",
    "non-polymer"
  ],
  [
    "compoundPrecursorName",
    ""
  ],
  [
    "loadingLevel",
    0
  ],
  [
    "atoms",
    [
      [
        [
          "_metadata",
          {
            "jsonVersion": 3.0,
            "className": "AtomChemicalShift",
            "classVersion": 1.0,
            "user": "luca",
            "lastPath": "undefined",
            "timestamp": "Tue Jan  9 15:18:25 2024"
          }
        ],
        [
          "atomName",
          "1H28"
        ],
        [
          "atomElementName",
          ""
        ],
        [
          "atomAverageShift",
          3.432
        ],
        [
          "atomStdShift",
          0.069
        ],
        [
          "atomMinShift",
          3.383
        ],
        [
          "atomMaxShift",
          3.48
        ],
        [
          "atomDistributionRefValue",
          3.383
        ],
        [
          "atomDistributionValuePerPoint",
          1.0
        ],
        [
          "atomStatisticalDistribution",
          []
        ]
      ],
      [
        [
          "_metadata",
          {
            "jsonVersion": 3.0,
            "className": "AtomChemicalShift",
            "classVersion": 1.0,
            "user": "luca",
            "lastPath": "undefined",
            "timestamp": "Tue Jan  9 15:18:25 2024"
          }
        ],
        [
          "atomName",
          "1H30"
        ],
        [
          "atomElementName",
          ""
        ],
        [
          "atomAverageShift",
          0.887
        ],
        [
          "atomStdShift",
          0.062
        ],
        [
          "atomMinShift",
          0.843
        ],
        [
          "atomMaxShift",
          0.931
        ],
        [
          "atomDistributionRefValue",
          0.843
        ],
        [
          "atomDistributionValuePerPoint",
          1.0
        ],
        [
          "atomStatisticalDistribution",
          []
        ]
      ],
      [
        [
          "_metadata",
          {
            "jsonVersion": 3.0,
            "className": "AtomChemicalShift",
            "classVersion": 1.0,
            "user": "luca",
            "lastPath": "undefined",
            "timestamp": "Tue Jan  9 15:18:25 2024"
          }
        ],
        [
          "atomName",
          "1H31"
        ],
        [
          "atomElementName",
          ""
        ],
        [
          "atomAverageShift",
          0.936
        ],
        [
          "atomStdShift",
          0.007
        ],
        [
          "atomMinShift",
          0.931
        ],
        [
          "atomMaxShift",
          0.941
        ],
        [
          "atomDistributionRefValue",
          0.931
        ],
        [
          "atomDistributionValuePerPoint",
          1.0
        ],
        [
          "atomStatisticalDistribution",
          []
        ]
      ],
      [
        [
          "_metadata",
          {
            "jsonVersion": 3.0,
            "className": "AtomChemicalShift",
            "classVersion": 1.0,
            "user": "luca",
            "lastPath": "undefined",
            "timestamp": "Tue Jan  9 15:18:25 2024"
          }
        ],
        [
          "atomName",
          "1H37"
        ],
        [
          "atomElementName",
          ""
        ],
        [
          "atomAverageShift",
          3.523
        ],
        [
          "atomStdShift",
          0.05
        ],
        [
          "atomMinShift",
          3.487
        ],
        [
          "atomMaxShift",
          3.558
        ],
        [
          "atomDistributionRefValue",
          3.487
        ],
        [
          "atomDistributionValuePerPoint",
          1.0
        ],
        [
          "atomStatisticalDistribution",
          []
        ]
      ],
      [
        [
          "_metadata",
          {
            "jsonVersion": 3.0,
            "className": "AtomChemicalShift",
            "classVersion": 1.0,
            "user": "luca",
            "lastPath": "undefined",
            "timestamp": "Tue Jan  9 15:18:25 2024"
          }
        ],
        [
          "atomName",
          "1H38"
        ],
        [
          "atomElementName",
          ""
        ],
        [
          "atomAverageShift",
          2.486
        ],
        [
          "atomStdShift",
          0.001
        ],
        [
          "atomMinShift",
          2.485
        ],
        [
          "atomMaxShift",
          2.487
        ],
        [
          "atomDistributionRefValue",
          2.485
        ],
        [
          "atomDistributionValuePerPoint",
          1.0
        ],
        [
          "atomStatisticalDistribution",
          []
        ]
      ],
      [
        [
          "_metadata",
          {
            "jsonVersion": 3.0,
            "className": "AtomChemicalShift",
            "classVersion": 1.0,
            "user": "luca",
            "lastPath": "undefined",
            "timestamp": "Tue Jan  9 15:18:25 2024"
          }
        ],
        [
          "atomName",
          "1H42"
        ],
        [
          "atomElementName",
          ""
        ],
        [
          "atomAverageShift",
          3.348
        ],
        [
          "atomStdShift",
          0.163
        ],
        [
          "atomMinShift",
          3.233
        ],
        [
          "atomMaxShift",
          3.463
        ],
        [
          "atomDistributionRefValue",
          3.233
        ],
        [
          "atomDistributionValuePerPoint",
          1.0
        ],
        [
          "atomStatisticalDistribution",
          []
        ]
      ],
      [
        [
          "_metadata",
          {
            "jsonVersion": 3.0,
            "className": "AtomChemicalShift",
            "classVersion": 1.0,
            "user": "luca",
            "lastPath": "undefined",
            "timestamp": "Tue Jan  9 15:18:25 2024"
          }
        ],
        [
          "atomName",
          "1H43"
        ],
        [
          "atomElementName",
          ""
        ],
        [
          "atomAverageShift",
          2.812
        ],
        [
          "atomStdShift",
          0.031
        ],
        [
          "atomMinShift",
          2.79
        ],
        [
          "atomMaxShift",
          2.834
        ],
        [
          "atomDistributionRefValue",
          2.79
        ],
        [
          "atomDistributionValuePerPoint",
          1.0
        ],
        [
          "atomStatisticalDistribution",
          []
        ]
      ],
      [
        [
          "_metadata",
          {
            "jsonVersion": 3.0,
            "className": "AtomChemicalShift",
            "classVersion": 1.0,
            "user": "luca",
            "lastPath": "undefined",
            "timestamp": "Tue Jan  9 15:18:25 2024"
          }
        ],
        [
          "atomName",
          "2H28"
        ],
        [
          "atomElementName",
          ""
        ],
        [
          "atomAverageShift",
          3.774
        ],
        [
          "atomStdShift",
          0.021
        ],
        [
          "atomMinShift",
          3.759
        ],
        [
          "atomMaxShift",
          3.788
        ],
        [
          "atomDistributionRefValue",
          3.759
        ],
        [
          "atomDistributionValuePerPoint",
          1.0
        ],
        [
          "atomStatisticalDistribution",
          []
        ]
      ],
      [
        [
          "_metadata",
          {
            "jsonVersion": 3.0,
            "className": "AtomChemicalShift",
            "classVersion": 1.0,
            "user": "luca",
            "lastPath": "undefined",
            "timestamp": "Tue Jan  9 15:18:25 2024"
          }
        ],
        [
          "atomName",
          "2H30"
        ],
        [
          "atomElementName",
          ""
        ],
        [
          "atomAverageShift",
          0.887
        ],
        [
          "atomStdShift",
          0.062
        ],
        [
          "atomMinShift",
          0.843
        ],
        [
          "atomMaxShift",
          0.931
        ],
        [
          "atomDistributionRefValue",
          0.843
        ],
        [
          "atomDistributionValuePerPoint",
          1.0
        ],
        [
          "atomStatisticalDistribution",
          []
        ]
      ],
      [
        [
          "_metadata",
          {
            "jsonVersion": 3.0,
            "className": "AtomChemicalShift",
            "classVersion": 1.0,
            "user": "luca",
            "lastPath": "undefined",
            "timestamp": "Tue Jan  9 15:18:25 2024"
          }
        ],
        [
          "atomName",
          "2H31"
        ],
        [
          "atomElementName",
          ""
        ],
        [
          "atomAverageShift",
          0.936
        ],
        [
          "atomStdShift",
          0.007
        ],
        [
          "atomMinShift",
          0.931
        ],
        [
          "atomMaxShift",
          0.941
        ],
        [
          "atomDistributionRefValue",
          0.931
        ],
        [
          "atomDistributionValuePerPoint",
          1.0
        ],
        [
          "atomStatisticalDistribution",
          []
        ]
      ],
      [
        [
          "_metadata",
          {
            "jsonVersion": 3.0,
            "className": "AtomChemicalShift",
            "classVersion": 1.0,
            "user": "luca",
            "lastPath": "undefined",
            "timestamp": "Tue Jan  9 15:18:25 2024"
          }
        ],
        [
          "atomName",
          "2H37"
        ],
        [
          "atomElementName",
          ""
        ],
        [
          "atomAverageShift",
          3.478
        ],
        [
          "atomStdShift",
          0.013
        ],
        [
          "atomMinShift",
          3.469
        ],
        [
          "atomMaxShift",
          3.487
        ],
        [
          "atomDistributionRefValue",
          3.469
        ],
        [
          "atomDistributionValuePerPoint",
          1.0
        ],
        [
          "atomStatisticalDistribution",
          []
        ]
      ],
      [
        [
          "_metadata",
          {
            "jsonVersion": 3.0,
            "className": "AtomChemicalShift",
            "classVersion": 1.0,
            "user": "luca",
            "lastPath": "undefined",
            "timestamp": "Tue Jan  9 15:18:25 2024"
          }
        ],
        [
          "atomName",
          "2H38"
        ],
        [
          "atomElementName",
          ""
        ],
        [
          "atomAverageShift",
          2.486
        ],
        [
          "atomStdShift",
          0.001
        ],
        [
          "atomMinShift",
          2.485
        ],
        [
          "atomMaxShift",
          2.487
        ],
        [
          "atomDistributionRefValue",
          2.485
        ],
        [
          "atomDistributionValuePerPoint",
          1.0
        ],
        [
          "atomStatisticalDistribution",
          []
        ]
      ],
      [
        [
          "_metadata",
          {
            "jsonVersion": 3.0,
            "className": "AtomChemicalShift",
            "classVersion": 1.0,
            "user": "luca",
            "lastPath": "undefined",
            "timestamp": "Tue Jan  9 15:18:25 2024"
          }
        ],
        [
          "atomName",
          "2H42"
        ],
        [
          "atomElementName",
          ""
        ],
        [
          "atomAverageShift",
          3.331
        ],
        [
          "atomStdShift",
          0.187
        ],
        [
          "atomMinShift",
          3.199
        ],
        [
          "atomMaxShift",
          3.463
        ],
        [
          "atomDistributionRefValue",
          3.199
        ],
        [
          "atomDistributionValuePerPoint",
          1.0
        ],
        [
          "atomStatisticalDistribution",
          []
        ]
      ],
      [
        [
          "_metadata",
          {
            "jsonVersion": 3.0,
            "className": "AtomChemicalShift",
            "classVersion": 1.0,
            "user": "luca",
            "lastPath": "undefined",
            "timestamp": "Tue Jan  9 15:18:25 2024"
          }
        ],
        [
          "atomName",
          "2H43"
        ],
        [
          "atomElementName",
          ""
        ],
        [
          "atomAverageShift",
          2.812
        ],
        [
          "atomStdShift",
          0.031
        ],
        [
          "atomMinShift",
          2.79
        ],
        [
          "atomMaxShift",
          2.834
        ],
        [
          "atomDistributionRefValue",
          2.79
        ],
        [
          "atomDistributionValuePerPoint",
          1.0
        ],
        [
          "atomStatisticalDistribution",
          []
        ]
      ],
      [
        [
          "_metadata",
          {
            "jsonVersion": 3.0,
            "className": "AtomChemicalShift",
            "classVersion": 1.0,
            "user": "luca",
            "lastPath": "undefined",
            "timestamp": "Tue Jan  9 15:18:25 2024"
          }
        ],
        [
          "atomName",
          "3H30"
        ],
        [
          "atomElementName",
          ""
        ],
        [
          "atomAverageShift",
          0.887
        ],
        [
          "atomStdShift",
          0.062
        ],
        [
          "atomMinShift",
          0.843
        ],
        [
          "atomMaxShift",
          0.931
        ],
        [
          "atomDistributionRefValue",
          0.843
        ],
        [
          "atomDistributionValuePerPoint",
          1.0
        ],
        [
          "atomStatisticalDistribution",
          []
        ]
      ],
      [
        [
          "_metadata",
          {
            "jsonVersion": 3.0,
            "className": "AtomChemicalShift",
            "classVersion": 1.0,
            "user": "luca",
            "lastPath": "undefined",
            "timestamp": "Tue Jan  9 15:18:25 2024"
          }
        ],
        [
          "atomName",
          "3H31"
        ],
        [
          "atomElementName",
          ""
        ],
        [
          "atomAverageShift",
          0.936
        ],
        [
          "atomStdShift",
          0.007
        ],
        [
          "atomMinShift",
          0.931
        ],
        [
          "atomMaxShift",
          0.941
        ],
        [
          "atomDistributionRefValue",
          0.931
        ],
        [
          "atomDistributionValuePerPoint",
          1.0
        ],
        [
          "atomStatisticalDistribution",
          []
        ]
      ],
      [
        [
          "_metadata",
          {
            "jsonVersion": 3.0,
            "className": "AtomChemicalShift",
            "classVersion": 1.0,
            "user": "luca",
            "lastPath": "undefined",
            "timestamp": "Tue Jan  9 15:18:25 2024"
          }
        ],
        [
          "atomName",
          "C"
        ],
        [
          "atomElementName",
          ""
        ],
        [
          "atomAverageShift",
          175.832
        ],
        [
          "atomStdShift",
          null
        ],
        [
          "atomMinShift",
          175.832
        ],
        [
          "atomMaxShift",
          175.832
        ],
        [
          "atomDistributionRefValue",
          175.832
        ],
        [
          "atomDistributionValuePerPoint",
          1.0
        ],
        [
          "atomStatisticalDistribution",
          []
        ]
      ],
      [
        [
          "_metadata",
          {
            "jsonVersion": 3.0,
            "className": "AtomChemicalShift",
            "classVersion": 1.0,
            "user": "luca",
            "lastPath": "undefined",
            "timestamp": "Tue Jan  9 15:18:25 2024"
          }
        ],
        [
          "atomName",
          "C28"
        ],
        [
          "atomElementName",
          ""
        ],
        [
          "atomAverageShift",
          73.947
        ],
        [
          "atomStdShift",
          0.159
        ],
        [
          "atomMinShift",
          73.7
        ],
        [
          "atomMaxShift",
          74.24
        ],
        [
          "atomDistributionRefValue",
          73.7
        ],
        [
          "atomDistributionValuePerPoint",
          1.0
        ],
        [
          "atomStatisticalDistribution",
          []
        ]
      ],
      [
        [
          "_metadata",
          {
            "jsonVersion": 3.0,
            "className": "AtomChemicalShift",
            "classVersion": 1.0,
            "user": "luca",
            "lastPath": "undefined",
            "timestamp": "Tue Jan  9 15:18:25 2024"
          }
        ],
        [
          "atomName",
          "C30"
        ],
        [
          "atomElementName",
          ""
        ],
        [
          "atomAverageShift",
          21.64
        ],
        [
          "atomStdShift",
          2.446
        ],
        [
          "atomMinShift",
          17.7
        ],
        [
          "atomMaxShift",
          26.0
        ],
        [
          "atomDistributionRefValue",
          17.7
        ],
        [
          "atomDistributionValuePerPoint",
          1.0
        ],
        [
          "atomStatisticalDistribution",
          []
        ]
      ],
      [
        [
          "_metadata",
          {
            "jsonVersion": 3.0,
            "className": "AtomChemicalShift",
            "classVersion": 1.0,
            "user": "luca",
            "lastPath": "undefined",
            "timestamp": "Tue Jan  9 15:18:25 2024"
          }
        ],
        [
          "atomName",
          "C31"
        ],
        [
          "atomElementName",
          ""
        ],
        [
          "atomAverageShift",
          23.691
        ],
        [
          "atomStdShift",
          1.084
        ],
        [
          "atomMinShift",
          22.55
        ],
        [
          "atomMaxShift",
          26.0
        ],
        [
          "atomDistributionRefValue",
          22.55
        ],
        [
          "atomDistributionValuePerPoint",
          1.0
        ],
        [
          "atomStatisticalDistribution",
          []
        ]
      ],
      [
        [
          "_metadata",
          {
            "jsonVersion": 3.0,
            "className": "AtomChemicalShift",
            "classVersion": 1.0,
            "user": "luca",
            "lastPath": "undefined",
            "timestamp": "Tue Jan  9 15:18:25 2024"
          }
        ],
        [
          "atomName",
          "C32"
        ],
        [
          "atomElementName",
          ""
        ],
        [
          "atomAverageShift",
          76.738
        ],
        [
          "atomStdShift",
          0.543
        ],
        [
          "atomMinShift",
          75.4
        ],
        [
          "atomMaxShift",
          77.349
        ],
        [
          "atomDistributionRefValue",
          75.4
        ],
        [
          "atomDistributionValuePerPoint",
          1.0
        ],
        [
          "atomStatisticalDistribution",
          []
        ]
      ],
      [
        [
          "_metadata",
          {
            "jsonVersion": 3.0,
            "className": "AtomChemicalShift",
            "classVersion": 1.0,
            "user": "luca",
            "lastPath": "undefined",
            "timestamp": "Tue Jan  9 15:18:25 2024"
          }
        ],
        [
          "atomName",
          "C34"
        ],
        [
          "atomElementName",
          ""
        ],
        [
          "atomAverageShift",
          177.357
        ],
        [
          "atomStdShift",
          0.191
        ],
        [
          "atomMinShift",
          177.2
        ],
        [
          "atomMaxShift",
          177.57
        ],
        [
          "atomDistributionRefValue",
          177.2
        ],
        [
          "atomDistributionValuePerPoint",
          1.0
        ],
        [
          "atomStatisticalDistribution",
          []
        ]
      ],
      [
        [
          "_metadata",
          {
            "jsonVersion": 3.0,
            "className": "AtomChemicalShift",
            "classVersion": 1.0,
            "user": "luca",
            "lastPath": "undefined",
            "timestamp": "Tue Jan  9 15:18:25 2024"
          }
        ],
        [
          "atomName",
          "C37"
        ],
        [
          "atomElementName",
          ""
        ],
        [
          "atomAverageShift",
          38.263
        ],
        [
          "atomStdShift",
          0.063
        ],
        [
          "atomMinShift",
          38.17
        ],
        [
          "atomMaxShift",
          38.347
        ],
        [
          "atomDistributionRefValue",
          38.17
        ],
        [
          "atomDistributionValuePerPoint",
          1.0
        ],
        [
          "atomStatisticalDistribution",
          []
        ]
      ],
      [
        [
          "_metadata",
          {
            "jsonVersion": 3.0,
            "className": "AtomChemicalShift",
            "classVersion": 1.0,
            "user": "luca",
            "lastPath": "undefined",
            "timestamp": "Tue Jan  9 15:18:25 2024"
          }
        ],
        [
          "atomName",
          "C38"
        ],
        [
          "atomElementName",
          ""
        ],
        [
          "atomAverageShift",
          38.421
        ],
        [
          "atomStdShift",
          1.037
        ],
        [
          "atomMinShift",
          37.974
        ],
        [
          "atomMaxShift",
          41.18
        ],
        [
          "atomDistributionRefValue",
          37.974
        ],
        [
          "atomDistributionValuePerPoint",
          1.0
        ],
        [
          "atomStatisticalDistribution",
          []
        ]
      ],
      [
        [
          "_metadata",
          {
            "jsonVersion": 3.0,
            "className": "AtomChemicalShift",
            "classVersion": 1.0,
            "user": "luca",
            "lastPath": "undefined",
            "timestamp": "Tue Jan  9 15:18:25 2024"
          }
        ],
        [
          "atomName",
          "C39"
        ],
        [
          "atomElementName",
          ""
        ],
        [
          "atomAverageShift",
          175.733
        ],
        [
          "atomStdShift",
          1.159
        ],
        [
          "atomMinShift",
          174.4
        ],
        [
          "atomMaxShift",
          176.5
        ],
        [
          "atomDistributionRefValue",
          174.4
        ],
        [
          "atomDistributionValuePerPoint",
          1.0
        ],
        [
          "atomStatisticalDistribution",
          []
        ]
      ],
      [
        [
          "_metadata",
          {
            "jsonVersion": 3.0,
            "className": "AtomChemicalShift",
            "classVersion": 1.0,
            "user": "luca",
            "lastPath": "undefined",
            "timestamp": "Tue Jan  9 15:18:25 2024"
          }
        ],
        [
          "atomName",
          "C42"
        ],
        [
          "atomElementName",
          ""
        ],
        [
          "atomAverageShift",
          44.372
        ],
        [
          "atomStdShift",
          2.361
        ],
        [
          "atomMinShift",
          38.08
        ],
        [
          "atomMaxShift",
          45.3
        ],
        [
          "atomDistributionRefValue",
          38.08
        ],
        [
          "atomDistributionValuePerPoint",
          1.0
        ],
        [
          "atomStatisticalDistribution",
          []
        ]
      ],
      [
        [
          "_metadata",
          {
            "jsonVersion": 3.0,
            "className": "AtomChemicalShift",
            "classVersion": 1.0,
            "user": "luca",
            "lastPath": "undefined",
            "timestamp": "Tue Jan  9 15:18:25 2024"
          }
        ],
        [
          "atomName",
          "C43"
        ],
        [
          "atomElementName",
          ""
        ],
        [
          "atomAverageShift",
          27.456
        ],
        [
          "atomStdShift",
          4.458
        ],
        [
          "atomMinShift",
          25.4
        ],
        [
          "atomMaxShift",
          39.33
        ],
        [
          "atomDistributionRefValue",
          25.4
        ],
        [
          "atomDistributionValuePerPoint",
          1.0
        ],
        [
          "atomStatisticalDistribution",
          []
        ]
      ],
      [
        [
          "_metadata",
          {
            "jsonVersion": 3.0,
            "className": "AtomChemicalShift",
            "classVersion": 1.0,
            "user": "luca",
            "lastPath": "undefined",
            "timestamp": "Tue Jan  9 15:18:25 2024"
          }
        ],
        [
          "atomName",
          "CA"
        ],
        [
          "atomElementName",
          ""
        ],
        [
          "atomAverageShift",
          60.335
        ],
        [
          "atomStdShift",
          null
        ],
        [
          "atomMinShift",
          60.335
        ],
        [
          "atomMaxShift",
          60.335
        ],
        [
          "atomDistributionRefValue",
          60.335
        ],
        [
          "atomDistributionValuePerPoint",
          1.0
        ],
        [
          "atomStatisticalDistribution",
          []
        ]
      ],
      [
        [
          "_metadata",
          {
            "jsonVersion": 3.0,
            "className": "AtomChemicalShift",
            "classVersion": 1.0,
            "user": "luca",
            "lastPath": "undefined",
            "timestamp": "Tue Jan  9 15:18:25 2024"
          }
        ],
        [
          "atomName",
          "CB"
        ],
        [
          "atomElementName",
          ""
        ],
        [
          "atomAverageShift",
          65.374
        ],
        [
          "atomStdShift",
          null
        ],
        [
          "atomMinShift",
          65.374
        ],
        [
          "atomMaxShift",
          65.374
        ],
        [
          "atomDistributionRefValue",
          65.374
        ],
        [
          "atomDistributionValuePerPoint",
          1.0
        ],
        [
          "atomStatisticalDistribution",
          []
        ]
      ],
      [
        [
          "_metadata",
          {
            "jsonVersion": 3.0,
            "className": "AtomChemicalShift",
            "classVersion": 1.0,
            "user": "luca",
            "lastPath": "undefined",
            "timestamp": "Tue Jan  9 15:18:25 2024"
          }
        ],
        [
          "atomName",
          "H"
        ],
        [
          "atomElementName",
          ""
        ],
        [
          "atomAverageShift",
          8.763
        ],
        [
          "atomStdShift",
          null
        ],
        [
          "atomMinShift",
          8.763
        ],
        [
          "atomMaxShift",
          8.763
        ],
        [
          "atomDistributionRefValue",
          8.763
        ],
        [
          "atomDistributionValuePerPoint",
          1.0
        ],
        [
          "atomStatisticalDistribution",
          []
        ]
      ],
      [
        [
          "_metadata",
          {
            "jsonVersion": 3.0,
            "className": "AtomChemicalShift",
            "classVersion": 1.0,
            "user": "luca",
            "lastPath": "undefined",
            "timestamp": "Tue Jan  9 15:18:25 2024"
          }
        ],
        [
          "atomName",
          "H281"
        ],
        [
          "atomElementName",
          ""
        ],
        [
          "atomAverageShift",
          3.441
        ],
        [
          "atomStdShift",
          0.268
        ],
        [
          "atomMinShift",
          2.8
        ],
        [
          "atomMaxShift",
          3.753
        ],
        [
          "atomDistributionRefValue",
          2.8
        ],
        [
          "atomDistributionValuePerPoint",
          1.0
        ],
        [
          "atomStatisticalDistribution",
          []
        ]
      ],
      [
        [
          "_metadata",
          {
            "jsonVersion": 3.0,
            "className": "AtomChemicalShift",
            "classVersion": 1.0,
            "user": "luca",
            "lastPath": "undefined",
            "timestamp": "Tue Jan  9 15:18:25 2024"
          }
        ],
        [
          "atomName",
          "H282"
        ],
        [
          "atomElementName",
          ""
        ],
        [
          "atomAverageShift",
          3.641
        ],
        [
          "atomStdShift",
          0.166
        ],
        [
          "atomMinShift",
          3.415
        ],
        [
          "atomMaxShift",
          3.893
        ],
        [
          "atomDistributionRefValue",
          3.415
        ],
        [
          "atomDistributionValuePerPoint",
          1.0
        ],
        [
          "atomStatisticalDistribution",
          []
        ]
      ],
      [
        [
          "_metadata",
          {
            "jsonVersion": 3.0,
            "className": "AtomChemicalShift",
            "classVersion": 1.0,
            "user": "luca",
            "lastPath": "undefined",
            "timestamp": "Tue Jan  9 15:18:25 2024"
          }
        ],
        [
          "atomName",
          "H283"
        ],
        [
          "atomElementName",
          ""
        ],
        [
          "atomAverageShift",
          3.717
        ],
        [
          "atomStdShift",
          null
        ],
        [
          "atomMinShift",
          3.717
        ],
        [
          "atomMaxShift",
          3.717
        ],
        [
          "atomDistributionRefValue",
          3.717
        ],
        [
          "atomDistributionValuePerPoint",
          1.0
        ],
        [
          "atomStatisticalDistribution",
          []
        ]
      ],
      [
        [
          "_metadata",
          {
            "jsonVersion": 3.0,
            "className": "AtomChemicalShift",
            "classVersion": 1.0,
            "user": "luca",
            "lastPath": "undefined",
            "timestamp": "Tue Jan  9 15:18:25 2024"
          }
        ],
        [
          "atomName",
          "H28A"
        ],
        [
          "atomElementName",
          ""
        ],
        [
          "atomAverageShift",
          3.335
        ],
        [
          "atomStdShift",
          null
        ],
        [
          "atomMinShift",
          3.335
        ],
        [
          "atomMaxShift",
          3.335
        ],
        [
          "atomDistributionRefValue",
          3.335
        ],
        [
          "atomDistributionValuePerPoint",
          1.0
        ],
        [
          "atomStatisticalDistribution",
          []
        ]
      ],
      [
        [
          "_metadata",
          {
            "jsonVersion": 3.0,
            "className": "AtomChemicalShift",
            "classVersion": 1.0,
            "user": "luca",
            "lastPath": "undefined",
            "timestamp": "Tue Jan  9 15:18:25 2024"
          }
        ],
        [
          "atomName",
          "H28B"
        ],
        [
          "atomElementName",
          ""
        ],
        [
          "atomAverageShift",
          3.738
        ],
        [
          "atomStdShift",
          null
        ],
        [
          "atomMinShift",
          3.738
        ],
        [
          "atomMaxShift",
          3.738
        ],
        [
          "atomDistributionRefValue",
          3.738
        ],
        [
          "atomDistributionValuePerPoint",
          1.0
        ],
        [
          "atomStatisticalDistribution",
          []
        ]
      ],
      [
        [
          "_metadata",
          {
            "jsonVersion": 3.0,
            "className": "AtomChemicalShift",
            "classVersion": 1.0,
            "user": "luca",
            "lastPath": "undefined",
            "timestamp": "Tue Jan  9 15:18:25 2024"
          }
        ],
        [
          "atomName",
          "H301"
        ],
        [
          "atomElementName",
          ""
        ],
        [
          "atomAverageShift",
          0.741
        ],
        [
          "atomStdShift",
          0.436
        ],
        [
          "atomMinShift",
          -0.41
        ],
        [
          "atomMaxShift",
          0.952
        ],
        [
          "atomDistributionRefValue",
          -0.41
        ],
        [
          "atomDistributionValuePerPoint",
          1.0
        ],
        [
          "atomStatisticalDistribution",
          []
        ]
      ],
      [
        [
          "_metadata",
          {
            "jsonVersion": 3.0,
            "className": "AtomChemicalShift",
            "classVersion": 1.0,
            "user": "luca",
            "lastPath": "undefined",
            "timestamp": "Tue Jan  9 15:18:25 2024"
          }
        ],
        [
          "atomName",
          "H302"
        ],
        [
          "atomElementName",
          ""
        ],
        [
          "atomAverageShift",
          0.736
        ],
        [
          "atomStdShift",
          0.466
        ],
        [
          "atomMinShift",
          -0.41
        ],
        [
          "atomMaxShift",
          0.952
        ],
        [
          "atomDistributionRefValue",
          -0.41
        ],
        [
          "atomDistributionValuePerPoint",
          1.0
        ],
        [
          "atomStatisticalDistribution",
          []
        ]
      ],
      [
        [
          "_metadata",
          {
            "jsonVersion": 3.0,
            "className": "AtomChemicalShift",
            "classVersion": 1.0,
            "user": "luca",
            "lastPath": "undefined",
            "timestamp": "Tue Jan  9 15:18:25 2024"
          }
        ],
        [
          "atomName",
          "H303"
        ],
        [
          "atomElementName",
          ""
        ],
        [
          "atomAverageShift",
          0.705
        ],
        [
          "atomStdShift",
          0.494
        ],
        [
          "atomMinShift",
          -0.41
        ],
        [
          "atomMaxShift",
          0.952
        ],
        [
          "atomDistributionRefValue",
          -0.41
        ],
        [
          "atomDistributionValuePerPoint",
          1.0
        ],
        [
          "atomStatisticalDistribution",
          []
        ]
      ],
      [
        [
          "_metadata",
          {
            "jsonVersion": 3.0,
            "className": "AtomChemicalShift",
            "classVersion": 1.0,
            "user": "luca",
            "lastPath": "undefined",
            "timestamp": "Tue Jan  9 15:18:25 2024"
          }
        ],
        [
          "atomName",
          "H30A"
        ],
        [
          "atomElementName",
          ""
        ],
        [
          "atomAverageShift",
          0.82
        ],
        [
          "atomStdShift",
          null
        ],
        [
          "atomMinShift",
          0.82
        ],
        [
          "atomMaxShift",
          0.82
        ],
        [
          "atomDistributionRefValue",
          0.82
        ],
        [
          "atomDistributionValuePerPoint",
          1.0
        ],
        [
          "atomStatisticalDistribution",
          []
        ]
      ],
      [
        [
          "_metadata",
          {
            "jsonVersion": 3.0,
            "className": "AtomChemicalShift",
            "classVersion": 1.0,
            "user": "luca",
            "lastPath": "undefined",
            "timestamp": "Tue Jan  9 15:18:25 2024"
          }
        ],
        [
          "atomName",
          "H30B"
        ],
        [
          "atomElementName",
          ""
        ],
        [
          "atomAverageShift",
          0.82
        ],
        [
          "atomStdShift",
          null
        ],
        [
          "atomMinShift",
          0.82
        ],
        [
          "atomMaxShift",
          0.82
        ],
        [
          "atomDistributionRefValue",
          0.82
        ],
        [
          "atomDistributionValuePerPoint",
          1.0
        ],
        [
          "atomStatisticalDistribution",
          []
        ]
      ],
      [
        [
          "_metadata",
          {
            "jsonVersion": 3.0,
            "className": "AtomChemicalShift",
            "classVersion": 1.0,
            "user": "luca",
            "lastPath": "undefined",
            "timestamp": "Tue Jan  9 15:18:25 2024"
          }
        ],
        [
          "atomName",
          "H30C"
        ],
        [
          "atomElementName",
          ""
        ],
        [
          "atomAverageShift",
          0.886
        ],
        [
          "atomStdShift",
          0.093
        ],
        [
          "atomMinShift",
          0.82
        ],
        [
          "atomMaxShift",
          0.951
        ],
        [
          "atomDistributionRefValue",
          0.82
        ],
        [
          "atomDistributionValuePerPoint",
          1.0
        ],
        [
          "atomStatisticalDistribution",
          []
        ]
      ],
      [
        [
          "_metadata",
          {
            "jsonVersion": 3.0,
            "className": "AtomChemicalShift",
            "classVersion": 1.0,
            "user": "luca",
            "lastPath": "undefined",
            "timestamp": "Tue Jan  9 15:18:25 2024"
          }
        ],
        [
          "atomName",
          "H311"
        ],
        [
          "atomElementName",
          ""
        ],
        [
          "atomAverageShift",
          0.826
        ],
        [
          "atomStdShift",
          0.226
        ],
        [
          "atomMinShift",
          0.26
        ],
        [
          "atomMaxShift",
          1.063
        ],
        [
          "atomDistributionRefValue",
          0.26
        ],
        [
          "atomDistributionValuePerPoint",
          1.0
        ],
        [
          "atomStatisticalDistribution",
          []
        ]
      ],
      [
        [
          "_metadata",
          {
            "jsonVersion": 3.0,
            "className": "AtomChemicalShift",
            "classVersion": 1.0,
            "user": "luca",
            "lastPath": "undefined",
            "timestamp": "Tue Jan  9 15:18:25 2024"
          }
        ],
        [
          "atomName",
          "H312"
        ],
        [
          "atomElementName",
          ""
        ],
        [
          "atomAverageShift",
          0.828
        ],
        [
          "atomStdShift",
          0.242
        ],
        [
          "atomMinShift",
          0.26
        ],
        [
          "atomMaxShift",
          1.063
        ],
        [
          "atomDistributionRefValue",
          0.26
        ],
        [
          "atomDistributionValuePerPoint",
          1.0
        ],
        [
          "atomStatisticalDistribution",
          []
        ]
      ],
      [
        [
          "_metadata",
          {
            "jsonVersion": 3.0,
            "className": "AtomChemicalShift",
            "classVersion": 1.0,
            "user": "luca",
            "lastPath": "undefined",
            "timestamp": "Tue Jan  9 15:18:25 2024"
          }
        ],
        [
          "atomName",
          "H313"
        ],
        [
          "atomElementName",
          ""
        ],
        [
          "atomAverageShift",
          0.794
        ],
        [
          "atomStdShift",
          0.24
        ],
        [
          "atomMinShift",
          0.26
        ],
        [
          "atomMaxShift",
          0.95
        ],
        [
          "atomDistributionRefValue",
          0.26
        ],
        [
          "atomDistributionValuePerPoint",
          1.0
        ],
        [
          "atomStatisticalDistribution",
          []
        ]
      ],
      [
        [
          "_metadata",
          {
            "jsonVersion": 3.0,
            "className": "AtomChemicalShift",
            "classVersion": 1.0,
            "user": "luca",
            "lastPath": "undefined",
            "timestamp": "Tue Jan  9 15:18:25 2024"
          }
        ],
        [
          "atomName",
          "H31A"
        ],
        [
          "atomElementName",
          ""
        ],
        [
          "atomAverageShift",
          0.936
        ],
        [
          "atomStdShift",
          null
        ],
        [
          "atomMinShift",
          0.936
        ],
        [
          "atomMaxShift",
          0.936
        ],
        [
          "atomDistributionRefValue",
          0.936
        ],
        [
          "atomDistributionValuePerPoint",
          1.0
        ],
        [
          "atomStatisticalDistribution",
          []
        ]
      ],
      [
        [
          "_metadata",
          {
            "jsonVersion": 3.0,
            "className": "AtomChemicalShift",
            "classVersion": 1.0,
            "user": "luca",
            "lastPath": "undefined",
            "timestamp": "Tue Jan  9 15:18:25 2024"
          }
        ],
        [
          "atomName",
          "H31B"
        ],
        [
          "atomElementName",
          ""
        ],
        [
          "atomAverageShift",
          0.936
        ],
        [
          "atomStdShift",
          null
        ],
        [
          "atomMinShift",
          0.936
        ],
        [
          "atomMaxShift",
          0.936
        ],
        [
          "atomDistributionRefValue",
          0.936
        ],
        [
          "atomDistributionValuePerPoint",
          1.0
        ],
        [
          "atomStatisticalDistribution",
          []
        ]
      ],
      [
        [
          "_metadata",
          {
            "jsonVersion": 3.0,
            "className": "AtomChemicalShift",
            "classVersion": 1.0,
            "user": "luca",
            "lastPath": "undefined",
            "timestamp": "Tue Jan  9 15:18:25 2024"
          }
        ],
        [
          "atomName",
          "H31C"
        ],
        [
          "atomElementName",
          ""
        ],
        [
          "atomAverageShift",
          1.0
        ],
        [
          "atomStdShift",
          0.09
        ],
        [
          "atomMinShift",
          0.936
        ],
        [
          "atomMaxShift",
          1.063
        ],
        [
          "atomDistributionRefValue",
          0.936
        ],
        [
          "atomDistributionValuePerPoint",
          1.0
        ],
        [
          "atomStatisticalDistribution",
          []
        ]
      ],
      [
        [
          "_metadata",
          {
            "jsonVersion": 3.0,
            "className": "AtomChemicalShift",
            "classVersion": 1.0,
            "user": "luca",
            "lastPath": "undefined",
            "timestamp": "Tue Jan  9 15:18:25 2024"
          }
        ],
        [
          "atomName",
          "H32"
        ],
        [
          "atomElementName",
          ""
        ],
        [
          "atomAverageShift",
          3.972
        ],
        [
          "atomStdShift",
          0.065
        ],
        [
          "atomMinShift",
          3.8
        ],
        [
          "atomMaxShift",
          4.035
        ],
        [
          "atomDistributionRefValue",
          3.8
        ],
        [
          "atomDistributionValuePerPoint",
          1.0
        ],
        [
          "atomStatisticalDistribution",
          []
        ]
      ],
      [
        [
          "_metadata",
          {
            "jsonVersion": 3.0,
            "className": "AtomChemicalShift",
            "classVersion": 1.0,
            "user": "luca",
            "lastPath": "undefined",
            "timestamp": "Tue Jan  9 15:18:25 2024"
          }
        ],
        [
          "atomName",
          "H321"
        ],
        [
          "atomElementName",
          ""
        ],
        [
          "atomAverageShift",
          4.115
        ],
        [
          "atomStdShift",
          null
        ],
        [
          "atomMinShift",
          4.115
        ],
        [
          "atomMaxShift",
          4.115
        ],
        [
          "atomDistributionRefValue",
          4.115
        ],
        [
          "atomDistributionValuePerPoint",
          1.0
        ],
        [
          "atomStatisticalDistribution",
          []
        ]
      ],
      [
        [
          "_metadata",
          {
            "jsonVersion": 3.0,
            "className": "AtomChemicalShift",
            "classVersion": 1.0,
            "user": "luca",
            "lastPath": "undefined",
            "timestamp": "Tue Jan  9 15:18:25 2024"
          }
        ],
        [
          "atomName",
          "H32A"
        ],
        [
          "atomElementName",
          ""
        ],
        [
          "atomAverageShift",
          3.988
        ],
        [
          "atomStdShift",
          null
        ],
        [
          "atomMinShift",
          3.988
        ],
        [
          "atomMaxShift",
          3.988
        ],
        [
          "atomDistributionRefValue",
          3.988
        ],
        [
          "atomDistributionValuePerPoint",
          1.0
        ],
        [
          "atomStatisticalDistribution",
          []
        ]
      ],
      [
        [
          "_metadata",
          {
            "jsonVersion": 3.0,
            "className": "AtomChemicalShift",
            "classVersion": 1.0,
            "user": "luca",
            "lastPath": "undefined",
            "timestamp": "Tue Jan  9 15:18:25 2024"
          }
        ],
        [
          "atomName",
          "H36"
        ],
        [
          "atomElementName",
          ""
        ],
        [
          "atomAverageShift",
          7.981
        ],
        [
          "atomStdShift",
          0.193
        ],
        [
          "atomMinShift",
          7.37
        ],
        [
          "atomMaxShift",
          8.168
        ],
        [
          "atomDistributionRefValue",
          7.37
        ],
        [
          "atomDistributionValuePerPoint",
          1.0
        ],
        [
          "atomStatisticalDistribution",
          []
        ]
      ],
      [
        [
          "_metadata",
          {
            "jsonVersion": 3.0,
            "className": "AtomChemicalShift",
            "classVersion": 1.0,
            "user": "luca",
            "lastPath": "undefined",
            "timestamp": "Tue Jan  9 15:18:25 2024"
          }
        ],
        [
          "atomName",
          "H361"
        ],
        [
          "atomElementName",
          ""
        ],
        [
          "atomAverageShift",
          8.135
        ],
        [
          "atomStdShift",
          null
        ],
        [
          "atomMinShift",
          8.135
        ],
        [
          "atomMaxShift",
          8.135
        ],
        [
          "atomDistributionRefValue",
          8.135
        ],
        [
          "atomDistributionValuePerPoint",
          1.0
        ],
        [
          "atomStatisticalDistribution",
          []
        ]
      ],
      [
        [
          "_metadata",
          {
            "jsonVersion": 3.0,
            "className": "AtomChemicalShift",
            "classVersion": 1.0,
            "user": "luca",
            "lastPath": "undefined",
            "timestamp": "Tue Jan  9 15:18:25 2024"
          }
        ],
        [
          "atomName",
          "H36A"
        ],
        [
          "atomElementName",
          ""
        ],
        [
          "atomAverageShift",
          8.005
        ],
        [
          "atomStdShift",
          null
        ],
        [
          "atomMinShift",
          8.005
        ],
        [
          "atomMaxShift",
          8.005
        ],
        [
          "atomDistributionRefValue",
          8.005
        ],
        [
          "atomDistributionValuePerPoint",
          1.0
        ],
        [
          "atomStatisticalDistribution",
          []
        ]
      ],
      [
        [
          "_metadata",
          {
            "jsonVersion": 3.0,
            "className": "AtomChemicalShift",
            "classVersion": 1.0,
            "user": "luca",
            "lastPath": "undefined",
            "timestamp": "Tue Jan  9 15:18:25 2024"
          }
        ],
        [
          "atomName",
          "H371"
        ],
        [
          "atomElementName",
          ""
        ],
        [
          "atomAverageShift",
          3.358
        ],
        [
          "atomStdShift",
          0.348
        ],
        [
          "atomMinShift",
          2.4
        ],
        [
          "atomMaxShift",
          3.622
        ],
        [
          "atomDistributionRefValue",
          2.4
        ],
        [
          "atomDistributionValuePerPoint",
          1.0
        ],
        [
          "atomStatisticalDistribution",
          []
        ]
      ],
      [
        [
          "_metadata",
          {
            "jsonVersion": 3.0,
            "className": "AtomChemicalShift",
            "classVersion": 1.0,
            "user": "luca",
            "lastPath": "undefined",
            "timestamp": "Tue Jan  9 15:18:25 2024"
          }
        ],
        [
          "atomName",
          "H372"
        ],
        [
          "atomElementName",
          ""
        ],
        [
          "atomAverageShift",
          3.373
        ],
        [
          "atomStdShift",
          0.347
        ],
        [
          "atomMinShift",
          2.4
        ],
        [
          "atomMaxShift",
          3.622
        ],
        [
          "atomDistributionRefValue",
          2.4
        ],
        [
          "atomDistributionValuePerPoint",
          1.0
        ],
        [
          "atomStatisticalDistribution",
          []
        ]
      ],
      [
        [
          "_metadata",
          {
            "jsonVersion": 3.0,
            "className": "AtomChemicalShift",
            "classVersion": 1.0,
            "user": "luca",
            "lastPath": "undefined",
            "timestamp": "Tue Jan  9 15:18:25 2024"
          }
        ],
        [
          "atomName",
          "H373"
        ],
        [
          "atomElementName",
          ""
        ],
        [
          "atomAverageShift",
          3.523
        ],
        [
          "atomStdShift",
          null
        ],
        [
          "atomMinShift",
          3.523
        ],
        [
          "atomMaxShift",
          3.523
        ],
        [
          "atomDistributionRefValue",
          3.523
        ],
        [
          "atomDistributionValuePerPoint",
          1.0
        ],
        [
          "atomStatisticalDistribution",
          []
        ]
      ],
      [
        [
          "_metadata",
          {
            "jsonVersion": 3.0,
            "className": "AtomChemicalShift",
            "classVersion": 1.0,
            "user": "luca",
            "lastPath": "undefined",
            "timestamp": "Tue Jan  9 15:18:25 2024"
          }
        ],
        [
          "atomName",
          "H37A"
        ],
        [
          "atomElementName",
          ""
        ],
        [
          "atomAverageShift",
          3.502
        ],
        [
          "atomStdShift",
          null
        ],
        [
          "atomMinShift",
          3.502
        ],
        [
          "atomMaxShift",
          3.502
        ],
        [
          "atomDistributionRefValue",
          3.502
        ],
        [
          "atomDistributionValuePerPoint",
          1.0
        ],
        [
          "atomStatisticalDistribution",
          []
        ]
      ],
      [
        [
          "_metadata",
          {
            "jsonVersion": 3.0,
            "className": "AtomChemicalShift",
            "classVersion": 1.0,
            "user": "luca",
            "lastPath": "undefined",
            "timestamp": "Tue Jan  9 15:18:25 2024"
          }
        ],
        [
          "atomName",
          "H37B"
        ],
        [
          "atomElementName",
          ""
        ],
        [
          "atomAverageShift",
          3.502
        ],
        [
          "atomStdShift",
          null
        ],
        [
          "atomMinShift",
          3.502
        ],
        [
          "atomMaxShift",
          3.502
        ],
        [
          "atomDistributionRefValue",
          3.502
        ],
        [
          "atomDistributionValuePerPoint",
          1.0
        ],
        [
          "atomStatisticalDistribution",
          []
        ]
      ],
      [
        [
          "_metadata",
          {
            "jsonVersion": 3.0,
            "className": "AtomChemicalShift",
            "classVersion": 1.0,
            "user": "luca",
            "lastPath": "undefined",
            "timestamp": "Tue Jan  9 15:18:25 2024"
          }
        ],
        [
          "atomName",
          "H381"
        ],
        [
          "atomElementName",
          ""
        ],
        [
          "atomAverageShift",
          2.516
        ],
        [
          "atomStdShift",
          0.149
        ],
        [
          "atomMinShift",
          2.398
        ],
        [
          "atomMaxShift",
          2.94
        ],
        [
          "atomDistributionRefValue",
          2.398
        ],
        [
          "atomDistributionValuePerPoint",
          1.0
        ],
        [
          "atomStatisticalDistribution",
          []
        ]
      ],
      [
        [
          "_metadata",
          {
            "jsonVersion": 3.0,
            "className": "AtomChemicalShift",
            "classVersion": 1.0,
            "user": "luca",
            "lastPath": "undefined",
            "timestamp": "Tue Jan  9 15:18:25 2024"
          }
        ],
        [
          "atomName",
          "H382"
        ],
        [
          "atomElementName",
          ""
        ],
        [
          "atomAverageShift",
          2.589
        ],
        [
          "atomStdShift",
          0.366
        ],
        [
          "atomMinShift",
          2.398
        ],
        [
          "atomMaxShift",
          3.62
        ],
        [
          "atomDistributionRefValue",
          2.398
        ],
        [
          "atomDistributionValuePerPoint",
          1.0
        ],
        [
          "atomStatisticalDistribution",
          []
        ]
      ],
      [
        [
          "_metadata",
          {
            "jsonVersion": 3.0,
            "className": "AtomChemicalShift",
            "classVersion": 1.0,
            "user": "luca",
            "lastPath": "undefined",
            "timestamp": "Tue Jan  9 15:18:25 2024"
          }
        ],
        [
          "atomName",
          "H38A"
        ],
        [
          "atomElementName",
          ""
        ],
        [
          "atomAverageShift",
          2.489
        ],
        [
          "atomStdShift",
          null
        ],
        [
          "atomMinShift",
          2.489
        ],
        [
          "atomMaxShift",
          2.489
        ],
        [
          "atomDistributionRefValue",
          2.489
        ],
        [
          "atomDistributionValuePerPoint",
          1.0
        ],
        [
          "atomStatisticalDistribution",
          []
        ]
      ],
      [
        [
          "_metadata",
          {
            "jsonVersion": 3.0,
            "className": "AtomChemicalShift",
            "classVersion": 1.0,
            "user": "luca",
            "lastPath": "undefined",
            "timestamp": "Tue Jan  9 15:18:25 2024"
          }
        ],
        [
          "atomName",
          "H38B"
        ],
        [
          "atomElementName",
          ""
        ],
        [
          "atomAverageShift",
          2.489
        ],
        [
          "atomStdShift",
          null
        ],
        [
          "atomMinShift",
          2.489
        ],
        [
          "atomMaxShift",
          2.489
        ],
        [
          "atomDistributionRefValue",
          2.489
        ],
        [
          "atomDistributionValuePerPoint",
          1.0
        ],
        [
          "atomStatisticalDistribution",
          []
        ]
      ],
      [
        [
          "_metadata",
          {
            "jsonVersion": 3.0,
            "className": "AtomChemicalShift",
            "classVersion": 1.0,
            "user": "luca",
            "lastPath": "undefined",
            "timestamp": "Tue Jan  9 15:18:25 2024"
          }
        ],
        [
          "atomName",
          "H41"
        ],
        [
          "atomElementName",
          ""
        ],
        [
          "atomAverageShift",
          8.133
        ],
        [
          "atomStdShift",
          0.267
        ],
        [
          "atomMinShift",
          7.26
        ],
        [
          "atomMaxShift",
          8.311
        ],
        [
          "atomDistributionRefValue",
          7.26
        ],
        [
          "atomDistributionValuePerPoint",
          1.0
        ],
        [
          "atomStatisticalDistribution",
          []
        ]
      ],
      [
        [
          "_metadata",
          {
            "jsonVersion": 3.0,
            "className": "AtomChemicalShift",
            "classVersion": 1.0,
            "user": "luca",
            "lastPath": "undefined",
            "timestamp": "Tue Jan  9 15:18:25 2024"
          }
        ],
        [
          "atomName",
          "H411"
        ],
        [
          "atomElementName",
          ""
        ],
        [
          "atomAverageShift",
          8.32
        ],
        [
          "atomStdShift",
          null
        ],
        [
          "atomMinShift",
          8.32
        ],
        [
          "atomMaxShift",
          8.32
        ],
        [
          "atomDistributionRefValue",
          8.32
        ],
        [
          "atomDistributionValuePerPoint",
          1.0
        ],
        [
          "atomStatisticalDistribution",
          []
        ]
      ],
      [
        [
          "_metadata",
          {
            "jsonVersion": 3.0,
            "className": "AtomChemicalShift",
            "classVersion": 1.0,
            "user": "luca",
            "lastPath": "undefined",
            "timestamp": "Tue Jan  9 15:18:25 2024"
          }
        ],
        [
          "atomName",
          "H41A"
        ],
        [
          "atomElementName",
          ""
        ],
        [
          "atomAverageShift",
          8.157
        ],
        [
          "atomStdShift",
          null
        ],
        [
          "atomMinShift",
          8.157
        ],
        [
          "atomMaxShift",
          8.157
        ],
        [
          "atomDistributionRefValue",
          8.157
        ],
        [
          "atomDistributionValuePerPoint",
          1.0
        ],
        [
          "atomStatisticalDistribution",
          []
        ]
      ],
      [
        [
          "_metadata",
          {
            "jsonVersion": 3.0,
            "className": "AtomChemicalShift",
            "classVersion": 1.0,
            "user": "luca",
            "lastPath": "undefined",
            "timestamp": "Tue Jan  9 15:18:25 2024"
          }
        ],
        [
          "atomName",
          "H421"
        ],
        [
          "atomElementName",
          ""
        ],
        [
          "atomAverageShift",
          3.264
        ],
        [
          "atomStdShift",
          0.161
        ],
        [
          "atomMinShift",
          2.8
        ],
        [
          "atomMaxShift",
          3.432
        ],
        [
          "atomDistributionRefValue",
          2.8
        ],
        [
          "atomDistributionValuePerPoint",
          1.0
        ],
        [
          "atomStatisticalDistribution",
          []
        ]
      ],
      [
        [
          "_metadata",
          {
            "jsonVersion": 3.0,
            "className": "AtomChemicalShift",
            "classVersion": 1.0,
            "user": "luca",
            "lastPath": "undefined",
            "timestamp": "Tue Jan  9 15:18:25 2024"
          }
        ],
        [
          "atomName",
          "H422"
        ],
        [
          "atomElementName",
          ""
        ],
        [
          "atomAverageShift",
          3.283
        ],
        [
          "atomStdShift",
          0.104
        ],
        [
          "atomMinShift",
          3.02
        ],
        [
          "atomMaxShift",
          3.432
        ],
        [
          "atomDistributionRefValue",
          3.02
        ],
        [
          "atomDistributionValuePerPoint",
          1.0
        ],
        [
          "atomStatisticalDistribution",
          []
        ]
      ],
      [
        [
          "_metadata",
          {
            "jsonVersion": 3.0,
            "className": "AtomChemicalShift",
            "classVersion": 1.0,
            "user": "luca",
            "lastPath": "undefined",
            "timestamp": "Tue Jan  9 15:18:25 2024"
          }
        ],
        [
          "atomName",
          "H42A"
        ],
        [
          "atomElementName",
          ""
        ],
        [
          "atomAverageShift",
          3.335
        ],
        [
          "atomStdShift",
          null
        ],
        [
          "atomMinShift",
          3.335
        ],
        [
          "atomMaxShift",
          3.335
        ],
        [
          "atomDistributionRefValue",
          3.335
        ],
        [
          "atomDistributionValuePerPoint",
          1.0
        ],
        [
          "atomStatisticalDistribution",
          []
        ]
      ],
      [
        [
          "_metadata",
          {
            "jsonVersion": 3.0,
            "className": "AtomChemicalShift",
            "classVersion": 1.0,
            "user": "luca",
            "lastPath": "undefined",
            "timestamp": "Tue Jan  9 15:18:25 2024"
          }
        ],
        [
          "atomName",
          "H42B"
        ],
        [
          "atomElementName",
          ""
        ],
        [
          "atomAverageShift",
          3.335
        ],
        [
          "atomStdShift",
          null
        ],
        [
          "atomMinShift",
          3.335
        ],
        [
          "atomMaxShift",
          3.335
        ],
        [
          "atomDistributionRefValue",
          3.335
        ],
        [
          "atomDistributionValuePerPoint",
          1.0
        ],
        [
          "atomStatisticalDistribution",
          []
        ]
      ],
      [
        [
          "_metadata",
          {
            "jsonVersion": 3.0,
            "className": "AtomChemicalShift",
            "classVersion": 1.0,
            "user": "luca",
            "lastPath": "undefined",
            "timestamp": "Tue Jan  9 15:18:25 2024"
          }
        ],
        [
          "atomName",
          "H431"
        ],
        [
          "atomElementName",
          ""
        ],
        [
          "atomAverageShift",
          2.635
        ],
        [
          "atomStdShift",
          0.192
        ],
        [
          "atomMinShift",
          2.45
        ],
        [
          "atomMaxShift",
          3.009
        ],
        [
          "atomDistributionRefValue",
          2.45
        ],
        [
          "atomDistributionValuePerPoint",
          1.0
        ],
        [
          "atomStatisticalDistribution",
          []
        ]
      ],
      [
        [
          "_metadata",
          {
            "jsonVersion": 3.0,
            "className": "AtomChemicalShift",
            "classVersion": 1.0,
            "user": "luca",
            "lastPath": "undefined",
            "timestamp": "Tue Jan  9 15:18:25 2024"
          }
        ],
        [
          "atomName",
          "H432"
        ],
        [
          "atomElementName",
          ""
        ],
        [
          "atomAverageShift",
          2.629
        ],
        [
          "atomStdShift",
          0.235
        ],
        [
          "atomMinShift",
          2.2
        ],
        [
          "atomMaxShift",
          3.009
        ],
        [
          "atomDistributionRefValue",
          2.2
        ],
        [
          "atomDistributionValuePerPoint",
          1.0
        ],
        [
          "atomStatisticalDistribution",
          []
        ]
      ],
      [
        [
          "_metadata",
          {
            "jsonVersion": 3.0,
            "className": "AtomChemicalShift",
            "classVersion": 1.0,
            "user": "luca",
            "lastPath": "undefined",
            "timestamp": "Tue Jan  9 15:18:25 2024"
          }
        ],
        [
          "atomName",
          "H43A"
        ],
        [
          "atomElementName",
          ""
        ],
        [
          "atomAverageShift",
          2.615
        ],
        [
          "atomStdShift",
          null
        ],
        [
          "atomMinShift",
          2.615
        ],
        [
          "atomMaxShift",
          2.615
        ],
        [
          "atomDistributionRefValue",
          2.615
        ],
        [
          "atomDistributionValuePerPoint",
          1.0
        ],
        [
          "atomStatisticalDistribution",
          []
        ]
      ],
      [
        [
          "_metadata",
          {
            "jsonVersion": 3.0,
            "className": "AtomChemicalShift",
            "classVersion": 1.0,
            "user": "luca",
            "lastPath": "undefined",
            "timestamp": "Tue Jan  9 15:18:25 2024"
          }
        ],
        [
          "atomName",
          "H43B"
        ],
        [
          "atomElementName",
          ""
        ],
        [
          "atomAverageShift",
          2.615
        ],
        [
          "atomStdShift",
          null
        ],
        [
          "atomMinShift",
          2.615
        ],
        [
          "atomMaxShift",
          2.615
        ],
        [
          "atomDistributionRefValue",
          2.615
        ],
        [
          "atomDistributionValuePerPoint",
          1.0
        ],
        [
          "atomStatisticalDistribution",
          []
        ]
      ],
      [
        [
          "_metadata",
          {
            "jsonVersion": 3.0,
            "className": "AtomChemicalShift",
            "classVersion": 1.0,
            "user": "luca",
            "lastPath": "undefined",
            "timestamp": "Tue Jan  9 15:18:25 2024"
          }
        ],
        [
          "atomName",
          "HA"
        ],
        [
          "atomElementName",
          ""
        ],
        [
          "atomAverageShift",
          3.793
        ],
        [
          "atomStdShift",
          null
        ],
        [
          "atomMinShift",
          3.793
        ],
        [
          "atomMaxShift",
          3.793
        ],
        [
          "atomDistributionRefValue",
          3.793
        ],
        [
          "atomDistributionValuePerPoint",
          1.0
        ],
        [
          "atomStatisticalDistribution",
          []
        ]
      ],
      [
        [
          "_metadata",
          {
            "jsonVersion": 3.0,
            "className": "AtomChemicalShift",
            "classVersion": 1.0,
            "user": "luca",
            "lastPath": "undefined",
            "timestamp": "Tue Jan  9 15:18:25 2024"
          }
        ],
        [
          "atomName",
          "HB1"
        ],
        [
          "atomElementName",
          ""
        ],
        [
          "atomAverageShift",
          4.025
        ],
        [
          "atomStdShift",
          null
        ],
        [
          "atomMinShift",
          4.025
        ],
        [
          "atomMaxShift",
          4.025
        ],
        [
          "atomDistributionRefValue",
          4.025
        ],
        [
          "atomDistributionValuePerPoint",
          1.0
        ],
        [
          "atomStatisticalDistribution",
          []
        ]
      ],
      [
        [
          "_metadata",
          {
            "jsonVersion": 3.0,
            "className": "AtomChemicalShift",
            "classVersion": 1.0,
            "user": "luca",
            "lastPath": "undefined",
            "timestamp": "Tue Jan  9 15:18:25 2024"
          }
        ],
        [
          "atomName",
          "HB2"
        ],
        [
          "atomElementName",
          ""
        ],
        [
          "atomAverageShift",
          4.025
        ],
        [
          "atomStdShift",
          null
        ],
        [
          "atomMinShift",
          4.025
        ],
        [
          "atomMaxShift",
          4.025
        ],
        [
          "atomDistributionRefValue",
          4.025
        ],
        [
          "atomDistributionValuePerPoint",
          1.0
        ],
        [
          "atomStatisticalDistribution",
          []
        ]
      ],
      [
        [
          "_metadata",
          {
            "jsonVersion": 3.0,
            "className": "AtomChemicalShift",
            "classVersion": 1.0,
            "user": "luca",
            "lastPath": "undefined",
            "timestamp": "Tue Jan  9 15:18:25 2024"
          }
        ],
        [
          "atomName",
          "N"
        ],
        [
          "atomElementName",
          ""
        ],
        [
          "atomAverageShift",
          113.635
        ],
        [
          "atomStdShift",
          null
        ],
        [
          "atomMinShift",
          113.635
        ],
        [
          "atomMaxShift",
          113.635
        ],
        [
          "atomDistributionRefValue",
          113.635
        ],
        [
          "atomDistributionValuePerPoint",
          1.0
        ],
        [
          "atomStatisticalDistribution",
          []
        ]
      ],
      [
        [
          "_metadata",
          {
            "jsonVersion": 3.0,
            "className": "AtomChemicalShift",
            "classVersion": 1.0,
            "user": "luca",
            "lastPath": "undefined",
            "timestamp": "Tue Jan  9 15:18:25 2024"
          }
        ],
        [
          "atomName",
          "N36"
        ],
        [
          "atomElementName",
          ""
        ],
        [
          "atomAverageShift",
          120.043
        ],
        [
          "atomStdShift",
          1.092
        ],
        [
          "atomMinShift",
          117.8
        ],
        [
          "atomMaxShift",
          121.16
        ],
        [
          "atomDistributionRefValue",
          117.8
        ],
        [
          "atomDistributionValuePerPoint",
          1.0
        ],
        [
          "atomStatisticalDistribution",
          []
        ]
      ],
      [
        [
          "_metadata",
          {
            "jsonVersion": 3.0,
            "className": "AtomChemicalShift",
            "classVersion": 1.0,
            "user": "luca",
            "lastPath": "undefined",
            "timestamp": "Tue Jan  9 15:18:25 2024"
          }
        ],
        [
          "atomName",
          "N41"
        ],
        [
          "atomElementName",
          ""
        ],
        [
          "atomAverageShift",
          124.157
        ],
        [
          "atomStdShift",
          0.326
        ],
        [
          "atomMinShift",
          123.7
        ],
        [
          "atomMaxShift",
          124.662
        ],
        [
          "atomDistributionRefValue",
          123.7
        ],
        [
          "atomDistributionValuePerPoint",
          1.0
        ],
        [
          "atomStatisticalDistribution",
          []
        ]
      ],
      [
        [
          "_metadata",
          {
            "jsonVersion": 3.0,
            "className": "AtomChemicalShift",
            "classVersion": 1.0,
            "user": "luca",
            "lastPath": "undefined",
            "timestamp": "Tue Jan  9 15:18:25 2024"
          }
        ],
        [
          "atomName",
          "QH30"
        ],
        [
          "atomElementName",
          ""
        ],
        [
          "atomAverageShift",
          0.809
        ],
        [
          "atomStdShift",
          0.023
        ],
        [
          "atomMinShift",
          0.792
        ],
        [
          "atomMaxShift",
          0.825
        ],
        [
          "atomDistributionRefValue",
          0.792
        ],
        [
          "atomDistributionValuePerPoint",
          1.0
        ],
        [
          "atomStatisticalDistribution",
          []
        ]
      ],
      [
        [
          "_metadata",
          {
            "jsonVersion": 3.0,
            "className": "AtomChemicalShift",
            "classVersion": 1.0,
            "user": "luca",
            "lastPath": "undefined",
            "timestamp": "Tue Jan  9 15:18:25 2024"
          }
        ],
        [
          "atomName",
          "QH31"
        ],
        [
          "atomElementName",
          ""
        ],
        [
          "atomAverageShift",
          0.865
        ],
        [
          "atomStdShift",
          0.064
        ],
        [
          "atomMinShift",
          0.819
        ],
        [
          "atomMaxShift",
          0.91
        ],
        [
          "atomDistributionRefValue",
          0.819
        ],
        [
          "atomDistributionValuePerPoint",
          1.0
        ],
        [
          "atomStatisticalDistribution",
          []
        ]
      ]
    ]
  ]
]