[
  [
    "_metadata",
    {
      "jsonVersion": 3,
      "className": "ReferenceChemicalShift",
      "classVersion": 1,
      "user": "CCPN",
      "lastPath": "/Users/luca/Projects/AnalysisV3/resources/referenceChemicalShifts/NonStandard/Non-Polymer/PSR.json",
      "timestamp": "Tue Jan  9 15:18:24 2024",
      "applicationVersion": 3.2
    }
  ],
  [
    "chemicalShiftName",
    "Non-Standard Residues / Small Molecules"
  ],
  [
    "chemicalShiftComment",
    "The CCPN Analysis Version 3 ReferenceChemical shifts retrieved from BMRB"
  ],
  [
    "chemicalShiftEntryDate",
    "2023-09-14-14:25:08"
  ],
  [
    "compoundName",
    "THIOBUTYRIC ACID S-{2-[3-(2-HYDROXY-3,3-DIMETHYL-4-PHOSPHONOOXY-BUTYRYLAMINO)-PROPIONYLAMINO]-ETHYL} ESTER"
  ],
  [
    "compoundShortName",
    "PSR"
  ],
  [
    "compoundCcpCode",
    "PSR"
  ],
  [
    "compoundType",
    "Non-Polymer"
  ],
  [
    "compoundTypeClassification",
    "non-polymer"
  ],
  [
    "compoundPrecursorName",
    ""
  ],
  [
    "loadingLevel",
    0
  ],
  [
    "atoms",
    [
      [
        [
          "_metadata",
          {
            "jsonVersion": 3.0,
            "className": "AtomChemicalShift",
            "classVersion": 1.0,
            "user": "luca",
            "lastPath": "undefined",
            "timestamp": "Tue Jan  9 15:18:24 2024"
          }
        ],
        [
          "atomName",
          "H28A"
        ],
        [
          "atomElementName",
          ""
        ],
        [
          "atomAverageShift",
          3.447
        ],
        [
          "atomStdShift",
          null
        ],
        [
          "atomMinShift",
          3.447
        ],
        [
          "atomMaxShift",
          3.447
        ],
        [
          "atomDistributionRefValue",
          3.447
        ],
        [
          "atomDistributionValuePerPoint",
          1.0
        ],
        [
          "atomStatisticalDistribution",
          []
        ]
      ],
      [
        [
          "_metadata",
          {
            "jsonVersion": 3.0,
            "className": "AtomChemicalShift",
            "classVersion": 1.0,
            "user": "luca",
            "lastPath": "undefined",
            "timestamp": "Tue Jan  9 15:18:24 2024"
          }
        ],
        [
          "atomName",
          "H28B"
        ],
        [
          "atomElementName",
          ""
        ],
        [
          "atomAverageShift",
          3.895
        ],
        [
          "atomStdShift",
          null
        ],
        [
          "atomMinShift",
          3.895
        ],
        [
          "atomMaxShift",
          3.895
        ],
        [
          "atomDistributionRefValue",
          3.895
        ],
        [
          "atomDistributionValuePerPoint",
          1.0
        ],
        [
          "atomStatisticalDistribution",
          []
        ]
      ],
      [
        [
          "_metadata",
          {
            "jsonVersion": 3.0,
            "className": "AtomChemicalShift",
            "classVersion": 1.0,
            "user": "luca",
            "lastPath": "undefined",
            "timestamp": "Tue Jan  9 15:18:24 2024"
          }
        ],
        [
          "atomName",
          "H2A"
        ],
        [
          "atomElementName",
          ""
        ],
        [
          "atomAverageShift",
          2.635
        ],
        [
          "atomStdShift",
          null
        ],
        [
          "atomMinShift",
          2.635
        ],
        [
          "atomMaxShift",
          2.635
        ],
        [
          "atomDistributionRefValue",
          2.635
        ],
        [
          "atomDistributionValuePerPoint",
          1.0
        ],
        [
          "atomStatisticalDistribution",
          []
        ]
      ],
      [
        [
          "_metadata",
          {
            "jsonVersion": 3.0,
            "className": "AtomChemicalShift",
            "classVersion": 1.0,
            "user": "luca",
            "lastPath": "undefined",
            "timestamp": "Tue Jan  9 15:18:24 2024"
          }
        ],
        [
          "atomName",
          "H2B"
        ],
        [
          "atomElementName",
          ""
        ],
        [
          "atomAverageShift",
          2.635
        ],
        [
          "atomStdShift",
          null
        ],
        [
          "atomMinShift",
          2.635
        ],
        [
          "atomMaxShift",
          2.635
        ],
        [
          "atomDistributionRefValue",
          2.635
        ],
        [
          "atomDistributionValuePerPoint",
          1.0
        ],
        [
          "atomStatisticalDistribution",
          []
        ]
      ],
      [
        [
          "_metadata",
          {
            "jsonVersion": 3.0,
            "className": "AtomChemicalShift",
            "classVersion": 1.0,
            "user": "luca",
            "lastPath": "undefined",
            "timestamp": "Tue Jan  9 15:18:24 2024"
          }
        ],
        [
          "atomName",
          "H30A"
        ],
        [
          "atomElementName",
          ""
        ],
        [
          "atomAverageShift",
          0.958
        ],
        [
          "atomStdShift",
          null
        ],
        [
          "atomMinShift",
          0.958
        ],
        [
          "atomMaxShift",
          0.958
        ],
        [
          "atomDistributionRefValue",
          0.958
        ],
        [
          "atomDistributionValuePerPoint",
          1.0
        ],
        [
          "atomStatisticalDistribution",
          []
        ]
      ],
      [
        [
          "_metadata",
          {
            "jsonVersion": 3.0,
            "className": "AtomChemicalShift",
            "classVersion": 1.0,
            "user": "luca",
            "lastPath": "undefined",
            "timestamp": "Tue Jan  9 15:18:24 2024"
          }
        ],
        [
          "atomName",
          "H30B"
        ],
        [
          "atomElementName",
          ""
        ],
        [
          "atomAverageShift",
          0.958
        ],
        [
          "atomStdShift",
          null
        ],
        [
          "atomMinShift",
          0.958
        ],
        [
          "atomMaxShift",
          0.958
        ],
        [
          "atomDistributionRefValue",
          0.958
        ],
        [
          "atomDistributionValuePerPoint",
          1.0
        ],
        [
          "atomStatisticalDistribution",
          []
        ]
      ],
      [
        [
          "_metadata",
          {
            "jsonVersion": 3.0,
            "className": "AtomChemicalShift",
            "classVersion": 1.0,
            "user": "luca",
            "lastPath": "undefined",
            "timestamp": "Tue Jan  9 15:18:24 2024"
          }
        ],
        [
          "atomName",
          "H30C"
        ],
        [
          "atomElementName",
          ""
        ],
        [
          "atomAverageShift",
          0.958
        ],
        [
          "atomStdShift",
          null
        ],
        [
          "atomMinShift",
          0.958
        ],
        [
          "atomMaxShift",
          0.958
        ],
        [
          "atomDistributionRefValue",
          0.958
        ],
        [
          "atomDistributionValuePerPoint",
          1.0
        ],
        [
          "atomStatisticalDistribution",
          []
        ]
      ],
      [
        [
          "_metadata",
          {
            "jsonVersion": 3.0,
            "className": "AtomChemicalShift",
            "classVersion": 1.0,
            "user": "luca",
            "lastPath": "undefined",
            "timestamp": "Tue Jan  9 15:18:24 2024"
          }
        ],
        [
          "atomName",
          "H31A"
        ],
        [
          "atomElementName",
          ""
        ],
        [
          "atomAverageShift",
          1.06
        ],
        [
          "atomStdShift",
          null
        ],
        [
          "atomMinShift",
          1.06
        ],
        [
          "atomMaxShift",
          1.06
        ],
        [
          "atomDistributionRefValue",
          1.06
        ],
        [
          "atomDistributionValuePerPoint",
          1.0
        ],
        [
          "atomStatisticalDistribution",
          []
        ]
      ],
      [
        [
          "_metadata",
          {
            "jsonVersion": 3.0,
            "className": "AtomChemicalShift",
            "classVersion": 1.0,
            "user": "luca",
            "lastPath": "undefined",
            "timestamp": "Tue Jan  9 15:18:24 2024"
          }
        ],
        [
          "atomName",
          "H31B"
        ],
        [
          "atomElementName",
          ""
        ],
        [
          "atomAverageShift",
          1.06
        ],
        [
          "atomStdShift",
          null
        ],
        [
          "atomMinShift",
          1.06
        ],
        [
          "atomMaxShift",
          1.06
        ],
        [
          "atomDistributionRefValue",
          1.06
        ],
        [
          "atomDistributionValuePerPoint",
          1.0
        ],
        [
          "atomStatisticalDistribution",
          []
        ]
      ],
      [
        [
          "_metadata",
          {
            "jsonVersion": 3.0,
            "className": "AtomChemicalShift",
            "classVersion": 1.0,
            "user": "luca",
            "lastPath": "undefined",
            "timestamp": "Tue Jan  9 15:18:24 2024"
          }
        ],
        [
          "atomName",
          "H31C"
        ],
        [
          "atomElementName",
          ""
        ],
        [
          "atomAverageShift",
          1.06
        ],
        [
          "atomStdShift",
          null
        ],
        [
          "atomMinShift",
          1.06
        ],
        [
          "atomMaxShift",
          1.06
        ],
        [
          "atomDistributionRefValue",
          1.06
        ],
        [
          "atomDistributionValuePerPoint",
          1.0
        ],
        [
          "atomStatisticalDistribution",
          []
        ]
      ],
      [
        [
          "_metadata",
          {
            "jsonVersion": 3.0,
            "className": "AtomChemicalShift",
            "classVersion": 1.0,
            "user": "luca",
            "lastPath": "undefined",
            "timestamp": "Tue Jan  9 15:18:24 2024"
          }
        ],
        [
          "atomName",
          "H32A"
        ],
        [
          "atomElementName",
          ""
        ],
        [
          "atomAverageShift",
          4.126
        ],
        [
          "atomStdShift",
          null
        ],
        [
          "atomMinShift",
          4.126
        ],
        [
          "atomMaxShift",
          4.126
        ],
        [
          "atomDistributionRefValue",
          4.126
        ],
        [
          "atomDistributionValuePerPoint",
          1.0
        ],
        [
          "atomStatisticalDistribution",
          []
        ]
      ],
      [
        [
          "_metadata",
          {
            "jsonVersion": 3.0,
            "className": "AtomChemicalShift",
            "classVersion": 1.0,
            "user": "luca",
            "lastPath": "undefined",
            "timestamp": "Tue Jan  9 15:18:24 2024"
          }
        ],
        [
          "atomName",
          "H36A"
        ],
        [
          "atomElementName",
          ""
        ],
        [
          "atomAverageShift",
          8.111
        ],
        [
          "atomStdShift",
          null
        ],
        [
          "atomMinShift",
          8.111
        ],
        [
          "atomMaxShift",
          8.111
        ],
        [
          "atomDistributionRefValue",
          8.111
        ],
        [
          "atomDistributionValuePerPoint",
          1.0
        ],
        [
          "atomStatisticalDistribution",
          []
        ]
      ],
      [
        [
          "_metadata",
          {
            "jsonVersion": 3.0,
            "className": "AtomChemicalShift",
            "classVersion": 1.0,
            "user": "luca",
            "lastPath": "undefined",
            "timestamp": "Tue Jan  9 15:18:24 2024"
          }
        ],
        [
          "atomName",
          "H37A"
        ],
        [
          "atomElementName",
          ""
        ],
        [
          "atomAverageShift",
          3.584
        ],
        [
          "atomStdShift",
          null
        ],
        [
          "atomMinShift",
          3.584
        ],
        [
          "atomMaxShift",
          3.584
        ],
        [
          "atomDistributionRefValue",
          3.584
        ],
        [
          "atomDistributionValuePerPoint",
          1.0
        ],
        [
          "atomStatisticalDistribution",
          []
        ]
      ],
      [
        [
          "_metadata",
          {
            "jsonVersion": 3.0,
            "className": "AtomChemicalShift",
            "classVersion": 1.0,
            "user": "luca",
            "lastPath": "undefined",
            "timestamp": "Tue Jan  9 15:18:24 2024"
          }
        ],
        [
          "atomName",
          "H37B"
        ],
        [
          "atomElementName",
          ""
        ],
        [
          "atomAverageShift",
          3.584
        ],
        [
          "atomStdShift",
          null
        ],
        [
          "atomMinShift",
          3.584
        ],
        [
          "atomMaxShift",
          3.584
        ],
        [
          "atomDistributionRefValue",
          3.584
        ],
        [
          "atomDistributionValuePerPoint",
          1.0
        ],
        [
          "atomStatisticalDistribution",
          []
        ]
      ],
      [
        [
          "_metadata",
          {
            "jsonVersion": 3.0,
            "className": "AtomChemicalShift",
            "classVersion": 1.0,
            "user": "luca",
            "lastPath": "undefined",
            "timestamp": "Tue Jan  9 15:18:24 2024"
          }
        ],
        [
          "atomName",
          "H38A"
        ],
        [
          "atomElementName",
          ""
        ],
        [
          "atomAverageShift",
          2.565
        ],
        [
          "atomStdShift",
          null
        ],
        [
          "atomMinShift",
          2.565
        ],
        [
          "atomMaxShift",
          2.565
        ],
        [
          "atomDistributionRefValue",
          2.565
        ],
        [
          "atomDistributionValuePerPoint",
          1.0
        ],
        [
          "atomStatisticalDistribution",
          []
        ]
      ],
      [
        [
          "_metadata",
          {
            "jsonVersion": 3.0,
            "className": "AtomChemicalShift",
            "classVersion": 1.0,
            "user": "luca",
            "lastPath": "undefined",
            "timestamp": "Tue Jan  9 15:18:24 2024"
          }
        ],
        [
          "atomName",
          "H38B"
        ],
        [
          "atomElementName",
          ""
        ],
        [
          "atomAverageShift",
          2.565
        ],
        [
          "atomStdShift",
          null
        ],
        [
          "atomMinShift",
          2.565
        ],
        [
          "atomMaxShift",
          2.565
        ],
        [
          "atomDistributionRefValue",
          2.565
        ],
        [
          "atomDistributionValuePerPoint",
          1.0
        ],
        [
          "atomStatisticalDistribution",
          []
        ]
      ],
      [
        [
          "_metadata",
          {
            "jsonVersion": 3.0,
            "className": "AtomChemicalShift",
            "classVersion": 1.0,
            "user": "luca",
            "lastPath": "undefined",
            "timestamp": "Tue Jan  9 15:18:24 2024"
          }
        ],
        [
          "atomName",
          "H3A"
        ],
        [
          "atomElementName",
          ""
        ],
        [
          "atomAverageShift",
          1.676
        ],
        [
          "atomStdShift",
          null
        ],
        [
          "atomMinShift",
          1.676
        ],
        [
          "atomMaxShift",
          1.676
        ],
        [
          "atomDistributionRefValue",
          1.676
        ],
        [
          "atomDistributionValuePerPoint",
          1.0
        ],
        [
          "atomStatisticalDistribution",
          []
        ]
      ],
      [
        [
          "_metadata",
          {
            "jsonVersion": 3.0,
            "className": "AtomChemicalShift",
            "classVersion": 1.0,
            "user": "luca",
            "lastPath": "undefined",
            "timestamp": "Tue Jan  9 15:18:24 2024"
          }
        ],
        [
          "atomName",
          "H3B"
        ],
        [
          "atomElementName",
          ""
        ],
        [
          "atomAverageShift",
          1.676
        ],
        [
          "atomStdShift",
          null
        ],
        [
          "atomMinShift",
          1.676
        ],
        [
          "atomMaxShift",
          1.676
        ],
        [
          "atomDistributionRefValue",
          1.676
        ],
        [
          "atomDistributionValuePerPoint",
          1.0
        ],
        [
          "atomStatisticalDistribution",
          []
        ]
      ],
      [
        [
          "_metadata",
          {
            "jsonVersion": 3.0,
            "className": "AtomChemicalShift",
            "classVersion": 1.0,
            "user": "luca",
            "lastPath": "undefined",
            "timestamp": "Tue Jan  9 15:18:24 2024"
          }
        ],
        [
          "atomName",
          "H41A"
        ],
        [
          "atomElementName",
          ""
        ],
        [
          "atomAverageShift",
          8.266
        ],
        [
          "atomStdShift",
          null
        ],
        [
          "atomMinShift",
          8.266
        ],
        [
          "atomMaxShift",
          8.266
        ],
        [
          "atomDistributionRefValue",
          8.266
        ],
        [
          "atomDistributionValuePerPoint",
          1.0
        ],
        [
          "atomStatisticalDistribution",
          []
        ]
      ],
      [
        [
          "_metadata",
          {
            "jsonVersion": 3.0,
            "className": "AtomChemicalShift",
            "classVersion": 1.0,
            "user": "luca",
            "lastPath": "undefined",
            "timestamp": "Tue Jan  9 15:18:24 2024"
          }
        ],
        [
          "atomName",
          "H42A"
        ],
        [
          "atomElementName",
          ""
        ],
        [
          "atomAverageShift",
          3.424
        ],
        [
          "atomStdShift",
          null
        ],
        [
          "atomMinShift",
          3.424
        ],
        [
          "atomMaxShift",
          3.424
        ],
        [
          "atomDistributionRefValue",
          3.424
        ],
        [
          "atomDistributionValuePerPoint",
          1.0
        ],
        [
          "atomStatisticalDistribution",
          []
        ]
      ],
      [
        [
          "_metadata",
          {
            "jsonVersion": 3.0,
            "className": "AtomChemicalShift",
            "classVersion": 1.0,
            "user": "luca",
            "lastPath": "undefined",
            "timestamp": "Tue Jan  9 15:18:24 2024"
          }
        ],
        [
          "atomName",
          "H42B"
        ],
        [
          "atomElementName",
          ""
        ],
        [
          "atomAverageShift",
          3.424
        ],
        [
          "atomStdShift",
          null
        ],
        [
          "atomMinShift",
          3.424
        ],
        [
          "atomMaxShift",
          3.424
        ],
        [
          "atomDistributionRefValue",
          3.424
        ],
        [
          "atomDistributionValuePerPoint",
          1.0
        ],
        [
          "atomStatisticalDistribution",
          []
        ]
      ],
      [
        [
          "_metadata",
          {
            "jsonVersion": 3.0,
            "className": "AtomChemicalShift",
            "classVersion": 1.0,
            "user": "luca",
            "lastPath": "undefined",
            "timestamp": "Tue Jan  9 15:18:24 2024"
          }
        ],
        [
          "atomName",
          "H43A"
        ],
        [
          "atomElementName",
          ""
        ],
        [
          "atomAverageShift",
          3.073
        ],
        [
          "atomStdShift",
          null
        ],
        [
          "atomMinShift",
          3.073
        ],
        [
          "atomMaxShift",
          3.073
        ],
        [
          "atomDistributionRefValue",
          3.073
        ],
        [
          "atomDistributionValuePerPoint",
          1.0
        ],
        [
          "atomStatisticalDistribution",
          []
        ]
      ],
      [
        [
          "_metadata",
          {
            "jsonVersion": 3.0,
            "className": "AtomChemicalShift",
            "classVersion": 1.0,
            "user": "luca",
            "lastPath": "undefined",
            "timestamp": "Tue Jan  9 15:18:24 2024"
          }
        ],
        [
          "atomName",
          "H43B"
        ],
        [
          "atomElementName",
          ""
        ],
        [
          "atomAverageShift",
          3.073
        ],
        [
          "atomStdShift",
          null
        ],
        [
          "atomMinShift",
          3.073
        ],
        [
          "atomMaxShift",
          3.073
        ],
        [
          "atomDistributionRefValue",
          3.073
        ],
        [
          "atomDistributionValuePerPoint",
          1.0
        ],
        [
          "atomStatisticalDistribution",
          []
        ]
      ],
      [
        [
          "_metadata",
          {
            "jsonVersion": 3.0,
            "className": "AtomChemicalShift",
            "classVersion": 1.0,
            "user": "luca",
            "lastPath": "undefined",
            "timestamp": "Tue Jan  9 15:18:24 2024"
          }
        ],
        [
          "atomName",
          "H4A"
        ],
        [
          "atomElementName",
          ""
        ],
        [
          "atomAverageShift",
          0.941
        ],
        [
          "atomStdShift",
          null
        ],
        [
          "atomMinShift",
          0.941
        ],
        [
          "atomMaxShift",
          0.941
        ],
        [
          "atomDistributionRefValue",
          0.941
        ],
        [
          "atomDistributionValuePerPoint",
          1.0
        ],
        [
          "atomStatisticalDistribution",
          []
        ]
      ],
      [
        [
          "_metadata",
          {
            "jsonVersion": 3.0,
            "className": "AtomChemicalShift",
            "classVersion": 1.0,
            "user": "luca",
            "lastPath": "undefined",
            "timestamp": "Tue Jan  9 15:18:24 2024"
          }
        ],
        [
          "atomName",
          "H4B"
        ],
        [
          "atomElementName",
          ""
        ],
        [
          "atomAverageShift",
          0.941
        ],
        [
          "atomStdShift",
          null
        ],
        [
          "atomMinShift",
          0.941
        ],
        [
          "atomMaxShift",
          0.941
        ],
        [
          "atomDistributionRefValue",
          0.941
        ],
        [
          "atomDistributionValuePerPoint",
          1.0
        ],
        [
          "atomStatisticalDistribution",
          []
        ]
      ],
      [
        [
          "_metadata",
          {
            "jsonVersion": 3.0,
            "className": "AtomChemicalShift",
            "classVersion": 1.0,
            "user": "luca",
            "lastPath": "undefined",
            "timestamp": "Tue Jan  9 15:18:24 2024"
          }
        ],
        [
          "atomName",
          "H4C"
        ],
        [
          "atomElementName",
          ""
        ],
        [
          "atomAverageShift",
          0.941
        ],
        [
          "atomStdShift",
          null
        ],
        [
          "atomMinShift",
          0.941
        ],
        [
          "atomMaxShift",
          0.941
        ],
        [
          "atomDistributionRefValue",
          0.941
        ],
        [
          "atomDistributionValuePerPoint",
          1.0
        ],
        [
          "atomStatisticalDistribution",
          []
        ]
      ]
    ]
  ]
]