[
  [
    "_metadata",
    {
      "jsonVersion": 3,
      "className": "ReferenceChemicalShift",
      "classVersion": 1,
      "user": "CCPN",
      "lastPath": "/Users/luca/Projects/AnalysisV3/resources/referenceChemicalShifts/NonStandard/Non-Polymer/QOK.json",
      "timestamp": "Tue Jan  9 15:18:40 2024",
      "applicationVersion": 3.2
    }
  ],
  [
    "chemicalShiftName",
    "Non-Standard Residues / Small Molecules"
  ],
  [
    "chemicalShiftComment",
    "The CCPN Analysis Version 3 ReferenceChemical shifts retrieved from BMRB"
  ],
  [
    "chemicalShiftEntryDate",
    "2023-09-14-14:25:08"
  ],
  [
    "compoundName",
    "7-(2-methoxyethoxymethyl)-1,3-dimethyl-purine-2,6-dione"
  ],
  [
    "compoundShortName",
    "QOK"
  ],
  [
    "compoundCcpCode",
    "QOK"
  ],
  [
    "compoundType",
    "Non-Polymer"
  ],
  [
    "compoundTypeClassification",
    "non-polymer"
  ],
  [
    "compoundPrecursorName",
    ""
  ],
  [
    "loadingLevel",
    0
  ],
  [
    "atoms",
    [
      [
        [
          "_metadata",
          {
            "jsonVersion": 3.0,
            "className": "AtomChemicalShift",
            "classVersion": 1.0,
            "user": "luca",
            "lastPath": "undefined",
            "timestamp": "Tue Jan  9 15:18:40 2024"
          }
        ],
        [
          "atomName",
          "H27"
        ],
        [
          "atomElementName",
          ""
        ],
        [
          "atomAverageShift",
          5.028
        ],
        [
          "atomStdShift",
          null
        ],
        [
          "atomMinShift",
          5.028
        ],
        [
          "atomMaxShift",
          5.028
        ],
        [
          "atomDistributionRefValue",
          5.028
        ],
        [
          "atomDistributionValuePerPoint",
          1.0
        ],
        [
          "atomStatisticalDistribution",
          []
        ]
      ],
      [
        [
          "_metadata",
          {
            "jsonVersion": 3.0,
            "className": "AtomChemicalShift",
            "classVersion": 1.0,
            "user": "luca",
            "lastPath": "undefined",
            "timestamp": "Tue Jan  9 15:18:40 2024"
          }
        ],
        [
          "atomName",
          "H28"
        ],
        [
          "atomElementName",
          ""
        ],
        [
          "atomAverageShift",
          5.527
        ],
        [
          "atomStdShift",
          null
        ],
        [
          "atomMinShift",
          5.527
        ],
        [
          "atomMaxShift",
          5.527
        ],
        [
          "atomDistributionRefValue",
          5.527
        ],
        [
          "atomDistributionValuePerPoint",
          1.0
        ],
        [
          "atomStatisticalDistribution",
          []
        ]
      ],
      [
        [
          "_metadata",
          {
            "jsonVersion": 3.0,
            "className": "AtomChemicalShift",
            "classVersion": 1.0,
            "user": "luca",
            "lastPath": "undefined",
            "timestamp": "Tue Jan  9 15:18:40 2024"
          }
        ],
        [
          "atomName",
          "Q12"
        ],
        [
          "atomElementName",
          ""
        ],
        [
          "atomAverageShift",
          3.165
        ],
        [
          "atomStdShift",
          null
        ],
        [
          "atomMinShift",
          3.165
        ],
        [
          "atomMaxShift",
          3.165
        ],
        [
          "atomDistributionRefValue",
          3.165
        ],
        [
          "atomDistributionValuePerPoint",
          1.0
        ],
        [
          "atomStatisticalDistribution",
          []
        ]
      ],
      [
        [
          "_metadata",
          {
            "jsonVersion": 3.0,
            "className": "AtomChemicalShift",
            "classVersion": 1.0,
            "user": "luca",
            "lastPath": "undefined",
            "timestamp": "Tue Jan  9 15:18:40 2024"
          }
        ],
        [
          "atomName",
          "Q14"
        ],
        [
          "atomElementName",
          ""
        ],
        [
          "atomAverageShift",
          3.141
        ],
        [
          "atomStdShift",
          null
        ],
        [
          "atomMinShift",
          3.141
        ],
        [
          "atomMaxShift",
          3.141
        ],
        [
          "atomDistributionRefValue",
          3.141
        ],
        [
          "atomDistributionValuePerPoint",
          1.0
        ],
        [
          "atomStatisticalDistribution",
          []
        ]
      ],
      [
        [
          "_metadata",
          {
            "jsonVersion": 3.0,
            "className": "AtomChemicalShift",
            "classVersion": 1.0,
            "user": "luca",
            "lastPath": "undefined",
            "timestamp": "Tue Jan  9 15:18:40 2024"
          }
        ],
        [
          "atomName",
          "Q16"
        ],
        [
          "atomElementName",
          ""
        ],
        [
          "atomAverageShift",
          3.566
        ],
        [
          "atomStdShift",
          null
        ],
        [
          "atomMinShift",
          3.566
        ],
        [
          "atomMaxShift",
          3.566
        ],
        [
          "atomDistributionRefValue",
          3.566
        ],
        [
          "atomDistributionValuePerPoint",
          1.0
        ],
        [
          "atomStatisticalDistribution",
          []
        ]
      ],
      [
        [
          "_metadata",
          {
            "jsonVersion": 3.0,
            "className": "AtomChemicalShift",
            "classVersion": 1.0,
            "user": "luca",
            "lastPath": "undefined",
            "timestamp": "Tue Jan  9 15:18:40 2024"
          }
        ],
        [
          "atomName",
          "Q17"
        ],
        [
          "atomElementName",
          ""
        ],
        [
          "atomAverageShift",
          3.67
        ],
        [
          "atomStdShift",
          null
        ],
        [
          "atomMinShift",
          3.67
        ],
        [
          "atomMaxShift",
          3.67
        ],
        [
          "atomDistributionRefValue",
          3.67
        ],
        [
          "atomDistributionValuePerPoint",
          1.0
        ],
        [
          "atomStatisticalDistribution",
          []
        ]
      ],
      [
        [
          "_metadata",
          {
            "jsonVersion": 3.0,
            "className": "AtomChemicalShift",
            "classVersion": 1.0,
            "user": "luca",
            "lastPath": "undefined",
            "timestamp": "Tue Jan  9 15:18:40 2024"
          }
        ],
        [
          "atomName",
          "Q19"
        ],
        [
          "atomElementName",
          ""
        ],
        [
          "atomAverageShift",
          3.459
        ],
        [
          "atomStdShift",
          null
        ],
        [
          "atomMinShift",
          3.459
        ],
        [
          "atomMaxShift",
          3.459
        ],
        [
          "atomDistributionRefValue",
          3.459
        ],
        [
          "atomDistributionValuePerPoint",
          1.0
        ],
        [
          "atomStatisticalDistribution",
          []
        ]
      ]
    ]
  ]
]