[
  [
    "_metadata",
    {
      "jsonVersion": 3,
      "className": "ReferenceChemicalShift",
      "classVersion": 1,
      "user": "CCPN",
      "lastPath": "/Users/luca/Projects/AnalysisV3/resources/referenceChemicalShifts/NonStandard/Non-Polymer/SDO.json",
      "timestamp": "Tue Jan  9 15:18:36 2024",
      "applicationVersion": 3.2
    }
  ],
  [
    "chemicalShiftName",
    "Non-Standard Residues / Small Molecules"
  ],
  [
    "chemicalShiftComment",
    "The CCPN Analysis Version 3 ReferenceChemical shifts retrieved from BMRB"
  ],
  [
    "chemicalShiftEntryDate",
    "2023-09-14-14:25:08"
  ],
  [
    "compoundName",
    "N~3~-{(2S)-4-[(dihydroxyphosphanyl)oxy]-2-hydroxy-3,3-dimethylbutanoyl}-N-{2-[(3,7-dioxooctyl)sulfanyl]ethyl}-beta-alaninamide"
  ],
  [
    "compoundShortName",
    "SDO"
  ],
  [
    "compoundCcpCode",
    "SDO"
  ],
  [
    "compoundType",
    "Non-Polymer"
  ],
  [
    "compoundTypeClassification",
    "non-polymer"
  ],
  [
    "compoundPrecursorName",
    ""
  ],
  [
    "loadingLevel",
    0
  ],
  [
    "atoms",
    [
      [
        [
          "_metadata",
          {
            "jsonVersion": 3.0,
            "className": "AtomChemicalShift",
            "classVersion": 1.0,
            "user": "luca",
            "lastPath": "undefined",
            "timestamp": "Tue Jan  9 15:18:36 2024"
          }
        ],
        [
          "atomName",
          "H28A"
        ],
        [
          "atomElementName",
          ""
        ],
        [
          "atomAverageShift",
          3.92
        ],
        [
          "atomStdShift",
          null
        ],
        [
          "atomMinShift",
          3.92
        ],
        [
          "atomMaxShift",
          3.92
        ],
        [
          "atomDistributionRefValue",
          3.92
        ],
        [
          "atomDistributionValuePerPoint",
          1.0
        ],
        [
          "atomStatisticalDistribution",
          []
        ]
      ],
      [
        [
          "_metadata",
          {
            "jsonVersion": 3.0,
            "className": "AtomChemicalShift",
            "classVersion": 1.0,
            "user": "luca",
            "lastPath": "undefined",
            "timestamp": "Tue Jan  9 15:18:36 2024"
          }
        ],
        [
          "atomName",
          "H28B"
        ],
        [
          "atomElementName",
          ""
        ],
        [
          "atomAverageShift",
          3.919
        ],
        [
          "atomStdShift",
          null
        ],
        [
          "atomMinShift",
          3.919
        ],
        [
          "atomMaxShift",
          3.919
        ],
        [
          "atomDistributionRefValue",
          3.919
        ],
        [
          "atomDistributionValuePerPoint",
          1.0
        ],
        [
          "atomStatisticalDistribution",
          []
        ]
      ],
      [
        [
          "_metadata",
          {
            "jsonVersion": 3.0,
            "className": "AtomChemicalShift",
            "classVersion": 1.0,
            "user": "luca",
            "lastPath": "undefined",
            "timestamp": "Tue Jan  9 15:18:36 2024"
          }
        ],
        [
          "atomName",
          "H30A"
        ],
        [
          "atomElementName",
          ""
        ],
        [
          "atomAverageShift",
          0.92
        ],
        [
          "atomStdShift",
          null
        ],
        [
          "atomMinShift",
          0.92
        ],
        [
          "atomMaxShift",
          0.92
        ],
        [
          "atomDistributionRefValue",
          0.92
        ],
        [
          "atomDistributionValuePerPoint",
          1.0
        ],
        [
          "atomStatisticalDistribution",
          []
        ]
      ],
      [
        [
          "_metadata",
          {
            "jsonVersion": 3.0,
            "className": "AtomChemicalShift",
            "classVersion": 1.0,
            "user": "luca",
            "lastPath": "undefined",
            "timestamp": "Tue Jan  9 15:18:36 2024"
          }
        ],
        [
          "atomName",
          "H30B"
        ],
        [
          "atomElementName",
          ""
        ],
        [
          "atomAverageShift",
          0.92
        ],
        [
          "atomStdShift",
          null
        ],
        [
          "atomMinShift",
          0.92
        ],
        [
          "atomMaxShift",
          0.92
        ],
        [
          "atomDistributionRefValue",
          0.92
        ],
        [
          "atomDistributionValuePerPoint",
          1.0
        ],
        [
          "atomStatisticalDistribution",
          []
        ]
      ],
      [
        [
          "_metadata",
          {
            "jsonVersion": 3.0,
            "className": "AtomChemicalShift",
            "classVersion": 1.0,
            "user": "luca",
            "lastPath": "undefined",
            "timestamp": "Tue Jan  9 15:18:36 2024"
          }
        ],
        [
          "atomName",
          "H30C"
        ],
        [
          "atomElementName",
          ""
        ],
        [
          "atomAverageShift",
          0.92
        ],
        [
          "atomStdShift",
          null
        ],
        [
          "atomMinShift",
          0.92
        ],
        [
          "atomMaxShift",
          0.92
        ],
        [
          "atomDistributionRefValue",
          0.92
        ],
        [
          "atomDistributionValuePerPoint",
          1.0
        ],
        [
          "atomStatisticalDistribution",
          []
        ]
      ],
      [
        [
          "_metadata",
          {
            "jsonVersion": 3.0,
            "className": "AtomChemicalShift",
            "classVersion": 1.0,
            "user": "luca",
            "lastPath": "undefined",
            "timestamp": "Tue Jan  9 15:18:36 2024"
          }
        ],
        [
          "atomName",
          "H31A"
        ],
        [
          "atomElementName",
          ""
        ],
        [
          "atomAverageShift",
          1.06
        ],
        [
          "atomStdShift",
          null
        ],
        [
          "atomMinShift",
          1.06
        ],
        [
          "atomMaxShift",
          1.06
        ],
        [
          "atomDistributionRefValue",
          1.06
        ],
        [
          "atomDistributionValuePerPoint",
          1.0
        ],
        [
          "atomStatisticalDistribution",
          []
        ]
      ],
      [
        [
          "_metadata",
          {
            "jsonVersion": 3.0,
            "className": "AtomChemicalShift",
            "classVersion": 1.0,
            "user": "luca",
            "lastPath": "undefined",
            "timestamp": "Tue Jan  9 15:18:36 2024"
          }
        ],
        [
          "atomName",
          "H31B"
        ],
        [
          "atomElementName",
          ""
        ],
        [
          "atomAverageShift",
          1.06
        ],
        [
          "atomStdShift",
          null
        ],
        [
          "atomMinShift",
          1.06
        ],
        [
          "atomMaxShift",
          1.06
        ],
        [
          "atomDistributionRefValue",
          1.06
        ],
        [
          "atomDistributionValuePerPoint",
          1.0
        ],
        [
          "atomStatisticalDistribution",
          []
        ]
      ],
      [
        [
          "_metadata",
          {
            "jsonVersion": 3.0,
            "className": "AtomChemicalShift",
            "classVersion": 1.0,
            "user": "luca",
            "lastPath": "undefined",
            "timestamp": "Tue Jan  9 15:18:36 2024"
          }
        ],
        [
          "atomName",
          "H31C"
        ],
        [
          "atomElementName",
          ""
        ],
        [
          "atomAverageShift",
          1.06
        ],
        [
          "atomStdShift",
          null
        ],
        [
          "atomMinShift",
          1.06
        ],
        [
          "atomMaxShift",
          1.06
        ],
        [
          "atomDistributionRefValue",
          1.06
        ],
        [
          "atomDistributionValuePerPoint",
          1.0
        ],
        [
          "atomStatisticalDistribution",
          []
        ]
      ],
      [
        [
          "_metadata",
          {
            "jsonVersion": 3.0,
            "className": "AtomChemicalShift",
            "classVersion": 1.0,
            "user": "luca",
            "lastPath": "undefined",
            "timestamp": "Tue Jan  9 15:18:36 2024"
          }
        ],
        [
          "atomName",
          "H32A"
        ],
        [
          "atomElementName",
          ""
        ],
        [
          "atomAverageShift",
          4.122
        ],
        [
          "atomStdShift",
          null
        ],
        [
          "atomMinShift",
          4.122
        ],
        [
          "atomMaxShift",
          4.122
        ],
        [
          "atomDistributionRefValue",
          4.122
        ],
        [
          "atomDistributionValuePerPoint",
          1.0
        ],
        [
          "atomStatisticalDistribution",
          []
        ]
      ],
      [
        [
          "_metadata",
          {
            "jsonVersion": 3.0,
            "className": "AtomChemicalShift",
            "classVersion": 1.0,
            "user": "luca",
            "lastPath": "undefined",
            "timestamp": "Tue Jan  9 15:18:36 2024"
          }
        ],
        [
          "atomName",
          "H36A"
        ],
        [
          "atomElementName",
          ""
        ],
        [
          "atomAverageShift",
          8.11
        ],
        [
          "atomStdShift",
          null
        ],
        [
          "atomMinShift",
          8.11
        ],
        [
          "atomMaxShift",
          8.11
        ],
        [
          "atomDistributionRefValue",
          8.11
        ],
        [
          "atomDistributionValuePerPoint",
          1.0
        ],
        [
          "atomStatisticalDistribution",
          []
        ]
      ],
      [
        [
          "_metadata",
          {
            "jsonVersion": 3.0,
            "className": "AtomChemicalShift",
            "classVersion": 1.0,
            "user": "luca",
            "lastPath": "undefined",
            "timestamp": "Tue Jan  9 15:18:36 2024"
          }
        ],
        [
          "atomName",
          "H37A"
        ],
        [
          "atomElementName",
          ""
        ],
        [
          "atomAverageShift",
          3.638
        ],
        [
          "atomStdShift",
          null
        ],
        [
          "atomMinShift",
          3.638
        ],
        [
          "atomMaxShift",
          3.638
        ],
        [
          "atomDistributionRefValue",
          3.638
        ],
        [
          "atomDistributionValuePerPoint",
          1.0
        ],
        [
          "atomStatisticalDistribution",
          []
        ]
      ],
      [
        [
          "_metadata",
          {
            "jsonVersion": 3.0,
            "className": "AtomChemicalShift",
            "classVersion": 1.0,
            "user": "luca",
            "lastPath": "undefined",
            "timestamp": "Tue Jan  9 15:18:36 2024"
          }
        ],
        [
          "atomName",
          "H37B"
        ],
        [
          "atomElementName",
          ""
        ],
        [
          "atomAverageShift",
          3.638
        ],
        [
          "atomStdShift",
          null
        ],
        [
          "atomMinShift",
          3.638
        ],
        [
          "atomMaxShift",
          3.638
        ],
        [
          "atomDistributionRefValue",
          3.638
        ],
        [
          "atomDistributionValuePerPoint",
          1.0
        ],
        [
          "atomStatisticalDistribution",
          []
        ]
      ],
      [
        [
          "_metadata",
          {
            "jsonVersion": 3.0,
            "className": "AtomChemicalShift",
            "classVersion": 1.0,
            "user": "luca",
            "lastPath": "undefined",
            "timestamp": "Tue Jan  9 15:18:36 2024"
          }
        ],
        [
          "atomName",
          "H38A"
        ],
        [
          "atomElementName",
          ""
        ],
        [
          "atomAverageShift",
          2.576
        ],
        [
          "atomStdShift",
          null
        ],
        [
          "atomMinShift",
          2.576
        ],
        [
          "atomMaxShift",
          2.576
        ],
        [
          "atomDistributionRefValue",
          2.576
        ],
        [
          "atomDistributionValuePerPoint",
          1.0
        ],
        [
          "atomStatisticalDistribution",
          []
        ]
      ],
      [
        [
          "_metadata",
          {
            "jsonVersion": 3.0,
            "className": "AtomChemicalShift",
            "classVersion": 1.0,
            "user": "luca",
            "lastPath": "undefined",
            "timestamp": "Tue Jan  9 15:18:36 2024"
          }
        ],
        [
          "atomName",
          "H38B"
        ],
        [
          "atomElementName",
          ""
        ],
        [
          "atomAverageShift",
          2.576
        ],
        [
          "atomStdShift",
          null
        ],
        [
          "atomMinShift",
          2.576
        ],
        [
          "atomMaxShift",
          2.576
        ],
        [
          "atomDistributionRefValue",
          2.576
        ],
        [
          "atomDistributionValuePerPoint",
          1.0
        ],
        [
          "atomStatisticalDistribution",
          []
        ]
      ],
      [
        [
          "_metadata",
          {
            "jsonVersion": 3.0,
            "className": "AtomChemicalShift",
            "classVersion": 1.0,
            "user": "luca",
            "lastPath": "undefined",
            "timestamp": "Tue Jan  9 15:18:36 2024"
          }
        ],
        [
          "atomName",
          "H41A"
        ],
        [
          "atomElementName",
          ""
        ],
        [
          "atomAverageShift",
          8.292
        ],
        [
          "atomStdShift",
          null
        ],
        [
          "atomMinShift",
          8.292
        ],
        [
          "atomMaxShift",
          8.292
        ],
        [
          "atomDistributionRefValue",
          8.292
        ],
        [
          "atomDistributionValuePerPoint",
          1.0
        ],
        [
          "atomStatisticalDistribution",
          []
        ]
      ],
      [
        [
          "_metadata",
          {
            "jsonVersion": 3.0,
            "className": "AtomChemicalShift",
            "classVersion": 1.0,
            "user": "luca",
            "lastPath": "undefined",
            "timestamp": "Tue Jan  9 15:18:36 2024"
          }
        ],
        [
          "atomName",
          "H42A"
        ],
        [
          "atomElementName",
          ""
        ],
        [
          "atomAverageShift",
          3.462
        ],
        [
          "atomStdShift",
          null
        ],
        [
          "atomMinShift",
          3.462
        ],
        [
          "atomMaxShift",
          3.462
        ],
        [
          "atomDistributionRefValue",
          3.462
        ],
        [
          "atomDistributionValuePerPoint",
          1.0
        ],
        [
          "atomStatisticalDistribution",
          []
        ]
      ],
      [
        [
          "_metadata",
          {
            "jsonVersion": 3.0,
            "className": "AtomChemicalShift",
            "classVersion": 1.0,
            "user": "luca",
            "lastPath": "undefined",
            "timestamp": "Tue Jan  9 15:18:36 2024"
          }
        ],
        [
          "atomName",
          "H42B"
        ],
        [
          "atomElementName",
          ""
        ],
        [
          "atomAverageShift",
          3.462
        ],
        [
          "atomStdShift",
          null
        ],
        [
          "atomMinShift",
          3.462
        ],
        [
          "atomMaxShift",
          3.462
        ],
        [
          "atomDistributionRefValue",
          3.462
        ],
        [
          "atomDistributionValuePerPoint",
          1.0
        ],
        [
          "atomStatisticalDistribution",
          []
        ]
      ],
      [
        [
          "_metadata",
          {
            "jsonVersion": 3.0,
            "className": "AtomChemicalShift",
            "classVersion": 1.0,
            "user": "luca",
            "lastPath": "undefined",
            "timestamp": "Tue Jan  9 15:18:36 2024"
          }
        ],
        [
          "atomName",
          "H5A"
        ],
        [
          "atomElementName",
          ""
        ],
        [
          "atomAverageShift",
          2.107
        ],
        [
          "atomStdShift",
          null
        ],
        [
          "atomMinShift",
          2.107
        ],
        [
          "atomMaxShift",
          2.107
        ],
        [
          "atomDistributionRefValue",
          2.107
        ],
        [
          "atomDistributionValuePerPoint",
          1.0
        ],
        [
          "atomStatisticalDistribution",
          []
        ]
      ],
      [
        [
          "_metadata",
          {
            "jsonVersion": 3.0,
            "className": "AtomChemicalShift",
            "classVersion": 1.0,
            "user": "luca",
            "lastPath": "undefined",
            "timestamp": "Tue Jan  9 15:18:36 2024"
          }
        ],
        [
          "atomName",
          "H5B"
        ],
        [
          "atomElementName",
          ""
        ],
        [
          "atomAverageShift",
          2.107
        ],
        [
          "atomStdShift",
          null
        ],
        [
          "atomMinShift",
          2.107
        ],
        [
          "atomMaxShift",
          2.107
        ],
        [
          "atomDistributionRefValue",
          2.107
        ],
        [
          "atomDistributionValuePerPoint",
          1.0
        ],
        [
          "atomStatisticalDistribution",
          []
        ]
      ],
      [
        [
          "_metadata",
          {
            "jsonVersion": 3.0,
            "className": "AtomChemicalShift",
            "classVersion": 1.0,
            "user": "luca",
            "lastPath": "undefined",
            "timestamp": "Tue Jan  9 15:18:36 2024"
          }
        ],
        [
          "atomName",
          "H6A"
        ],
        [
          "atomElementName",
          ""
        ],
        [
          "atomAverageShift",
          2.514
        ],
        [
          "atomStdShift",
          null
        ],
        [
          "atomMinShift",
          2.514
        ],
        [
          "atomMaxShift",
          2.514
        ],
        [
          "atomDistributionRefValue",
          2.514
        ],
        [
          "atomDistributionValuePerPoint",
          1.0
        ],
        [
          "atomStatisticalDistribution",
          []
        ]
      ],
      [
        [
          "_metadata",
          {
            "jsonVersion": 3.0,
            "className": "AtomChemicalShift",
            "classVersion": 1.0,
            "user": "luca",
            "lastPath": "undefined",
            "timestamp": "Tue Jan  9 15:18:36 2024"
          }
        ],
        [
          "atomName",
          "H6B"
        ],
        [
          "atomElementName",
          ""
        ],
        [
          "atomAverageShift",
          2.514
        ],
        [
          "atomStdShift",
          null
        ],
        [
          "atomMinShift",
          2.514
        ],
        [
          "atomMaxShift",
          2.514
        ],
        [
          "atomDistributionRefValue",
          2.514
        ],
        [
          "atomDistributionValuePerPoint",
          1.0
        ],
        [
          "atomStatisticalDistribution",
          []
        ]
      ],
      [
        [
          "_metadata",
          {
            "jsonVersion": 3.0,
            "className": "AtomChemicalShift",
            "classVersion": 1.0,
            "user": "luca",
            "lastPath": "undefined",
            "timestamp": "Tue Jan  9 15:18:36 2024"
          }
        ],
        [
          "atomName",
          "H8A"
        ],
        [
          "atomElementName",
          ""
        ],
        [
          "atomAverageShift",
          2.194
        ],
        [
          "atomStdShift",
          null
        ],
        [
          "atomMinShift",
          2.194
        ],
        [
          "atomMaxShift",
          2.194
        ],
        [
          "atomDistributionRefValue",
          2.194
        ],
        [
          "atomDistributionValuePerPoint",
          1.0
        ],
        [
          "atomStatisticalDistribution",
          []
        ]
      ],
      [
        [
          "_metadata",
          {
            "jsonVersion": 3.0,
            "className": "AtomChemicalShift",
            "classVersion": 1.0,
            "user": "luca",
            "lastPath": "undefined",
            "timestamp": "Tue Jan  9 15:18:36 2024"
          }
        ],
        [
          "atomName",
          "H8B"
        ],
        [
          "atomElementName",
          ""
        ],
        [
          "atomAverageShift",
          2.194
        ],
        [
          "atomStdShift",
          null
        ],
        [
          "atomMinShift",
          2.194
        ],
        [
          "atomMaxShift",
          2.194
        ],
        [
          "atomDistributionRefValue",
          2.194
        ],
        [
          "atomDistributionValuePerPoint",
          1.0
        ],
        [
          "atomStatisticalDistribution",
          []
        ]
      ],
      [
        [
          "_metadata",
          {
            "jsonVersion": 3.0,
            "className": "AtomChemicalShift",
            "classVersion": 1.0,
            "user": "luca",
            "lastPath": "undefined",
            "timestamp": "Tue Jan  9 15:18:36 2024"
          }
        ],
        [
          "atomName",
          "H8C"
        ],
        [
          "atomElementName",
          ""
        ],
        [
          "atomAverageShift",
          2.194
        ],
        [
          "atomStdShift",
          null
        ],
        [
          "atomMinShift",
          2.194
        ],
        [
          "atomMaxShift",
          2.194
        ],
        [
          "atomDistributionRefValue",
          2.194
        ],
        [
          "atomDistributionValuePerPoint",
          1.0
        ],
        [
          "atomStatisticalDistribution",
          []
        ]
      ]
    ]
  ]
]