[
  [
    "_metadata",
    {
      "jsonVersion": 3,
      "className": "ReferenceChemicalShift",
      "classVersion": 1,
      "user": "CCPN",
      "lastPath": "/Users/luca/Projects/AnalysisV3/resources/referenceChemicalShifts/NonStandard/Non-Polymer/SOD.json",
      "timestamp": "Tue Jan  9 15:18:29 2024",
      "applicationVersion": 3.2
    }
  ],
  [
    "chemicalShiftName",
    "Non-Standard Residues / Small Molecules"
  ],
  [
    "chemicalShiftComment",
    "The CCPN Analysis Version 3 ReferenceChemical shifts retrieved from BMRB"
  ],
  [
    "chemicalShiftEntryDate",
    "2023-09-14-14:25:08"
  ],
  [
    "compoundName",
    "(1S,4S,5S,6R,9S,11S)-6-CHLORO-9-FORMYL-13-ISOPROPYL-5-METHYL-2-({[(3AR,5R,7R ,7AS)-7-METHYL-3-METHYLENEHEXAHYDRO-2H-FURO[2,3-C]PYRAN-5-YL]OXY}METHYL)TETR ACYCLO[7.4.0.02,11.04,8]TRIDEC-12-ENE-1-CARBOXYLIC ACI"
  ],
  [
    "compoundShortName",
    "SOD"
  ],
  [
    "compoundCcpCode",
    "SOD"
  ],
  [
    "compoundType",
    "Non-Polymer"
  ],
  [
    "compoundTypeClassification",
    "non-polymer"
  ],
  [
    "compoundPrecursorName",
    ""
  ],
  [
    "loadingLevel",
    0
  ],
  [
    "atoms",
    [
      [
        [
          "_metadata",
          {
            "jsonVersion": 3.0,
            "className": "AtomChemicalShift",
            "classVersion": 1.0,
            "user": "luca",
            "lastPath": "undefined",
            "timestamp": "Tue Jan  9 15:18:29 2024"
          }
        ],
        [
          "atomName",
          "H28A"
        ],
        [
          "atomElementName",
          ""
        ],
        [
          "atomAverageShift",
          3.74
        ],
        [
          "atomStdShift",
          null
        ],
        [
          "atomMinShift",
          3.74
        ],
        [
          "atomMaxShift",
          3.74
        ],
        [
          "atomDistributionRefValue",
          3.74
        ],
        [
          "atomDistributionValuePerPoint",
          1.0
        ],
        [
          "atomStatisticalDistribution",
          []
        ]
      ],
      [
        [
          "_metadata",
          {
            "jsonVersion": 3.0,
            "className": "AtomChemicalShift",
            "classVersion": 1.0,
            "user": "luca",
            "lastPath": "undefined",
            "timestamp": "Tue Jan  9 15:18:29 2024"
          }
        ],
        [
          "atomName",
          "H28B"
        ],
        [
          "atomElementName",
          ""
        ],
        [
          "atomAverageShift",
          3.3
        ],
        [
          "atomStdShift",
          null
        ],
        [
          "atomMinShift",
          3.3
        ],
        [
          "atomMaxShift",
          3.3
        ],
        [
          "atomDistributionRefValue",
          3.3
        ],
        [
          "atomDistributionValuePerPoint",
          1.0
        ],
        [
          "atomStatisticalDistribution",
          []
        ]
      ],
      [
        [
          "_metadata",
          {
            "jsonVersion": 3.0,
            "className": "AtomChemicalShift",
            "classVersion": 1.0,
            "user": "luca",
            "lastPath": "undefined",
            "timestamp": "Tue Jan  9 15:18:29 2024"
          }
        ],
        [
          "atomName",
          "H2A"
        ],
        [
          "atomElementName",
          ""
        ],
        [
          "atomAverageShift",
          6.63
        ],
        [
          "atomStdShift",
          null
        ],
        [
          "atomMinShift",
          6.63
        ],
        [
          "atomMaxShift",
          6.63
        ],
        [
          "atomDistributionRefValue",
          6.63
        ],
        [
          "atomDistributionValuePerPoint",
          1.0
        ],
        [
          "atomStatisticalDistribution",
          []
        ]
      ],
      [
        [
          "_metadata",
          {
            "jsonVersion": 3.0,
            "className": "AtomChemicalShift",
            "classVersion": 1.0,
            "user": "luca",
            "lastPath": "undefined",
            "timestamp": "Tue Jan  9 15:18:29 2024"
          }
        ],
        [
          "atomName",
          "H30A"
        ],
        [
          "atomElementName",
          ""
        ],
        [
          "atomAverageShift",
          0.87
        ],
        [
          "atomStdShift",
          null
        ],
        [
          "atomMinShift",
          0.87
        ],
        [
          "atomMaxShift",
          0.87
        ],
        [
          "atomDistributionRefValue",
          0.87
        ],
        [
          "atomDistributionValuePerPoint",
          1.0
        ],
        [
          "atomStatisticalDistribution",
          []
        ]
      ],
      [
        [
          "_metadata",
          {
            "jsonVersion": 3.0,
            "className": "AtomChemicalShift",
            "classVersion": 1.0,
            "user": "luca",
            "lastPath": "undefined",
            "timestamp": "Tue Jan  9 15:18:29 2024"
          }
        ],
        [
          "atomName",
          "H30B"
        ],
        [
          "atomElementName",
          ""
        ],
        [
          "atomAverageShift",
          0.87
        ],
        [
          "atomStdShift",
          null
        ],
        [
          "atomMinShift",
          0.87
        ],
        [
          "atomMaxShift",
          0.87
        ],
        [
          "atomDistributionRefValue",
          0.87
        ],
        [
          "atomDistributionValuePerPoint",
          1.0
        ],
        [
          "atomStatisticalDistribution",
          []
        ]
      ],
      [
        [
          "_metadata",
          {
            "jsonVersion": 3.0,
            "className": "AtomChemicalShift",
            "classVersion": 1.0,
            "user": "luca",
            "lastPath": "undefined",
            "timestamp": "Tue Jan  9 15:18:29 2024"
          }
        ],
        [
          "atomName",
          "H30C"
        ],
        [
          "atomElementName",
          ""
        ],
        [
          "atomAverageShift",
          0.87
        ],
        [
          "atomStdShift",
          null
        ],
        [
          "atomMinShift",
          0.87
        ],
        [
          "atomMaxShift",
          0.87
        ],
        [
          "atomDistributionRefValue",
          0.87
        ],
        [
          "atomDistributionValuePerPoint",
          1.0
        ],
        [
          "atomStatisticalDistribution",
          []
        ]
      ],
      [
        [
          "_metadata",
          {
            "jsonVersion": 3.0,
            "className": "AtomChemicalShift",
            "classVersion": 1.0,
            "user": "luca",
            "lastPath": "undefined",
            "timestamp": "Tue Jan  9 15:18:29 2024"
          }
        ],
        [
          "atomName",
          "H31A"
        ],
        [
          "atomElementName",
          ""
        ],
        [
          "atomAverageShift",
          0.87
        ],
        [
          "atomStdShift",
          null
        ],
        [
          "atomMinShift",
          0.87
        ],
        [
          "atomMaxShift",
          0.87
        ],
        [
          "atomDistributionRefValue",
          0.87
        ],
        [
          "atomDistributionValuePerPoint",
          1.0
        ],
        [
          "atomStatisticalDistribution",
          []
        ]
      ],
      [
        [
          "_metadata",
          {
            "jsonVersion": 3.0,
            "className": "AtomChemicalShift",
            "classVersion": 1.0,
            "user": "luca",
            "lastPath": "undefined",
            "timestamp": "Tue Jan  9 15:18:29 2024"
          }
        ],
        [
          "atomName",
          "H31B"
        ],
        [
          "atomElementName",
          ""
        ],
        [
          "atomAverageShift",
          0.87
        ],
        [
          "atomStdShift",
          null
        ],
        [
          "atomMinShift",
          0.87
        ],
        [
          "atomMaxShift",
          0.87
        ],
        [
          "atomDistributionRefValue",
          0.87
        ],
        [
          "atomDistributionValuePerPoint",
          1.0
        ],
        [
          "atomStatisticalDistribution",
          []
        ]
      ],
      [
        [
          "_metadata",
          {
            "jsonVersion": 3.0,
            "className": "AtomChemicalShift",
            "classVersion": 1.0,
            "user": "luca",
            "lastPath": "undefined",
            "timestamp": "Tue Jan  9 15:18:29 2024"
          }
        ],
        [
          "atomName",
          "H31C"
        ],
        [
          "atomElementName",
          ""
        ],
        [
          "atomAverageShift",
          0.87
        ],
        [
          "atomStdShift",
          null
        ],
        [
          "atomMinShift",
          0.87
        ],
        [
          "atomMaxShift",
          0.87
        ],
        [
          "atomDistributionRefValue",
          0.87
        ],
        [
          "atomDistributionValuePerPoint",
          1.0
        ],
        [
          "atomStatisticalDistribution",
          []
        ]
      ],
      [
        [
          "_metadata",
          {
            "jsonVersion": 3.0,
            "className": "AtomChemicalShift",
            "classVersion": 1.0,
            "user": "luca",
            "lastPath": "undefined",
            "timestamp": "Tue Jan  9 15:18:29 2024"
          }
        ],
        [
          "atomName",
          "H32A"
        ],
        [
          "atomElementName",
          ""
        ],
        [
          "atomAverageShift",
          4.04
        ],
        [
          "atomStdShift",
          null
        ],
        [
          "atomMinShift",
          4.04
        ],
        [
          "atomMaxShift",
          4.04
        ],
        [
          "atomDistributionRefValue",
          4.04
        ],
        [
          "atomDistributionValuePerPoint",
          1.0
        ],
        [
          "atomStatisticalDistribution",
          []
        ]
      ],
      [
        [
          "_metadata",
          {
            "jsonVersion": 3.0,
            "className": "AtomChemicalShift",
            "classVersion": 1.0,
            "user": "luca",
            "lastPath": "undefined",
            "timestamp": "Tue Jan  9 15:18:29 2024"
          }
        ],
        [
          "atomName",
          "H36A"
        ],
        [
          "atomElementName",
          ""
        ],
        [
          "atomAverageShift",
          8.07
        ],
        [
          "atomStdShift",
          null
        ],
        [
          "atomMinShift",
          8.07
        ],
        [
          "atomMaxShift",
          8.07
        ],
        [
          "atomDistributionRefValue",
          8.07
        ],
        [
          "atomDistributionValuePerPoint",
          1.0
        ],
        [
          "atomStatisticalDistribution",
          []
        ]
      ],
      [
        [
          "_metadata",
          {
            "jsonVersion": 3.0,
            "className": "AtomChemicalShift",
            "classVersion": 1.0,
            "user": "luca",
            "lastPath": "undefined",
            "timestamp": "Tue Jan  9 15:18:29 2024"
          }
        ],
        [
          "atomName",
          "H37A"
        ],
        [
          "atomElementName",
          ""
        ],
        [
          "atomAverageShift",
          3.39
        ],
        [
          "atomStdShift",
          null
        ],
        [
          "atomMinShift",
          3.39
        ],
        [
          "atomMaxShift",
          3.39
        ],
        [
          "atomDistributionRefValue",
          3.39
        ],
        [
          "atomDistributionValuePerPoint",
          1.0
        ],
        [
          "atomStatisticalDistribution",
          []
        ]
      ],
      [
        [
          "_metadata",
          {
            "jsonVersion": 3.0,
            "className": "AtomChemicalShift",
            "classVersion": 1.0,
            "user": "luca",
            "lastPath": "undefined",
            "timestamp": "Tue Jan  9 15:18:29 2024"
          }
        ],
        [
          "atomName",
          "H37B"
        ],
        [
          "atomElementName",
          ""
        ],
        [
          "atomAverageShift",
          3.6
        ],
        [
          "atomStdShift",
          null
        ],
        [
          "atomMinShift",
          3.6
        ],
        [
          "atomMaxShift",
          3.6
        ],
        [
          "atomDistributionRefValue",
          3.6
        ],
        [
          "atomDistributionValuePerPoint",
          1.0
        ],
        [
          "atomStatisticalDistribution",
          []
        ]
      ],
      [
        [
          "_metadata",
          {
            "jsonVersion": 3.0,
            "className": "AtomChemicalShift",
            "classVersion": 1.0,
            "user": "luca",
            "lastPath": "undefined",
            "timestamp": "Tue Jan  9 15:18:29 2024"
          }
        ],
        [
          "atomName",
          "H38A"
        ],
        [
          "atomElementName",
          ""
        ],
        [
          "atomAverageShift",
          2.46
        ],
        [
          "atomStdShift",
          null
        ],
        [
          "atomMinShift",
          2.46
        ],
        [
          "atomMaxShift",
          2.46
        ],
        [
          "atomDistributionRefValue",
          2.46
        ],
        [
          "atomDistributionValuePerPoint",
          1.0
        ],
        [
          "atomStatisticalDistribution",
          []
        ]
      ],
      [
        [
          "_metadata",
          {
            "jsonVersion": 3.0,
            "className": "AtomChemicalShift",
            "classVersion": 1.0,
            "user": "luca",
            "lastPath": "undefined",
            "timestamp": "Tue Jan  9 15:18:29 2024"
          }
        ],
        [
          "atomName",
          "H38B"
        ],
        [
          "atomElementName",
          ""
        ],
        [
          "atomAverageShift",
          2.46
        ],
        [
          "atomStdShift",
          null
        ],
        [
          "atomMinShift",
          2.46
        ],
        [
          "atomMaxShift",
          2.46
        ],
        [
          "atomDistributionRefValue",
          2.46
        ],
        [
          "atomDistributionValuePerPoint",
          1.0
        ],
        [
          "atomStatisticalDistribution",
          []
        ]
      ],
      [
        [
          "_metadata",
          {
            "jsonVersion": 3.0,
            "className": "AtomChemicalShift",
            "classVersion": 1.0,
            "user": "luca",
            "lastPath": "undefined",
            "timestamp": "Tue Jan  9 15:18:29 2024"
          }
        ],
        [
          "atomName",
          "H3A"
        ],
        [
          "atomElementName",
          ""
        ],
        [
          "atomAverageShift",
          6.02
        ],
        [
          "atomStdShift",
          null
        ],
        [
          "atomMinShift",
          6.02
        ],
        [
          "atomMaxShift",
          6.02
        ],
        [
          "atomDistributionRefValue",
          6.02
        ],
        [
          "atomDistributionValuePerPoint",
          1.0
        ],
        [
          "atomStatisticalDistribution",
          []
        ]
      ],
      [
        [
          "_metadata",
          {
            "jsonVersion": 3.0,
            "className": "AtomChemicalShift",
            "classVersion": 1.0,
            "user": "luca",
            "lastPath": "undefined",
            "timestamp": "Tue Jan  9 15:18:29 2024"
          }
        ],
        [
          "atomName",
          "H41A"
        ],
        [
          "atomElementName",
          ""
        ],
        [
          "atomAverageShift",
          8.24
        ],
        [
          "atomStdShift",
          null
        ],
        [
          "atomMinShift",
          8.24
        ],
        [
          "atomMaxShift",
          8.24
        ],
        [
          "atomDistributionRefValue",
          8.24
        ],
        [
          "atomDistributionValuePerPoint",
          1.0
        ],
        [
          "atomStatisticalDistribution",
          []
        ]
      ],
      [
        [
          "_metadata",
          {
            "jsonVersion": 3.0,
            "className": "AtomChemicalShift",
            "classVersion": 1.0,
            "user": "luca",
            "lastPath": "undefined",
            "timestamp": "Tue Jan  9 15:18:29 2024"
          }
        ],
        [
          "atomName",
          "H42A"
        ],
        [
          "atomElementName",
          ""
        ],
        [
          "atomAverageShift",
          3.11
        ],
        [
          "atomStdShift",
          null
        ],
        [
          "atomMinShift",
          3.11
        ],
        [
          "atomMaxShift",
          3.11
        ],
        [
          "atomDistributionRefValue",
          3.11
        ],
        [
          "atomDistributionValuePerPoint",
          1.0
        ],
        [
          "atomStatisticalDistribution",
          []
        ]
      ],
      [
        [
          "_metadata",
          {
            "jsonVersion": 3.0,
            "className": "AtomChemicalShift",
            "classVersion": 1.0,
            "user": "luca",
            "lastPath": "undefined",
            "timestamp": "Tue Jan  9 15:18:29 2024"
          }
        ],
        [
          "atomName",
          "H42B"
        ],
        [
          "atomElementName",
          ""
        ],
        [
          "atomAverageShift",
          3.29
        ],
        [
          "atomStdShift",
          null
        ],
        [
          "atomMinShift",
          3.29
        ],
        [
          "atomMaxShift",
          3.29
        ],
        [
          "atomDistributionRefValue",
          3.29
        ],
        [
          "atomDistributionValuePerPoint",
          1.0
        ],
        [
          "atomStatisticalDistribution",
          []
        ]
      ],
      [
        [
          "_metadata",
          {
            "jsonVersion": 3.0,
            "className": "AtomChemicalShift",
            "classVersion": 1.0,
            "user": "luca",
            "lastPath": "undefined",
            "timestamp": "Tue Jan  9 15:18:29 2024"
          }
        ],
        [
          "atomName",
          "H43A"
        ],
        [
          "atomElementName",
          ""
        ],
        [
          "atomAverageShift",
          2.84
        ],
        [
          "atomStdShift",
          null
        ],
        [
          "atomMinShift",
          2.84
        ],
        [
          "atomMaxShift",
          2.84
        ],
        [
          "atomDistributionRefValue",
          2.84
        ],
        [
          "atomDistributionValuePerPoint",
          1.0
        ],
        [
          "atomStatisticalDistribution",
          []
        ]
      ],
      [
        [
          "_metadata",
          {
            "jsonVersion": 3.0,
            "className": "AtomChemicalShift",
            "classVersion": 1.0,
            "user": "luca",
            "lastPath": "undefined",
            "timestamp": "Tue Jan  9 15:18:29 2024"
          }
        ],
        [
          "atomName",
          "H43B"
        ],
        [
          "atomElementName",
          ""
        ],
        [
          "atomAverageShift",
          2.95
        ],
        [
          "atomStdShift",
          null
        ],
        [
          "atomMinShift",
          2.95
        ],
        [
          "atomMaxShift",
          2.95
        ],
        [
          "atomDistributionRefValue",
          2.95
        ],
        [
          "atomDistributionValuePerPoint",
          1.0
        ],
        [
          "atomStatisticalDistribution",
          []
        ]
      ],
      [
        [
          "_metadata",
          {
            "jsonVersion": 3.0,
            "className": "AtomChemicalShift",
            "classVersion": 1.0,
            "user": "luca",
            "lastPath": "undefined",
            "timestamp": "Tue Jan  9 15:18:29 2024"
          }
        ],
        [
          "atomName",
          "H4A"
        ],
        [
          "atomElementName",
          ""
        ],
        [
          "atomAverageShift",
          1.76
        ],
        [
          "atomStdShift",
          null
        ],
        [
          "atomMinShift",
          1.76
        ],
        [
          "atomMaxShift",
          1.76
        ],
        [
          "atomDistributionRefValue",
          1.76
        ],
        [
          "atomDistributionValuePerPoint",
          1.0
        ],
        [
          "atomStatisticalDistribution",
          []
        ]
      ],
      [
        [
          "_metadata",
          {
            "jsonVersion": 3.0,
            "className": "AtomChemicalShift",
            "classVersion": 1.0,
            "user": "luca",
            "lastPath": "undefined",
            "timestamp": "Tue Jan  9 15:18:29 2024"
          }
        ],
        [
          "atomName",
          "H4B"
        ],
        [
          "atomElementName",
          ""
        ],
        [
          "atomAverageShift",
          1.58
        ],
        [
          "atomStdShift",
          null
        ],
        [
          "atomMinShift",
          1.58
        ],
        [
          "atomMaxShift",
          1.58
        ],
        [
          "atomDistributionRefValue",
          1.58
        ],
        [
          "atomDistributionValuePerPoint",
          1.0
        ],
        [
          "atomStatisticalDistribution",
          []
        ]
      ],
      [
        [
          "_metadata",
          {
            "jsonVersion": 3.0,
            "className": "AtomChemicalShift",
            "classVersion": 1.0,
            "user": "luca",
            "lastPath": "undefined",
            "timestamp": "Tue Jan  9 15:18:29 2024"
          }
        ],
        [
          "atomName",
          "H5A"
        ],
        [
          "atomElementName",
          ""
        ],
        [
          "atomAverageShift",
          1.02
        ],
        [
          "atomStdShift",
          null
        ],
        [
          "atomMinShift",
          1.02
        ],
        [
          "atomMaxShift",
          1.02
        ],
        [
          "atomDistributionRefValue",
          1.02
        ],
        [
          "atomDistributionValuePerPoint",
          1.0
        ],
        [
          "atomStatisticalDistribution",
          []
        ]
      ],
      [
        [
          "_metadata",
          {
            "jsonVersion": 3.0,
            "className": "AtomChemicalShift",
            "classVersion": 1.0,
            "user": "luca",
            "lastPath": "undefined",
            "timestamp": "Tue Jan  9 15:18:29 2024"
          }
        ],
        [
          "atomName",
          "H5B"
        ],
        [
          "atomElementName",
          ""
        ],
        [
          "atomAverageShift",
          0.79
        ],
        [
          "atomStdShift",
          null
        ],
        [
          "atomMinShift",
          0.79
        ],
        [
          "atomMaxShift",
          0.79
        ],
        [
          "atomDistributionRefValue",
          0.79
        ],
        [
          "atomDistributionValuePerPoint",
          1.0
        ],
        [
          "atomStatisticalDistribution",
          []
        ]
      ],
      [
        [
          "_metadata",
          {
            "jsonVersion": 3.0,
            "className": "AtomChemicalShift",
            "classVersion": 1.0,
            "user": "luca",
            "lastPath": "undefined",
            "timestamp": "Tue Jan  9 15:18:29 2024"
          }
        ],
        [
          "atomName",
          "H6A"
        ],
        [
          "atomElementName",
          ""
        ],
        [
          "atomAverageShift",
          0.75
        ],
        [
          "atomStdShift",
          null
        ],
        [
          "atomMinShift",
          0.75
        ],
        [
          "atomMaxShift",
          0.75
        ],
        [
          "atomDistributionRefValue",
          0.75
        ],
        [
          "atomDistributionValuePerPoint",
          1.0
        ],
        [
          "atomStatisticalDistribution",
          []
        ]
      ],
      [
        [
          "_metadata",
          {
            "jsonVersion": 3.0,
            "className": "AtomChemicalShift",
            "classVersion": 1.0,
            "user": "luca",
            "lastPath": "undefined",
            "timestamp": "Tue Jan  9 15:18:29 2024"
          }
        ],
        [
          "atomName",
          "H6B"
        ],
        [
          "atomElementName",
          ""
        ],
        [
          "atomAverageShift",
          0.81
        ],
        [
          "atomStdShift",
          null
        ],
        [
          "atomMinShift",
          0.81
        ],
        [
          "atomMaxShift",
          0.81
        ],
        [
          "atomDistributionRefValue",
          0.81
        ],
        [
          "atomDistributionValuePerPoint",
          1.0
        ],
        [
          "atomStatisticalDistribution",
          []
        ]
      ],
      [
        [
          "_metadata",
          {
            "jsonVersion": 3.0,
            "className": "AtomChemicalShift",
            "classVersion": 1.0,
            "user": "luca",
            "lastPath": "undefined",
            "timestamp": "Tue Jan  9 15:18:29 2024"
          }
        ],
        [
          "atomName",
          "H7A"
        ],
        [
          "atomElementName",
          ""
        ],
        [
          "atomAverageShift",
          0.96
        ],
        [
          "atomStdShift",
          null
        ],
        [
          "atomMinShift",
          0.96
        ],
        [
          "atomMaxShift",
          0.96
        ],
        [
          "atomDistributionRefValue",
          0.96
        ],
        [
          "atomDistributionValuePerPoint",
          1.0
        ],
        [
          "atomStatisticalDistribution",
          []
        ]
      ],
      [
        [
          "_metadata",
          {
            "jsonVersion": 3.0,
            "className": "AtomChemicalShift",
            "classVersion": 1.0,
            "user": "luca",
            "lastPath": "undefined",
            "timestamp": "Tue Jan  9 15:18:29 2024"
          }
        ],
        [
          "atomName",
          "H7B"
        ],
        [
          "atomElementName",
          ""
        ],
        [
          "atomAverageShift",
          0.96
        ],
        [
          "atomStdShift",
          null
        ],
        [
          "atomMinShift",
          0.96
        ],
        [
          "atomMaxShift",
          0.96
        ],
        [
          "atomDistributionRefValue",
          0.96
        ],
        [
          "atomDistributionValuePerPoint",
          1.0
        ],
        [
          "atomStatisticalDistribution",
          []
        ]
      ],
      [
        [
          "_metadata",
          {
            "jsonVersion": 3.0,
            "className": "AtomChemicalShift",
            "classVersion": 1.0,
            "user": "luca",
            "lastPath": "undefined",
            "timestamp": "Tue Jan  9 15:18:29 2024"
          }
        ],
        [
          "atomName",
          "H8A"
        ],
        [
          "atomElementName",
          ""
        ],
        [
          "atomAverageShift",
          0.63
        ],
        [
          "atomStdShift",
          null
        ],
        [
          "atomMinShift",
          0.63
        ],
        [
          "atomMaxShift",
          0.63
        ],
        [
          "atomDistributionRefValue",
          0.63
        ],
        [
          "atomDistributionValuePerPoint",
          1.0
        ],
        [
          "atomStatisticalDistribution",
          []
        ]
      ],
      [
        [
          "_metadata",
          {
            "jsonVersion": 3.0,
            "className": "AtomChemicalShift",
            "classVersion": 1.0,
            "user": "luca",
            "lastPath": "undefined",
            "timestamp": "Tue Jan  9 15:18:29 2024"
          }
        ],
        [
          "atomName",
          "H8B"
        ],
        [
          "atomElementName",
          ""
        ],
        [
          "atomAverageShift",
          0.63
        ],
        [
          "atomStdShift",
          null
        ],
        [
          "atomMinShift",
          0.63
        ],
        [
          "atomMaxShift",
          0.63
        ],
        [
          "atomDistributionRefValue",
          0.63
        ],
        [
          "atomDistributionValuePerPoint",
          1.0
        ],
        [
          "atomStatisticalDistribution",
          []
        ]
      ],
      [
        [
          "_metadata",
          {
            "jsonVersion": 3.0,
            "className": "AtomChemicalShift",
            "classVersion": 1.0,
            "user": "luca",
            "lastPath": "undefined",
            "timestamp": "Tue Jan  9 15:18:29 2024"
          }
        ],
        [
          "atomName",
          "H8C"
        ],
        [
          "atomElementName",
          ""
        ],
        [
          "atomAverageShift",
          0.63
        ],
        [
          "atomStdShift",
          null
        ],
        [
          "atomMinShift",
          0.63
        ],
        [
          "atomMaxShift",
          0.63
        ],
        [
          "atomDistributionRefValue",
          0.63
        ],
        [
          "atomDistributionValuePerPoint",
          1.0
        ],
        [
          "atomStatisticalDistribution",
          []
        ]
      ]
    ]
  ]
]