[
  [
    "_metadata",
    {
      "jsonVersion": 3,
      "className": "ReferenceChemicalShift",
      "classVersion": 1,
      "user": "CCPN",
      "lastPath": "/Users/luca/Projects/AnalysisV3/resources/referenceChemicalShifts/NonStandard/Non-Polymer/STE.json",
      "timestamp": "Tue Jan  9 15:18:25 2024",
      "applicationVersion": 3.2
    }
  ],
  [
    "chemicalShiftName",
    "Non-Standard Residues / Small Molecules"
  ],
  [
    "chemicalShiftComment",
    "The CCPN Analysis Version 3 ReferenceChemical shifts retrieved from BMRB"
  ],
  [
    "chemicalShiftEntryDate",
    "2023-09-14-14:25:08"
  ],
  [
    "compoundName",
    "STEARIC ACID"
  ],
  [
    "compoundShortName",
    "STE"
  ],
  [
    "compoundCcpCode",
    "STE"
  ],
  [
    "compoundType",
    "Non-Polymer"
  ],
  [
    "compoundTypeClassification",
    "non-polymer"
  ],
  [
    "compoundPrecursorName",
    ""
  ],
  [
    "loadingLevel",
    0
  ],
  [
    "atoms",
    [
      [
        [
          "_metadata",
          {
            "jsonVersion": 3.0,
            "className": "AtomChemicalShift",
            "classVersion": 1.0,
            "user": "luca",
            "lastPath": "undefined",
            "timestamp": "Tue Jan  9 15:18:25 2024"
          }
        ],
        [
          "atomName",
          "H181"
        ],
        [
          "atomElementName",
          ""
        ],
        [
          "atomAverageShift",
          0.738
        ],
        [
          "atomStdShift",
          null
        ],
        [
          "atomMinShift",
          0.738
        ],
        [
          "atomMaxShift",
          0.738
        ],
        [
          "atomDistributionRefValue",
          0.738
        ],
        [
          "atomDistributionValuePerPoint",
          1.0
        ],
        [
          "atomStatisticalDistribution",
          []
        ]
      ],
      [
        [
          "_metadata",
          {
            "jsonVersion": 3.0,
            "className": "AtomChemicalShift",
            "classVersion": 1.0,
            "user": "luca",
            "lastPath": "undefined",
            "timestamp": "Tue Jan  9 15:18:25 2024"
          }
        ],
        [
          "atomName",
          "H21"
        ],
        [
          "atomElementName",
          ""
        ],
        [
          "atomAverageShift",
          2.566
        ],
        [
          "atomStdShift",
          null
        ],
        [
          "atomMinShift",
          2.566
        ],
        [
          "atomMaxShift",
          2.566
        ],
        [
          "atomDistributionRefValue",
          2.566
        ],
        [
          "atomDistributionValuePerPoint",
          1.0
        ],
        [
          "atomStatisticalDistribution",
          []
        ]
      ],
      [
        [
          "_metadata",
          {
            "jsonVersion": 3.0,
            "className": "AtomChemicalShift",
            "classVersion": 1.0,
            "user": "luca",
            "lastPath": "undefined",
            "timestamp": "Tue Jan  9 15:18:25 2024"
          }
        ],
        [
          "atomName",
          "H31"
        ],
        [
          "atomElementName",
          ""
        ],
        [
          "atomAverageShift",
          1.525
        ],
        [
          "atomStdShift",
          null
        ],
        [
          "atomMinShift",
          1.525
        ],
        [
          "atomMaxShift",
          1.525
        ],
        [
          "atomDistributionRefValue",
          1.525
        ],
        [
          "atomDistributionValuePerPoint",
          1.0
        ],
        [
          "atomStatisticalDistribution",
          []
        ]
      ],
      [
        [
          "_metadata",
          {
            "jsonVersion": 3.0,
            "className": "AtomChemicalShift",
            "classVersion": 1.0,
            "user": "luca",
            "lastPath": "undefined",
            "timestamp": "Tue Jan  9 15:18:25 2024"
          }
        ],
        [
          "atomName",
          "H41"
        ],
        [
          "atomElementName",
          ""
        ],
        [
          "atomAverageShift",
          1.163
        ],
        [
          "atomStdShift",
          null
        ],
        [
          "atomMinShift",
          1.163
        ],
        [
          "atomMaxShift",
          1.163
        ],
        [
          "atomDistributionRefValue",
          1.163
        ],
        [
          "atomDistributionValuePerPoint",
          1.0
        ],
        [
          "atomStatisticalDistribution",
          []
        ]
      ],
      [
        [
          "_metadata",
          {
            "jsonVersion": 3.0,
            "className": "AtomChemicalShift",
            "classVersion": 1.0,
            "user": "luca",
            "lastPath": "undefined",
            "timestamp": "Tue Jan  9 15:18:25 2024"
          }
        ],
        [
          "atomName",
          "H51"
        ],
        [
          "atomElementName",
          ""
        ],
        [
          "atomAverageShift",
          1.085
        ],
        [
          "atomStdShift",
          null
        ],
        [
          "atomMinShift",
          1.085
        ],
        [
          "atomMaxShift",
          1.085
        ],
        [
          "atomDistributionRefValue",
          1.085
        ],
        [
          "atomDistributionValuePerPoint",
          1.0
        ],
        [
          "atomStatisticalDistribution",
          []
        ]
      ]
    ]
  ]
]