[
  [
    "_metadata",
    {
      "jsonVersion": 3,
      "className": "ReferenceChemicalShift",
      "classVersion": 1,
      "user": "CCPN",
      "lastPath": "/Users/luca/Projects/AnalysisV3/resources/referenceChemicalShifts/NonStandard/Non-Polymer/SXD.json",
      "timestamp": "Tue Jan  9 15:18:35 2024",
      "applicationVersion": 3.2
    }
  ],
  [
    "chemicalShiftName",
    "Non-Standard Residues / Small Molecules"
  ],
  [
    "chemicalShiftComment",
    "The CCPN Analysis Version 3 ReferenceChemical shifts retrieved from BMRB"
  ],
  [
    "chemicalShiftEntryDate",
    "2023-09-14-14:25:08"
  ],
  [
    "compoundName",
    "N-{2-[(3,5-dioxohexyl)sulfanyl]ethyl}-N~3~-[(2S)-2-hydroxy-3,3-dimethyl-4-(phosphonooxy)butanoyl]-beta-alaninamide"
  ],
  [
    "compoundShortName",
    "SXD"
  ],
  [
    "compoundCcpCode",
    "SXD"
  ],
  [
    "compoundType",
    "Non-Polymer"
  ],
  [
    "compoundTypeClassification",
    "non-polymer"
  ],
  [
    "compoundPrecursorName",
    ""
  ],
  [
    "loadingLevel",
    0
  ],
  [
    "atoms",
    [
      [
        [
          "_metadata",
          {
            "jsonVersion": 3.0,
            "className": "AtomChemicalShift",
            "classVersion": 1.0,
            "user": "luca",
            "lastPath": "undefined",
            "timestamp": "Tue Jan  9 15:18:35 2024"
          }
        ],
        [
          "atomName",
          "H1A"
        ],
        [
          "atomElementName",
          ""
        ],
        [
          "atomAverageShift",
          2.847
        ],
        [
          "atomStdShift",
          null
        ],
        [
          "atomMinShift",
          2.847
        ],
        [
          "atomMaxShift",
          2.847
        ],
        [
          "atomDistributionRefValue",
          2.847
        ],
        [
          "atomDistributionValuePerPoint",
          1.0
        ],
        [
          "atomStatisticalDistribution",
          []
        ]
      ],
      [
        [
          "_metadata",
          {
            "jsonVersion": 3.0,
            "className": "AtomChemicalShift",
            "classVersion": 1.0,
            "user": "luca",
            "lastPath": "undefined",
            "timestamp": "Tue Jan  9 15:18:35 2024"
          }
        ],
        [
          "atomName",
          "H1B"
        ],
        [
          "atomElementName",
          ""
        ],
        [
          "atomAverageShift",
          2.847
        ],
        [
          "atomStdShift",
          null
        ],
        [
          "atomMinShift",
          2.847
        ],
        [
          "atomMaxShift",
          2.847
        ],
        [
          "atomDistributionRefValue",
          2.847
        ],
        [
          "atomDistributionValuePerPoint",
          1.0
        ],
        [
          "atomStatisticalDistribution",
          []
        ]
      ],
      [
        [
          "_metadata",
          {
            "jsonVersion": 3.0,
            "className": "AtomChemicalShift",
            "classVersion": 1.0,
            "user": "luca",
            "lastPath": "undefined",
            "timestamp": "Tue Jan  9 15:18:35 2024"
          }
        ],
        [
          "atomName",
          "H28A"
        ],
        [
          "atomElementName",
          ""
        ],
        [
          "atomAverageShift",
          3.464
        ],
        [
          "atomStdShift",
          null
        ],
        [
          "atomMinShift",
          3.464
        ],
        [
          "atomMaxShift",
          3.464
        ],
        [
          "atomDistributionRefValue",
          3.464
        ],
        [
          "atomDistributionValuePerPoint",
          1.0
        ],
        [
          "atomStatisticalDistribution",
          []
        ]
      ],
      [
        [
          "_metadata",
          {
            "jsonVersion": 3.0,
            "className": "AtomChemicalShift",
            "classVersion": 1.0,
            "user": "luca",
            "lastPath": "undefined",
            "timestamp": "Tue Jan  9 15:18:35 2024"
          }
        ],
        [
          "atomName",
          "H28B"
        ],
        [
          "atomElementName",
          ""
        ],
        [
          "atomAverageShift",
          3.907
        ],
        [
          "atomStdShift",
          null
        ],
        [
          "atomMinShift",
          3.907
        ],
        [
          "atomMaxShift",
          3.907
        ],
        [
          "atomDistributionRefValue",
          3.907
        ],
        [
          "atomDistributionValuePerPoint",
          1.0
        ],
        [
          "atomStatisticalDistribution",
          []
        ]
      ],
      [
        [
          "_metadata",
          {
            "jsonVersion": 3.0,
            "className": "AtomChemicalShift",
            "classVersion": 1.0,
            "user": "luca",
            "lastPath": "undefined",
            "timestamp": "Tue Jan  9 15:18:35 2024"
          }
        ],
        [
          "atomName",
          "H2A"
        ],
        [
          "atomElementName",
          ""
        ],
        [
          "atomAverageShift",
          3.025
        ],
        [
          "atomStdShift",
          null
        ],
        [
          "atomMinShift",
          3.025
        ],
        [
          "atomMaxShift",
          3.025
        ],
        [
          "atomDistributionRefValue",
          3.025
        ],
        [
          "atomDistributionValuePerPoint",
          1.0
        ],
        [
          "atomStatisticalDistribution",
          []
        ]
      ],
      [
        [
          "_metadata",
          {
            "jsonVersion": 3.0,
            "className": "AtomChemicalShift",
            "classVersion": 1.0,
            "user": "luca",
            "lastPath": "undefined",
            "timestamp": "Tue Jan  9 15:18:35 2024"
          }
        ],
        [
          "atomName",
          "H2B"
        ],
        [
          "atomElementName",
          ""
        ],
        [
          "atomAverageShift",
          3.025
        ],
        [
          "atomStdShift",
          null
        ],
        [
          "atomMinShift",
          3.025
        ],
        [
          "atomMaxShift",
          3.025
        ],
        [
          "atomDistributionRefValue",
          3.025
        ],
        [
          "atomDistributionValuePerPoint",
          1.0
        ],
        [
          "atomStatisticalDistribution",
          []
        ]
      ],
      [
        [
          "_metadata",
          {
            "jsonVersion": 3.0,
            "className": "AtomChemicalShift",
            "classVersion": 1.0,
            "user": "luca",
            "lastPath": "undefined",
            "timestamp": "Tue Jan  9 15:18:35 2024"
          }
        ],
        [
          "atomName",
          "H30A"
        ],
        [
          "atomElementName",
          ""
        ],
        [
          "atomAverageShift",
          0.939
        ],
        [
          "atomStdShift",
          null
        ],
        [
          "atomMinShift",
          0.939
        ],
        [
          "atomMaxShift",
          0.939
        ],
        [
          "atomDistributionRefValue",
          0.939
        ],
        [
          "atomDistributionValuePerPoint",
          1.0
        ],
        [
          "atomStatisticalDistribution",
          []
        ]
      ],
      [
        [
          "_metadata",
          {
            "jsonVersion": 3.0,
            "className": "AtomChemicalShift",
            "classVersion": 1.0,
            "user": "luca",
            "lastPath": "undefined",
            "timestamp": "Tue Jan  9 15:18:35 2024"
          }
        ],
        [
          "atomName",
          "H30B"
        ],
        [
          "atomElementName",
          ""
        ],
        [
          "atomAverageShift",
          0.939
        ],
        [
          "atomStdShift",
          null
        ],
        [
          "atomMinShift",
          0.939
        ],
        [
          "atomMaxShift",
          0.939
        ],
        [
          "atomDistributionRefValue",
          0.939
        ],
        [
          "atomDistributionValuePerPoint",
          1.0
        ],
        [
          "atomStatisticalDistribution",
          []
        ]
      ],
      [
        [
          "_metadata",
          {
            "jsonVersion": 3.0,
            "className": "AtomChemicalShift",
            "classVersion": 1.0,
            "user": "luca",
            "lastPath": "undefined",
            "timestamp": "Tue Jan  9 15:18:35 2024"
          }
        ],
        [
          "atomName",
          "H30C"
        ],
        [
          "atomElementName",
          ""
        ],
        [
          "atomAverageShift",
          0.939
        ],
        [
          "atomStdShift",
          null
        ],
        [
          "atomMinShift",
          0.939
        ],
        [
          "atomMaxShift",
          0.939
        ],
        [
          "atomDistributionRefValue",
          0.939
        ],
        [
          "atomDistributionValuePerPoint",
          1.0
        ],
        [
          "atomStatisticalDistribution",
          []
        ]
      ],
      [
        [
          "_metadata",
          {
            "jsonVersion": 3.0,
            "className": "AtomChemicalShift",
            "classVersion": 1.0,
            "user": "luca",
            "lastPath": "undefined",
            "timestamp": "Tue Jan  9 15:18:35 2024"
          }
        ],
        [
          "atomName",
          "H31A"
        ],
        [
          "atomElementName",
          ""
        ],
        [
          "atomAverageShift",
          1.077
        ],
        [
          "atomStdShift",
          null
        ],
        [
          "atomMinShift",
          1.077
        ],
        [
          "atomMaxShift",
          1.077
        ],
        [
          "atomDistributionRefValue",
          1.077
        ],
        [
          "atomDistributionValuePerPoint",
          1.0
        ],
        [
          "atomStatisticalDistribution",
          []
        ]
      ],
      [
        [
          "_metadata",
          {
            "jsonVersion": 3.0,
            "className": "AtomChemicalShift",
            "classVersion": 1.0,
            "user": "luca",
            "lastPath": "undefined",
            "timestamp": "Tue Jan  9 15:18:35 2024"
          }
        ],
        [
          "atomName",
          "H31B"
        ],
        [
          "atomElementName",
          ""
        ],
        [
          "atomAverageShift",
          1.077
        ],
        [
          "atomStdShift",
          null
        ],
        [
          "atomMinShift",
          1.077
        ],
        [
          "atomMaxShift",
          1.077
        ],
        [
          "atomDistributionRefValue",
          1.077
        ],
        [
          "atomDistributionValuePerPoint",
          1.0
        ],
        [
          "atomStatisticalDistribution",
          []
        ]
      ],
      [
        [
          "_metadata",
          {
            "jsonVersion": 3.0,
            "className": "AtomChemicalShift",
            "classVersion": 1.0,
            "user": "luca",
            "lastPath": "undefined",
            "timestamp": "Tue Jan  9 15:18:35 2024"
          }
        ],
        [
          "atomName",
          "H31C"
        ],
        [
          "atomElementName",
          ""
        ],
        [
          "atomAverageShift",
          1.077
        ],
        [
          "atomStdShift",
          null
        ],
        [
          "atomMinShift",
          1.077
        ],
        [
          "atomMaxShift",
          1.077
        ],
        [
          "atomDistributionRefValue",
          1.077
        ],
        [
          "atomDistributionValuePerPoint",
          1.0
        ],
        [
          "atomStatisticalDistribution",
          []
        ]
      ],
      [
        [
          "_metadata",
          {
            "jsonVersion": 3.0,
            "className": "AtomChemicalShift",
            "classVersion": 1.0,
            "user": "luca",
            "lastPath": "undefined",
            "timestamp": "Tue Jan  9 15:18:35 2024"
          }
        ],
        [
          "atomName",
          "H32A"
        ],
        [
          "atomElementName",
          ""
        ],
        [
          "atomAverageShift",
          4.119
        ],
        [
          "atomStdShift",
          null
        ],
        [
          "atomMinShift",
          4.119
        ],
        [
          "atomMaxShift",
          4.119
        ],
        [
          "atomDistributionRefValue",
          4.119
        ],
        [
          "atomDistributionValuePerPoint",
          1.0
        ],
        [
          "atomStatisticalDistribution",
          []
        ]
      ],
      [
        [
          "_metadata",
          {
            "jsonVersion": 3.0,
            "className": "AtomChemicalShift",
            "classVersion": 1.0,
            "user": "luca",
            "lastPath": "undefined",
            "timestamp": "Tue Jan  9 15:18:35 2024"
          }
        ],
        [
          "atomName",
          "H36A"
        ],
        [
          "atomElementName",
          ""
        ],
        [
          "atomAverageShift",
          8.112
        ],
        [
          "atomStdShift",
          null
        ],
        [
          "atomMinShift",
          8.112
        ],
        [
          "atomMaxShift",
          8.112
        ],
        [
          "atomDistributionRefValue",
          8.112
        ],
        [
          "atomDistributionValuePerPoint",
          1.0
        ],
        [
          "atomStatisticalDistribution",
          []
        ]
      ],
      [
        [
          "_metadata",
          {
            "jsonVersion": 3.0,
            "className": "AtomChemicalShift",
            "classVersion": 1.0,
            "user": "luca",
            "lastPath": "undefined",
            "timestamp": "Tue Jan  9 15:18:35 2024"
          }
        ],
        [
          "atomName",
          "H37A"
        ],
        [
          "atomElementName",
          ""
        ],
        [
          "atomAverageShift",
          3.574
        ],
        [
          "atomStdShift",
          null
        ],
        [
          "atomMinShift",
          3.574
        ],
        [
          "atomMaxShift",
          3.574
        ],
        [
          "atomDistributionRefValue",
          3.574
        ],
        [
          "atomDistributionValuePerPoint",
          1.0
        ],
        [
          "atomStatisticalDistribution",
          []
        ]
      ],
      [
        [
          "_metadata",
          {
            "jsonVersion": 3.0,
            "className": "AtomChemicalShift",
            "classVersion": 1.0,
            "user": "luca",
            "lastPath": "undefined",
            "timestamp": "Tue Jan  9 15:18:35 2024"
          }
        ],
        [
          "atomName",
          "H37B"
        ],
        [
          "atomElementName",
          ""
        ],
        [
          "atomAverageShift",
          3.632
        ],
        [
          "atomStdShift",
          null
        ],
        [
          "atomMinShift",
          3.632
        ],
        [
          "atomMaxShift",
          3.632
        ],
        [
          "atomDistributionRefValue",
          3.632
        ],
        [
          "atomDistributionValuePerPoint",
          1.0
        ],
        [
          "atomStatisticalDistribution",
          []
        ]
      ],
      [
        [
          "_metadata",
          {
            "jsonVersion": 3.0,
            "className": "AtomChemicalShift",
            "classVersion": 1.0,
            "user": "luca",
            "lastPath": "undefined",
            "timestamp": "Tue Jan  9 15:18:35 2024"
          }
        ],
        [
          "atomName",
          "H38A"
        ],
        [
          "atomElementName",
          ""
        ],
        [
          "atomAverageShift",
          2.592
        ],
        [
          "atomStdShift",
          null
        ],
        [
          "atomMinShift",
          2.592
        ],
        [
          "atomMaxShift",
          2.592
        ],
        [
          "atomDistributionRefValue",
          2.592
        ],
        [
          "atomDistributionValuePerPoint",
          1.0
        ],
        [
          "atomStatisticalDistribution",
          []
        ]
      ],
      [
        [
          "_metadata",
          {
            "jsonVersion": 3.0,
            "className": "AtomChemicalShift",
            "classVersion": 1.0,
            "user": "luca",
            "lastPath": "undefined",
            "timestamp": "Tue Jan  9 15:18:35 2024"
          }
        ],
        [
          "atomName",
          "H38B"
        ],
        [
          "atomElementName",
          ""
        ],
        [
          "atomAverageShift",
          2.592
        ],
        [
          "atomStdShift",
          null
        ],
        [
          "atomMinShift",
          2.592
        ],
        [
          "atomMaxShift",
          2.592
        ],
        [
          "atomDistributionRefValue",
          2.592
        ],
        [
          "atomDistributionValuePerPoint",
          1.0
        ],
        [
          "atomStatisticalDistribution",
          []
        ]
      ],
      [
        [
          "_metadata",
          {
            "jsonVersion": 3.0,
            "className": "AtomChemicalShift",
            "classVersion": 1.0,
            "user": "luca",
            "lastPath": "undefined",
            "timestamp": "Tue Jan  9 15:18:35 2024"
          }
        ],
        [
          "atomName",
          "H41A"
        ],
        [
          "atomElementName",
          ""
        ],
        [
          "atomAverageShift",
          8.267
        ],
        [
          "atomStdShift",
          null
        ],
        [
          "atomMinShift",
          8.267
        ],
        [
          "atomMaxShift",
          8.267
        ],
        [
          "atomDistributionRefValue",
          8.267
        ],
        [
          "atomDistributionValuePerPoint",
          1.0
        ],
        [
          "atomStatisticalDistribution",
          []
        ]
      ],
      [
        [
          "_metadata",
          {
            "jsonVersion": 3.0,
            "className": "AtomChemicalShift",
            "classVersion": 1.0,
            "user": "luca",
            "lastPath": "undefined",
            "timestamp": "Tue Jan  9 15:18:35 2024"
          }
        ],
        [
          "atomName",
          "H42A"
        ],
        [
          "atomElementName",
          ""
        ],
        [
          "atomAverageShift",
          3.469
        ],
        [
          "atomStdShift",
          null
        ],
        [
          "atomMinShift",
          3.469
        ],
        [
          "atomMaxShift",
          3.469
        ],
        [
          "atomDistributionRefValue",
          3.469
        ],
        [
          "atomDistributionValuePerPoint",
          1.0
        ],
        [
          "atomStatisticalDistribution",
          []
        ]
      ],
      [
        [
          "_metadata",
          {
            "jsonVersion": 3.0,
            "className": "AtomChemicalShift",
            "classVersion": 1.0,
            "user": "luca",
            "lastPath": "undefined",
            "timestamp": "Tue Jan  9 15:18:35 2024"
          }
        ],
        [
          "atomName",
          "H42B"
        ],
        [
          "atomElementName",
          ""
        ],
        [
          "atomAverageShift",
          3.469
        ],
        [
          "atomStdShift",
          null
        ],
        [
          "atomMinShift",
          3.469
        ],
        [
          "atomMaxShift",
          3.469
        ],
        [
          "atomDistributionRefValue",
          3.469
        ],
        [
          "atomDistributionValuePerPoint",
          1.0
        ],
        [
          "atomStatisticalDistribution",
          []
        ]
      ],
      [
        [
          "_metadata",
          {
            "jsonVersion": 3.0,
            "className": "AtomChemicalShift",
            "classVersion": 1.0,
            "user": "luca",
            "lastPath": "undefined",
            "timestamp": "Tue Jan  9 15:18:35 2024"
          }
        ],
        [
          "atomName",
          "H43A"
        ],
        [
          "atomElementName",
          ""
        ],
        [
          "atomAverageShift",
          2.762
        ],
        [
          "atomStdShift",
          null
        ],
        [
          "atomMinShift",
          2.762
        ],
        [
          "atomMaxShift",
          2.762
        ],
        [
          "atomDistributionRefValue",
          2.762
        ],
        [
          "atomDistributionValuePerPoint",
          1.0
        ],
        [
          "atomStatisticalDistribution",
          []
        ]
      ],
      [
        [
          "_metadata",
          {
            "jsonVersion": 3.0,
            "className": "AtomChemicalShift",
            "classVersion": 1.0,
            "user": "luca",
            "lastPath": "undefined",
            "timestamp": "Tue Jan  9 15:18:35 2024"
          }
        ],
        [
          "atomName",
          "H43B"
        ],
        [
          "atomElementName",
          ""
        ],
        [
          "atomAverageShift",
          2.762
        ],
        [
          "atomStdShift",
          null
        ],
        [
          "atomMinShift",
          2.762
        ],
        [
          "atomMaxShift",
          2.762
        ],
        [
          "atomDistributionRefValue",
          2.762
        ],
        [
          "atomDistributionValuePerPoint",
          1.0
        ],
        [
          "atomStatisticalDistribution",
          []
        ]
      ],
      [
        [
          "_metadata",
          {
            "jsonVersion": 3.0,
            "className": "AtomChemicalShift",
            "classVersion": 1.0,
            "user": "luca",
            "lastPath": "undefined",
            "timestamp": "Tue Jan  9 15:18:35 2024"
          }
        ],
        [
          "atomName",
          "H4A"
        ],
        [
          "atomElementName",
          ""
        ],
        [
          "atomAverageShift",
          3.943
        ],
        [
          "atomStdShift",
          null
        ],
        [
          "atomMinShift",
          3.943
        ],
        [
          "atomMaxShift",
          3.943
        ],
        [
          "atomDistributionRefValue",
          3.943
        ],
        [
          "atomDistributionValuePerPoint",
          1.0
        ],
        [
          "atomStatisticalDistribution",
          []
        ]
      ],
      [
        [
          "_metadata",
          {
            "jsonVersion": 3.0,
            "className": "AtomChemicalShift",
            "classVersion": 1.0,
            "user": "luca",
            "lastPath": "undefined",
            "timestamp": "Tue Jan  9 15:18:35 2024"
          }
        ],
        [
          "atomName",
          "H4B"
        ],
        [
          "atomElementName",
          ""
        ],
        [
          "atomAverageShift",
          3.943
        ],
        [
          "atomStdShift",
          null
        ],
        [
          "atomMinShift",
          3.943
        ],
        [
          "atomMaxShift",
          3.943
        ],
        [
          "atomDistributionRefValue",
          3.943
        ],
        [
          "atomDistributionValuePerPoint",
          1.0
        ],
        [
          "atomStatisticalDistribution",
          []
        ]
      ],
      [
        [
          "_metadata",
          {
            "jsonVersion": 3.0,
            "className": "AtomChemicalShift",
            "classVersion": 1.0,
            "user": "luca",
            "lastPath": "undefined",
            "timestamp": "Tue Jan  9 15:18:35 2024"
          }
        ],
        [
          "atomName",
          "H6A"
        ],
        [
          "atomElementName",
          ""
        ],
        [
          "atomAverageShift",
          2.358
        ],
        [
          "atomStdShift",
          null
        ],
        [
          "atomMinShift",
          2.358
        ],
        [
          "atomMaxShift",
          2.358
        ],
        [
          "atomDistributionRefValue",
          2.358
        ],
        [
          "atomDistributionValuePerPoint",
          1.0
        ],
        [
          "atomStatisticalDistribution",
          []
        ]
      ],
      [
        [
          "_metadata",
          {
            "jsonVersion": 3.0,
            "className": "AtomChemicalShift",
            "classVersion": 1.0,
            "user": "luca",
            "lastPath": "undefined",
            "timestamp": "Tue Jan  9 15:18:35 2024"
          }
        ],
        [
          "atomName",
          "H6B"
        ],
        [
          "atomElementName",
          ""
        ],
        [
          "atomAverageShift",
          2.358
        ],
        [
          "atomStdShift",
          null
        ],
        [
          "atomMinShift",
          2.358
        ],
        [
          "atomMaxShift",
          2.358
        ],
        [
          "atomDistributionRefValue",
          2.358
        ],
        [
          "atomDistributionValuePerPoint",
          1.0
        ],
        [
          "atomStatisticalDistribution",
          []
        ]
      ],
      [
        [
          "_metadata",
          {
            "jsonVersion": 3.0,
            "className": "AtomChemicalShift",
            "classVersion": 1.0,
            "user": "luca",
            "lastPath": "undefined",
            "timestamp": "Tue Jan  9 15:18:35 2024"
          }
        ],
        [
          "atomName",
          "H6C"
        ],
        [
          "atomElementName",
          ""
        ],
        [
          "atomAverageShift",
          2.358
        ],
        [
          "atomStdShift",
          null
        ],
        [
          "atomMinShift",
          2.358
        ],
        [
          "atomMaxShift",
          2.358
        ],
        [
          "atomDistributionRefValue",
          2.358
        ],
        [
          "atomDistributionValuePerPoint",
          1.0
        ],
        [
          "atomStatisticalDistribution",
          []
        ]
      ]
    ]
  ]
]