[
  [
    "_metadata",
    {
      "jsonVersion": 3,
      "className": "ReferenceChemicalShift",
      "classVersion": 1,
      "user": "CCPN",
      "lastPath": "/Users/luca/Projects/AnalysisV3/resources/referenceChemicalShifts/NonStandard/Non-Polymer/THY.json",
      "timestamp": "Tue Jan  9 15:18:26 2024",
      "applicationVersion": 3.2
    }
  ],
  [
    "chemicalShiftName",
    "Non-Standard Residues / Small Molecules"
  ],
  [
    "chemicalShiftComment",
    "The CCPN Analysis Version 3 ReferenceChemical shifts retrieved from BMRB"
  ],
  [
    "chemicalShiftEntryDate",
    "2023-09-14-14:25:08"
  ],
  [
    "compoundName",
    "C2-1-HYDROXY-2-METHYL-BUTYL-THIAMIN DIPHOSPHATE"
  ],
  [
    "compoundShortName",
    "THY"
  ],
  [
    "compoundCcpCode",
    "THY"
  ],
  [
    "compoundType",
    "Non-Polymer"
  ],
  [
    "compoundTypeClassification",
    "non-polymer"
  ],
  [
    "compoundPrecursorName",
    ""
  ],
  [
    "loadingLevel",
    0
  ],
  [
    "atoms",
    [
      [
        [
          "_metadata",
          {
            "jsonVersion": 3.0,
            "className": "AtomChemicalShift",
            "classVersion": 1.0,
            "user": "luca",
            "lastPath": "undefined",
            "timestamp": "Tue Jan  9 15:18:26 2024"
          }
        ],
        [
          "atomName",
          "H1'"
        ],
        [
          "atomElementName",
          ""
        ],
        [
          "atomAverageShift",
          6.152
        ],
        [
          "atomStdShift",
          null
        ],
        [
          "atomMinShift",
          6.152
        ],
        [
          "atomMaxShift",
          6.152
        ],
        [
          "atomDistributionRefValue",
          6.152
        ],
        [
          "atomDistributionValuePerPoint",
          1.0
        ],
        [
          "atomStatisticalDistribution",
          []
        ]
      ],
      [
        [
          "_metadata",
          {
            "jsonVersion": 3.0,
            "className": "AtomChemicalShift",
            "classVersion": 1.0,
            "user": "luca",
            "lastPath": "undefined",
            "timestamp": "Tue Jan  9 15:18:26 2024"
          }
        ],
        [
          "atomName",
          "H2'"
        ],
        [
          "atomElementName",
          ""
        ],
        [
          "atomAverageShift",
          2.171
        ],
        [
          "atomStdShift",
          0.078
        ],
        [
          "atomMinShift",
          2.115
        ],
        [
          "atomMaxShift",
          2.226
        ],
        [
          "atomDistributionRefValue",
          2.115
        ],
        [
          "atomDistributionValuePerPoint",
          1.0
        ],
        [
          "atomStatisticalDistribution",
          []
        ]
      ],
      [
        [
          "_metadata",
          {
            "jsonVersion": 3.0,
            "className": "AtomChemicalShift",
            "classVersion": 1.0,
            "user": "luca",
            "lastPath": "undefined",
            "timestamp": "Tue Jan  9 15:18:26 2024"
          }
        ],
        [
          "atomName",
          "H2''"
        ],
        [
          "atomElementName",
          ""
        ],
        [
          "atomAverageShift",
          2.498
        ],
        [
          "atomStdShift",
          0.042
        ],
        [
          "atomMinShift",
          2.468
        ],
        [
          "atomMaxShift",
          2.528
        ],
        [
          "atomDistributionRefValue",
          2.468
        ],
        [
          "atomDistributionValuePerPoint",
          1.0
        ],
        [
          "atomStatisticalDistribution",
          []
        ]
      ],
      [
        [
          "_metadata",
          {
            "jsonVersion": 3.0,
            "className": "AtomChemicalShift",
            "classVersion": 1.0,
            "user": "luca",
            "lastPath": "undefined",
            "timestamp": "Tue Jan  9 15:18:26 2024"
          }
        ],
        [
          "atomName",
          "H3"
        ],
        [
          "atomElementName",
          ""
        ],
        [
          "atomAverageShift",
          13.664
        ],
        [
          "atomStdShift",
          0.31
        ],
        [
          "atomMinShift",
          13.445
        ],
        [
          "atomMaxShift",
          13.883
        ],
        [
          "atomDistributionRefValue",
          13.445
        ],
        [
          "atomDistributionValuePerPoint",
          1.0
        ],
        [
          "atomStatisticalDistribution",
          []
        ]
      ],
      [
        [
          "_metadata",
          {
            "jsonVersion": 3.0,
            "className": "AtomChemicalShift",
            "classVersion": 1.0,
            "user": "luca",
            "lastPath": "undefined",
            "timestamp": "Tue Jan  9 15:18:26 2024"
          }
        ],
        [
          "atomName",
          "H3'"
        ],
        [
          "atomElementName",
          ""
        ],
        [
          "atomAverageShift",
          4.888
        ],
        [
          "atomStdShift",
          null
        ],
        [
          "atomMinShift",
          4.888
        ],
        [
          "atomMaxShift",
          4.888
        ],
        [
          "atomDistributionRefValue",
          4.888
        ],
        [
          "atomDistributionValuePerPoint",
          1.0
        ],
        [
          "atomStatisticalDistribution",
          []
        ]
      ],
      [
        [
          "_metadata",
          {
            "jsonVersion": 3.0,
            "className": "AtomChemicalShift",
            "classVersion": 1.0,
            "user": "luca",
            "lastPath": "undefined",
            "timestamp": "Tue Jan  9 15:18:26 2024"
          }
        ],
        [
          "atomName",
          "H6"
        ],
        [
          "atomElementName",
          ""
        ],
        [
          "atomAverageShift",
          7.395
        ],
        [
          "atomStdShift",
          0.208
        ],
        [
          "atomMinShift",
          7.248
        ],
        [
          "atomMaxShift",
          7.542
        ],
        [
          "atomDistributionRefValue",
          7.248
        ],
        [
          "atomDistributionValuePerPoint",
          1.0
        ],
        [
          "atomStatisticalDistribution",
          []
        ]
      ],
      [
        [
          "_metadata",
          {
            "jsonVersion": 3.0,
            "className": "AtomChemicalShift",
            "classVersion": 1.0,
            "user": "luca",
            "lastPath": "undefined",
            "timestamp": "Tue Jan  9 15:18:26 2024"
          }
        ],
        [
          "atomName",
          "H71"
        ],
        [
          "atomElementName",
          ""
        ],
        [
          "atomAverageShift",
          1.502
        ],
        [
          "atomStdShift",
          0.359
        ],
        [
          "atomMinShift",
          1.248
        ],
        [
          "atomMaxShift",
          1.755
        ],
        [
          "atomDistributionRefValue",
          1.248
        ],
        [
          "atomDistributionValuePerPoint",
          1.0
        ],
        [
          "atomStatisticalDistribution",
          []
        ]
      ],
      [
        [
          "_metadata",
          {
            "jsonVersion": 3.0,
            "className": "AtomChemicalShift",
            "classVersion": 1.0,
            "user": "luca",
            "lastPath": "undefined",
            "timestamp": "Tue Jan  9 15:18:26 2024"
          }
        ],
        [
          "atomName",
          "H72"
        ],
        [
          "atomElementName",
          ""
        ],
        [
          "atomAverageShift",
          1.502
        ],
        [
          "atomStdShift",
          0.359
        ],
        [
          "atomMinShift",
          1.248
        ],
        [
          "atomMaxShift",
          1.755
        ],
        [
          "atomDistributionRefValue",
          1.248
        ],
        [
          "atomDistributionValuePerPoint",
          1.0
        ],
        [
          "atomStatisticalDistribution",
          []
        ]
      ],
      [
        [
          "_metadata",
          {
            "jsonVersion": 3.0,
            "className": "AtomChemicalShift",
            "classVersion": 1.0,
            "user": "luca",
            "lastPath": "undefined",
            "timestamp": "Tue Jan  9 15:18:26 2024"
          }
        ],
        [
          "atomName",
          "H73"
        ],
        [
          "atomElementName",
          ""
        ],
        [
          "atomAverageShift",
          1.502
        ],
        [
          "atomStdShift",
          0.359
        ],
        [
          "atomMinShift",
          1.248
        ],
        [
          "atomMaxShift",
          1.755
        ],
        [
          "atomDistributionRefValue",
          1.248
        ],
        [
          "atomDistributionValuePerPoint",
          1.0
        ],
        [
          "atomStatisticalDistribution",
          []
        ]
      ]
    ]
  ]
]