[
  [
    "_metadata",
    {
      "jsonVersion": 3,
      "className": "ReferenceChemicalShift",
      "classVersion": 1,
      "user": "CCPN",
      "lastPath": "/Users/luca/Projects/AnalysisV3/resources/referenceChemicalShifts/NonStandard/Non-Polymer/TOP.json",
      "timestamp": "Tue Jan  9 15:18:37 2024",
      "applicationVersion": 3.2
    }
  ],
  [
    "chemicalShiftName",
    "Non-Standard Residues / Small Molecules"
  ],
  [
    "chemicalShiftComment",
    "The CCPN Analysis Version 3 ReferenceChemical shifts retrieved from BMRB"
  ],
  [
    "chemicalShiftEntryDate",
    "2023-09-14-14:25:08"
  ],
  [
    "compoundName",
    "TRIMETHOPRIM"
  ],
  [
    "compoundShortName",
    "TOP"
  ],
  [
    "compoundCcpCode",
    "TOP"
  ],
  [
    "compoundType",
    "Non-Polymer"
  ],
  [
    "compoundTypeClassification",
    "non-polymer"
  ],
  [
    "compoundPrecursorName",
    ""
  ],
  [
    "loadingLevel",
    0
  ],
  [
    "atoms",
    [
      [
        [
          "_metadata",
          {
            "jsonVersion": 3.0,
            "className": "AtomChemicalShift",
            "classVersion": 1.0,
            "user": "luca",
            "lastPath": "undefined",
            "timestamp": "Tue Jan  9 15:18:36 2024"
          }
        ],
        [
          "atomName",
          "1H14"
        ],
        [
          "atomElementName",
          ""
        ],
        [
          "atomAverageShift",
          3.68
        ],
        [
          "atomStdShift",
          null
        ],
        [
          "atomMinShift",
          3.68
        ],
        [
          "atomMaxShift",
          3.68
        ],
        [
          "atomDistributionRefValue",
          3.68
        ],
        [
          "atomDistributionValuePerPoint",
          1.0
        ],
        [
          "atomStatisticalDistribution",
          []
        ]
      ],
      [
        [
          "_metadata",
          {
            "jsonVersion": 3.0,
            "className": "AtomChemicalShift",
            "classVersion": 1.0,
            "user": "luca",
            "lastPath": "undefined",
            "timestamp": "Tue Jan  9 15:18:36 2024"
          }
        ],
        [
          "atomName",
          "1H20"
        ],
        [
          "atomElementName",
          ""
        ],
        [
          "atomAverageShift",
          3.533
        ],
        [
          "atomStdShift",
          null
        ],
        [
          "atomMinShift",
          3.533
        ],
        [
          "atomMaxShift",
          3.533
        ],
        [
          "atomDistributionRefValue",
          3.533
        ],
        [
          "atomDistributionValuePerPoint",
          1.0
        ],
        [
          "atomStatisticalDistribution",
          []
        ]
      ],
      [
        [
          "_metadata",
          {
            "jsonVersion": 3.0,
            "className": "AtomChemicalShift",
            "classVersion": 1.0,
            "user": "luca",
            "lastPath": "undefined",
            "timestamp": "Tue Jan  9 15:18:36 2024"
          }
        ],
        [
          "atomName",
          "1H9"
        ],
        [
          "atomElementName",
          ""
        ],
        [
          "atomAverageShift",
          3.055
        ],
        [
          "atomStdShift",
          null
        ],
        [
          "atomMinShift",
          3.055
        ],
        [
          "atomMaxShift",
          3.055
        ],
        [
          "atomDistributionRefValue",
          3.055
        ],
        [
          "atomDistributionValuePerPoint",
          1.0
        ],
        [
          "atomStatisticalDistribution",
          []
        ]
      ],
      [
        [
          "_metadata",
          {
            "jsonVersion": 3.0,
            "className": "AtomChemicalShift",
            "classVersion": 1.0,
            "user": "luca",
            "lastPath": "undefined",
            "timestamp": "Tue Jan  9 15:18:36 2024"
          }
        ],
        [
          "atomName",
          "1HN4"
        ],
        [
          "atomElementName",
          ""
        ],
        [
          "atomAverageShift",
          10.49
        ],
        [
          "atomStdShift",
          null
        ],
        [
          "atomMinShift",
          10.49
        ],
        [
          "atomMaxShift",
          10.49
        ],
        [
          "atomDistributionRefValue",
          10.49
        ],
        [
          "atomDistributionValuePerPoint",
          1.0
        ],
        [
          "atomStatisticalDistribution",
          []
        ]
      ],
      [
        [
          "_metadata",
          {
            "jsonVersion": 3.0,
            "className": "AtomChemicalShift",
            "classVersion": 1.0,
            "user": "luca",
            "lastPath": "undefined",
            "timestamp": "Tue Jan  9 15:18:36 2024"
          }
        ],
        [
          "atomName",
          "1HN7"
        ],
        [
          "atomElementName",
          ""
        ],
        [
          "atomAverageShift",
          9.16
        ],
        [
          "atomStdShift",
          null
        ],
        [
          "atomMinShift",
          9.16
        ],
        [
          "atomMaxShift",
          9.16
        ],
        [
          "atomDistributionRefValue",
          9.16
        ],
        [
          "atomDistributionValuePerPoint",
          1.0
        ],
        [
          "atomStatisticalDistribution",
          []
        ]
      ],
      [
        [
          "_metadata",
          {
            "jsonVersion": 3.0,
            "className": "AtomChemicalShift",
            "classVersion": 1.0,
            "user": "luca",
            "lastPath": "undefined",
            "timestamp": "Tue Jan  9 15:18:36 2024"
          }
        ],
        [
          "atomName",
          "2H14"
        ],
        [
          "atomElementName",
          ""
        ],
        [
          "atomAverageShift",
          3.68
        ],
        [
          "atomStdShift",
          null
        ],
        [
          "atomMinShift",
          3.68
        ],
        [
          "atomMaxShift",
          3.68
        ],
        [
          "atomDistributionRefValue",
          3.68
        ],
        [
          "atomDistributionValuePerPoint",
          1.0
        ],
        [
          "atomStatisticalDistribution",
          []
        ]
      ],
      [
        [
          "_metadata",
          {
            "jsonVersion": 3.0,
            "className": "AtomChemicalShift",
            "classVersion": 1.0,
            "user": "luca",
            "lastPath": "undefined",
            "timestamp": "Tue Jan  9 15:18:36 2024"
          }
        ],
        [
          "atomName",
          "2H20"
        ],
        [
          "atomElementName",
          ""
        ],
        [
          "atomAverageShift",
          3.533
        ],
        [
          "atomStdShift",
          null
        ],
        [
          "atomMinShift",
          3.533
        ],
        [
          "atomMaxShift",
          3.533
        ],
        [
          "atomDistributionRefValue",
          3.533
        ],
        [
          "atomDistributionValuePerPoint",
          1.0
        ],
        [
          "atomStatisticalDistribution",
          []
        ]
      ],
      [
        [
          "_metadata",
          {
            "jsonVersion": 3.0,
            "className": "AtomChemicalShift",
            "classVersion": 1.0,
            "user": "luca",
            "lastPath": "undefined",
            "timestamp": "Tue Jan  9 15:18:36 2024"
          }
        ],
        [
          "atomName",
          "2H9"
        ],
        [
          "atomElementName",
          ""
        ],
        [
          "atomAverageShift",
          3.463
        ],
        [
          "atomStdShift",
          null
        ],
        [
          "atomMinShift",
          3.463
        ],
        [
          "atomMaxShift",
          3.463
        ],
        [
          "atomDistributionRefValue",
          3.463
        ],
        [
          "atomDistributionValuePerPoint",
          1.0
        ],
        [
          "atomStatisticalDistribution",
          []
        ]
      ],
      [
        [
          "_metadata",
          {
            "jsonVersion": 3.0,
            "className": "AtomChemicalShift",
            "classVersion": 1.0,
            "user": "luca",
            "lastPath": "undefined",
            "timestamp": "Tue Jan  9 15:18:36 2024"
          }
        ],
        [
          "atomName",
          "2HN4"
        ],
        [
          "atomElementName",
          ""
        ],
        [
          "atomAverageShift",
          5.75
        ],
        [
          "atomStdShift",
          null
        ],
        [
          "atomMinShift",
          5.75
        ],
        [
          "atomMaxShift",
          5.75
        ],
        [
          "atomDistributionRefValue",
          5.75
        ],
        [
          "atomDistributionValuePerPoint",
          1.0
        ],
        [
          "atomStatisticalDistribution",
          []
        ]
      ],
      [
        [
          "_metadata",
          {
            "jsonVersion": 3.0,
            "className": "AtomChemicalShift",
            "classVersion": 1.0,
            "user": "luca",
            "lastPath": "undefined",
            "timestamp": "Tue Jan  9 15:18:36 2024"
          }
        ],
        [
          "atomName",
          "2HN7"
        ],
        [
          "atomElementName",
          ""
        ],
        [
          "atomAverageShift",
          7.1
        ],
        [
          "atomStdShift",
          null
        ],
        [
          "atomMinShift",
          7.1
        ],
        [
          "atomMaxShift",
          7.1
        ],
        [
          "atomDistributionRefValue",
          7.1
        ],
        [
          "atomDistributionValuePerPoint",
          1.0
        ],
        [
          "atomStatisticalDistribution",
          []
        ]
      ],
      [
        [
          "_metadata",
          {
            "jsonVersion": 3.0,
            "className": "AtomChemicalShift",
            "classVersion": 1.0,
            "user": "luca",
            "lastPath": "undefined",
            "timestamp": "Tue Jan  9 15:18:36 2024"
          }
        ],
        [
          "atomName",
          "3H14"
        ],
        [
          "atomElementName",
          ""
        ],
        [
          "atomAverageShift",
          3.68
        ],
        [
          "atomStdShift",
          null
        ],
        [
          "atomMinShift",
          3.68
        ],
        [
          "atomMaxShift",
          3.68
        ],
        [
          "atomDistributionRefValue",
          3.68
        ],
        [
          "atomDistributionValuePerPoint",
          1.0
        ],
        [
          "atomStatisticalDistribution",
          []
        ]
      ],
      [
        [
          "_metadata",
          {
            "jsonVersion": 3.0,
            "className": "AtomChemicalShift",
            "classVersion": 1.0,
            "user": "luca",
            "lastPath": "undefined",
            "timestamp": "Tue Jan  9 15:18:36 2024"
          }
        ],
        [
          "atomName",
          "3H20"
        ],
        [
          "atomElementName",
          ""
        ],
        [
          "atomAverageShift",
          3.533
        ],
        [
          "atomStdShift",
          null
        ],
        [
          "atomMinShift",
          3.533
        ],
        [
          "atomMaxShift",
          3.533
        ],
        [
          "atomDistributionRefValue",
          3.533
        ],
        [
          "atomDistributionValuePerPoint",
          1.0
        ],
        [
          "atomStatisticalDistribution",
          []
        ]
      ],
      [
        [
          "_metadata",
          {
            "jsonVersion": 3.0,
            "className": "AtomChemicalShift",
            "classVersion": 1.0,
            "user": "luca",
            "lastPath": "undefined",
            "timestamp": "Tue Jan  9 15:18:36 2024"
          }
        ],
        [
          "atomName",
          "AH1*"
        ],
        [
          "atomElementName",
          ""
        ],
        [
          "atomAverageShift",
          7.15
        ],
        [
          "atomStdShift",
          null
        ],
        [
          "atomMinShift",
          7.15
        ],
        [
          "atomMaxShift",
          7.15
        ],
        [
          "atomDistributionRefValue",
          7.15
        ],
        [
          "atomDistributionValuePerPoint",
          1.0
        ],
        [
          "atomStatisticalDistribution",
          []
        ]
      ],
      [
        [
          "_metadata",
          {
            "jsonVersion": 3.0,
            "className": "AtomChemicalShift",
            "classVersion": 1.0,
            "user": "luca",
            "lastPath": "undefined",
            "timestamp": "Tue Jan  9 15:18:36 2024"
          }
        ],
        [
          "atomName",
          "AH2"
        ],
        [
          "atomElementName",
          ""
        ],
        [
          "atomAverageShift",
          7.99
        ],
        [
          "atomStdShift",
          null
        ],
        [
          "atomMinShift",
          7.99
        ],
        [
          "atomMaxShift",
          7.99
        ],
        [
          "atomDistributionRefValue",
          7.99
        ],
        [
          "atomDistributionValuePerPoint",
          1.0
        ],
        [
          "atomStatisticalDistribution",
          []
        ]
      ],
      [
        [
          "_metadata",
          {
            "jsonVersion": 3.0,
            "className": "AtomChemicalShift",
            "classVersion": 1.0,
            "user": "luca",
            "lastPath": "undefined",
            "timestamp": "Tue Jan  9 15:18:36 2024"
          }
        ],
        [
          "atomName",
          "AH2*"
        ],
        [
          "atomElementName",
          ""
        ],
        [
          "atomAverageShift",
          4.064
        ],
        [
          "atomStdShift",
          null
        ],
        [
          "atomMinShift",
          4.064
        ],
        [
          "atomMaxShift",
          4.064
        ],
        [
          "atomDistributionRefValue",
          4.064
        ],
        [
          "atomDistributionValuePerPoint",
          1.0
        ],
        [
          "atomStatisticalDistribution",
          []
        ]
      ],
      [
        [
          "_metadata",
          {
            "jsonVersion": 3.0,
            "className": "AtomChemicalShift",
            "classVersion": 1.0,
            "user": "luca",
            "lastPath": "undefined",
            "timestamp": "Tue Jan  9 15:18:36 2024"
          }
        ],
        [
          "atomName",
          "AH3*"
        ],
        [
          "atomElementName",
          ""
        ],
        [
          "atomAverageShift",
          4.143
        ],
        [
          "atomStdShift",
          null
        ],
        [
          "atomMinShift",
          4.143
        ],
        [
          "atomMaxShift",
          4.143
        ],
        [
          "atomDistributionRefValue",
          4.143
        ],
        [
          "atomDistributionValuePerPoint",
          1.0
        ],
        [
          "atomStatisticalDistribution",
          []
        ]
      ],
      [
        [
          "_metadata",
          {
            "jsonVersion": 3.0,
            "className": "AtomChemicalShift",
            "classVersion": 1.0,
            "user": "luca",
            "lastPath": "undefined",
            "timestamp": "Tue Jan  9 15:18:36 2024"
          }
        ],
        [
          "atomName",
          "AH4*"
        ],
        [
          "atomElementName",
          ""
        ],
        [
          "atomAverageShift",
          4.577
        ],
        [
          "atomStdShift",
          null
        ],
        [
          "atomMinShift",
          4.577
        ],
        [
          "atomMaxShift",
          4.577
        ],
        [
          "atomDistributionRefValue",
          4.577
        ],
        [
          "atomDistributionValuePerPoint",
          1.0
        ],
        [
          "atomStatisticalDistribution",
          []
        ]
      ],
      [
        [
          "_metadata",
          {
            "jsonVersion": 3.0,
            "className": "AtomChemicalShift",
            "classVersion": 1.0,
            "user": "luca",
            "lastPath": "undefined",
            "timestamp": "Tue Jan  9 15:18:36 2024"
          }
        ],
        [
          "atomName",
          "AH51"
        ],
        [
          "atomElementName",
          ""
        ],
        [
          "atomAverageShift",
          4.405
        ],
        [
          "atomStdShift",
          null
        ],
        [
          "atomMinShift",
          4.405
        ],
        [
          "atomMaxShift",
          4.405
        ],
        [
          "atomDistributionRefValue",
          4.405
        ],
        [
          "atomDistributionValuePerPoint",
          1.0
        ],
        [
          "atomStatisticalDistribution",
          []
        ]
      ],
      [
        [
          "_metadata",
          {
            "jsonVersion": 3.0,
            "className": "AtomChemicalShift",
            "classVersion": 1.0,
            "user": "luca",
            "lastPath": "undefined",
            "timestamp": "Tue Jan  9 15:18:36 2024"
          }
        ],
        [
          "atomName",
          "AH52"
        ],
        [
          "atomElementName",
          ""
        ],
        [
          "atomAverageShift",
          4.65
        ],
        [
          "atomStdShift",
          null
        ],
        [
          "atomMinShift",
          4.65
        ],
        [
          "atomMaxShift",
          4.65
        ],
        [
          "atomDistributionRefValue",
          4.65
        ],
        [
          "atomDistributionValuePerPoint",
          1.0
        ],
        [
          "atomStatisticalDistribution",
          []
        ]
      ],
      [
        [
          "_metadata",
          {
            "jsonVersion": 3.0,
            "className": "AtomChemicalShift",
            "classVersion": 1.0,
            "user": "luca",
            "lastPath": "undefined",
            "timestamp": "Tue Jan  9 15:18:36 2024"
          }
        ],
        [
          "atomName",
          "AH61"
        ],
        [
          "atomElementName",
          ""
        ],
        [
          "atomAverageShift",
          9.403
        ],
        [
          "atomStdShift",
          null
        ],
        [
          "atomMinShift",
          9.403
        ],
        [
          "atomMaxShift",
          9.403
        ],
        [
          "atomDistributionRefValue",
          9.403
        ],
        [
          "atomDistributionValuePerPoint",
          1.0
        ],
        [
          "atomStatisticalDistribution",
          []
        ]
      ],
      [
        [
          "_metadata",
          {
            "jsonVersion": 3.0,
            "className": "AtomChemicalShift",
            "classVersion": 1.0,
            "user": "luca",
            "lastPath": "undefined",
            "timestamp": "Tue Jan  9 15:18:36 2024"
          }
        ],
        [
          "atomName",
          "AH8"
        ],
        [
          "atomElementName",
          ""
        ],
        [
          "atomAverageShift",
          8.302
        ],
        [
          "atomStdShift",
          null
        ],
        [
          "atomMinShift",
          8.302
        ],
        [
          "atomMaxShift",
          8.302
        ],
        [
          "atomDistributionRefValue",
          8.302
        ],
        [
          "atomDistributionValuePerPoint",
          1.0
        ],
        [
          "atomStatisticalDistribution",
          []
        ]
      ],
      [
        [
          "_metadata",
          {
            "jsonVersion": 3.0,
            "className": "AtomChemicalShift",
            "classVersion": 1.0,
            "user": "luca",
            "lastPath": "undefined",
            "timestamp": "Tue Jan  9 15:18:36 2024"
          }
        ],
        [
          "atomName",
          "H1"
        ],
        [
          "atomElementName",
          ""
        ],
        [
          "atomAverageShift",
          6.253
        ],
        [
          "atomStdShift",
          null
        ],
        [
          "atomMinShift",
          6.253
        ],
        [
          "atomMaxShift",
          6.253
        ],
        [
          "atomDistributionRefValue",
          6.253
        ],
        [
          "atomDistributionValuePerPoint",
          1.0
        ],
        [
          "atomStatisticalDistribution",
          []
        ]
      ],
      [
        [
          "_metadata",
          {
            "jsonVersion": 3.0,
            "className": "AtomChemicalShift",
            "classVersion": 1.0,
            "user": "luca",
            "lastPath": "undefined",
            "timestamp": "Tue Jan  9 15:18:36 2024"
          }
        ],
        [
          "atomName",
          "H11"
        ],
        [
          "atomElementName",
          ""
        ],
        [
          "atomAverageShift",
          6.545
        ],
        [
          "atomStdShift",
          null
        ],
        [
          "atomMinShift",
          6.545
        ],
        [
          "atomMaxShift",
          6.545
        ],
        [
          "atomDistributionRefValue",
          6.545
        ],
        [
          "atomDistributionValuePerPoint",
          1.0
        ],
        [
          "atomStatisticalDistribution",
          []
        ]
      ],
      [
        [
          "_metadata",
          {
            "jsonVersion": 3.0,
            "className": "AtomChemicalShift",
            "classVersion": 1.0,
            "user": "luca",
            "lastPath": "undefined",
            "timestamp": "Tue Jan  9 15:18:36 2024"
          }
        ],
        [
          "atomName",
          "H2"
        ],
        [
          "atomElementName",
          ""
        ],
        [
          "atomAverageShift",
          14.25
        ],
        [
          "atomStdShift",
          null
        ],
        [
          "atomMinShift",
          14.25
        ],
        [
          "atomMaxShift",
          14.25
        ],
        [
          "atomDistributionRefValue",
          14.25
        ],
        [
          "atomDistributionValuePerPoint",
          1.0
        ],
        [
          "atomStatisticalDistribution",
          []
        ]
      ],
      [
        [
          "_metadata",
          {
            "jsonVersion": 3.0,
            "className": "AtomChemicalShift",
            "classVersion": 1.0,
            "user": "luca",
            "lastPath": "undefined",
            "timestamp": "Tue Jan  9 15:18:36 2024"
          }
        ],
        [
          "atomName",
          "H21"
        ],
        [
          "atomElementName",
          ""
        ],
        [
          "atomAverageShift",
          4.972
        ],
        [
          "atomStdShift",
          null
        ],
        [
          "atomMinShift",
          4.972
        ],
        [
          "atomMaxShift",
          4.972
        ],
        [
          "atomDistributionRefValue",
          4.972
        ],
        [
          "atomDistributionValuePerPoint",
          1.0
        ],
        [
          "atomStatisticalDistribution",
          []
        ]
      ],
      [
        [
          "_metadata",
          {
            "jsonVersion": 3.0,
            "className": "AtomChemicalShift",
            "classVersion": 1.0,
            "user": "luca",
            "lastPath": "undefined",
            "timestamp": "Tue Jan  9 15:18:36 2024"
          }
        ],
        [
          "atomName",
          "NH1*"
        ],
        [
          "atomElementName",
          ""
        ],
        [
          "atomAverageShift",
          4.719
        ],
        [
          "atomStdShift",
          null
        ],
        [
          "atomMinShift",
          4.719
        ],
        [
          "atomMaxShift",
          4.719
        ],
        [
          "atomDistributionRefValue",
          4.719
        ],
        [
          "atomDistributionValuePerPoint",
          1.0
        ],
        [
          "atomStatisticalDistribution",
          []
        ]
      ],
      [
        [
          "_metadata",
          {
            "jsonVersion": 3.0,
            "className": "AtomChemicalShift",
            "classVersion": 1.0,
            "user": "luca",
            "lastPath": "undefined",
            "timestamp": "Tue Jan  9 15:18:36 2024"
          }
        ],
        [
          "atomName",
          "NH2"
        ],
        [
          "atomElementName",
          ""
        ],
        [
          "atomAverageShift",
          7.514
        ],
        [
          "atomStdShift",
          null
        ],
        [
          "atomMinShift",
          7.514
        ],
        [
          "atomMaxShift",
          7.514
        ],
        [
          "atomDistributionRefValue",
          7.514
        ],
        [
          "atomDistributionValuePerPoint",
          1.0
        ],
        [
          "atomStatisticalDistribution",
          []
        ]
      ],
      [
        [
          "_metadata",
          {
            "jsonVersion": 3.0,
            "className": "AtomChemicalShift",
            "classVersion": 1.0,
            "user": "luca",
            "lastPath": "undefined",
            "timestamp": "Tue Jan  9 15:18:36 2024"
          }
        ],
        [
          "atomName",
          "NH3*"
        ],
        [
          "atomElementName",
          ""
        ],
        [
          "atomAverageShift",
          3.896
        ],
        [
          "atomStdShift",
          null
        ],
        [
          "atomMinShift",
          3.896
        ],
        [
          "atomMaxShift",
          3.896
        ],
        [
          "atomDistributionRefValue",
          3.896
        ],
        [
          "atomDistributionValuePerPoint",
          1.0
        ],
        [
          "atomStatisticalDistribution",
          []
        ]
      ],
      [
        [
          "_metadata",
          {
            "jsonVersion": 3.0,
            "className": "AtomChemicalShift",
            "classVersion": 1.0,
            "user": "luca",
            "lastPath": "undefined",
            "timestamp": "Tue Jan  9 15:18:36 2024"
          }
        ],
        [
          "atomName",
          "NH4*"
        ],
        [
          "atomElementName",
          ""
        ],
        [
          "atomAverageShift",
          4.082
        ],
        [
          "atomStdShift",
          null
        ],
        [
          "atomMinShift",
          4.082
        ],
        [
          "atomMaxShift",
          4.082
        ],
        [
          "atomDistributionRefValue",
          4.082
        ],
        [
          "atomDistributionValuePerPoint",
          1.0
        ],
        [
          "atomStatisticalDistribution",
          []
        ]
      ],
      [
        [
          "_metadata",
          {
            "jsonVersion": 3.0,
            "className": "AtomChemicalShift",
            "classVersion": 1.0,
            "user": "luca",
            "lastPath": "undefined",
            "timestamp": "Tue Jan  9 15:18:36 2024"
          }
        ],
        [
          "atomName",
          "NH5"
        ],
        [
          "atomElementName",
          ""
        ],
        [
          "atomAverageShift",
          5.67
        ],
        [
          "atomStdShift",
          null
        ],
        [
          "atomMinShift",
          5.67
        ],
        [
          "atomMaxShift",
          5.67
        ],
        [
          "atomDistributionRefValue",
          5.67
        ],
        [
          "atomDistributionValuePerPoint",
          1.0
        ],
        [
          "atomStatisticalDistribution",
          []
        ]
      ],
      [
        [
          "_metadata",
          {
            "jsonVersion": 3.0,
            "className": "AtomChemicalShift",
            "classVersion": 1.0,
            "user": "luca",
            "lastPath": "undefined",
            "timestamp": "Tue Jan  9 15:18:36 2024"
          }
        ],
        [
          "atomName",
          "NH51"
        ],
        [
          "atomElementName",
          ""
        ],
        [
          "atomAverageShift",
          4.075
        ],
        [
          "atomStdShift",
          null
        ],
        [
          "atomMinShift",
          4.075
        ],
        [
          "atomMaxShift",
          4.075
        ],
        [
          "atomDistributionRefValue",
          4.075
        ],
        [
          "atomDistributionValuePerPoint",
          1.0
        ],
        [
          "atomStatisticalDistribution",
          []
        ]
      ],
      [
        [
          "_metadata",
          {
            "jsonVersion": 3.0,
            "className": "AtomChemicalShift",
            "classVersion": 1.0,
            "user": "luca",
            "lastPath": "undefined",
            "timestamp": "Tue Jan  9 15:18:36 2024"
          }
        ],
        [
          "atomName",
          "NH52"
        ],
        [
          "atomElementName",
          ""
        ],
        [
          "atomAverageShift",
          3.132
        ],
        [
          "atomStdShift",
          null
        ],
        [
          "atomMinShift",
          3.132
        ],
        [
          "atomMaxShift",
          3.132
        ],
        [
          "atomDistributionRefValue",
          3.132
        ],
        [
          "atomDistributionValuePerPoint",
          1.0
        ],
        [
          "atomStatisticalDistribution",
          []
        ]
      ],
      [
        [
          "_metadata",
          {
            "jsonVersion": 3.0,
            "className": "AtomChemicalShift",
            "classVersion": 1.0,
            "user": "luca",
            "lastPath": "undefined",
            "timestamp": "Tue Jan  9 15:18:36 2024"
          }
        ],
        [
          "atomName",
          "NH6"
        ],
        [
          "atomElementName",
          ""
        ],
        [
          "atomAverageShift",
          6.468
        ],
        [
          "atomStdShift",
          null
        ],
        [
          "atomMinShift",
          6.468
        ],
        [
          "atomMaxShift",
          6.468
        ],
        [
          "atomDistributionRefValue",
          6.468
        ],
        [
          "atomDistributionValuePerPoint",
          1.0
        ],
        [
          "atomStatisticalDistribution",
          []
        ]
      ],
      [
        [
          "_metadata",
          {
            "jsonVersion": 3.0,
            "className": "AtomChemicalShift",
            "classVersion": 1.0,
            "user": "luca",
            "lastPath": "undefined",
            "timestamp": "Tue Jan  9 15:18:36 2024"
          }
        ],
        [
          "atomName",
          "NH71"
        ],
        [
          "atomElementName",
          ""
        ],
        [
          "atomAverageShift",
          7.198
        ],
        [
          "atomStdShift",
          null
        ],
        [
          "atomMinShift",
          7.198
        ],
        [
          "atomMaxShift",
          7.198
        ],
        [
          "atomDistributionRefValue",
          7.198
        ],
        [
          "atomDistributionValuePerPoint",
          1.0
        ],
        [
          "atomStatisticalDistribution",
          []
        ]
      ],
      [
        [
          "_metadata",
          {
            "jsonVersion": 3.0,
            "className": "AtomChemicalShift",
            "classVersion": 1.0,
            "user": "luca",
            "lastPath": "undefined",
            "timestamp": "Tue Jan  9 15:18:36 2024"
          }
        ],
        [
          "atomName",
          "NH72"
        ],
        [
          "atomElementName",
          ""
        ],
        [
          "atomAverageShift",
          8.52
        ],
        [
          "atomStdShift",
          null
        ],
        [
          "atomMinShift",
          8.52
        ],
        [
          "atomMaxShift",
          8.52
        ],
        [
          "atomDistributionRefValue",
          8.52
        ],
        [
          "atomDistributionValuePerPoint",
          1.0
        ],
        [
          "atomStatisticalDistribution",
          []
        ]
      ]
    ]
  ]
]