[
  [
    "_metadata",
    {
      "jsonVersion": 3,
      "className": "ReferenceChemicalShift",
      "classVersion": 1,
      "user": "CCPN",
      "lastPath": "/Users/luca/Projects/AnalysisV3/resources/referenceChemicalShifts/NonStandard/Non-Polymer/TUT.json",
      "timestamp": "Tue Jan  9 15:18:26 2024",
      "applicationVersion": 3.2
    }
  ],
  [
    "chemicalShiftName",
    "Non-Standard Residues / Small Molecules"
  ],
  [
    "chemicalShiftComment",
    "The CCPN Analysis Version 3 ReferenceChemical shifts retrieved from BMRB"
  ],
  [
    "chemicalShiftEntryDate",
    "2023-09-14-14:25:08"
  ],
  [
    "compoundName",
    "5-chloranyl-N-[2-(3-methoxyphenyl)ethanimidoyl]-2-piperidin-4-yloxy-benzamide"
  ],
  [
    "compoundShortName",
    "TUT"
  ],
  [
    "compoundCcpCode",
    "TUT"
  ],
  [
    "compoundType",
    "Non-Polymer"
  ],
  [
    "compoundTypeClassification",
    "non-polymer"
  ],
  [
    "compoundPrecursorName",
    ""
  ],
  [
    "loadingLevel",
    0
  ],
  [
    "atoms",
    [
      [
        [
          "_metadata",
          {
            "jsonVersion": 3.0,
            "className": "AtomChemicalShift",
            "classVersion": 1.0,
            "user": "luca",
            "lastPath": "undefined",
            "timestamp": "Tue Jan  9 15:18:26 2024"
          }
        ],
        [
          "atomName",
          "HA"
        ],
        [
          "atomElementName",
          ""
        ],
        [
          "atomAverageShift",
          4.149
        ],
        [
          "atomStdShift",
          null
        ],
        [
          "atomMinShift",
          4.149
        ],
        [
          "atomMaxShift",
          4.149
        ],
        [
          "atomDistributionRefValue",
          4.149
        ],
        [
          "atomDistributionValuePerPoint",
          1.0
        ],
        [
          "atomStatisticalDistribution",
          []
        ]
      ],
      [
        [
          "_metadata",
          {
            "jsonVersion": 3.0,
            "className": "AtomChemicalShift",
            "classVersion": 1.0,
            "user": "luca",
            "lastPath": "undefined",
            "timestamp": "Tue Jan  9 15:18:26 2024"
          }
        ],
        [
          "atomName",
          "HB1"
        ],
        [
          "atomElementName",
          ""
        ],
        [
          "atomAverageShift",
          2.93
        ],
        [
          "atomStdShift",
          null
        ],
        [
          "atomMinShift",
          2.93
        ],
        [
          "atomMaxShift",
          2.93
        ],
        [
          "atomDistributionRefValue",
          2.93
        ],
        [
          "atomDistributionValuePerPoint",
          1.0
        ],
        [
          "atomStatisticalDistribution",
          []
        ]
      ],
      [
        [
          "_metadata",
          {
            "jsonVersion": 3.0,
            "className": "AtomChemicalShift",
            "classVersion": 1.0,
            "user": "luca",
            "lastPath": "undefined",
            "timestamp": "Tue Jan  9 15:18:26 2024"
          }
        ],
        [
          "atomName",
          "HB2"
        ],
        [
          "atomElementName",
          ""
        ],
        [
          "atomAverageShift",
          2.687
        ],
        [
          "atomStdShift",
          null
        ],
        [
          "atomMinShift",
          2.687
        ],
        [
          "atomMaxShift",
          2.687
        ],
        [
          "atomDistributionRefValue",
          2.687
        ],
        [
          "atomDistributionValuePerPoint",
          1.0
        ],
        [
          "atomStatisticalDistribution",
          []
        ]
      ],
      [
        [
          "_metadata",
          {
            "jsonVersion": 3.0,
            "className": "AtomChemicalShift",
            "classVersion": 1.0,
            "user": "luca",
            "lastPath": "undefined",
            "timestamp": "Tue Jan  9 15:18:26 2024"
          }
        ],
        [
          "atomName",
          "HE1"
        ],
        [
          "atomElementName",
          ""
        ],
        [
          "atomAverageShift",
          7.099
        ],
        [
          "atomStdShift",
          null
        ],
        [
          "atomMinShift",
          7.099
        ],
        [
          "atomMaxShift",
          7.099
        ],
        [
          "atomDistributionRefValue",
          7.099
        ],
        [
          "atomDistributionValuePerPoint",
          1.0
        ],
        [
          "atomStatisticalDistribution",
          []
        ]
      ],
      [
        [
          "_metadata",
          {
            "jsonVersion": 3.0,
            "className": "AtomChemicalShift",
            "classVersion": 1.0,
            "user": "luca",
            "lastPath": "undefined",
            "timestamp": "Tue Jan  9 15:18:26 2024"
          }
        ],
        [
          "atomName",
          "HE2"
        ],
        [
          "atomElementName",
          ""
        ],
        [
          "atomAverageShift",
          6.72
        ],
        [
          "atomStdShift",
          null
        ],
        [
          "atomMinShift",
          6.72
        ],
        [
          "atomMaxShift",
          6.72
        ],
        [
          "atomDistributionRefValue",
          6.72
        ],
        [
          "atomDistributionValuePerPoint",
          1.0
        ],
        [
          "atomStatisticalDistribution",
          []
        ]
      ],
      [
        [
          "_metadata",
          {
            "jsonVersion": 3.0,
            "className": "AtomChemicalShift",
            "classVersion": 1.0,
            "user": "luca",
            "lastPath": "undefined",
            "timestamp": "Tue Jan  9 15:18:26 2024"
          }
        ],
        [
          "atomName",
          "HI1"
        ],
        [
          "atomElementName",
          ""
        ],
        [
          "atomAverageShift",
          2.375
        ],
        [
          "atomStdShift",
          null
        ],
        [
          "atomMinShift",
          2.375
        ],
        [
          "atomMaxShift",
          2.375
        ],
        [
          "atomDistributionRefValue",
          2.375
        ],
        [
          "atomDistributionValuePerPoint",
          1.0
        ],
        [
          "atomStatisticalDistribution",
          []
        ]
      ],
      [
        [
          "_metadata",
          {
            "jsonVersion": 3.0,
            "className": "AtomChemicalShift",
            "classVersion": 1.0,
            "user": "luca",
            "lastPath": "undefined",
            "timestamp": "Tue Jan  9 15:18:26 2024"
          }
        ],
        [
          "atomName",
          "HM1"
        ],
        [
          "atomElementName",
          ""
        ],
        [
          "atomAverageShift",
          1.082
        ],
        [
          "atomStdShift",
          null
        ],
        [
          "atomMinShift",
          1.082
        ],
        [
          "atomMaxShift",
          1.082
        ],
        [
          "atomDistributionRefValue",
          1.082
        ],
        [
          "atomDistributionValuePerPoint",
          1.0
        ],
        [
          "atomStatisticalDistribution",
          []
        ]
      ],
      [
        [
          "_metadata",
          {
            "jsonVersion": 3.0,
            "className": "AtomChemicalShift",
            "classVersion": 1.0,
            "user": "luca",
            "lastPath": "undefined",
            "timestamp": "Tue Jan  9 15:18:26 2024"
          }
        ],
        [
          "atomName",
          "HQ1"
        ],
        [
          "atomElementName",
          ""
        ],
        [
          "atomAverageShift",
          1.588
        ],
        [
          "atomStdShift",
          null
        ],
        [
          "atomMinShift",
          1.588
        ],
        [
          "atomMaxShift",
          1.588
        ],
        [
          "atomDistributionRefValue",
          1.588
        ],
        [
          "atomDistributionValuePerPoint",
          1.0
        ],
        [
          "atomStatisticalDistribution",
          []
        ]
      ],
      [
        [
          "_metadata",
          {
            "jsonVersion": 3.0,
            "className": "AtomChemicalShift",
            "classVersion": 1.0,
            "user": "luca",
            "lastPath": "undefined",
            "timestamp": "Tue Jan  9 15:18:26 2024"
          }
        ],
        [
          "atomName",
          "HQ2"
        ],
        [
          "atomElementName",
          ""
        ],
        [
          "atomAverageShift",
          1.932
        ],
        [
          "atomStdShift",
          null
        ],
        [
          "atomMinShift",
          1.932
        ],
        [
          "atomMaxShift",
          1.932
        ],
        [
          "atomDistributionRefValue",
          1.932
        ],
        [
          "atomDistributionValuePerPoint",
          1.0
        ],
        [
          "atomStatisticalDistribution",
          []
        ]
      ]
    ]
  ]
]