[
  [
    "_metadata",
    {
      "jsonVersion": 3,
      "className": "ReferenceChemicalShift",
      "classVersion": 1,
      "user": "CCPN",
      "lastPath": "/Users/luca/Projects/AnalysisV3/resources/referenceChemicalShifts/NonStandard/Non-Polymer/TUX.json",
      "timestamp": "Tue Jan  9 15:18:22 2024",
      "applicationVersion": 3.2
    }
  ],
  [
    "chemicalShiftName",
    "Non-Standard Residues / Small Molecules"
  ],
  [
    "chemicalShiftComment",
    "The CCPN Analysis Version 3 ReferenceChemical shifts retrieved from BMRB"
  ],
  [
    "chemicalShiftEntryDate",
    "2023-09-14-14:25:08"
  ],
  [
    "compoundName",
    "1,5-ANHYDRO-2-C-(CARBOXYMETHYL-N-HYDROXYAMIDE)-2-DEOXY-3-O-MYRISTOYL-D-GLUCITOL"
  ],
  [
    "compoundShortName",
    "TUX"
  ],
  [
    "compoundCcpCode",
    "TUX"
  ],
  [
    "compoundType",
    "Non-Polymer"
  ],
  [
    "compoundTypeClassification",
    "non-polymer"
  ],
  [
    "compoundPrecursorName",
    ""
  ],
  [
    "loadingLevel",
    0
  ],
  [
    "atoms",
    [
      [
        [
          "_metadata",
          {
            "jsonVersion": 3.0,
            "className": "AtomChemicalShift",
            "classVersion": 1.0,
            "user": "luca",
            "lastPath": "undefined",
            "timestamp": "Tue Jan  9 15:18:21 2024"
          }
        ],
        [
          "atomName",
          "C1G"
        ],
        [
          "atomElementName",
          ""
        ],
        [
          "atomAverageShift",
          71.67
        ],
        [
          "atomStdShift",
          null
        ],
        [
          "atomMinShift",
          71.67
        ],
        [
          "atomMaxShift",
          71.67
        ],
        [
          "atomDistributionRefValue",
          71.67
        ],
        [
          "atomDistributionValuePerPoint",
          1.0
        ],
        [
          "atomStatisticalDistribution",
          []
        ]
      ],
      [
        [
          "_metadata",
          {
            "jsonVersion": 3.0,
            "className": "AtomChemicalShift",
            "classVersion": 1.0,
            "user": "luca",
            "lastPath": "undefined",
            "timestamp": "Tue Jan  9 15:18:21 2024"
          }
        ],
        [
          "atomName",
          "C2G"
        ],
        [
          "atomElementName",
          ""
        ],
        [
          "atomAverageShift",
          41.14
        ],
        [
          "atomStdShift",
          null
        ],
        [
          "atomMinShift",
          41.14
        ],
        [
          "atomMaxShift",
          41.14
        ],
        [
          "atomDistributionRefValue",
          41.14
        ],
        [
          "atomDistributionValuePerPoint",
          1.0
        ],
        [
          "atomStatisticalDistribution",
          []
        ]
      ],
      [
        [
          "_metadata",
          {
            "jsonVersion": 3.0,
            "className": "AtomChemicalShift",
            "classVersion": 1.0,
            "user": "luca",
            "lastPath": "undefined",
            "timestamp": "Tue Jan  9 15:18:21 2024"
          }
        ],
        [
          "atomName",
          "C3G"
        ],
        [
          "atomElementName",
          ""
        ],
        [
          "atomAverageShift",
          80.2
        ],
        [
          "atomStdShift",
          null
        ],
        [
          "atomMinShift",
          80.2
        ],
        [
          "atomMaxShift",
          80.2
        ],
        [
          "atomDistributionRefValue",
          80.2
        ],
        [
          "atomDistributionValuePerPoint",
          1.0
        ],
        [
          "atomStatisticalDistribution",
          []
        ]
      ],
      [
        [
          "_metadata",
          {
            "jsonVersion": 3.0,
            "className": "AtomChemicalShift",
            "classVersion": 1.0,
            "user": "luca",
            "lastPath": "undefined",
            "timestamp": "Tue Jan  9 15:18:21 2024"
          }
        ],
        [
          "atomName",
          "C4G"
        ],
        [
          "atomElementName",
          ""
        ],
        [
          "atomAverageShift",
          71.48
        ],
        [
          "atomStdShift",
          null
        ],
        [
          "atomMinShift",
          71.48
        ],
        [
          "atomMaxShift",
          71.48
        ],
        [
          "atomDistributionRefValue",
          71.48
        ],
        [
          "atomDistributionValuePerPoint",
          1.0
        ],
        [
          "atomStatisticalDistribution",
          []
        ]
      ],
      [
        [
          "_metadata",
          {
            "jsonVersion": 3.0,
            "className": "AtomChemicalShift",
            "classVersion": 1.0,
            "user": "luca",
            "lastPath": "undefined",
            "timestamp": "Tue Jan  9 15:18:21 2024"
          }
        ],
        [
          "atomName",
          "C5G"
        ],
        [
          "atomElementName",
          ""
        ],
        [
          "atomAverageShift",
          83.75
        ],
        [
          "atomStdShift",
          null
        ],
        [
          "atomMinShift",
          83.75
        ],
        [
          "atomMaxShift",
          83.75
        ],
        [
          "atomDistributionRefValue",
          83.75
        ],
        [
          "atomDistributionValuePerPoint",
          1.0
        ],
        [
          "atomStatisticalDistribution",
          []
        ]
      ],
      [
        [
          "_metadata",
          {
            "jsonVersion": 3.0,
            "className": "AtomChemicalShift",
            "classVersion": 1.0,
            "user": "luca",
            "lastPath": "undefined",
            "timestamp": "Tue Jan  9 15:18:21 2024"
          }
        ],
        [
          "atomName",
          "C6G"
        ],
        [
          "atomElementName",
          ""
        ],
        [
          "atomAverageShift",
          64.9
        ],
        [
          "atomStdShift",
          null
        ],
        [
          "atomMinShift",
          64.9
        ],
        [
          "atomMaxShift",
          64.9
        ],
        [
          "atomDistributionRefValue",
          64.9
        ],
        [
          "atomDistributionValuePerPoint",
          1.0
        ],
        [
          "atomStatisticalDistribution",
          []
        ]
      ],
      [
        [
          "_metadata",
          {
            "jsonVersion": 3.0,
            "className": "AtomChemicalShift",
            "classVersion": 1.0,
            "user": "luca",
            "lastPath": "undefined",
            "timestamp": "Tue Jan  9 15:18:21 2024"
          }
        ],
        [
          "atomName",
          "H1G1"
        ],
        [
          "atomElementName",
          ""
        ],
        [
          "atomAverageShift",
          4.07
        ],
        [
          "atomStdShift",
          null
        ],
        [
          "atomMinShift",
          4.07
        ],
        [
          "atomMaxShift",
          4.07
        ],
        [
          "atomDistributionRefValue",
          4.07
        ],
        [
          "atomDistributionValuePerPoint",
          1.0
        ],
        [
          "atomStatisticalDistribution",
          []
        ]
      ],
      [
        [
          "_metadata",
          {
            "jsonVersion": 3.0,
            "className": "AtomChemicalShift",
            "classVersion": 1.0,
            "user": "luca",
            "lastPath": "undefined",
            "timestamp": "Tue Jan  9 15:18:21 2024"
          }
        ],
        [
          "atomName",
          "H2A2"
        ],
        [
          "atomElementName",
          ""
        ],
        [
          "atomAverageShift",
          2.19
        ],
        [
          "atomStdShift",
          null
        ],
        [
          "atomMinShift",
          2.19
        ],
        [
          "atomMaxShift",
          2.19
        ],
        [
          "atomDistributionRefValue",
          2.19
        ],
        [
          "atomDistributionValuePerPoint",
          1.0
        ],
        [
          "atomStatisticalDistribution",
          []
        ]
      ],
      [
        [
          "_metadata",
          {
            "jsonVersion": 3.0,
            "className": "AtomChemicalShift",
            "classVersion": 1.0,
            "user": "luca",
            "lastPath": "undefined",
            "timestamp": "Tue Jan  9 15:18:21 2024"
          }
        ],
        [
          "atomName",
          "H2A3"
        ],
        [
          "atomElementName",
          ""
        ],
        [
          "atomAverageShift",
          2.19
        ],
        [
          "atomStdShift",
          null
        ],
        [
          "atomMinShift",
          2.19
        ],
        [
          "atomMaxShift",
          2.19
        ],
        [
          "atomDistributionRefValue",
          2.19
        ],
        [
          "atomDistributionValuePerPoint",
          1.0
        ],
        [
          "atomStatisticalDistribution",
          []
        ]
      ],
      [
        [
          "_metadata",
          {
            "jsonVersion": 3.0,
            "className": "AtomChemicalShift",
            "classVersion": 1.0,
            "user": "luca",
            "lastPath": "undefined",
            "timestamp": "Tue Jan  9 15:18:21 2024"
          }
        ],
        [
          "atomName",
          "H2G"
        ],
        [
          "atomElementName",
          ""
        ],
        [
          "atomAverageShift",
          2.16
        ],
        [
          "atomStdShift",
          null
        ],
        [
          "atomMinShift",
          2.16
        ],
        [
          "atomMaxShift",
          2.16
        ],
        [
          "atomDistributionRefValue",
          2.16
        ],
        [
          "atomDistributionValuePerPoint",
          1.0
        ],
        [
          "atomStatisticalDistribution",
          []
        ]
      ],
      [
        [
          "_metadata",
          {
            "jsonVersion": 3.0,
            "className": "AtomChemicalShift",
            "classVersion": 1.0,
            "user": "luca",
            "lastPath": "undefined",
            "timestamp": "Tue Jan  9 15:18:21 2024"
          }
        ],
        [
          "atomName",
          "H2G2"
        ],
        [
          "atomElementName",
          ""
        ],
        [
          "atomAverageShift",
          3.3
        ],
        [
          "atomStdShift",
          null
        ],
        [
          "atomMinShift",
          3.3
        ],
        [
          "atomMaxShift",
          3.3
        ],
        [
          "atomDistributionRefValue",
          3.3
        ],
        [
          "atomDistributionValuePerPoint",
          1.0
        ],
        [
          "atomStatisticalDistribution",
          []
        ]
      ],
      [
        [
          "_metadata",
          {
            "jsonVersion": 3.0,
            "className": "AtomChemicalShift",
            "classVersion": 1.0,
            "user": "luca",
            "lastPath": "undefined",
            "timestamp": "Tue Jan  9 15:18:21 2024"
          }
        ],
        [
          "atomName",
          "H3A2"
        ],
        [
          "atomElementName",
          ""
        ],
        [
          "atomAverageShift",
          1.43
        ],
        [
          "atomStdShift",
          null
        ],
        [
          "atomMinShift",
          1.43
        ],
        [
          "atomMaxShift",
          1.43
        ],
        [
          "atomDistributionRefValue",
          1.43
        ],
        [
          "atomDistributionValuePerPoint",
          1.0
        ],
        [
          "atomStatisticalDistribution",
          []
        ]
      ],
      [
        [
          "_metadata",
          {
            "jsonVersion": 3.0,
            "className": "AtomChemicalShift",
            "classVersion": 1.0,
            "user": "luca",
            "lastPath": "undefined",
            "timestamp": "Tue Jan  9 15:18:21 2024"
          }
        ],
        [
          "atomName",
          "H3A3"
        ],
        [
          "atomElementName",
          ""
        ],
        [
          "atomAverageShift",
          1.43
        ],
        [
          "atomStdShift",
          null
        ],
        [
          "atomMinShift",
          1.43
        ],
        [
          "atomMaxShift",
          1.43
        ],
        [
          "atomDistributionRefValue",
          1.43
        ],
        [
          "atomDistributionValuePerPoint",
          1.0
        ],
        [
          "atomStatisticalDistribution",
          []
        ]
      ],
      [
        [
          "_metadata",
          {
            "jsonVersion": 3.0,
            "className": "AtomChemicalShift",
            "classVersion": 1.0,
            "user": "luca",
            "lastPath": "undefined",
            "timestamp": "Tue Jan  9 15:18:21 2024"
          }
        ],
        [
          "atomName",
          "H3G"
        ],
        [
          "atomElementName",
          ""
        ],
        [
          "atomAverageShift",
          4.84
        ],
        [
          "atomStdShift",
          null
        ],
        [
          "atomMinShift",
          4.84
        ],
        [
          "atomMaxShift",
          4.84
        ],
        [
          "atomDistributionRefValue",
          4.84
        ],
        [
          "atomDistributionValuePerPoint",
          1.0
        ],
        [
          "atomStatisticalDistribution",
          []
        ]
      ],
      [
        [
          "_metadata",
          {
            "jsonVersion": 3.0,
            "className": "AtomChemicalShift",
            "classVersion": 1.0,
            "user": "luca",
            "lastPath": "undefined",
            "timestamp": "Tue Jan  9 15:18:21 2024"
          }
        ],
        [
          "atomName",
          "H42"
        ],
        [
          "atomElementName",
          ""
        ],
        [
          "atomAverageShift",
          1.3
        ],
        [
          "atomStdShift",
          null
        ],
        [
          "atomMinShift",
          1.3
        ],
        [
          "atomMaxShift",
          1.3
        ],
        [
          "atomDistributionRefValue",
          1.3
        ],
        [
          "atomDistributionValuePerPoint",
          1.0
        ],
        [
          "atomStatisticalDistribution",
          []
        ]
      ],
      [
        [
          "_metadata",
          {
            "jsonVersion": 3.0,
            "className": "AtomChemicalShift",
            "classVersion": 1.0,
            "user": "luca",
            "lastPath": "undefined",
            "timestamp": "Tue Jan  9 15:18:21 2024"
          }
        ],
        [
          "atomName",
          "H4A3"
        ],
        [
          "atomElementName",
          ""
        ],
        [
          "atomAverageShift",
          1.3
        ],
        [
          "atomStdShift",
          null
        ],
        [
          "atomMinShift",
          1.3
        ],
        [
          "atomMaxShift",
          1.3
        ],
        [
          "atomDistributionRefValue",
          1.3
        ],
        [
          "atomDistributionValuePerPoint",
          1.0
        ],
        [
          "atomStatisticalDistribution",
          []
        ]
      ],
      [
        [
          "_metadata",
          {
            "jsonVersion": 3.0,
            "className": "AtomChemicalShift",
            "classVersion": 1.0,
            "user": "luca",
            "lastPath": "undefined",
            "timestamp": "Tue Jan  9 15:18:21 2024"
          }
        ],
        [
          "atomName",
          "H4G"
        ],
        [
          "atomElementName",
          ""
        ],
        [
          "atomAverageShift",
          3.25
        ],
        [
          "atomStdShift",
          null
        ],
        [
          "atomMinShift",
          3.25
        ],
        [
          "atomMaxShift",
          3.25
        ],
        [
          "atomDistributionRefValue",
          3.25
        ],
        [
          "atomDistributionValuePerPoint",
          1.0
        ],
        [
          "atomStatisticalDistribution",
          []
        ]
      ],
      [
        [
          "_metadata",
          {
            "jsonVersion": 3.0,
            "className": "AtomChemicalShift",
            "classVersion": 1.0,
            "user": "luca",
            "lastPath": "undefined",
            "timestamp": "Tue Jan  9 15:18:21 2024"
          }
        ],
        [
          "atomName",
          "H5A2"
        ],
        [
          "atomElementName",
          ""
        ],
        [
          "atomAverageShift",
          1.18
        ],
        [
          "atomStdShift",
          null
        ],
        [
          "atomMinShift",
          1.18
        ],
        [
          "atomMaxShift",
          1.18
        ],
        [
          "atomDistributionRefValue",
          1.18
        ],
        [
          "atomDistributionValuePerPoint",
          1.0
        ],
        [
          "atomStatisticalDistribution",
          []
        ]
      ],
      [
        [
          "_metadata",
          {
            "jsonVersion": 3.0,
            "className": "AtomChemicalShift",
            "classVersion": 1.0,
            "user": "luca",
            "lastPath": "undefined",
            "timestamp": "Tue Jan  9 15:18:21 2024"
          }
        ],
        [
          "atomName",
          "H5A3"
        ],
        [
          "atomElementName",
          ""
        ],
        [
          "atomAverageShift",
          1.18
        ],
        [
          "atomStdShift",
          null
        ],
        [
          "atomMinShift",
          1.18
        ],
        [
          "atomMaxShift",
          1.18
        ],
        [
          "atomDistributionRefValue",
          1.18
        ],
        [
          "atomDistributionValuePerPoint",
          1.0
        ],
        [
          "atomStatisticalDistribution",
          []
        ]
      ],
      [
        [
          "_metadata",
          {
            "jsonVersion": 3.0,
            "className": "AtomChemicalShift",
            "classVersion": 1.0,
            "user": "luca",
            "lastPath": "undefined",
            "timestamp": "Tue Jan  9 15:18:21 2024"
          }
        ],
        [
          "atomName",
          "H5G"
        ],
        [
          "atomElementName",
          ""
        ],
        [
          "atomAverageShift",
          3.4
        ],
        [
          "atomStdShift",
          null
        ],
        [
          "atomMinShift",
          3.4
        ],
        [
          "atomMaxShift",
          3.4
        ],
        [
          "atomDistributionRefValue",
          3.4
        ],
        [
          "atomDistributionValuePerPoint",
          1.0
        ],
        [
          "atomStatisticalDistribution",
          []
        ]
      ],
      [
        [
          "_metadata",
          {
            "jsonVersion": 3.0,
            "className": "AtomChemicalShift",
            "classVersion": 1.0,
            "user": "luca",
            "lastPath": "undefined",
            "timestamp": "Tue Jan  9 15:18:21 2024"
          }
        ],
        [
          "atomName",
          "H6A2"
        ],
        [
          "atomElementName",
          ""
        ],
        [
          "atomAverageShift",
          1.1
        ],
        [
          "atomStdShift",
          null
        ],
        [
          "atomMinShift",
          1.1
        ],
        [
          "atomMaxShift",
          1.1
        ],
        [
          "atomDistributionRefValue",
          1.1
        ],
        [
          "atomDistributionValuePerPoint",
          1.0
        ],
        [
          "atomStatisticalDistribution",
          []
        ]
      ],
      [
        [
          "_metadata",
          {
            "jsonVersion": 3.0,
            "className": "AtomChemicalShift",
            "classVersion": 1.0,
            "user": "luca",
            "lastPath": "undefined",
            "timestamp": "Tue Jan  9 15:18:21 2024"
          }
        ],
        [
          "atomName",
          "H6A3"
        ],
        [
          "atomElementName",
          ""
        ],
        [
          "atomAverageShift",
          1.1
        ],
        [
          "atomStdShift",
          null
        ],
        [
          "atomMinShift",
          1.1
        ],
        [
          "atomMaxShift",
          1.1
        ],
        [
          "atomDistributionRefValue",
          1.1
        ],
        [
          "atomDistributionValuePerPoint",
          1.0
        ],
        [
          "atomStatisticalDistribution",
          []
        ]
      ],
      [
        [
          "_metadata",
          {
            "jsonVersion": 3.0,
            "className": "AtomChemicalShift",
            "classVersion": 1.0,
            "user": "luca",
            "lastPath": "undefined",
            "timestamp": "Tue Jan  9 15:18:21 2024"
          }
        ],
        [
          "atomName",
          "H6G1"
        ],
        [
          "atomElementName",
          ""
        ],
        [
          "atomAverageShift",
          4.09
        ],
        [
          "atomStdShift",
          null
        ],
        [
          "atomMinShift",
          4.09
        ],
        [
          "atomMaxShift",
          4.09
        ],
        [
          "atomDistributionRefValue",
          4.09
        ],
        [
          "atomDistributionValuePerPoint",
          1.0
        ],
        [
          "atomStatisticalDistribution",
          []
        ]
      ],
      [
        [
          "_metadata",
          {
            "jsonVersion": 3.0,
            "className": "AtomChemicalShift",
            "classVersion": 1.0,
            "user": "luca",
            "lastPath": "undefined",
            "timestamp": "Tue Jan  9 15:18:21 2024"
          }
        ],
        [
          "atomName",
          "H6G2"
        ],
        [
          "atomElementName",
          ""
        ],
        [
          "atomAverageShift",
          3.44
        ],
        [
          "atomStdShift",
          null
        ],
        [
          "atomMinShift",
          3.44
        ],
        [
          "atomMaxShift",
          3.44
        ],
        [
          "atomDistributionRefValue",
          3.44
        ],
        [
          "atomDistributionValuePerPoint",
          1.0
        ],
        [
          "atomStatisticalDistribution",
          []
        ]
      ],
      [
        [
          "_metadata",
          {
            "jsonVersion": 3.0,
            "className": "AtomChemicalShift",
            "classVersion": 1.0,
            "user": "luca",
            "lastPath": "undefined",
            "timestamp": "Tue Jan  9 15:18:21 2024"
          }
        ],
        [
          "atomName",
          "H7A2"
        ],
        [
          "atomElementName",
          ""
        ],
        [
          "atomAverageShift",
          1.1
        ],
        [
          "atomStdShift",
          null
        ],
        [
          "atomMinShift",
          1.1
        ],
        [
          "atomMaxShift",
          1.1
        ],
        [
          "atomDistributionRefValue",
          1.1
        ],
        [
          "atomDistributionValuePerPoint",
          1.0
        ],
        [
          "atomStatisticalDistribution",
          []
        ]
      ],
      [
        [
          "_metadata",
          {
            "jsonVersion": 3.0,
            "className": "AtomChemicalShift",
            "classVersion": 1.0,
            "user": "luca",
            "lastPath": "undefined",
            "timestamp": "Tue Jan  9 15:18:21 2024"
          }
        ],
        [
          "atomName",
          "H7A3"
        ],
        [
          "atomElementName",
          ""
        ],
        [
          "atomAverageShift",
          1.1
        ],
        [
          "atomStdShift",
          null
        ],
        [
          "atomMinShift",
          1.1
        ],
        [
          "atomMaxShift",
          1.1
        ],
        [
          "atomDistributionRefValue",
          1.1
        ],
        [
          "atomDistributionValuePerPoint",
          1.0
        ],
        [
          "atomStatisticalDistribution",
          []
        ]
      ],
      [
        [
          "_metadata",
          {
            "jsonVersion": 3.0,
            "className": "AtomChemicalShift",
            "classVersion": 1.0,
            "user": "luca",
            "lastPath": "undefined",
            "timestamp": "Tue Jan  9 15:18:21 2024"
          }
        ],
        [
          "atomName",
          "H8A2"
        ],
        [
          "atomElementName",
          ""
        ],
        [
          "atomAverageShift",
          1.1
        ],
        [
          "atomStdShift",
          null
        ],
        [
          "atomMinShift",
          1.1
        ],
        [
          "atomMaxShift",
          1.1
        ],
        [
          "atomDistributionRefValue",
          1.1
        ],
        [
          "atomDistributionValuePerPoint",
          1.0
        ],
        [
          "atomStatisticalDistribution",
          []
        ]
      ],
      [
        [
          "_metadata",
          {
            "jsonVersion": 3.0,
            "className": "AtomChemicalShift",
            "classVersion": 1.0,
            "user": "luca",
            "lastPath": "undefined",
            "timestamp": "Tue Jan  9 15:18:21 2024"
          }
        ],
        [
          "atomName",
          "H8A3"
        ],
        [
          "atomElementName",
          ""
        ],
        [
          "atomAverageShift",
          1.1
        ],
        [
          "atomStdShift",
          null
        ],
        [
          "atomMinShift",
          1.1
        ],
        [
          "atomMaxShift",
          1.1
        ],
        [
          "atomDistributionRefValue",
          1.1
        ],
        [
          "atomDistributionValuePerPoint",
          1.0
        ],
        [
          "atomStatisticalDistribution",
          []
        ]
      ],
      [
        [
          "_metadata",
          {
            "jsonVersion": 3.0,
            "className": "AtomChemicalShift",
            "classVersion": 1.0,
            "user": "luca",
            "lastPath": "undefined",
            "timestamp": "Tue Jan  9 15:18:21 2024"
          }
        ],
        [
          "atomName",
          "H9A2"
        ],
        [
          "atomElementName",
          ""
        ],
        [
          "atomAverageShift",
          1.1
        ],
        [
          "atomStdShift",
          null
        ],
        [
          "atomMinShift",
          1.1
        ],
        [
          "atomMaxShift",
          1.1
        ],
        [
          "atomDistributionRefValue",
          1.1
        ],
        [
          "atomDistributionValuePerPoint",
          1.0
        ],
        [
          "atomStatisticalDistribution",
          []
        ]
      ],
      [
        [
          "_metadata",
          {
            "jsonVersion": 3.0,
            "className": "AtomChemicalShift",
            "classVersion": 1.0,
            "user": "luca",
            "lastPath": "undefined",
            "timestamp": "Tue Jan  9 15:18:21 2024"
          }
        ],
        [
          "atomName",
          "H9A3"
        ],
        [
          "atomElementName",
          ""
        ],
        [
          "atomAverageShift",
          1.1
        ],
        [
          "atomStdShift",
          null
        ],
        [
          "atomMinShift",
          1.1
        ],
        [
          "atomMaxShift",
          1.1
        ],
        [
          "atomDistributionRefValue",
          1.1
        ],
        [
          "atomDistributionValuePerPoint",
          1.0
        ],
        [
          "atomStatisticalDistribution",
          []
        ]
      ],
      [
        [
          "_metadata",
          {
            "jsonVersion": 3.0,
            "className": "AtomChemicalShift",
            "classVersion": 1.0,
            "user": "luca",
            "lastPath": "undefined",
            "timestamp": "Tue Jan  9 15:18:21 2024"
          }
        ],
        [
          "atomName",
          "HAA2"
        ],
        [
          "atomElementName",
          ""
        ],
        [
          "atomAverageShift",
          1.1
        ],
        [
          "atomStdShift",
          null
        ],
        [
          "atomMinShift",
          1.1
        ],
        [
          "atomMaxShift",
          1.1
        ],
        [
          "atomDistributionRefValue",
          1.1
        ],
        [
          "atomDistributionValuePerPoint",
          1.0
        ],
        [
          "atomStatisticalDistribution",
          []
        ]
      ],
      [
        [
          "_metadata",
          {
            "jsonVersion": 3.0,
            "className": "AtomChemicalShift",
            "classVersion": 1.0,
            "user": "luca",
            "lastPath": "undefined",
            "timestamp": "Tue Jan  9 15:18:21 2024"
          }
        ],
        [
          "atomName",
          "HAA3"
        ],
        [
          "atomElementName",
          ""
        ],
        [
          "atomAverageShift",
          1.1
        ],
        [
          "atomStdShift",
          null
        ],
        [
          "atomMinShift",
          1.1
        ],
        [
          "atomMaxShift",
          1.1
        ],
        [
          "atomDistributionRefValue",
          1.1
        ],
        [
          "atomDistributionValuePerPoint",
          1.0
        ],
        [
          "atomStatisticalDistribution",
          []
        ]
      ],
      [
        [
          "_metadata",
          {
            "jsonVersion": 3.0,
            "className": "AtomChemicalShift",
            "classVersion": 1.0,
            "user": "luca",
            "lastPath": "undefined",
            "timestamp": "Tue Jan  9 15:18:21 2024"
          }
        ],
        [
          "atomName",
          "HBA2"
        ],
        [
          "atomElementName",
          ""
        ],
        [
          "atomAverageShift",
          1.1
        ],
        [
          "atomStdShift",
          null
        ],
        [
          "atomMinShift",
          1.1
        ],
        [
          "atomMaxShift",
          1.1
        ],
        [
          "atomDistributionRefValue",
          1.1
        ],
        [
          "atomDistributionValuePerPoint",
          1.0
        ],
        [
          "atomStatisticalDistribution",
          []
        ]
      ],
      [
        [
          "_metadata",
          {
            "jsonVersion": 3.0,
            "className": "AtomChemicalShift",
            "classVersion": 1.0,
            "user": "luca",
            "lastPath": "undefined",
            "timestamp": "Tue Jan  9 15:18:21 2024"
          }
        ],
        [
          "atomName",
          "HBA3"
        ],
        [
          "atomElementName",
          ""
        ],
        [
          "atomAverageShift",
          1.1
        ],
        [
          "atomStdShift",
          null
        ],
        [
          "atomMinShift",
          1.1
        ],
        [
          "atomMaxShift",
          1.1
        ],
        [
          "atomDistributionRefValue",
          1.1
        ],
        [
          "atomDistributionValuePerPoint",
          1.0
        ],
        [
          "atomStatisticalDistribution",
          []
        ]
      ],
      [
        [
          "_metadata",
          {
            "jsonVersion": 3.0,
            "className": "AtomChemicalShift",
            "classVersion": 1.0,
            "user": "luca",
            "lastPath": "undefined",
            "timestamp": "Tue Jan  9 15:18:21 2024"
          }
        ],
        [
          "atomName",
          "HCA2"
        ],
        [
          "atomElementName",
          ""
        ],
        [
          "atomAverageShift",
          0.88
        ],
        [
          "atomStdShift",
          null
        ],
        [
          "atomMinShift",
          0.88
        ],
        [
          "atomMaxShift",
          0.88
        ],
        [
          "atomDistributionRefValue",
          0.88
        ],
        [
          "atomDistributionValuePerPoint",
          1.0
        ],
        [
          "atomStatisticalDistribution",
          []
        ]
      ],
      [
        [
          "_metadata",
          {
            "jsonVersion": 3.0,
            "className": "AtomChemicalShift",
            "classVersion": 1.0,
            "user": "luca",
            "lastPath": "undefined",
            "timestamp": "Tue Jan  9 15:18:21 2024"
          }
        ],
        [
          "atomName",
          "HCA3"
        ],
        [
          "atomElementName",
          ""
        ],
        [
          "atomAverageShift",
          0.88
        ],
        [
          "atomStdShift",
          null
        ],
        [
          "atomMinShift",
          0.88
        ],
        [
          "atomMaxShift",
          0.88
        ],
        [
          "atomDistributionRefValue",
          0.88
        ],
        [
          "atomDistributionValuePerPoint",
          1.0
        ],
        [
          "atomStatisticalDistribution",
          []
        ]
      ],
      [
        [
          "_metadata",
          {
            "jsonVersion": 3.0,
            "className": "AtomChemicalShift",
            "classVersion": 1.0,
            "user": "luca",
            "lastPath": "undefined",
            "timestamp": "Tue Jan  9 15:18:21 2024"
          }
        ],
        [
          "atomName",
          "HDA2"
        ],
        [
          "atomElementName",
          ""
        ],
        [
          "atomAverageShift",
          1.1
        ],
        [
          "atomStdShift",
          null
        ],
        [
          "atomMinShift",
          1.1
        ],
        [
          "atomMaxShift",
          1.1
        ],
        [
          "atomDistributionRefValue",
          1.1
        ],
        [
          "atomDistributionValuePerPoint",
          1.0
        ],
        [
          "atomStatisticalDistribution",
          []
        ]
      ],
      [
        [
          "_metadata",
          {
            "jsonVersion": 3.0,
            "className": "AtomChemicalShift",
            "classVersion": 1.0,
            "user": "luca",
            "lastPath": "undefined",
            "timestamp": "Tue Jan  9 15:18:21 2024"
          }
        ],
        [
          "atomName",
          "HDA3"
        ],
        [
          "atomElementName",
          ""
        ],
        [
          "atomAverageShift",
          1.1
        ],
        [
          "atomStdShift",
          null
        ],
        [
          "atomMinShift",
          1.1
        ],
        [
          "atomMaxShift",
          1.1
        ],
        [
          "atomDistributionRefValue",
          1.1
        ],
        [
          "atomDistributionValuePerPoint",
          1.0
        ],
        [
          "atomStatisticalDistribution",
          []
        ]
      ],
      [
        [
          "_metadata",
          {
            "jsonVersion": 3.0,
            "className": "AtomChemicalShift",
            "classVersion": 1.0,
            "user": "luca",
            "lastPath": "undefined",
            "timestamp": "Tue Jan  9 15:18:21 2024"
          }
        ],
        [
          "atomName",
          "HEA1"
        ],
        [
          "atomElementName",
          ""
        ],
        [
          "atomAverageShift",
          0.64
        ],
        [
          "atomStdShift",
          null
        ],
        [
          "atomMinShift",
          0.64
        ],
        [
          "atomMaxShift",
          0.64
        ],
        [
          "atomDistributionRefValue",
          0.64
        ],
        [
          "atomDistributionValuePerPoint",
          1.0
        ],
        [
          "atomStatisticalDistribution",
          []
        ]
      ],
      [
        [
          "_metadata",
          {
            "jsonVersion": 3.0,
            "className": "AtomChemicalShift",
            "classVersion": 1.0,
            "user": "luca",
            "lastPath": "undefined",
            "timestamp": "Tue Jan  9 15:18:21 2024"
          }
        ],
        [
          "atomName",
          "HEA2"
        ],
        [
          "atomElementName",
          ""
        ],
        [
          "atomAverageShift",
          0.64
        ],
        [
          "atomStdShift",
          null
        ],
        [
          "atomMinShift",
          0.64
        ],
        [
          "atomMaxShift",
          0.64
        ],
        [
          "atomDistributionRefValue",
          0.64
        ],
        [
          "atomDistributionValuePerPoint",
          1.0
        ],
        [
          "atomStatisticalDistribution",
          []
        ]
      ],
      [
        [
          "_metadata",
          {
            "jsonVersion": 3.0,
            "className": "AtomChemicalShift",
            "classVersion": 1.0,
            "user": "luca",
            "lastPath": "undefined",
            "timestamp": "Tue Jan  9 15:18:21 2024"
          }
        ],
        [
          "atomName",
          "HEA3"
        ],
        [
          "atomElementName",
          ""
        ],
        [
          "atomAverageShift",
          0.64
        ],
        [
          "atomStdShift",
          null
        ],
        [
          "atomMinShift",
          0.64
        ],
        [
          "atomMaxShift",
          0.64
        ],
        [
          "atomDistributionRefValue",
          0.64
        ],
        [
          "atomDistributionValuePerPoint",
          1.0
        ],
        [
          "atomStatisticalDistribution",
          []
        ]
      ],
      [
        [
          "_metadata",
          {
            "jsonVersion": 3.0,
            "className": "AtomChemicalShift",
            "classVersion": 1.0,
            "user": "luca",
            "lastPath": "undefined",
            "timestamp": "Tue Jan  9 15:18:21 2024"
          }
        ],
        [
          "atomName",
          "HZH2"
        ],
        [
          "atomElementName",
          ""
        ],
        [
          "atomAverageShift",
          2.41
        ],
        [
          "atomStdShift",
          null
        ],
        [
          "atomMinShift",
          2.41
        ],
        [
          "atomMaxShift",
          2.41
        ],
        [
          "atomDistributionRefValue",
          2.41
        ],
        [
          "atomDistributionValuePerPoint",
          1.0
        ],
        [
          "atomStatisticalDistribution",
          []
        ]
      ],
      [
        [
          "_metadata",
          {
            "jsonVersion": 3.0,
            "className": "AtomChemicalShift",
            "classVersion": 1.0,
            "user": "luca",
            "lastPath": "undefined",
            "timestamp": "Tue Jan  9 15:18:21 2024"
          }
        ],
        [
          "atomName",
          "HZH3"
        ],
        [
          "atomElementName",
          ""
        ],
        [
          "atomAverageShift",
          2.76
        ],
        [
          "atomStdShift",
          null
        ],
        [
          "atomMinShift",
          2.76
        ],
        [
          "atomMaxShift",
          2.76
        ],
        [
          "atomDistributionRefValue",
          2.76
        ],
        [
          "atomDistributionValuePerPoint",
          1.0
        ],
        [
          "atomStatisticalDistribution",
          []
        ]
      ]
    ]
  ]
]