[
  [
    "_metadata",
    {
      "jsonVersion": 3,
      "className": "ReferenceChemicalShift",
      "classVersion": 1,
      "user": "CCPN",
      "lastPath": "/Users/luca/Projects/AnalysisV3/resources/referenceChemicalShifts/NonStandard/Non-Polymer/ULW.json",
      "timestamp": "Tue Jan  9 15:18:17 2024",
      "applicationVersion": 3.2
    }
  ],
  [
    "chemicalShiftName",
    "Non-Standard Residues / Small Molecules"
  ],
  [
    "chemicalShiftComment",
    "The CCPN Analysis Version 3 ReferenceChemical shifts retrieved from BMRB"
  ],
  [
    "chemicalShiftEntryDate",
    "2023-09-14-14:25:08"
  ],
  [
    "compoundName",
    "[(2~{Z},6~{Z})-3,7,11-trimethyldodeca-2,6-dienyl] 3-[2,5-bis(oxidanylidene)pyrrolidin-1-yl]propanoate"
  ],
  [
    "compoundShortName",
    "ULW"
  ],
  [
    "compoundCcpCode",
    "ULW"
  ],
  [
    "compoundType",
    "Non-Polymer"
  ],
  [
    "compoundTypeClassification",
    "non-polymer"
  ],
  [
    "compoundPrecursorName",
    ""
  ],
  [
    "loadingLevel",
    0
  ],
  [
    "atoms",
    [
      [
        [
          "_metadata",
          {
            "jsonVersion": 3.0,
            "className": "AtomChemicalShift",
            "classVersion": 1.0,
            "user": "luca",
            "lastPath": "undefined",
            "timestamp": "Tue Jan  9 15:18:17 2024"
          }
        ],
        [
          "atomName",
          "H101"
        ],
        [
          "atomElementName",
          ""
        ],
        [
          "atomAverageShift",
          1.484
        ],
        [
          "atomStdShift",
          null
        ],
        [
          "atomMinShift",
          1.484
        ],
        [
          "atomMaxShift",
          1.484
        ],
        [
          "atomDistributionRefValue",
          1.484
        ],
        [
          "atomDistributionValuePerPoint",
          1.0
        ],
        [
          "atomStatisticalDistribution",
          []
        ]
      ],
      [
        [
          "_metadata",
          {
            "jsonVersion": 3.0,
            "className": "AtomChemicalShift",
            "classVersion": 1.0,
            "user": "luca",
            "lastPath": "undefined",
            "timestamp": "Tue Jan  9 15:18:17 2024"
          }
        ],
        [
          "atomName",
          "H102"
        ],
        [
          "atomElementName",
          ""
        ],
        [
          "atomAverageShift",
          1.484
        ],
        [
          "atomStdShift",
          null
        ],
        [
          "atomMinShift",
          1.484
        ],
        [
          "atomMaxShift",
          1.484
        ],
        [
          "atomDistributionRefValue",
          1.484
        ],
        [
          "atomDistributionValuePerPoint",
          1.0
        ],
        [
          "atomStatisticalDistribution",
          []
        ]
      ],
      [
        [
          "_metadata",
          {
            "jsonVersion": 3.0,
            "className": "AtomChemicalShift",
            "classVersion": 1.0,
            "user": "luca",
            "lastPath": "undefined",
            "timestamp": "Tue Jan  9 15:18:17 2024"
          }
        ],
        [
          "atomName",
          "H103"
        ],
        [
          "atomElementName",
          ""
        ],
        [
          "atomAverageShift",
          1.484
        ],
        [
          "atomStdShift",
          null
        ],
        [
          "atomMinShift",
          1.484
        ],
        [
          "atomMaxShift",
          1.484
        ],
        [
          "atomDistributionRefValue",
          1.484
        ],
        [
          "atomDistributionValuePerPoint",
          1.0
        ],
        [
          "atomStatisticalDistribution",
          []
        ]
      ],
      [
        [
          "_metadata",
          {
            "jsonVersion": 3.0,
            "className": "AtomChemicalShift",
            "classVersion": 1.0,
            "user": "luca",
            "lastPath": "undefined",
            "timestamp": "Tue Jan  9 15:18:17 2024"
          }
        ],
        [
          "atomName",
          "H11"
        ],
        [
          "atomElementName",
          ""
        ],
        [
          "atomAverageShift",
          4.423
        ],
        [
          "atomStdShift",
          null
        ],
        [
          "atomMinShift",
          4.423
        ],
        [
          "atomMaxShift",
          4.423
        ],
        [
          "atomDistributionRefValue",
          4.423
        ],
        [
          "atomDistributionValuePerPoint",
          1.0
        ],
        [
          "atomStatisticalDistribution",
          []
        ]
      ],
      [
        [
          "_metadata",
          {
            "jsonVersion": 3.0,
            "className": "AtomChemicalShift",
            "classVersion": 1.0,
            "user": "luca",
            "lastPath": "undefined",
            "timestamp": "Tue Jan  9 15:18:17 2024"
          }
        ],
        [
          "atomName",
          "H111"
        ],
        [
          "atomElementName",
          ""
        ],
        [
          "atomAverageShift",
          1.84
        ],
        [
          "atomStdShift",
          null
        ],
        [
          "atomMinShift",
          1.84
        ],
        [
          "atomMaxShift",
          1.84
        ],
        [
          "atomDistributionRefValue",
          1.84
        ],
        [
          "atomDistributionValuePerPoint",
          1.0
        ],
        [
          "atomStatisticalDistribution",
          []
        ]
      ],
      [
        [
          "_metadata",
          {
            "jsonVersion": 3.0,
            "className": "AtomChemicalShift",
            "classVersion": 1.0,
            "user": "luca",
            "lastPath": "undefined",
            "timestamp": "Tue Jan  9 15:18:17 2024"
          }
        ],
        [
          "atomName",
          "H12"
        ],
        [
          "atomElementName",
          ""
        ],
        [
          "atomAverageShift",
          4.423
        ],
        [
          "atomStdShift",
          null
        ],
        [
          "atomMinShift",
          4.423
        ],
        [
          "atomMaxShift",
          4.423
        ],
        [
          "atomDistributionRefValue",
          4.423
        ],
        [
          "atomDistributionValuePerPoint",
          1.0
        ],
        [
          "atomStatisticalDistribution",
          []
        ]
      ],
      [
        [
          "_metadata",
          {
            "jsonVersion": 3.0,
            "className": "AtomChemicalShift",
            "classVersion": 1.0,
            "user": "luca",
            "lastPath": "undefined",
            "timestamp": "Tue Jan  9 15:18:17 2024"
          }
        ],
        [
          "atomName",
          "H121"
        ],
        [
          "atomElementName",
          ""
        ],
        [
          "atomAverageShift",
          4.912
        ],
        [
          "atomStdShift",
          null
        ],
        [
          "atomMinShift",
          4.912
        ],
        [
          "atomMaxShift",
          4.912
        ],
        [
          "atomDistributionRefValue",
          4.912
        ],
        [
          "atomDistributionValuePerPoint",
          1.0
        ],
        [
          "atomStatisticalDistribution",
          []
        ]
      ],
      [
        [
          "_metadata",
          {
            "jsonVersion": 3.0,
            "className": "AtomChemicalShift",
            "classVersion": 1.0,
            "user": "luca",
            "lastPath": "undefined",
            "timestamp": "Tue Jan  9 15:18:17 2024"
          }
        ],
        [
          "atomName",
          "H141"
        ],
        [
          "atomElementName",
          ""
        ],
        [
          "atomAverageShift",
          1.186
        ],
        [
          "atomStdShift",
          null
        ],
        [
          "atomMinShift",
          1.186
        ],
        [
          "atomMaxShift",
          1.186
        ],
        [
          "atomDistributionRefValue",
          1.186
        ],
        [
          "atomDistributionValuePerPoint",
          1.0
        ],
        [
          "atomStatisticalDistribution",
          []
        ]
      ],
      [
        [
          "_metadata",
          {
            "jsonVersion": 3.0,
            "className": "AtomChemicalShift",
            "classVersion": 1.0,
            "user": "luca",
            "lastPath": "undefined",
            "timestamp": "Tue Jan  9 15:18:17 2024"
          }
        ],
        [
          "atomName",
          "H142"
        ],
        [
          "atomElementName",
          ""
        ],
        [
          "atomAverageShift",
          1.186
        ],
        [
          "atomStdShift",
          null
        ],
        [
          "atomMinShift",
          1.186
        ],
        [
          "atomMaxShift",
          1.186
        ],
        [
          "atomDistributionRefValue",
          1.186
        ],
        [
          "atomDistributionValuePerPoint",
          1.0
        ],
        [
          "atomStatisticalDistribution",
          []
        ]
      ],
      [
        [
          "_metadata",
          {
            "jsonVersion": 3.0,
            "className": "AtomChemicalShift",
            "classVersion": 1.0,
            "user": "luca",
            "lastPath": "undefined",
            "timestamp": "Tue Jan  9 15:18:17 2024"
          }
        ],
        [
          "atomName",
          "H143"
        ],
        [
          "atomElementName",
          ""
        ],
        [
          "atomAverageShift",
          1.186
        ],
        [
          "atomStdShift",
          null
        ],
        [
          "atomMinShift",
          1.186
        ],
        [
          "atomMaxShift",
          1.186
        ],
        [
          "atomDistributionRefValue",
          1.186
        ],
        [
          "atomDistributionValuePerPoint",
          1.0
        ],
        [
          "atomStatisticalDistribution",
          []
        ]
      ],
      [
        [
          "_metadata",
          {
            "jsonVersion": 3.0,
            "className": "AtomChemicalShift",
            "classVersion": 1.0,
            "user": "luca",
            "lastPath": "undefined",
            "timestamp": "Tue Jan  9 15:18:17 2024"
          }
        ],
        [
          "atomName",
          "H151"
        ],
        [
          "atomElementName",
          ""
        ],
        [
          "atomAverageShift",
          0.761
        ],
        [
          "atomStdShift",
          null
        ],
        [
          "atomMinShift",
          0.761
        ],
        [
          "atomMaxShift",
          0.761
        ],
        [
          "atomDistributionRefValue",
          0.761
        ],
        [
          "atomDistributionValuePerPoint",
          1.0
        ],
        [
          "atomStatisticalDistribution",
          []
        ]
      ],
      [
        [
          "_metadata",
          {
            "jsonVersion": 3.0,
            "className": "AtomChemicalShift",
            "classVersion": 1.0,
            "user": "luca",
            "lastPath": "undefined",
            "timestamp": "Tue Jan  9 15:18:17 2024"
          }
        ],
        [
          "atomName",
          "H152"
        ],
        [
          "atomElementName",
          ""
        ],
        [
          "atomAverageShift",
          0.761
        ],
        [
          "atomStdShift",
          null
        ],
        [
          "atomMinShift",
          0.761
        ],
        [
          "atomMaxShift",
          0.761
        ],
        [
          "atomDistributionRefValue",
          0.761
        ],
        [
          "atomDistributionValuePerPoint",
          1.0
        ],
        [
          "atomStatisticalDistribution",
          []
        ]
      ],
      [
        [
          "_metadata",
          {
            "jsonVersion": 3.0,
            "className": "AtomChemicalShift",
            "classVersion": 1.0,
            "user": "luca",
            "lastPath": "undefined",
            "timestamp": "Tue Jan  9 15:18:17 2024"
          }
        ],
        [
          "atomName",
          "H153"
        ],
        [
          "atomElementName",
          ""
        ],
        [
          "atomAverageShift",
          0.761
        ],
        [
          "atomStdShift",
          null
        ],
        [
          "atomMinShift",
          0.761
        ],
        [
          "atomMaxShift",
          0.761
        ],
        [
          "atomDistributionRefValue",
          0.761
        ],
        [
          "atomDistributionValuePerPoint",
          1.0
        ],
        [
          "atomStatisticalDistribution",
          []
        ]
      ],
      [
        [
          "_metadata",
          {
            "jsonVersion": 3.0,
            "className": "AtomChemicalShift",
            "classVersion": 1.0,
            "user": "luca",
            "lastPath": "undefined",
            "timestamp": "Tue Jan  9 15:18:17 2024"
          }
        ],
        [
          "atomName",
          "H171"
        ],
        [
          "atomElementName",
          ""
        ],
        [
          "atomAverageShift",
          2.506
        ],
        [
          "atomStdShift",
          null
        ],
        [
          "atomMinShift",
          2.506
        ],
        [
          "atomMaxShift",
          2.506
        ],
        [
          "atomDistributionRefValue",
          2.506
        ],
        [
          "atomDistributionValuePerPoint",
          1.0
        ],
        [
          "atomStatisticalDistribution",
          []
        ]
      ],
      [
        [
          "_metadata",
          {
            "jsonVersion": 3.0,
            "className": "AtomChemicalShift",
            "classVersion": 1.0,
            "user": "luca",
            "lastPath": "undefined",
            "timestamp": "Tue Jan  9 15:18:17 2024"
          }
        ],
        [
          "atomName",
          "H172"
        ],
        [
          "atomElementName",
          ""
        ],
        [
          "atomAverageShift",
          2.506
        ],
        [
          "atomStdShift",
          null
        ],
        [
          "atomMinShift",
          2.506
        ],
        [
          "atomMaxShift",
          2.506
        ],
        [
          "atomDistributionRefValue",
          2.506
        ],
        [
          "atomDistributionValuePerPoint",
          1.0
        ],
        [
          "atomStatisticalDistribution",
          []
        ]
      ],
      [
        [
          "_metadata",
          {
            "jsonVersion": 3.0,
            "className": "AtomChemicalShift",
            "classVersion": 1.0,
            "user": "luca",
            "lastPath": "undefined",
            "timestamp": "Tue Jan  9 15:18:17 2024"
          }
        ],
        [
          "atomName",
          "H21"
        ],
        [
          "atomElementName",
          ""
        ],
        [
          "atomAverageShift",
          5.208
        ],
        [
          "atomStdShift",
          null
        ],
        [
          "atomMinShift",
          5.208
        ],
        [
          "atomMaxShift",
          5.208
        ],
        [
          "atomDistributionRefValue",
          5.208
        ],
        [
          "atomDistributionValuePerPoint",
          1.0
        ],
        [
          "atomStatisticalDistribution",
          []
        ]
      ],
      [
        [
          "_metadata",
          {
            "jsonVersion": 3.0,
            "className": "AtomChemicalShift",
            "classVersion": 1.0,
            "user": "luca",
            "lastPath": "undefined",
            "timestamp": "Tue Jan  9 15:18:17 2024"
          }
        ],
        [
          "atomName",
          "H41"
        ],
        [
          "atomElementName",
          ""
        ],
        [
          "atomAverageShift",
          1.604
        ],
        [
          "atomStdShift",
          null
        ],
        [
          "atomMinShift",
          1.604
        ],
        [
          "atomMaxShift",
          1.604
        ],
        [
          "atomDistributionRefValue",
          1.604
        ],
        [
          "atomDistributionValuePerPoint",
          1.0
        ],
        [
          "atomStatisticalDistribution",
          []
        ]
      ],
      [
        [
          "_metadata",
          {
            "jsonVersion": 3.0,
            "className": "AtomChemicalShift",
            "classVersion": 1.0,
            "user": "luca",
            "lastPath": "undefined",
            "timestamp": "Tue Jan  9 15:18:17 2024"
          }
        ],
        [
          "atomName",
          "H42"
        ],
        [
          "atomElementName",
          ""
        ],
        [
          "atomAverageShift",
          1.604
        ],
        [
          "atomStdShift",
          null
        ],
        [
          "atomMinShift",
          1.604
        ],
        [
          "atomMaxShift",
          1.604
        ],
        [
          "atomDistributionRefValue",
          1.604
        ],
        [
          "atomDistributionValuePerPoint",
          1.0
        ],
        [
          "atomStatisticalDistribution",
          []
        ]
      ],
      [
        [
          "_metadata",
          {
            "jsonVersion": 3.0,
            "className": "AtomChemicalShift",
            "classVersion": 1.0,
            "user": "luca",
            "lastPath": "undefined",
            "timestamp": "Tue Jan  9 15:18:17 2024"
          }
        ],
        [
          "atomName",
          "H43"
        ],
        [
          "atomElementName",
          ""
        ],
        [
          "atomAverageShift",
          1.604
        ],
        [
          "atomStdShift",
          null
        ],
        [
          "atomMinShift",
          1.604
        ],
        [
          "atomMaxShift",
          1.604
        ],
        [
          "atomDistributionRefValue",
          1.604
        ],
        [
          "atomDistributionValuePerPoint",
          1.0
        ],
        [
          "atomStatisticalDistribution",
          []
        ]
      ],
      [
        [
          "_metadata",
          {
            "jsonVersion": 3.0,
            "className": "AtomChemicalShift",
            "classVersion": 1.0,
            "user": "luca",
            "lastPath": "undefined",
            "timestamp": "Tue Jan  9 15:18:17 2024"
          }
        ],
        [
          "atomName",
          "H51"
        ],
        [
          "atomElementName",
          ""
        ],
        [
          "atomAverageShift",
          1.927
        ],
        [
          "atomStdShift",
          null
        ],
        [
          "atomMinShift",
          1.927
        ],
        [
          "atomMaxShift",
          1.927
        ],
        [
          "atomDistributionRefValue",
          1.927
        ],
        [
          "atomDistributionValuePerPoint",
          1.0
        ],
        [
          "atomStatisticalDistribution",
          []
        ]
      ],
      [
        [
          "_metadata",
          {
            "jsonVersion": 3.0,
            "className": "AtomChemicalShift",
            "classVersion": 1.0,
            "user": "luca",
            "lastPath": "undefined",
            "timestamp": "Tue Jan  9 15:18:17 2024"
          }
        ],
        [
          "atomName",
          "H61"
        ],
        [
          "atomElementName",
          ""
        ],
        [
          "atomAverageShift",
          2.018
        ],
        [
          "atomStdShift",
          null
        ],
        [
          "atomMinShift",
          2.018
        ],
        [
          "atomMaxShift",
          2.018
        ],
        [
          "atomDistributionRefValue",
          2.018
        ],
        [
          "atomDistributionValuePerPoint",
          1.0
        ],
        [
          "atomStatisticalDistribution",
          []
        ]
      ],
      [
        [
          "_metadata",
          {
            "jsonVersion": 3.0,
            "className": "AtomChemicalShift",
            "classVersion": 1.0,
            "user": "luca",
            "lastPath": "undefined",
            "timestamp": "Tue Jan  9 15:18:17 2024"
          }
        ],
        [
          "atomName",
          "H7"
        ],
        [
          "atomElementName",
          ""
        ],
        [
          "atomAverageShift",
          4.995
        ],
        [
          "atomStdShift",
          null
        ],
        [
          "atomMinShift",
          4.995
        ],
        [
          "atomMaxShift",
          4.995
        ],
        [
          "atomDistributionRefValue",
          4.995
        ],
        [
          "atomDistributionValuePerPoint",
          1.0
        ],
        [
          "atomStatisticalDistribution",
          []
        ]
      ],
      [
        [
          "_metadata",
          {
            "jsonVersion": 3.0,
            "className": "AtomChemicalShift",
            "classVersion": 1.0,
            "user": "luca",
            "lastPath": "undefined",
            "timestamp": "Tue Jan  9 15:18:17 2024"
          }
        ],
        [
          "atomName",
          "H91"
        ],
        [
          "atomElementName",
          ""
        ],
        [
          "atomAverageShift",
          1.532
        ],
        [
          "atomStdShift",
          null
        ],
        [
          "atomMinShift",
          1.532
        ],
        [
          "atomMaxShift",
          1.532
        ],
        [
          "atomDistributionRefValue",
          1.532
        ],
        [
          "atomDistributionValuePerPoint",
          1.0
        ],
        [
          "atomStatisticalDistribution",
          []
        ]
      ]
    ]
  ]
]