[
  [
    "_metadata",
    {
      "jsonVersion": 3,
      "className": "ReferenceChemicalShift",
      "classVersion": 1,
      "user": "CCPN",
      "lastPath": "/Users/luca/Projects/AnalysisV3/resources/referenceChemicalShifts/NonStandard/Non-Polymer/WAM.json",
      "timestamp": "Tue Jan  9 15:18:25 2024",
      "applicationVersion": 3.2
    }
  ],
  [
    "chemicalShiftName",
    "Non-Standard Residues / Small Molecules"
  ],
  [
    "chemicalShiftComment",
    "The CCPN Analysis Version 3 ReferenceChemical shifts retrieved from BMRB"
  ],
  [
    "chemicalShiftEntryDate",
    "2023-09-14-14:25:08"
  ],
  [
    "compoundName",
    "2-[(~{E})-2-(3-methoxy-4-oxidanyl-phenyl)ethenyl]-1-methyl-quinoline-4-carboxamide"
  ],
  [
    "compoundShortName",
    "WAM"
  ],
  [
    "compoundCcpCode",
    "WAM"
  ],
  [
    "compoundType",
    "Non-Polymer"
  ],
  [
    "compoundTypeClassification",
    "non-polymer"
  ],
  [
    "compoundPrecursorName",
    ""
  ],
  [
    "loadingLevel",
    0
  ],
  [
    "atoms",
    [
      [
        [
          "_metadata",
          {
            "jsonVersion": 3.0,
            "className": "AtomChemicalShift",
            "classVersion": 1.0,
            "user": "luca",
            "lastPath": "undefined",
            "timestamp": "Tue Jan  9 15:18:25 2024"
          }
        ],
        [
          "atomName",
          "H10"
        ],
        [
          "atomElementName",
          ""
        ],
        [
          "atomAverageShift",
          7.378
        ],
        [
          "atomStdShift",
          0.007
        ],
        [
          "atomMinShift",
          7.373
        ],
        [
          "atomMaxShift",
          7.383
        ],
        [
          "atomDistributionRefValue",
          7.373
        ],
        [
          "atomDistributionValuePerPoint",
          1.0
        ],
        [
          "atomStatisticalDistribution",
          []
        ]
      ],
      [
        [
          "_metadata",
          {
            "jsonVersion": 3.0,
            "className": "AtomChemicalShift",
            "classVersion": 1.0,
            "user": "luca",
            "lastPath": "undefined",
            "timestamp": "Tue Jan  9 15:18:25 2024"
          }
        ],
        [
          "atomName",
          "H12"
        ],
        [
          "atomElementName",
          ""
        ],
        [
          "atomAverageShift",
          6.707
        ],
        [
          "atomStdShift",
          0.023
        ],
        [
          "atomMinShift",
          6.691
        ],
        [
          "atomMaxShift",
          6.723
        ],
        [
          "atomDistributionRefValue",
          6.691
        ],
        [
          "atomDistributionValuePerPoint",
          1.0
        ],
        [
          "atomStatisticalDistribution",
          []
        ]
      ],
      [
        [
          "_metadata",
          {
            "jsonVersion": 3.0,
            "className": "AtomChemicalShift",
            "classVersion": 1.0,
            "user": "luca",
            "lastPath": "undefined",
            "timestamp": "Tue Jan  9 15:18:25 2024"
          }
        ],
        [
          "atomName",
          "H131"
        ],
        [
          "atomElementName",
          ""
        ],
        [
          "atomAverageShift",
          3.575
        ],
        [
          "atomStdShift",
          0.002
        ],
        [
          "atomMinShift",
          3.573
        ],
        [
          "atomMaxShift",
          3.576
        ],
        [
          "atomDistributionRefValue",
          3.573
        ],
        [
          "atomDistributionValuePerPoint",
          1.0
        ],
        [
          "atomStatisticalDistribution",
          []
        ]
      ],
      [
        [
          "_metadata",
          {
            "jsonVersion": 3.0,
            "className": "AtomChemicalShift",
            "classVersion": 1.0,
            "user": "luca",
            "lastPath": "undefined",
            "timestamp": "Tue Jan  9 15:18:25 2024"
          }
        ],
        [
          "atomName",
          "H132"
        ],
        [
          "atomElementName",
          ""
        ],
        [
          "atomAverageShift",
          3.575
        ],
        [
          "atomStdShift",
          0.002
        ],
        [
          "atomMinShift",
          3.573
        ],
        [
          "atomMaxShift",
          3.576
        ],
        [
          "atomDistributionRefValue",
          3.573
        ],
        [
          "atomDistributionValuePerPoint",
          1.0
        ],
        [
          "atomStatisticalDistribution",
          []
        ]
      ],
      [
        [
          "_metadata",
          {
            "jsonVersion": 3.0,
            "className": "AtomChemicalShift",
            "classVersion": 1.0,
            "user": "luca",
            "lastPath": "undefined",
            "timestamp": "Tue Jan  9 15:18:25 2024"
          }
        ],
        [
          "atomName",
          "H133"
        ],
        [
          "atomElementName",
          ""
        ],
        [
          "atomAverageShift",
          3.575
        ],
        [
          "atomStdShift",
          0.002
        ],
        [
          "atomMinShift",
          3.573
        ],
        [
          "atomMaxShift",
          3.576
        ],
        [
          "atomDistributionRefValue",
          3.573
        ],
        [
          "atomDistributionValuePerPoint",
          1.0
        ],
        [
          "atomStatisticalDistribution",
          []
        ]
      ],
      [
        [
          "_metadata",
          {
            "jsonVersion": 3.0,
            "className": "AtomChemicalShift",
            "classVersion": 1.0,
            "user": "luca",
            "lastPath": "undefined",
            "timestamp": "Tue Jan  9 15:18:25 2024"
          }
        ],
        [
          "atomName",
          "H15"
        ],
        [
          "atomElementName",
          ""
        ],
        [
          "atomAverageShift",
          6.487
        ],
        [
          "atomStdShift",
          0.054
        ],
        [
          "atomMinShift",
          6.448
        ],
        [
          "atomMaxShift",
          6.525
        ],
        [
          "atomDistributionRefValue",
          6.448
        ],
        [
          "atomDistributionValuePerPoint",
          1.0
        ],
        [
          "atomStatisticalDistribution",
          []
        ]
      ],
      [
        [
          "_metadata",
          {
            "jsonVersion": 3.0,
            "className": "AtomChemicalShift",
            "classVersion": 1.0,
            "user": "luca",
            "lastPath": "undefined",
            "timestamp": "Tue Jan  9 15:18:25 2024"
          }
        ],
        [
          "atomName",
          "H16"
        ],
        [
          "atomElementName",
          ""
        ],
        [
          "atomAverageShift",
          6.676
        ],
        [
          "atomStdShift",
          0.016
        ],
        [
          "atomMinShift",
          6.665
        ],
        [
          "atomMaxShift",
          6.687
        ],
        [
          "atomDistributionRefValue",
          6.665
        ],
        [
          "atomDistributionValuePerPoint",
          1.0
        ],
        [
          "atomStatisticalDistribution",
          []
        ]
      ],
      [
        [
          "_metadata",
          {
            "jsonVersion": 3.0,
            "className": "AtomChemicalShift",
            "classVersion": 1.0,
            "user": "luca",
            "lastPath": "undefined",
            "timestamp": "Tue Jan  9 15:18:25 2024"
          }
        ],
        [
          "atomName",
          "H3"
        ],
        [
          "atomElementName",
          ""
        ],
        [
          "atomAverageShift",
          7.937
        ],
        [
          "atomStdShift",
          0.018
        ],
        [
          "atomMinShift",
          7.924
        ],
        [
          "atomMaxShift",
          7.95
        ],
        [
          "atomDistributionRefValue",
          7.924
        ],
        [
          "atomDistributionValuePerPoint",
          1.0
        ],
        [
          "atomStatisticalDistribution",
          []
        ]
      ],
      [
        [
          "_metadata",
          {
            "jsonVersion": 3.0,
            "className": "AtomChemicalShift",
            "classVersion": 1.0,
            "user": "luca",
            "lastPath": "undefined",
            "timestamp": "Tue Jan  9 15:18:25 2024"
          }
        ],
        [
          "atomName",
          "H5"
        ],
        [
          "atomElementName",
          ""
        ],
        [
          "atomAverageShift",
          7.882
        ],
        [
          "atomStdShift",
          0.019
        ],
        [
          "atomMinShift",
          7.868
        ],
        [
          "atomMaxShift",
          7.895
        ],
        [
          "atomDistributionRefValue",
          7.868
        ],
        [
          "atomDistributionValuePerPoint",
          1.0
        ],
        [
          "atomStatisticalDistribution",
          []
        ]
      ],
      [
        [
          "_metadata",
          {
            "jsonVersion": 3.0,
            "className": "AtomChemicalShift",
            "classVersion": 1.0,
            "user": "luca",
            "lastPath": "undefined",
            "timestamp": "Tue Jan  9 15:18:25 2024"
          }
        ],
        [
          "atomName",
          "H6"
        ],
        [
          "atomElementName",
          ""
        ],
        [
          "atomAverageShift",
          7.481
        ],
        [
          "atomStdShift",
          0.032
        ],
        [
          "atomMinShift",
          7.458
        ],
        [
          "atomMaxShift",
          7.503
        ],
        [
          "atomDistributionRefValue",
          7.458
        ],
        [
          "atomDistributionValuePerPoint",
          1.0
        ],
        [
          "atomStatisticalDistribution",
          []
        ]
      ],
      [
        [
          "_metadata",
          {
            "jsonVersion": 3.0,
            "className": "AtomChemicalShift",
            "classVersion": 1.0,
            "user": "luca",
            "lastPath": "undefined",
            "timestamp": "Tue Jan  9 15:18:25 2024"
          }
        ],
        [
          "atomName",
          "H7"
        ],
        [
          "atomElementName",
          ""
        ],
        [
          "atomAverageShift",
          7.61
        ],
        [
          "atomStdShift",
          0.057
        ],
        [
          "atomMinShift",
          7.569
        ],
        [
          "atomMaxShift",
          7.65
        ],
        [
          "atomDistributionRefValue",
          7.569
        ],
        [
          "atomDistributionValuePerPoint",
          1.0
        ],
        [
          "atomStatisticalDistribution",
          []
        ]
      ],
      [
        [
          "_metadata",
          {
            "jsonVersion": 3.0,
            "className": "AtomChemicalShift",
            "classVersion": 1.0,
            "user": "luca",
            "lastPath": "undefined",
            "timestamp": "Tue Jan  9 15:18:25 2024"
          }
        ],
        [
          "atomName",
          "H8"
        ],
        [
          "atomElementName",
          ""
        ],
        [
          "atomAverageShift",
          7.75
        ],
        [
          "atomStdShift",
          0.027
        ],
        [
          "atomMinShift",
          7.731
        ],
        [
          "atomMaxShift",
          7.769
        ],
        [
          "atomDistributionRefValue",
          7.731
        ],
        [
          "atomDistributionValuePerPoint",
          1.0
        ],
        [
          "atomStatisticalDistribution",
          []
        ]
      ],
      [
        [
          "_metadata",
          {
            "jsonVersion": 3.0,
            "className": "AtomChemicalShift",
            "classVersion": 1.0,
            "user": "luca",
            "lastPath": "undefined",
            "timestamp": "Tue Jan  9 15:18:25 2024"
          }
        ],
        [
          "atomName",
          "H9"
        ],
        [
          "atomElementName",
          ""
        ],
        [
          "atomAverageShift",
          6.93
        ],
        [
          "atomStdShift",
          0.035
        ],
        [
          "atomMinShift",
          6.905
        ],
        [
          "atomMaxShift",
          6.955
        ],
        [
          "atomDistributionRefValue",
          6.905
        ],
        [
          "atomDistributionValuePerPoint",
          1.0
        ],
        [
          "atomStatisticalDistribution",
          []
        ]
      ],
      [
        [
          "_metadata",
          {
            "jsonVersion": 3.0,
            "className": "AtomChemicalShift",
            "classVersion": 1.0,
            "user": "luca",
            "lastPath": "undefined",
            "timestamp": "Tue Jan  9 15:18:25 2024"
          }
        ],
        [
          "atomName",
          "HM11"
        ],
        [
          "atomElementName",
          ""
        ],
        [
          "atomAverageShift",
          4.098
        ],
        [
          "atomStdShift",
          0.036
        ],
        [
          "atomMinShift",
          4.072
        ],
        [
          "atomMaxShift",
          4.123
        ],
        [
          "atomDistributionRefValue",
          4.072
        ],
        [
          "atomDistributionValuePerPoint",
          1.0
        ],
        [
          "atomStatisticalDistribution",
          []
        ]
      ],
      [
        [
          "_metadata",
          {
            "jsonVersion": 3.0,
            "className": "AtomChemicalShift",
            "classVersion": 1.0,
            "user": "luca",
            "lastPath": "undefined",
            "timestamp": "Tue Jan  9 15:18:25 2024"
          }
        ],
        [
          "atomName",
          "HM12"
        ],
        [
          "atomElementName",
          ""
        ],
        [
          "atomAverageShift",
          4.098
        ],
        [
          "atomStdShift",
          0.036
        ],
        [
          "atomMinShift",
          4.072
        ],
        [
          "atomMaxShift",
          4.123
        ],
        [
          "atomDistributionRefValue",
          4.072
        ],
        [
          "atomDistributionValuePerPoint",
          1.0
        ],
        [
          "atomStatisticalDistribution",
          []
        ]
      ],
      [
        [
          "_metadata",
          {
            "jsonVersion": 3.0,
            "className": "AtomChemicalShift",
            "classVersion": 1.0,
            "user": "luca",
            "lastPath": "undefined",
            "timestamp": "Tue Jan  9 15:18:25 2024"
          }
        ],
        [
          "atomName",
          "HM13"
        ],
        [
          "atomElementName",
          ""
        ],
        [
          "atomAverageShift",
          4.098
        ],
        [
          "atomStdShift",
          0.036
        ],
        [
          "atomMinShift",
          4.072
        ],
        [
          "atomMaxShift",
          4.123
        ],
        [
          "atomDistributionRefValue",
          4.072
        ],
        [
          "atomDistributionValuePerPoint",
          1.0
        ],
        [
          "atomStatisticalDistribution",
          []
        ]
      ]
    ]
  ]
]