[
  [
    "_metadata",
    {
      "jsonVersion": 3,
      "className": "ReferenceChemicalShift",
      "classVersion": 1,
      "user": "CCPN",
      "lastPath": "/Users/luca/Projects/AnalysisV3/resources/referenceChemicalShifts/NonStandard/Non-Polymer/WW7.json",
      "timestamp": "Tue Jan  9 15:18:42 2024",
      "applicationVersion": 3.2
    }
  ],
  [
    "chemicalShiftName",
    "Non-Standard Residues / Small Molecules"
  ],
  [
    "chemicalShiftComment",
    "The CCPN Analysis Version 3 ReferenceChemical shifts retrieved from BMRB"
  ],
  [
    "chemicalShiftEntryDate",
    "2023-09-14-14:25:08"
  ],
  [
    "compoundName",
    "N-(6-AMINOHEXYL)-5-CHLORO-1-NAPHTHALENESULFONAMIDE"
  ],
  [
    "compoundShortName",
    "WW7"
  ],
  [
    "compoundCcpCode",
    "WW7"
  ],
  [
    "compoundType",
    "Non-Polymer"
  ],
  [
    "compoundTypeClassification",
    "non-polymer"
  ],
  [
    "compoundPrecursorName",
    ""
  ],
  [
    "loadingLevel",
    0
  ],
  [
    "atoms",
    [
      [
        [
          "_metadata",
          {
            "jsonVersion": 3.0,
            "className": "AtomChemicalShift",
            "classVersion": 1.0,
            "user": "luca",
            "lastPath": "undefined",
            "timestamp": "Tue Jan  9 15:18:41 2024"
          }
        ],
        [
          "atomName",
          "H111"
        ],
        [
          "atomElementName",
          ""
        ],
        [
          "atomAverageShift",
          2.88
        ],
        [
          "atomStdShift",
          null
        ],
        [
          "atomMinShift",
          2.88
        ],
        [
          "atomMaxShift",
          2.88
        ],
        [
          "atomDistributionRefValue",
          2.88
        ],
        [
          "atomDistributionValuePerPoint",
          1.0
        ],
        [
          "atomStatisticalDistribution",
          []
        ]
      ],
      [
        [
          "_metadata",
          {
            "jsonVersion": 3.0,
            "className": "AtomChemicalShift",
            "classVersion": 1.0,
            "user": "luca",
            "lastPath": "undefined",
            "timestamp": "Tue Jan  9 15:18:41 2024"
          }
        ],
        [
          "atomName",
          "H112"
        ],
        [
          "atomElementName",
          ""
        ],
        [
          "atomAverageShift",
          2.88
        ],
        [
          "atomStdShift",
          null
        ],
        [
          "atomMinShift",
          2.88
        ],
        [
          "atomMaxShift",
          2.88
        ],
        [
          "atomDistributionRefValue",
          2.88
        ],
        [
          "atomDistributionValuePerPoint",
          1.0
        ],
        [
          "atomStatisticalDistribution",
          []
        ]
      ],
      [
        [
          "_metadata",
          {
            "jsonVersion": 3.0,
            "className": "AtomChemicalShift",
            "classVersion": 1.0,
            "user": "luca",
            "lastPath": "undefined",
            "timestamp": "Tue Jan  9 15:18:41 2024"
          }
        ],
        [
          "atomName",
          "H121"
        ],
        [
          "atomElementName",
          ""
        ],
        [
          "atomAverageShift",
          1.49
        ],
        [
          "atomStdShift",
          null
        ],
        [
          "atomMinShift",
          1.49
        ],
        [
          "atomMaxShift",
          1.49
        ],
        [
          "atomDistributionRefValue",
          1.49
        ],
        [
          "atomDistributionValuePerPoint",
          1.0
        ],
        [
          "atomStatisticalDistribution",
          []
        ]
      ],
      [
        [
          "_metadata",
          {
            "jsonVersion": 3.0,
            "className": "AtomChemicalShift",
            "classVersion": 1.0,
            "user": "luca",
            "lastPath": "undefined",
            "timestamp": "Tue Jan  9 15:18:41 2024"
          }
        ],
        [
          "atomName",
          "H122"
        ],
        [
          "atomElementName",
          ""
        ],
        [
          "atomAverageShift",
          1.49
        ],
        [
          "atomStdShift",
          null
        ],
        [
          "atomMinShift",
          1.49
        ],
        [
          "atomMaxShift",
          1.49
        ],
        [
          "atomDistributionRefValue",
          1.49
        ],
        [
          "atomDistributionValuePerPoint",
          1.0
        ],
        [
          "atomStatisticalDistribution",
          []
        ]
      ],
      [
        [
          "_metadata",
          {
            "jsonVersion": 3.0,
            "className": "AtomChemicalShift",
            "classVersion": 1.0,
            "user": "luca",
            "lastPath": "undefined",
            "timestamp": "Tue Jan  9 15:18:41 2024"
          }
        ],
        [
          "atomName",
          "H131"
        ],
        [
          "atomElementName",
          ""
        ],
        [
          "atomAverageShift",
          1.11
        ],
        [
          "atomStdShift",
          null
        ],
        [
          "atomMinShift",
          1.11
        ],
        [
          "atomMaxShift",
          1.11
        ],
        [
          "atomDistributionRefValue",
          1.11
        ],
        [
          "atomDistributionValuePerPoint",
          1.0
        ],
        [
          "atomStatisticalDistribution",
          []
        ]
      ],
      [
        [
          "_metadata",
          {
            "jsonVersion": 3.0,
            "className": "AtomChemicalShift",
            "classVersion": 1.0,
            "user": "luca",
            "lastPath": "undefined",
            "timestamp": "Tue Jan  9 15:18:41 2024"
          }
        ],
        [
          "atomName",
          "H132"
        ],
        [
          "atomElementName",
          ""
        ],
        [
          "atomAverageShift",
          1.11
        ],
        [
          "atomStdShift",
          null
        ],
        [
          "atomMinShift",
          1.11
        ],
        [
          "atomMaxShift",
          1.11
        ],
        [
          "atomDistributionRefValue",
          1.11
        ],
        [
          "atomDistributionValuePerPoint",
          1.0
        ],
        [
          "atomStatisticalDistribution",
          []
        ]
      ],
      [
        [
          "_metadata",
          {
            "jsonVersion": 3.0,
            "className": "AtomChemicalShift",
            "classVersion": 1.0,
            "user": "luca",
            "lastPath": "undefined",
            "timestamp": "Tue Jan  9 15:18:41 2024"
          }
        ],
        [
          "atomName",
          "H141"
        ],
        [
          "atomElementName",
          ""
        ],
        [
          "atomAverageShift",
          1.11
        ],
        [
          "atomStdShift",
          null
        ],
        [
          "atomMinShift",
          1.11
        ],
        [
          "atomMaxShift",
          1.11
        ],
        [
          "atomDistributionRefValue",
          1.11
        ],
        [
          "atomDistributionValuePerPoint",
          1.0
        ],
        [
          "atomStatisticalDistribution",
          []
        ]
      ],
      [
        [
          "_metadata",
          {
            "jsonVersion": 3.0,
            "className": "AtomChemicalShift",
            "classVersion": 1.0,
            "user": "luca",
            "lastPath": "undefined",
            "timestamp": "Tue Jan  9 15:18:41 2024"
          }
        ],
        [
          "atomName",
          "H142"
        ],
        [
          "atomElementName",
          ""
        ],
        [
          "atomAverageShift",
          1.11
        ],
        [
          "atomStdShift",
          null
        ],
        [
          "atomMinShift",
          1.11
        ],
        [
          "atomMaxShift",
          1.11
        ],
        [
          "atomDistributionRefValue",
          1.11
        ],
        [
          "atomDistributionValuePerPoint",
          1.0
        ],
        [
          "atomStatisticalDistribution",
          []
        ]
      ],
      [
        [
          "_metadata",
          {
            "jsonVersion": 3.0,
            "className": "AtomChemicalShift",
            "classVersion": 1.0,
            "user": "luca",
            "lastPath": "undefined",
            "timestamp": "Tue Jan  9 15:18:41 2024"
          }
        ],
        [
          "atomName",
          "H151"
        ],
        [
          "atomElementName",
          ""
        ],
        [
          "atomAverageShift",
          1.32
        ],
        [
          "atomStdShift",
          null
        ],
        [
          "atomMinShift",
          1.32
        ],
        [
          "atomMaxShift",
          1.32
        ],
        [
          "atomDistributionRefValue",
          1.32
        ],
        [
          "atomDistributionValuePerPoint",
          1.0
        ],
        [
          "atomStatisticalDistribution",
          []
        ]
      ],
      [
        [
          "_metadata",
          {
            "jsonVersion": 3.0,
            "className": "AtomChemicalShift",
            "classVersion": 1.0,
            "user": "luca",
            "lastPath": "undefined",
            "timestamp": "Tue Jan  9 15:18:41 2024"
          }
        ],
        [
          "atomName",
          "H152"
        ],
        [
          "atomElementName",
          ""
        ],
        [
          "atomAverageShift",
          1.32
        ],
        [
          "atomStdShift",
          null
        ],
        [
          "atomMinShift",
          1.32
        ],
        [
          "atomMaxShift",
          1.32
        ],
        [
          "atomDistributionRefValue",
          1.32
        ],
        [
          "atomDistributionValuePerPoint",
          1.0
        ],
        [
          "atomStatisticalDistribution",
          []
        ]
      ],
      [
        [
          "_metadata",
          {
            "jsonVersion": 3.0,
            "className": "AtomChemicalShift",
            "classVersion": 1.0,
            "user": "luca",
            "lastPath": "undefined",
            "timestamp": "Tue Jan  9 15:18:41 2024"
          }
        ],
        [
          "atomName",
          "H161"
        ],
        [
          "atomElementName",
          ""
        ],
        [
          "atomAverageShift",
          2.78
        ],
        [
          "atomStdShift",
          null
        ],
        [
          "atomMinShift",
          2.78
        ],
        [
          "atomMaxShift",
          2.78
        ],
        [
          "atomDistributionRefValue",
          2.78
        ],
        [
          "atomDistributionValuePerPoint",
          1.0
        ],
        [
          "atomStatisticalDistribution",
          []
        ]
      ],
      [
        [
          "_metadata",
          {
            "jsonVersion": 3.0,
            "className": "AtomChemicalShift",
            "classVersion": 1.0,
            "user": "luca",
            "lastPath": "undefined",
            "timestamp": "Tue Jan  9 15:18:41 2024"
          }
        ],
        [
          "atomName",
          "H162"
        ],
        [
          "atomElementName",
          ""
        ],
        [
          "atomAverageShift",
          2.78
        ],
        [
          "atomStdShift",
          null
        ],
        [
          "atomMinShift",
          2.78
        ],
        [
          "atomMaxShift",
          2.78
        ],
        [
          "atomDistributionRefValue",
          2.78
        ],
        [
          "atomDistributionValuePerPoint",
          1.0
        ],
        [
          "atomStatisticalDistribution",
          []
        ]
      ],
      [
        [
          "_metadata",
          {
            "jsonVersion": 3.0,
            "className": "AtomChemicalShift",
            "classVersion": 1.0,
            "user": "luca",
            "lastPath": "undefined",
            "timestamp": "Tue Jan  9 15:18:41 2024"
          }
        ],
        [
          "atomName",
          "H2"
        ],
        [
          "atomElementName",
          ""
        ],
        [
          "atomAverageShift",
          8.14
        ],
        [
          "atomStdShift",
          null
        ],
        [
          "atomMinShift",
          8.14
        ],
        [
          "atomMaxShift",
          8.14
        ],
        [
          "atomDistributionRefValue",
          8.14
        ],
        [
          "atomDistributionValuePerPoint",
          1.0
        ],
        [
          "atomStatisticalDistribution",
          []
        ]
      ],
      [
        [
          "_metadata",
          {
            "jsonVersion": 3.0,
            "className": "AtomChemicalShift",
            "classVersion": 1.0,
            "user": "luca",
            "lastPath": "undefined",
            "timestamp": "Tue Jan  9 15:18:41 2024"
          }
        ],
        [
          "atomName",
          "H3"
        ],
        [
          "atomElementName",
          ""
        ],
        [
          "atomAverageShift",
          7.39
        ],
        [
          "atomStdShift",
          null
        ],
        [
          "atomMinShift",
          7.39
        ],
        [
          "atomMaxShift",
          7.39
        ],
        [
          "atomDistributionRefValue",
          7.39
        ],
        [
          "atomDistributionValuePerPoint",
          1.0
        ],
        [
          "atomStatisticalDistribution",
          []
        ]
      ],
      [
        [
          "_metadata",
          {
            "jsonVersion": 3.0,
            "className": "AtomChemicalShift",
            "classVersion": 1.0,
            "user": "luca",
            "lastPath": "undefined",
            "timestamp": "Tue Jan  9 15:18:41 2024"
          }
        ],
        [
          "atomName",
          "H4"
        ],
        [
          "atomElementName",
          ""
        ],
        [
          "atomAverageShift",
          8.2
        ],
        [
          "atomStdShift",
          null
        ],
        [
          "atomMinShift",
          8.2
        ],
        [
          "atomMaxShift",
          8.2
        ],
        [
          "atomDistributionRefValue",
          8.2
        ],
        [
          "atomDistributionValuePerPoint",
          1.0
        ],
        [
          "atomStatisticalDistribution",
          []
        ]
      ],
      [
        [
          "_metadata",
          {
            "jsonVersion": 3.0,
            "className": "AtomChemicalShift",
            "classVersion": 1.0,
            "user": "luca",
            "lastPath": "undefined",
            "timestamp": "Tue Jan  9 15:18:41 2024"
          }
        ],
        [
          "atomName",
          "H6"
        ],
        [
          "atomElementName",
          ""
        ],
        [
          "atomAverageShift",
          7.41
        ],
        [
          "atomStdShift",
          null
        ],
        [
          "atomMinShift",
          7.41
        ],
        [
          "atomMaxShift",
          7.41
        ],
        [
          "atomDistributionRefValue",
          7.41
        ],
        [
          "atomDistributionValuePerPoint",
          1.0
        ],
        [
          "atomStatisticalDistribution",
          []
        ]
      ],
      [
        [
          "_metadata",
          {
            "jsonVersion": 3.0,
            "className": "AtomChemicalShift",
            "classVersion": 1.0,
            "user": "luca",
            "lastPath": "undefined",
            "timestamp": "Tue Jan  9 15:18:41 2024"
          }
        ],
        [
          "atomName",
          "H7"
        ],
        [
          "atomElementName",
          ""
        ],
        [
          "atomAverageShift",
          7.41
        ],
        [
          "atomStdShift",
          null
        ],
        [
          "atomMinShift",
          7.41
        ],
        [
          "atomMaxShift",
          7.41
        ],
        [
          "atomDistributionRefValue",
          7.41
        ],
        [
          "atomDistributionValuePerPoint",
          1.0
        ],
        [
          "atomStatisticalDistribution",
          []
        ]
      ],
      [
        [
          "_metadata",
          {
            "jsonVersion": 3.0,
            "className": "AtomChemicalShift",
            "classVersion": 1.0,
            "user": "luca",
            "lastPath": "undefined",
            "timestamp": "Tue Jan  9 15:18:41 2024"
          }
        ],
        [
          "atomName",
          "H8"
        ],
        [
          "atomElementName",
          ""
        ],
        [
          "atomAverageShift",
          8.58
        ],
        [
          "atomStdShift",
          null
        ],
        [
          "atomMinShift",
          8.58
        ],
        [
          "atomMaxShift",
          8.58
        ],
        [
          "atomDistributionRefValue",
          8.58
        ],
        [
          "atomDistributionValuePerPoint",
          1.0
        ],
        [
          "atomStatisticalDistribution",
          []
        ]
      ]
    ]
  ]
]