{
  "_metadata": {
    "jsonVersion": 3,
    "className": "ReferenceChemicalShift",
    "classVersion": 1,
    "user": "CCPN",
    "lastPath": "",
    "timestamp": "Fri Sep 15 15:17:45 2023",
    "applicationVersion": 3.2
  },
  "chemicalShiftName": "Non-Standard Residues / Small Molecules",
  "chemicalShiftComment": "The CCPN Analysis Version 3 ReferenceChemical shifts retrieved from BMRB",
  "chemicalShiftEntryDate": "2023-09-14-14:25:08",
  "compoundShortName": "ALO",
  "compoundName": "ALLO-THREONINE",
  "compoundCcpCode": "ALO",
  "compoundType": "Protein",
  "compoundTypeClassification": "L-peptide linking",
  "compoundPrecursorName": "Threonine",
  "atoms": [
    {
      "atomName": "H",
      "atomElementName": "",
      "atomAverageShift": 7.92,
      "atomStdShift": null,
      "atomMinShift": 7.92,
      "atomMaxShift": 7.92,
      "atomDistributionRefValue": 7.92,
      "atomDistributionValuePerPoint": 1,
      "atomStatisticalDistribution": []
    },
    {
      "atomName": "HA",
      "atomElementName": "",
      "atomAverageShift": 4.13,
      "atomStdShift": null,
      "atomMinShift": 4.13,
      "atomMaxShift": 4.13,
      "atomDistributionRefValue": 4.13,
      "atomDistributionValuePerPoint": 1,
      "atomStatisticalDistribution": []
    },
    {
      "atomName": "HB",
      "atomElementName": "",
      "atomAverageShift": 3.93,
      "atomStdShift": null,
      "atomMinShift": 3.93,
      "atomMaxShift": 3.93,
      "atomDistributionRefValue": 3.93,
      "atomDistributionValuePerPoint": 1,
      "atomStatisticalDistribution": []
    },
    {
      "atomName": "HG1",
      "atomElementName": "",
      "atomAverageShift": 1.19,
      "atomStdShift": null,
      "atomMinShift": 1.19,
      "atomMaxShift": 1.19,
      "atomDistributionRefValue": 1.19,
      "atomDistributionValuePerPoint": 1,
      "atomStatisticalDistribution": []
    }
  ]
}