[
  [
    "_metadata",
    {
      "jsonVersion": 3,
      "className": "ReferenceChemicalShift",
      "classVersion": 1,
      "user": "CCPN",
      "lastPath": "/Users/luca/Projects/AnalysisV3/resources/referenceChemicalShifts/NonStandard/Protein/B3K.json",
      "timestamp": "Tue Jan  9 15:18:02 2024",
      "applicationVersion": 3.2
    }
  ],
  [
    "chemicalShiftName",
    "Non-Standard Residues / Small Molecules"
  ],
  [
    "chemicalShiftComment",
    "The CCPN Analysis Version 3 ReferenceChemical shifts retrieved from BMRB"
  ],
  [
    "chemicalShiftEntryDate",
    "2023-09-14-14:25:08"
  ],
  [
    "compoundName",
    "(3S)-3,7-DIAMINOHEPTANOIC ACID"
  ],
  [
    "compoundShortName",
    "B3K"
  ],
  [
    "compoundCcpCode",
    "B3K"
  ],
  [
    "compoundType",
    "Protein"
  ],
  [
    "compoundTypeClassification",
    "L-peptide linking"
  ],
  [
    "compoundPrecursorName",
    "LYSINE"
  ],
  [
    "loadingLevel",
    0
  ],
  [
    "atoms",
    [
      [
        [
          "_metadata",
          {
            "jsonVersion": 3.0,
            "className": "AtomChemicalShift",
            "classVersion": 1.0,
            "user": "luca",
            "lastPath": "undefined",
            "timestamp": "Tue Jan  9 15:18:02 2024"
          }
        ],
        [
          "atomName",
          "CA"
        ],
        [
          "atomElementName",
          ""
        ],
        [
          "atomAverageShift",
          2.486
        ],
        [
          "atomStdShift",
          null
        ],
        [
          "atomMinShift",
          2.486
        ],
        [
          "atomMaxShift",
          2.486
        ],
        [
          "atomDistributionRefValue",
          2.486
        ],
        [
          "atomDistributionValuePerPoint",
          1.0
        ],
        [
          "atomStatisticalDistribution",
          []
        ]
      ],
      [
        [
          "_metadata",
          {
            "jsonVersion": 3.0,
            "className": "AtomChemicalShift",
            "classVersion": 1.0,
            "user": "luca",
            "lastPath": "undefined",
            "timestamp": "Tue Jan  9 15:18:02 2024"
          }
        ],
        [
          "atomName",
          "CD"
        ],
        [
          "atomElementName",
          ""
        ],
        [
          "atomAverageShift",
          1.351
        ],
        [
          "atomStdShift",
          0.033
        ],
        [
          "atomMinShift",
          1.327
        ],
        [
          "atomMaxShift",
          1.374
        ],
        [
          "atomDistributionRefValue",
          1.327
        ],
        [
          "atomDistributionValuePerPoint",
          1.0
        ],
        [
          "atomStatisticalDistribution",
          []
        ]
      ],
      [
        [
          "_metadata",
          {
            "jsonVersion": 3.0,
            "className": "AtomChemicalShift",
            "classVersion": 1.0,
            "user": "luca",
            "lastPath": "undefined",
            "timestamp": "Tue Jan  9 15:18:02 2024"
          }
        ],
        [
          "atomName",
          "CE"
        ],
        [
          "atomElementName",
          ""
        ],
        [
          "atomAverageShift",
          1.587
        ],
        [
          "atomStdShift",
          0.018
        ],
        [
          "atomMinShift",
          1.569
        ],
        [
          "atomMaxShift",
          1.605
        ],
        [
          "atomDistributionRefValue",
          1.569
        ],
        [
          "atomDistributionValuePerPoint",
          1.0
        ],
        [
          "atomStatisticalDistribution",
          []
        ]
      ],
      [
        [
          "_metadata",
          {
            "jsonVersion": 3.0,
            "className": "AtomChemicalShift",
            "classVersion": 1.0,
            "user": "luca",
            "lastPath": "undefined",
            "timestamp": "Tue Jan  9 15:18:02 2024"
          }
        ],
        [
          "atomName",
          "CF"
        ],
        [
          "atomElementName",
          ""
        ],
        [
          "atomAverageShift",
          2.967
        ],
        [
          "atomStdShift",
          0.013
        ],
        [
          "atomMinShift",
          2.952
        ],
        [
          "atomMaxShift",
          2.977
        ],
        [
          "atomDistributionRefValue",
          2.952
        ],
        [
          "atomDistributionValuePerPoint",
          1.0
        ],
        [
          "atomStatisticalDistribution",
          []
        ]
      ],
      [
        [
          "_metadata",
          {
            "jsonVersion": 3.0,
            "className": "AtomChemicalShift",
            "classVersion": 1.0,
            "user": "luca",
            "lastPath": "undefined",
            "timestamp": "Tue Jan  9 15:18:02 2024"
          }
        ],
        [
          "atomName",
          "CG"
        ],
        [
          "atomElementName",
          ""
        ],
        [
          "atomAverageShift",
          1.527
        ],
        [
          "atomStdShift",
          null
        ],
        [
          "atomMinShift",
          1.527
        ],
        [
          "atomMaxShift",
          1.527
        ],
        [
          "atomDistributionRefValue",
          1.527
        ],
        [
          "atomDistributionValuePerPoint",
          1.0
        ],
        [
          "atomStatisticalDistribution",
          []
        ]
      ],
      [
        [
          "_metadata",
          {
            "jsonVersion": 3.0,
            "className": "AtomChemicalShift",
            "classVersion": 1.0,
            "user": "luca",
            "lastPath": "undefined",
            "timestamp": "Tue Jan  9 15:18:02 2024"
          }
        ],
        [
          "atomName",
          "H"
        ],
        [
          "atomElementName",
          ""
        ],
        [
          "atomAverageShift",
          7.679
        ],
        [
          "atomStdShift",
          0.429
        ],
        [
          "atomMinShift",
          6.9
        ],
        [
          "atomMaxShift",
          8.735
        ],
        [
          "atomDistributionRefValue",
          6.9
        ],
        [
          "atomDistributionValuePerPoint",
          1.0
        ],
        [
          "atomStatisticalDistribution",
          []
        ]
      ],
      [
        [
          "_metadata",
          {
            "jsonVersion": 3.0,
            "className": "AtomChemicalShift",
            "classVersion": 1.0,
            "user": "luca",
            "lastPath": "undefined",
            "timestamp": "Tue Jan  9 15:18:02 2024"
          }
        ],
        [
          "atomName",
          "HA1"
        ],
        [
          "atomElementName",
          ""
        ],
        [
          "atomAverageShift",
          2.399
        ],
        [
          "atomStdShift",
          0.119
        ],
        [
          "atomMinShift",
          2.086
        ],
        [
          "atomMaxShift",
          2.539
        ],
        [
          "atomDistributionRefValue",
          2.086
        ],
        [
          "atomDistributionValuePerPoint",
          1.0
        ],
        [
          "atomStatisticalDistribution",
          []
        ]
      ],
      [
        [
          "_metadata",
          {
            "jsonVersion": 3.0,
            "className": "AtomChemicalShift",
            "classVersion": 1.0,
            "user": "luca",
            "lastPath": "undefined",
            "timestamp": "Tue Jan  9 15:18:02 2024"
          }
        ],
        [
          "atomName",
          "HA2"
        ],
        [
          "atomElementName",
          ""
        ],
        [
          "atomAverageShift",
          2.507
        ],
        [
          "atomStdShift",
          0.063
        ],
        [
          "atomMinShift",
          2.397
        ],
        [
          "atomMaxShift",
          2.573
        ],
        [
          "atomDistributionRefValue",
          2.397
        ],
        [
          "atomDistributionValuePerPoint",
          1.0
        ],
        [
          "atomStatisticalDistribution",
          []
        ]
      ],
      [
        [
          "_metadata",
          {
            "jsonVersion": 3.0,
            "className": "AtomChemicalShift",
            "classVersion": 1.0,
            "user": "luca",
            "lastPath": "undefined",
            "timestamp": "Tue Jan  9 15:18:02 2024"
          }
        ],
        [
          "atomName",
          "HB"
        ],
        [
          "atomElementName",
          ""
        ],
        [
          "atomAverageShift",
          4.152
        ],
        [
          "atomStdShift",
          0.078
        ],
        [
          "atomMinShift",
          3.953
        ],
        [
          "atomMaxShift",
          4.222
        ],
        [
          "atomDistributionRefValue",
          3.953
        ],
        [
          "atomDistributionValuePerPoint",
          1.0
        ],
        [
          "atomStatisticalDistribution",
          []
        ]
      ],
      [
        [
          "_metadata",
          {
            "jsonVersion": 3.0,
            "className": "AtomChemicalShift",
            "classVersion": 1.0,
            "user": "luca",
            "lastPath": "undefined",
            "timestamp": "Tue Jan  9 15:18:02 2024"
          }
        ],
        [
          "atomName",
          "HD2"
        ],
        [
          "atomElementName",
          ""
        ],
        [
          "atomAverageShift",
          1.299
        ],
        [
          "atomStdShift",
          0.158
        ],
        [
          "atomMinShift",
          0.861
        ],
        [
          "atomMaxShift",
          1.486
        ],
        [
          "atomDistributionRefValue",
          0.861
        ],
        [
          "atomDistributionValuePerPoint",
          1.0
        ],
        [
          "atomStatisticalDistribution",
          []
        ]
      ],
      [
        [
          "_metadata",
          {
            "jsonVersion": 3.0,
            "className": "AtomChemicalShift",
            "classVersion": 1.0,
            "user": "luca",
            "lastPath": "undefined",
            "timestamp": "Tue Jan  9 15:18:02 2024"
          }
        ],
        [
          "atomName",
          "HD3"
        ],
        [
          "atomElementName",
          ""
        ],
        [
          "atomAverageShift",
          1.389
        ],
        [
          "atomStdShift",
          0.051
        ],
        [
          "atomMinShift",
          1.282
        ],
        [
          "atomMaxShift",
          1.486
        ],
        [
          "atomDistributionRefValue",
          1.282
        ],
        [
          "atomDistributionValuePerPoint",
          1.0
        ],
        [
          "atomStatisticalDistribution",
          []
        ]
      ],
      [
        [
          "_metadata",
          {
            "jsonVersion": 3.0,
            "className": "AtomChemicalShift",
            "classVersion": 1.0,
            "user": "luca",
            "lastPath": "undefined",
            "timestamp": "Tue Jan  9 15:18:02 2024"
          }
        ],
        [
          "atomName",
          "HE2"
        ],
        [
          "atomElementName",
          ""
        ],
        [
          "atomAverageShift",
          1.515
        ],
        [
          "atomStdShift",
          0.362
        ],
        [
          "atomMinShift",
          0.394
        ],
        [
          "atomMaxShift",
          1.717
        ],
        [
          "atomDistributionRefValue",
          0.394
        ],
        [
          "atomDistributionValuePerPoint",
          1.0
        ],
        [
          "atomStatisticalDistribution",
          []
        ]
      ],
      [
        [
          "_metadata",
          {
            "jsonVersion": 3.0,
            "className": "AtomChemicalShift",
            "classVersion": 1.0,
            "user": "luca",
            "lastPath": "undefined",
            "timestamp": "Tue Jan  9 15:18:02 2024"
          }
        ],
        [
          "atomName",
          "HE3"
        ],
        [
          "atomElementName",
          ""
        ],
        [
          "atomAverageShift",
          1.601
        ],
        [
          "atomStdShift",
          0.075
        ],
        [
          "atomMinShift",
          1.511
        ],
        [
          "atomMaxShift",
          1.682
        ],
        [
          "atomDistributionRefValue",
          1.511
        ],
        [
          "atomDistributionValuePerPoint",
          1.0
        ],
        [
          "atomStatisticalDistribution",
          []
        ]
      ],
      [
        [
          "_metadata",
          {
            "jsonVersion": 3.0,
            "className": "AtomChemicalShift",
            "classVersion": 1.0,
            "user": "luca",
            "lastPath": "undefined",
            "timestamp": "Tue Jan  9 15:18:02 2024"
          }
        ],
        [
          "atomName",
          "HF1"
        ],
        [
          "atomElementName",
          ""
        ],
        [
          "atomAverageShift",
          2.841
        ],
        [
          "atomStdShift",
          0.336
        ],
        [
          "atomMinShift",
          1.734
        ],
        [
          "atomMaxShift",
          2.99
        ],
        [
          "atomDistributionRefValue",
          1.734
        ],
        [
          "atomDistributionValuePerPoint",
          1.0
        ],
        [
          "atomStatisticalDistribution",
          []
        ]
      ],
      [
        [
          "_metadata",
          {
            "jsonVersion": 3.0,
            "className": "AtomChemicalShift",
            "classVersion": 1.0,
            "user": "luca",
            "lastPath": "undefined",
            "timestamp": "Tue Jan  9 15:18:02 2024"
          }
        ],
        [
          "atomName",
          "HF2"
        ],
        [
          "atomElementName",
          ""
        ],
        [
          "atomAverageShift",
          2.665
        ],
        [
          "atomStdShift",
          0.5
        ],
        [
          "atomMinShift",
          1.808
        ],
        [
          "atomMaxShift",
          2.985
        ],
        [
          "atomDistributionRefValue",
          1.808
        ],
        [
          "atomDistributionValuePerPoint",
          1.0
        ],
        [
          "atomStatisticalDistribution",
          []
        ]
      ],
      [
        [
          "_metadata",
          {
            "jsonVersion": 3.0,
            "className": "AtomChemicalShift",
            "classVersion": 1.0,
            "user": "luca",
            "lastPath": "undefined",
            "timestamp": "Tue Jan  9 15:18:02 2024"
          }
        ],
        [
          "atomName",
          "HG2"
        ],
        [
          "atomElementName",
          ""
        ],
        [
          "atomAverageShift",
          1.471
        ],
        [
          "atomStdShift",
          0.256
        ],
        [
          "atomMinShift",
          0.626
        ],
        [
          "atomMaxShift",
          1.649
        ],
        [
          "atomDistributionRefValue",
          0.626
        ],
        [
          "atomDistributionValuePerPoint",
          1.0
        ],
        [
          "atomStatisticalDistribution",
          []
        ]
      ],
      [
        [
          "_metadata",
          {
            "jsonVersion": 3.0,
            "className": "AtomChemicalShift",
            "classVersion": 1.0,
            "user": "luca",
            "lastPath": "undefined",
            "timestamp": "Tue Jan  9 15:18:02 2024"
          }
        ],
        [
          "atomName",
          "HG3"
        ],
        [
          "atomElementName",
          ""
        ],
        [
          "atomAverageShift",
          1.558
        ],
        [
          "atomStdShift",
          0.131
        ],
        [
          "atomMinShift",
          1.155
        ],
        [
          "atomMaxShift",
          1.726
        ],
        [
          "atomDistributionRefValue",
          1.155
        ],
        [
          "atomDistributionValuePerPoint",
          1.0
        ],
        [
          "atomStatisticalDistribution",
          []
        ]
      ],
      [
        [
          "_metadata",
          {
            "jsonVersion": 3.0,
            "className": "AtomChemicalShift",
            "classVersion": 1.0,
            "user": "luca",
            "lastPath": "undefined",
            "timestamp": "Tue Jan  9 15:18:02 2024"
          }
        ],
        [
          "atomName",
          "HNZ1"
        ],
        [
          "atomElementName",
          ""
        ],
        [
          "atomAverageShift",
          7.54
        ],
        [
          "atomStdShift",
          0.003
        ],
        [
          "atomMinShift",
          7.538
        ],
        [
          "atomMaxShift",
          7.542
        ],
        [
          "atomDistributionRefValue",
          7.538
        ],
        [
          "atomDistributionValuePerPoint",
          1.0
        ],
        [
          "atomStatisticalDistribution",
          []
        ]
      ]
    ]
  ]
]