[
  [
    "_metadata",
    {
      "jsonVersion": 3,
      "className": "ReferenceChemicalShift",
      "classVersion": 1,
      "user": "CCPN",
      "lastPath": "/Users/luca/Projects/AnalysisV3/resources/referenceChemicalShifts/NonStandard/Protein/DHL.json",
      "timestamp": "Tue Jan  9 15:18:02 2024",
      "applicationVersion": 3.2
    }
  ],
  [
    "chemicalShiftName",
    "Non-Standard Residues / Small Molecules"
  ],
  [
    "chemicalShiftComment",
    "The CCPN Analysis Version 3 ReferenceChemical shifts retrieved from BMRB"
  ],
  [
    "chemicalShiftEntryDate",
    "2023-09-14-14:25:08"
  ],
  [
    "compoundName",
    "2-AMINO-ETHANETHIOL"
  ],
  [
    "compoundShortName",
    "DHL"
  ],
  [
    "compoundCcpCode",
    "DHL"
  ],
  [
    "compoundType",
    "Protein"
  ],
  [
    "compoundTypeClassification",
    "L-peptide linking"
  ],
  [
    "compoundPrecursorName",
    ""
  ],
  [
    "loadingLevel",
    0
  ],
  [
    "atoms",
    [
      [
        [
          "_metadata",
          {
            "jsonVersion": 3.0,
            "className": "AtomChemicalShift",
            "classVersion": 1.0,
            "user": "luca",
            "lastPath": "undefined",
            "timestamp": "Tue Jan  9 15:18:02 2024"
          }
        ],
        [
          "atomName",
          "H"
        ],
        [
          "atomElementName",
          ""
        ],
        [
          "atomAverageShift",
          8.283
        ],
        [
          "atomStdShift",
          0.01
        ],
        [
          "atomMinShift",
          8.272
        ],
        [
          "atomMaxShift",
          8.289
        ],
        [
          "atomDistributionRefValue",
          8.272
        ],
        [
          "atomDistributionValuePerPoint",
          1.0
        ],
        [
          "atomStatisticalDistribution",
          []
        ]
      ],
      [
        [
          "_metadata",
          {
            "jsonVersion": 3.0,
            "className": "AtomChemicalShift",
            "classVersion": 1.0,
            "user": "luca",
            "lastPath": "undefined",
            "timestamp": "Tue Jan  9 15:18:02 2024"
          }
        ],
        [
          "atomName",
          "HA"
        ],
        [
          "atomElementName",
          ""
        ],
        [
          "atomAverageShift",
          6.801
        ],
        [
          "atomStdShift",
          0.001
        ],
        [
          "atomMinShift",
          6.8
        ],
        [
          "atomMaxShift",
          6.802
        ],
        [
          "atomDistributionRefValue",
          6.8
        ],
        [
          "atomDistributionValuePerPoint",
          1.0
        ],
        [
          "atomStatisticalDistribution",
          []
        ]
      ],
      [
        [
          "_metadata",
          {
            "jsonVersion": 3.0,
            "className": "AtomChemicalShift",
            "classVersion": 1.0,
            "user": "luca",
            "lastPath": "undefined",
            "timestamp": "Tue Jan  9 15:18:02 2024"
          }
        ],
        [
          "atomName",
          "HB2"
        ],
        [
          "atomElementName",
          ""
        ],
        [
          "atomAverageShift",
          5.497
        ],
        [
          "atomStdShift",
          0.017
        ],
        [
          "atomMinShift",
          5.485
        ],
        [
          "atomMaxShift",
          5.516
        ],
        [
          "atomDistributionRefValue",
          5.485
        ],
        [
          "atomDistributionValuePerPoint",
          1.0
        ],
        [
          "atomStatisticalDistribution",
          []
        ]
      ],
      [
        [
          "_metadata",
          {
            "jsonVersion": 3.0,
            "className": "AtomChemicalShift",
            "classVersion": 1.0,
            "user": "luca",
            "lastPath": "undefined",
            "timestamp": "Tue Jan  9 15:18:02 2024"
          }
        ],
        [
          "atomName",
          "HB3"
        ],
        [
          "atomElementName",
          ""
        ],
        [
          "atomAverageShift",
          5.242
        ],
        [
          "atomStdShift",
          null
        ],
        [
          "atomMinShift",
          5.242
        ],
        [
          "atomMaxShift",
          5.242
        ],
        [
          "atomDistributionRefValue",
          5.242
        ],
        [
          "atomDistributionValuePerPoint",
          1.0
        ],
        [
          "atomStatisticalDistribution",
          []
        ]
      ]
    ]
  ]
]