[
  [
    "_metadata",
    {
      "jsonVersion": 3,
      "className": "ReferenceChemicalShift",
      "classVersion": 1,
      "user": "CCPN",
      "lastPath": "/Users/luca/Projects/AnalysisV3/resources/referenceChemicalShifts/NonStandard/Protein/MA.json",
      "timestamp": "Tue Jan  9 15:18:04 2024",
      "applicationVersion": 3.2
    }
  ],
  [
    "chemicalShiftName",
    "Non-Standard Residues / Small Molecules"
  ],
  [
    "chemicalShiftComment",
    "The CCPN Analysis Version 3 ReferenceChemical shifts retrieved from BMRB"
  ],
  [
    "chemicalShiftEntryDate",
    "2023-09-14-14:25:08"
  ],
  [
    "compoundName",
    "METHYL L-ALANINATE"
  ],
  [
    "compoundShortName",
    "MA"
  ],
  [
    "compoundCcpCode",
    "MA"
  ],
  [
    "compoundType",
    "Protein"
  ],
  [
    "compoundTypeClassification",
    "L-peptide COOH carboxy terminus"
  ],
  [
    "compoundPrecursorName",
    "Alanine"
  ],
  [
    "loadingLevel",
    0
  ],
  [
    "atoms",
    [
      [
        [
          "_metadata",
          {
            "jsonVersion": 3.0,
            "className": "AtomChemicalShift",
            "classVersion": 1.0,
            "user": "luca",
            "lastPath": "undefined",
            "timestamp": "Tue Jan  9 15:18:04 2024"
          }
        ],
        [
          "atomName",
          "H1'"
        ],
        [
          "atomElementName",
          ""
        ],
        [
          "atomAverageShift",
          6.071
        ],
        [
          "atomStdShift",
          0.077
        ],
        [
          "atomMinShift",
          5.982
        ],
        [
          "atomMaxShift",
          6.187
        ],
        [
          "atomDistributionRefValue",
          5.982
        ],
        [
          "atomDistributionValuePerPoint",
          1.0
        ],
        [
          "atomStatisticalDistribution",
          []
        ]
      ],
      [
        [
          "_metadata",
          {
            "jsonVersion": 3.0,
            "className": "AtomChemicalShift",
            "classVersion": 1.0,
            "user": "luca",
            "lastPath": "undefined",
            "timestamp": "Tue Jan  9 15:18:04 2024"
          }
        ],
        [
          "atomName",
          "H2"
        ],
        [
          "atomElementName",
          ""
        ],
        [
          "atomAverageShift",
          7.406
        ],
        [
          "atomStdShift",
          0.305
        ],
        [
          "atomMinShift",
          7.104
        ],
        [
          "atomMaxShift",
          7.902
        ],
        [
          "atomDistributionRefValue",
          7.104
        ],
        [
          "atomDistributionValuePerPoint",
          1.0
        ],
        [
          "atomStatisticalDistribution",
          []
        ]
      ],
      [
        [
          "_metadata",
          {
            "jsonVersion": 3.0,
            "className": "AtomChemicalShift",
            "classVersion": 1.0,
            "user": "luca",
            "lastPath": "undefined",
            "timestamp": "Tue Jan  9 15:18:04 2024"
          }
        ],
        [
          "atomName",
          "H2'"
        ],
        [
          "atomElementName",
          ""
        ],
        [
          "atomAverageShift",
          4.791
        ],
        [
          "atomStdShift",
          null
        ],
        [
          "atomMinShift",
          4.791
        ],
        [
          "atomMaxShift",
          4.791
        ],
        [
          "atomDistributionRefValue",
          4.791
        ],
        [
          "atomDistributionValuePerPoint",
          1.0
        ],
        [
          "atomStatisticalDistribution",
          []
        ]
      ],
      [
        [
          "_metadata",
          {
            "jsonVersion": 3.0,
            "className": "AtomChemicalShift",
            "classVersion": 1.0,
            "user": "luca",
            "lastPath": "undefined",
            "timestamp": "Tue Jan  9 15:18:04 2024"
          }
        ],
        [
          "atomName",
          "H8"
        ],
        [
          "atomElementName",
          ""
        ],
        [
          "atomAverageShift",
          7.984
        ],
        [
          "atomStdShift",
          0.434
        ],
        [
          "atomMinShift",
          7.663
        ],
        [
          "atomMaxShift",
          8.697
        ],
        [
          "atomDistributionRefValue",
          7.663
        ],
        [
          "atomDistributionValuePerPoint",
          1.0
        ],
        [
          "atomStatisticalDistribution",
          []
        ]
      ],
      [
        [
          "_metadata",
          {
            "jsonVersion": 3.0,
            "className": "AtomChemicalShift",
            "classVersion": 1.0,
            "user": "luca",
            "lastPath": "undefined",
            "timestamp": "Tue Jan  9 15:18:04 2024"
          }
        ],
        [
          "atomName",
          "HM'1"
        ],
        [
          "atomElementName",
          ""
        ],
        [
          "atomAverageShift",
          3.759
        ],
        [
          "atomStdShift",
          0.029
        ],
        [
          "atomMinShift",
          3.728
        ],
        [
          "atomMaxShift",
          3.803
        ],
        [
          "atomDistributionRefValue",
          3.728
        ],
        [
          "atomDistributionValuePerPoint",
          1.0
        ],
        [
          "atomStatisticalDistribution",
          []
        ]
      ],
      [
        [
          "_metadata",
          {
            "jsonVersion": 3.0,
            "className": "AtomChemicalShift",
            "classVersion": 1.0,
            "user": "luca",
            "lastPath": "undefined",
            "timestamp": "Tue Jan  9 15:18:04 2024"
          }
        ],
        [
          "atomName",
          "HM'2"
        ],
        [
          "atomElementName",
          ""
        ],
        [
          "atomAverageShift",
          3.759
        ],
        [
          "atomStdShift",
          0.029
        ],
        [
          "atomMinShift",
          3.728
        ],
        [
          "atomMaxShift",
          3.803
        ],
        [
          "atomDistributionRefValue",
          3.728
        ],
        [
          "atomDistributionValuePerPoint",
          1.0
        ],
        [
          "atomStatisticalDistribution",
          []
        ]
      ],
      [
        [
          "_metadata",
          {
            "jsonVersion": 3.0,
            "className": "AtomChemicalShift",
            "classVersion": 1.0,
            "user": "luca",
            "lastPath": "undefined",
            "timestamp": "Tue Jan  9 15:18:04 2024"
          }
        ],
        [
          "atomName",
          "HM'3"
        ],
        [
          "atomElementName",
          ""
        ],
        [
          "atomAverageShift",
          3.759
        ],
        [
          "atomStdShift",
          0.029
        ],
        [
          "atomMinShift",
          3.728
        ],
        [
          "atomMaxShift",
          3.803
        ],
        [
          "atomDistributionRefValue",
          3.728
        ],
        [
          "atomDistributionValuePerPoint",
          1.0
        ],
        [
          "atomStatisticalDistribution",
          []
        ]
      ]
    ]
  ]
]