<?xml version="1.0" encoding="UTF-8"?>
<_StorageUnit time="Thu Mar 16 12:06:23 2023" release="3.1.0" packageGuid="www.ccpn.ac.uk_Fogh_2014-10-31-16:36:25_00003" originator="CCPN Python XmlIO">

<GUIW.WindowStore _ID="1" _lastId="3" createdBy="user" guid="default_user_2023-03-15-18-47-05-463_00001">
  <GUIW.WindowStore.mainWindow> 2</GUIW.WindowStore.mainWindow>
  <GUIW.WindowStore.nmrProject>
    <NMR.exo-NmrProject>
      <IMPL.GuidString>default_user_2023-03-15-18-47-05-462_00001</IMPL.GuidString>
    </NMR.exo-NmrProject>
  </GUIW.WindowStore.nmrProject>
  <GUIW.WindowStore.windows>
    <GUIW.Window _ID="2" _uniqueId="0" serial="1" title="Main">
      <IMPL.DataObject._objectVersion>
        <IMPL.String>3.1.1</IMPL.String>
      </IMPL.DataObject._objectVersion>
      <IMPL.DataObject.ccpnInternalData>
        <IMPL.Multiple>{}</IMPL.Multiple>
      </IMPL.DataObject.ccpnInternalData>
    </GUIW.Window>
  </GUIW.WindowStore.windows>
</GUIW.WindowStore>

</_StorageUnit>
<!--End of Memops Data-->
